:0200000480007A
:2080000000000000700059B30000000000000000000000000000000064B81E799B47E186E8
:0C802000911000F8D9FFAC09DC0F0090B3
:0480300000A03CFF71
:1280380073646820737468A0036568CA0BC300300090C0
:208050003256FF0626003B00FEFF3FF617000F6510308B0602601745802600903256FF0613
:2080700018003B00FEFF3FF60F000F6500308B060260174580260090A2F63705C13F0F65EB
:2080900010200090A2F682030F6500200090DA207FF60700174580360F6400200090A2F68C
:2080B00082020F6400300090FFFFFFFFFFFFFF7F000600F000B403F00100000000000000E3
:2080D000000600F000B403F00000000090000000000600F000000000000700F00100000075
:2080F000000800F002000000000900F003000000911000F8D9FF3CCA0D00000202F4DC0F13
:2081100000000000000000000000000000000000911000F8D9FF38BA0D00000202F4DC0FFC
:2081300000000000000000000000000000000000911000F8D9FF34AA0D00000202F4DC0FF0
:2081500000000000000000000000000000000000911000F8D9FF349A02F4DC0F00000000EF
:2081700000000000000000000000000000000000911000F8D9FF308A0D00000202F4DC0FD4
:2081900000000000000000000000000000000000911000F8D9FF2C7A0D00000202F4DC0FC8
:2081B00000000000000000000000000000000000911000F8D9FF18FA0D00000202F4DC0F3C
:2081D00000000000000000000000000000000000911000F8D9FF00EA0D00000202F4DC0F44
:0281F0000090FD
:2081F800820C822D3C130757FFCF8755BFDFCE57460546048B1480408B05A050CE7746070A
:2082180046068B1680608B07A07082028203820082013A260B2700F26E023C4F0B6430F1BA
:208238000B7500F20B75A0F26E04024002513C453A640B7500F26E0382123C3F3B0004E06B
:208258000B6030F10B7100F20B71A0F2DE1087559FFF06116701801F8B1FE0060248025943
:2082780006156745805F0614C2FE3CEB0284029506F067101F0006F1C21E82087AE86E1D48
:2082980087559FFF06116701801F8B1FE0060B60C0A00B71D0B007BB9FFF06156745805FD1
:2082B800061406136723803F8B1FE0266E0302A002B1C2183FE8E67F76C7460346028B12E3
:2082D80080208B03A030DF2D0B00071DE0FF76F7460146008B1080008B01A01000906D0020
:2082F800353400900D0000036D00002BBB00805F02246D0030296D00F92A022F02F46D001B
:20831800482902F46D00122B6D00042B02246D00DC296D0025926D004A746D0004856D004E
:20833800363891000046D94408046D00420991000046D944080482146D002B0A91200048CE
:20835800D94468EB6D004A8591200048D944B30B6D0044856D005236BC266D004F36402422
:208378006D003C859140004FD944000A82543B0008506D00461691100048D9447808912007
:208398000058D95579EB3B001040A0068215A0076D00627891100048D9445C889120005832
:2083B800D95540FB3B001040A0068215A0076D00537891100048D944488891200058D95588
:2083D80045FB3B004040A0068215A0076D0044786D00C76B91100048D9445818912000585F
:2083F800D95549FB3B002040A0068225A0076D0033786D0068773C013C000090405F9120A7
:208418000048D9444FFB6D00E98440F46D00E6840D0040036D006D843C0200003CFF0090F9
:208438003C0E914000FFD9FF000ADA019B1F00F0865F6CF13BA00F406D00D5763CF30090C0
:2084580020681D00D4006D00512A022F02F46D00A02802F46D006A2A3C0814A449A4020A5B
:2084780009A541086D001A6849A4000A6D005B8FDF02F5FF6D00C36B6D000E386D00362AC0
:20849800022F02F46D00852802F46D004F2A6D000178531220806D00A435910000F6D9FF17
:2084B800040414FF6E0DF62C910000F6D9FF000454F00B0880003B8038113F10418049A4B1
:2084D800380A49A5101A6D005A35825089A01408DA1889AF1608DA2489AF1508DA003C085E
:2084F80010AF10A20920780889F01708C21F3B8001003F0FF7FF49A4140A6D00AF90DA251B
:2085180089AF1508DA003C0810AF10A20920501889F01708C21F3B8001003F0FF7FF49A468
:20853800140A6D009B90910000F6D9FF000474F8910000F6D9FF0404DA0134FF6D00026B4F
:2085580002286D00076B89A21408370848F089AF1508370848F489AF16086D00436B762362
:20857800DA013C02DA0089AF17086D00E46A89A218086D00306B7623DA013C02DA0089AFC7
:20859800190849A41C0A6D00F78F09AF6C086E0F8CAE3BA000004B0F010289A015088CAF00
:2085B8003BA000004B0F010289A0160849A4140A6D00C5936D000F6B370848F053AF204094
:2085D800370848F453AF205002266D003D936D00026BF6266D00AF6AF6236D00DF8F6D0054
:2085F8001E923BA000406D00FE751DFF2EFF00906D00867D3C066D00067E82546D00F37591
:208618003CFB00903C036D0059833CFE00900D0000036D006B29BB00805F02246D009B2729
:208638006D006429022F02F46D00B32702F46D007D2991000046D94408046D00BA079100F2
:208658000046D944080482146D00A3086D00AF726D00A9576D000F436D00DB5B6D00015DBD
:208678003C013C0000900D0000036D003F2902246D00E62791000046D94408046D00990747
:2086980091000046D944080482146D0082086D008E7282046D00BD506D005A5D6D00A37222
:2086B8008B4201F06D009F721B421F806D009B721B823E903C1F6D000C516D00BD5D6D006C
:2086D8009272A2F20E278B4F01F06D0030006D0014006D008872A2820E251B481F806D009F
:2086F800844F6D008072A2920E251B893E906D00A8003CE200902028DA003C0F14A409A5C1
:20871800410849A4030A09A642086D00EA50F6223C0C6D00888FC21FFF8F088049A4000A8C
:208738006D00558FDF02ECFF009020F849A4142A6D00F69249A4083A6D001E8F49A41C2AC0
:2087580082043BC002506D00EA566D004C7289A2202909AF542889AF242809AF582889AFBA
:20877800A628BB1008F8061F783009AF8C3889AFAC2809AF8E3889AFAE2849A4083A6D00CB
:208798004D0089A234296D00788D89A2B02809A4F0286D00C53289A2322849A42C3A49A588
:2087B8002E3A49A6303A6D002D9209A4AC386D00680089A2A82809A4AE386D00620089A2C6
:2087D800AA2849A4000A6D001550580E09A03C0942F0580D420F8202BF1019806E173B807E
:2087F8003E107F1F08803B803E10E2104BF011223C083B803E104B1F11224B201102020218
:20881800DAFF7F2F04803BF00F2089A23E2849A41C2A6D00AB5000904C4282204B0F110282
:208838004C4382224B2F112242204C428F1F00114C43160126F10B1000203C010090203874
:2088580049A4000A6D00988E8CA278098CA3780A49A4000A6DFFE2FF89A22C0909AF500862
:208878006E03DA013C02DA00780C91200048D9446EFB49A5240A82446D001D9100902018B4
:20889800024849A4000A6D0018928CA7E2F83B803EF04BF801223BF0FFF77F2F04003BF00E
:2088B800FF273B0000F87FF204003B0000283C010090404F6D001A28022F02F46D00692641
:2088D80014F0B700010034F002F46D002F280090094F4C18161F3C0182003E0E82103E0E7C
:2088F80082203E0F8240BE003B800000BE003B000100BE003C1282023C126D0004223C0F80
:208918006D004D213C0C6D0071213C096D00F5203C066D00DE203C0382023C013C010090DC
:2089380082F282003C17538020F0911000F8D9FF203810FFD4FF7D4F0D80538020F091106B
:2089580000F8D9FF203810FF481F370F48203C04C210BF40EAFF3C010090404F40F46DFFBD
:20897800B9FF09FFD408370F6CF0C21F4B0F41F14BF251203C0100906DFFD4FF53C220F055
:2089980060FF9140003F30F3D93F002849F2080A3C0100906DFFC6FF53C220F060FF91404D
:2089B800003F30F3D9320028B0423C0100906DFFB9FF53C220F060FF9140003F30F3D93265
:2089D80000283C010090494F081A3C0554FF345FB015C2F4FF14FCFF02423C0100902018D7
:2089F800404F0B541088026A89A70C0909FF4C18161F78043C0109FFD408370F6CF0C21F67
:208A180074AF40F46DFFABFFC2188B4860F3370F68808B1A6003370068F078024B086101DD
:208A38004B0941A0DA007801BB0000089BB05B044B0901F016038B0F20F26E08BBA070FDE1
:208A58009B3FC2F34BFA41B03C353B0000F59B3F7CF44BF901F0370F61F06E083BF026F1CA
:208A78009B3FA8F34BFA41B03C253B0040F29B4F97F44BF901F0370F61F06E08BB7071FB17
:208A98009B1F8DF34BFA41B03C153B0062F39BEFAFF44BF901F0AE083BD07BF39B6F58F387
:208AB8004BFA41B03C07BBC05AFC9B7F72F34BFA41B04BA251F04B0F7111821CDF01248073
:208AD8003C20BF580C80C2F84B0861F14BF941A04BA251F04B0F71113C14DA0174AF3B0068
:208AF800018040F46DFFF6FE4B0F61F14BF251204B0861F14BF941A04BA251F04B0F71111B
:208B1800BF11E1FF8F411FF06E3A7B0018044B0941004B0251004B0071018F401FF06E1C17
:208B38003C1754A0C21074A08F401FF06E053BF0FF0074A03C1040F46DFFCCFE54AF4B0F4E
:208B580061F14BF251204BA251F04B0F71118F411FF0EEE83C143C10C218DA107F8F05804B
:208B78003B0001803C0C4B0861F14BF941A04BA251F04B0F71118F411FF0EEEF0219821D8F
:208B980082034B0C61F14BF241F04B0161014B0F51006B0031FA82044B4F01F0AE046B0004
:208BB800316A3C056B0031FA67FFBF6F4BB601F016038B0F20F26E03DA017801822C3C43EE
:208BD800DF2C05808214821E3C0773C30A004BD011428B1400E03C324B0C61014B02410092
:208BF800031C0A744B0761F14BF051706B0731FA82004B0F01F0AE046B07310A3C056B07A4
:208C180031FA67FFBF0F4B0601F0370F61F16E0C020602CD031C0A943BF0FFF07F9F048039
:208C38003BF0FF9002434BB601F016038B0F20F26E04DA0178013C06C2143F4E04807FD91F
:208C5800CDFFC21C5801EE053BF0FFF07FCFBAFF820440F46D003E0009FFE00837097000E0
:208C7800370F0CF089FFA00809FFE208370D7000370F0CF089FFA20809F0D40854AFC2FFB7
:208C9800370F70F037F00CF0ACFA09FF5608C2F837086800370F04F089FF160809F057084E
:208CB800580237F004F089FF170858036E03DA013C02DA0009F0570837F081F389FF170827
:208CD80040F409A410096D00050082123C010090094F4C18374F05F0894F0C18F6493C0100
:208CF800094F4F18370FE1F33C01EEFB3C093C01094F4F18370FE1F33C01DF1FFBFF00903D
:208D1800494F041A3C05145F74FFB015C2F4FF14FCFF02423C010090200834A4DA01ACA19C
:208D380049A5000A49A6020A911000F8D9FF382809F440096D00EE033C010090CC4288222E
:208D58003C013C0100902008F4A4405DD4DFF44F40F46DFFB0FD820440F46DFFBBFFDA0097
:208D780009F05A0837F002F089FF1A0809DFC80809F0D408C2FF370F70F037F00CF0ACFA00
:208D980009D46C0840F46DFFA5FF09D4040909D54A0809D64D0809D74C0840F46DFF21FEE5
:208DB8000228820440F46DFF95FF09DF7C086E0382103C028200087F370F01F22CF709DFBD
:208DD80056086E03DA013C02DA0009F05B0837F001F389FF1B0809DF540809F05B0837F0D0
:208DF80081F389FF1B0809DF510809F0590837F083F089FF190809DF530809F05B0837F098
:208E180001F289FF1B0809DF550809F05C0837F004F089FF1C0809D0580808CF370F02F3E8
:208E38002CFC09DF590809F0500837F002F389FF100809DF500809F0D80837F003F3ACFCBE
:208E580009D05A0808DF8BF0200337006800370F04F02CFD09DF5B0809F051088BFF20F3FE
:208E7800370F68F037F004F089FF110809DF520809F05A0837F002F089FF1A0809DCA8098A
:208E9800BD0C7900D4CEBD0E280009C0040809C95D084CE16E2109E4840909E4480837002D
:208EB80068506D00AE1009E4840909E4480802956D00D910D4E2DA016E0382103C028200BF
:208ED8000C27370F81F22C27D4E20CEC0920460837F002F02C2609CE8809BD0E1E0009C091
:208EF8000C0809C95D084CE16E1709E4840909E44808370068506D00841009E4840909E44F
:208F1800480802956D00AF10D4E20CEC0920440837F003F02C2409CE9009BD0E150009C57B
:208F3800540809C95D0809E4840909E448080CECA6F56D00661009E4840909E4480802950B
:208F58006D00911009CE9809BD0E150009C55C0809C95D0809E4840909E448080CECA6F5E0
:208F78006D004F1009E4840909E4480802956D007A1009D46C0840F46DFFACFEDA0089FFCB
:208F9800001982FF6CFFDA00D4A22C2E09DF6D082E0CDA016E03DA013C02DA0009F04218E1
:208FB80037F001F089FF021809DF6D082E1CDA016E03DA013C02DA0009F0421837F001F18D
:208FD80089FF021809DF6D082E2CDA016E03DA013C02DA0009F0431837F001F189FF0318D1
:208FF80009DF6D082E3CDA016E03DA013C02DA0009F0431837F081F189FF031809DF6D0866
:209018002E4CDA016E03DA013C02DA0009F0431837F001F389FF0318DA002C2DDA002C2C08
:2090380009DF7D082C2FD20089205409DA006C240C2F82003E0482103E043C0682193C061C
:209058003BC000903C0382093C014CDC6E0C09D4B00909D4AE0802956D00282BD4A4894201
:2090780084093C0909D4AE0802956D00DD2AD4A4894284094CDE6E0C09D4B80909D4B408BD
:2090980002956D00132BD4A4894288093C0909D4B40802956D00C82AD4A48942880909D918
:2090B800660809DFE208EE03DF39228040F46DFF73FC09DFE2081420370F68F037F008F0DB
:2090D800342F0C21379F82F12C210C2396022C23DA016E03DA013C02DA0009F0431837F082
:2090F80001F289FF03180C2196042C2109DFE008EE03DF39228040F46DFF5BFC09DFE0086C
:209118001420370F68F037F008F0342F0C21379F82F12C210C2396022C23DA016E03DA01E3
:209138003C02DA0009F0431837F081F389FF03180C2196042C2109DFE4086E2140F46DFF56
:209158001DFC09DFE4081420370F68F037F008F0342F0C21379F82F12C210C2396022C23DD
:20917800DA016E03DA013C02DA0009F0421837F001F089FF02180C2196042C21DA016E032B
:20919800DA013C02DA0009F0500837F081F089FF1008DA016E0382103C02820008CF370F80
:2091B80081F02CFC09FF5008960189FF100808CF96012CFC02823C010090F445DA00894F95
:2091D8003C08DA01894F2C08DA01AC447B107EF46C41DA032C4ADA002C4CDA032C4DDA0002
:2091F800894F1008DA01894F1108DA01894F1208DA00894F1308DA00894F1608DA00894F7F
:209218001408DA07894F1508DA01894F1808DA01894F1908DA00894F1A08DA00894F1B08F4
:20923800DA00894F1C08DA00894FA208DA00894FA008DA00894FA408DA00894F2608DAFF73
:20925800894F2D08A00FEC4AA00FEC4EA00FEC4CDA00894FAE08DA00894FB408DA00894FAC
:209278003D0800902010404F08CFEE2BC8128C223C016E03DA003C02DA013C01EE22DA0101
:209298002CFC08FF82003E0482103E0A3C14C81449A5000A8214D2066D002D2A3C0CC8146F
:2092B80049A5040A3BC00040D2066D00242A0CAC34AF3C01D4F449A5000A82146DFF22FD13
:2092D8000090D44F09FF760816013C016E0909FF7E08960189FF3E080C4E96012C4E09FF0C
:2092F8007608370F61F13C016E0909FF7E08960489FF3E080C4E96022C4E09FF7708370F5D
:2093180061F13C016E0909FF7F08960489FF3F080C4E96042C4E09FF7708370FE1F13C01ED
:209338006E0909FF7F08960889FF3F080C4E96082C4E09FF7708370F61F33C016E0909FF53
:209358007F08964089FF3F080C4E96102C4E00902020404F08FF82003E048210BE083C563B
:20937800D4F2092F5208161F3C01D4F449A5000A02F46DFF2AFBC82449A5000AD20602F412
:209398006D00BC2A7623DA012CFD3C403C384DC0E2FF370FE1F78B0F20F23C010D00400390
:2093B80000003C0185F010008203020285F12C008200A620A6313C0191100028D922382828
:2093D80009224009262026316E030D0000033C0189A05009D4F449A5000A82146DFFF5FA73
:2093F80014AF89AF1808C82449A5100A3BC00040D2066D00832A7623DA012CFDD4F2092F7E
:209418005208161F3C01EEC43C0100902018404F4DC0E2FF370FE1F78B0F20F23C010D0020
:20943800400300003C0185F010008203020285F12C008200A620A6313C0191100028D922C4
:20945800382809224009262026316E030D0000033C0189F05409484FC21F6CF4C8128C228F
:209478003C016E03DA003C02DA013C01EE4008FF82003E0582105F0F29003C38DA0089AF4D
:209498001008C8128C223C01370F7000D4F20C2E161F3C0189AF100809AF50088B0F01F1C3
:2094B800370F70F07FF00380020FC81449A5000A370F5040D2066D001E29D4F449A5000AF5
:2094D80002F46DFF1FFC3C12C81449A5000A3BC00040D2066D000F290CA82CACD4F449A5DB
:2094F8000C0A82146DFF0EFC3C013C03DA002CFC0090406F0B4510680944880994F46D00DA
:20951800FA2894FFA22FB4FF8B0200223C010090404F405C406D0B451088821208CFC81279
:2095380009209408370070A094D0DF003100EE1F94DF7FFA1D00C814370A504040C50B8937
:2095580010686D00DB2940F46DFF8EFEC81401CA005694DFA2AF370F50400B8910686D00CE
:20957800CD29022840F46DFF7FFE3C0CC81494D440C50B8910686D00C129022840F46DFFD8
:2095980073FE94DFA28FB4DF8B0800223C01009020088202DA0174AF54A0DA0002F1494095
:2095B800C00874A054AFEE0282123C0100904DC0E1FFD710210F494040080090404F40F43B
:2095D8006D002F0082504DC0E1FF16073C013E289110003030F3D933C04F54313C034D0038
:2095F800D01F3701E2F05E1382003C173701E2F0EE13534220F060FF9130003F30F3D93FCA
:209618001436081F16075E1382103C05081F16075E3282203C02825002023C010090823255
:2096380082003C17538020F0912000F8D9FFE06A10FFD4FF7D4F0D80538020F0912000F8C8
:20965800D9FFE06A10FF481F370F68203C04C210BF30EAFF3C010090DA00744F0090404F19
:20967800024F40F46DFFDDFF02286E031E325E4382093C0282195E23821A3C02820ADF1936
:209698004C804DC0E1FF16073C015F8F29006D004121022F02F46D00A41F40F46DFFC1FF02
:2096B8005342200060029130003F3023D9321436142037A00200342002F46D005E219110EF
:2096D800003030F3D933C04F543FB72F82F09110003030F3D933C04F743F3C1E6D00062169
:2096F800022F02F46D00551F53482000600F9130003F30F3D93F14365348200060029130BD
:20971800003F3023D9321436142037A0020034F002F46D000B2102923C01009082124DC088
:20973800E1FF16073C01FF3F0B80538F20F0912000F8D9FFE06A10FFD4FF3C02A00F3C0145
:209758007DF4048082023C109110003030434933088A543F06F4374F9FF0911000303043F4
:209778004933088A743F3C010090404FDA0140F46DFFD6FF262F40F46DFF22FFF62682149C
:2097980040F46DFF6EFF262F02F23C0100900248804FB70F1CF07B00000D7E0D804FB70FFB
:2097B8000CFAB77F03FE4DC0E10F7B000011E210A20F3C02804F60FF82096D008C1A91305D
:2097D800002F392F3506160F4B0F41F14BF251F03C017BA047044B0F51F04B0861014B0F23
:2097F80041F04B0F710185F110003C09000085FF1000A21F3F0F048082193C0554FF160716
:20981800DF7FF6FF02923C0100906DFF6AF56D00DB460090913000FFD9FF004654FF370F1C
:209838006EF18FFF83813C01912000A7D9AA40890D0080043B0098F0CD4FE00F0D00C0040E
:209858004D00E0FFB70F14F0CD0FE00F0D00C00482117617DA009601CD4F20090D00C004B7
:209878004DC0E1FF8F7F00213C0153C22000600F9130003F30F3D93F004654F037006E0168
:209898008FF083313C0153C22000600F9130003F30F3D93F004654FF2E1B8F2320F0960126
:2098B80054F0370070088F002100A6F074F08F2320F0960254F0370070088F002100A60F41
:2098D80074FF3C0154FF1601DF1FFE7FDA00761382003C028210370F81F0CDCF20090D009D
:2098F800C00453C220F060FF9130003F30F3D93F004654FF2E1B8F2320F0960154F0370017
:2099180070088F002100A60F74FF86238F3340F154F0370070088F002100A60F74FF3C013B
:2099380054FF6F0FFF7F0D00C00482014DC0E1FF8F7F00213C0153C22000600F9130003F6F
:2099580030F3D93F004654F037006E018FF083313C0153C22000600F9130003F30F3D93F35
:20997800004654FF2E1B8F2320F0960154F0370070088F002100A6F074F08F2320F096029D
:2099980054F0370070088F002100A60F74FF3C0154FF1601DF1FFE7FDA00761382003C029F
:2099B8008210370F81F0CD0F04090D00C00453C220F060FF9130003F30F3D93F004654FF34
:2099D8002E1B8F2320F0960154F0370070088F002100A60F74FF86238F3340F154F03700EB
:2099F80070088F002100A60F74FF3C0154FF6F0FFF7F0D00C004913000FFD9FF004654FF71
:209A18002E1B8F2820F0960154F0370070088F002100A60F74FF8F2820F0960254F03700E2
:209A380070088F002100A60F74FF3C0154FF1601DF1FFE7F911000F8D9FF004880FFCD4F48
:209A5800E20F0D00C00491F001F8D9FF000480FFCD0FE20F0D00C004912000F7D9FF80C9F0
:209A780080FFCD8FE20F0D00C004913000FFD9FF004654FF2E1B8F2820F0960154F03700DE
:209A980070088F002100A60F74FF8F2820F0960354F0370070088F002100A60F74FF3C01F6
:209AB80054FF6F0FFF7F91000000D900000091000010D911000091000080D9880000910047
:209AD8000090D9990000912000F7D9FFC00991200027D922C00B40F4802080FFA2F0DA4086
:209AF8004BF0114282003C1E804FB70F1CF08F4F1F10804FBBF0FF2F0662262F06AFA6F185
:209B1800F606CD81E30F0D00C0043C0274F19AD47E05CDC1E30F0D00C004404F4944001A05
:209B3800C2103F40E3FFDA0074FF6D00F31E022F02846D00851D02F46D00C71D6D006B40EA
:209B58006DFF65FE6D00674002846D00231E02F46D00661E91200048D9441C5B6D001219CA
:209B78009130884F911000F8D9FFA8E980F46DFFFEFD9150884F911000F8D9FFCAB980F438
:209B98006DFFF5FD911000F8D9FF3CB8DC0F0090913000FFD9FF0C4654FF370F6EF18FFFFF
:209BB80083113C01912000A6D9AA408B0D0080043B0098F0CD4FE00F0D00C0044D00E0FFBB
:209BD800B70F14F0CD0FE00F0D00C00482127627DA009601CD4F20090D00C0044DC0E1FF62
:209BF8008F7F00313C0153C32000600F9130003F30F3D93F004654F037006E018FF083417E
:209C18003C0153C32000600F9130003F30F3D93F004654FF2E1B8F2420F0960154F0370058
:209C380070088F002100A6F074F08F2420F0960254F0370070088F002100A60F74FF3C0187
:209C580054FF1601DF1FFE7FDA00762382003C028210370F81F0CDCF20090D00C00453C3DF
:209C780020F060FF9130003F30F3D93F004654FF2E1B8F2420F0960154F0370070088F0064
:209C98002100A60F74FF86248F3440F154F0370070088F002100A60F74FF3C0154FF6F0FEC
:209CB800FF7F0D00C00482124DC0E1FF8F7F00313C0153C32000600F9130003F30F3D93F60
:209CD800004654F037006E018FF083413C0153C32000600F9130003F30F3D93F004654FF43
:209CF8002E1B8F2420F0960154F0370070088F002100A6F074F08F2420F0960254F0370036
:209D180070088F002100A60F74FF3C0154FF1601DF1FFE7FDA00762382003C028210370FAE
:209D380081F0CD0F04090D00C00453C320F060FF9130003F30F3D93F004654FF2E1B8F248B
:209D580020F0960154F0370070088F002100A60F74FF86248F3440F154F0370070088F0059
:209D78002100A60F74FF3C0154FF6F0FFF7F0D00C004913000FFD9FF0C4654FF2E1B8F21EF
:209D980020F0960154F0370070088F002100A60F74FF8F2120F0960254F0370070088F005F
:209DB8002100A60F74FF3C0154FF1601DF1FFE7F91F001F8D9FF008680FFCD4FE20F0D00AF
:209DD800C00491F001F8D9FF000480FFCD0FE20F0D00C004912000F6D9FF80CB80FFCD8F8F
:209DF800E20F0D00C004913000FFD9FF0C4654FF2E1B8F2120F0960154F0370070088F002A
:209E18002100A60F74FF86218F3140F154F0370070088F002100A60F74FF3C0154FF6F0F70
:209E3800FF7F91000000D900000091000010D911000091000080D988000091000090D99992
:209E58000000912000F6D9FFC00B91200026D922C00D40F4802080FFA2F0DA404BF0114274
:209E780082003C1E804FB70F1CF08F4F1F10804FBBF0FF2F0662262F06AFA6F1F606CD8145
:209E9800E30F0D00C0043C0274F19AD47E05CDC1E30F0D00C004404F4944001AC2103F407B
:209EB800E3FFDA0074FF911000F8D9FF6688DC0F0090913000FFD9FF184654FF370F6EF193
:209ED8008FFF83113C01912000A5D9AA408B0D0080043B0098F0CD4FE00F0D00C0044D00EA
:209EF800E0FFB70F14F0CD0FE00F0D00C00482127627DA009601CD4F20090D00C0044DC040
:209F1800E1FF8F7F00313C0153C32000600F9130003F30F3D93F004654F037006E018FF03E
:209F380083413C0153C32000600F9130003F30F3D93F004654FF2E1B8F2420F0960154F0A8
:209F5800370070088F002100A6F074F08F2420F0960254F0370070088F002100A60F74FF6A
:209F78003C0154FF1601DF1FFE7FDA00762382003C028210370F81F0CDCF20090D00C00495
:209F980053C320F060FF9130003F30F3D93F004654FF2E1B8F2420F0960154F037007008BA
:209FB8008F002100A60F74FF86248F3440F154F0370070088F002100A60F74FF3C0154FFB8
:209FD8006F0FFF7F0D00C00482124DC0E1FF8F7F00313C0153C32000600F9130003F30F3D7
:209FF800D93F004654F037006E018FF083413C0153C32000600F9130003F30F3D93F00465B
:20A0180054FF2E1B8F2420F0960154F0370070088F002100A6F074F08F2420F0960254F0F6
:20A03800370070088F002100A60F74FF3C0154FF1601DF1FFE7FDA00762382003C0282109A
:20A05800370F81F0CD0F04090D00C00453C320F060FF9130003F30F3D93F004654FF2E1BD5
:20A078008F2420F0960154F0370070088F002100A60F74FF86248F3440F154F03700700812
:20A098008F002100A60F74FF3C0154FF6F0FFF7F0D00C004913000FFD9FF184654FF2E1BE1
:20A0B8008F2120F0960154F0370070088F002100A60F74FF8F2120F0960254F0370070081B
:20A0D8008F002100A60F74FF3C0154FF1601DF1FFE7F91F001F8D9FF000680FFCD4FE20F8A
:20A0F8000D00C00491F001F8D9FF000480FFCD0FE20F0D00C004912000F5D9FF80CB80FFBC
:20A11800CD8FE20F0D00C004913000FFD9FF184654FF2E1B8F2120F0960154F0370070082D
:20A138008F002100A60F74FF86218F3140F154F0370070088F002100A60F74FF3C0154FF3C
:20A158006F0FFF7F91000000D900000091000010D911000091000080D98800009100009063
:20A17800D9990000912000F5D9FFC00B91200025D922C00D40F4802080FFA2F0DA404BF034
:20A19800114282003C1E804FB70F1CF08F4F1F10804FBBF0FF2F0662262F06AFA6F1F6061D
:20A1B800CD81E30F0D00C0043C0274F19AD47E05CDC1E30F0D00C004404F4944001AC21089
:20A1D8003F40E3FFDA0074FF911000F8D9FF7E98DC0F0090200840BF3C0180F2370368F44B
:20A1F800B75F08F037F30834370468F037F308304DC0E1FF16073C013703680837F003F0D3
:20A2180037F308383C0189A2400909A0400900A00D00400200800090200840BF3C0180F244
:20A23800370368F4B74F08F037F30834370468F037F308304DC0E1FF16073C013703680826
:20A2580037F003F037F308383C0189A2400909A0400900A00D00400200800090200840BF99
:20A278003C0180F2370368F4B73F08F037F30834370468F037F308304DC0E1FF16073C01F1
:20A298003703680837F003F037F308383C0189A2400909A0400900A000800090200840BFFE
:20A2B8003C0180F2370368F4B72F08F037F30834370468F037F308304DC0E1FF16073C01C1
:20A2D8003703680837F003F037F308383C0189A2400909A0400900A00D0040020080009096
:20A2F800200840BF3C0180F2370368F4B71F08F037F30834370468F037F308304DC0E1FFC4
:20A3180016073C013703680837F003F037F308383C0189A2400909A0400900A00D0040020B
:20A3380000800090200840BF3C0180F2370368F4B70F08F037F30834370468F037F3083070
:20A358004DC0E1FF16073C013703680837F003F037F308383C0189A2400909A0400900A02D
:20A378000D00400200800090200840BF3C0180F2370368F4B77F08F037F30834370468F0D3
:20A3980037F308304DC0E1FF16073C013703680837F003F037F308383C0189A2400909A074
:20A3B8004009913000FF39FF20169602913000FFE9FF20163C013C000D00400200800090C0
:20A3D800200840BF3C0180F2370368F4B76F08F037F30834370468F037F308304DC0E1FF93
:20A3F80016073C013703680837F003F037F308383C0189A240090CA48FFF0F416D000356B8
:20A418000D00400200800090200840BF3C0180F2370368F4B76F08F037F30834370468F042
:20A4380037F308304DC0E1FF16073C013703680837F003F037F308383C0189A2400909A0D3
:20A4580040090D00400200800090DA000950DA08370F0EF009505C08370F03F809505D0827
:20A47800370F81F909505E08370F01FA09505F08370F83FA09506108370F01FE09506008B9
:20A49800370F03FC6C45820109506408370103100950650837018111095066083701041474
:20A4B80009506B083701011A0950670837010312095068083701811309506908370104169F
:20A4D80009506C083701811A09506A083701041809506D083701011B09506E083701011C5F
:20A4F80009506F083701811C095F70086E0382203C028200095F71086E03DA013C02DA00A7
:20A51800A6F03701021D095F720837F1041E095F730837F1811B89411009095F06096C425B
:20A53800095F0A096C43095F16096C41095F1209744F095F6A086E0A095F6A081E17095F96
:20A558006A081E24095F0E096C460090F4450090404F405CD4C2D42DF4FD09CF04082CF4EE
:20A5780009CF0408530F22F010D2D9220002E822C82440C56DFF6BFF820009CF63086E0583
:20A59800DA0137F001083C04DA0137F0810809FF0408534F20F010D25920C08109CFF40897
:20A5B8006E22D4F209FF0408BC21534F20F060FF9140003F30F3D93F40483C0109C07608D4
:20A5D80009CFF40814F1370F68F037F108F034FF081F370F82F12CF1083F96022CF3081F77
:20A5F80096042CF100902038912000F8D9FFF86A49FF000A49A2000AA0D644FF642FFC6EC4
:20A6180049AF000A4942000AA0D644FF642FFC6EF4450090404F6D006919022F02F46D00FA
:20A63800B81791A0003030F3D933C04F5430B700010091A0003030F3D933C04F743002F41F
:20A658006D00741900906D004613913000FF39FF3506370F64F24B0F41F14BF251203C014C
:20A678003C01009037046800DA084BF00102DA0203F10AF6370F68F0DF15068082220FF2A5
:20A6980010203C0482120FF210203C010090404F024F0268820602F46DFFE6FF0220160748
:20A6B800061F82310FF1001040F2B0420213020249224008768749FF080A0213020249F2FF
:20A6D80040080090404F024F0268820602F46DFFCBFF02201607061F82310FF1001049F22A
:20A6F800100A0213020249224008768749FF140A0213020249F240080090404F024F3B00B2
:20A71800016002F46DFFB0FF02201607061F8B0F0110DA030F1F00F002F3020249F2400829
:20A738000090DA01744F0090BC41DA024BF50102534020F053042100600F9140003F30F36A
:20A75800D93FC06910F23C010090804F53042800420F60FF3C01481F375F03F66CF10090B3
:20A77800804F53042800420F60FF3C0168550090804F53042800420F60FF3C0168350090D1
:20A79800804F53042800420F60FF3C0168450090804F53042800420F60FF3C0168250090D1
:20A7B800804F53042800420F60FF3C01481F375F02F06CF10090804F53042800420F60FF6C
:20A7D8003C014890DA006CF948BF375F02F06CFB68907663DA013C02DA0037F001F0767352
:20A7F80082103C028200370F81F06CF90090804F53042800420F60FF3C01DF1504808210FE
:20A818003C028200481F370F81F56CF10090404C405F8218D4F2F4C2084F2CC4084F3B0036
:20A838008000E20FD4F21022911000303023D93D000D89CD880909FF05082CC549DE001A22
:20A8580089CE8C0909FF52085E1709F40508821540E46DFF54FF09F4050809F5500840D425
:20A878006DFFC7FF09F40508086540D46DFF9AFF487F6E08C87409F4600809F561086D004C
:20A89800BE0109FF54081E1509FF5508DF1F278009F4050809F5560809F6540809F7550822
:20A8B80040D46DFF8AFFD4F4084409F505086DFF3DFF09F0570809FFD8081421370F68F09D
:20A8D80037F108F0342F0C21370F82F12C210C2396022C230C2196042C2109FF52085E1EA2
:20A8F80009F40508482540D46DFF54FF09F40508483540D46DFF3EFF3C0D09F405084825F2
:20A9180040D46DFF3FFF09F40508483540D46DFF29FF09F405088215820640E46DFFB9FEC2
:20A9380009F405088215820640E46DFFCDFE09FF53085E1509C48C096DFFF5FE02823C0123
:20A958000090F445DA002C44DA002C45DA146C42DA0A6C43DA01894F1008DA022C46DA005F
:20A97800894F1108DA00894F1208DA01894F1308DA00894F1408DA00894F1508DA02894FE3
:20A998001608DA00894F1708DA00AC4CA00FEC47DA80894F2008DA00894F2108009059449A
:20A9B80000C00090404F024F025840F402F46D007100F623DF0853008200BE0182103E0F7A
:20A9D80082203E0D82303E0B82403E0982503E078260BE0582705F0F29003C3D40F46D000F
:20A9F8004100534F20F010FF19FF0CC0370F78F0C21F4B0F41F14BF251203C2F19FF24C029
:20AA1800EF8F0F8040F46D002D0019FF24C0370F78F0C21F4B0F41F14BF251203C058214A7
:20AA380040F46D00E7003C1919FF28C0EF8F0F8040F46D00170019FF28C0370F78F0C21FCD
:20AA58004B0F41F14BF251203C05820440F46D00D1003C0382023C013C0282023C010090DC
:20AA7800194F08C0370F78F04B0F41F1194004C0370078004B0041014B0F51F06D000600ED
:20AA98004BF241203C0100906DFFDFFD3C010090194F00C053242000570F62F08B3F0022BB
:20AAB8003C010090404F0B54108840F46DFFDAFF4B8251007B00F8136B0131004B00718134
:20AAD8004B0861116B0131007B00F0134B1001F0370F61F16E02C2186D000817022A02A4F2
:20AAF8006D005715DA00BE90DA013E9EDA023E9CDA033E9ADA043E98DA053E96DA06BE9185
:20AB1800DA07BE963C1C534920F010F2534920F010FF19FF0CC0378F18F0592F0CC03C10D5
:20AB380019FF24C0378F18F059FF24C03C0919FF28C0378F18F059FF28C03C023C0102A483
:20AB58006D00F4160090404F0248028940F46DFF9DFF0223821A821B82153C2982044B0506
:20AB780061014B03512002563C1D4B0661014B0241006B003108B700810F4B90011037019B
:20AB980061F06E0402090B6510A8BBD0CC0C9BC0DC034B0901F0370F61F06E0382143C04E7
:20ABB800C2F6FF16E4FF76423C08C215BBF0FFFF9BFF0FF03FF5D4FF6D00981602280284E6
:20ABD8006D00E71419FF04C037BF18F059FF04C019FF04C037BF18F059FF04C019FF08C029
:20ABF80037AF18F059FF08C002846D009F160090BC41764182023C010090404F0258481FA2
:20AC18008FCF1F00481F160F532F2010082F0F1F00F082320F12002053402000600291A0D1
:20AC3800013F3023D932F04F542082F1C621261026F2A6207420C82408CF09F55008A645A5
:20AC580002F46D00DE01C82408C402856D000B0200900C41534F2000144F534F20F060FFCE
:20AC780091A0013F30F3D93FD04FDA0F0F0F00100C4C0F0F00F054F082F2C612262026F187
:20AC9800A61074F0DFF40A00CC410C483704685040F402F46D00B5010090404F40546D00E4
:20ACB8001B00DA003E28DA013E28DA023E28DA033E283C0982043C0982143C0782643C054B
:20ACD80082743C0382043C01821540F46DFF6CFE3C0100904C49370FE2283C0100904C4CAC
:20ACF800764382103C028200370F01F0765382103C028200370F01F1766382103C0282007C
:20AD1800370F81F0767382103C028200370F81F16C4C009009403009DA006C4C4C4E374FF5
:20AD380002F06C4E894030090090DA006C44DA006C48094F62089608894F2208094F620881
:20AD5800B70F01F2894F2208094F6208B70F81F2894F2208094F6208B70F01F0894F2208A8
:20AD7800DA006C4A094F6A089602894F2A08094F6A089601894F2A08094F6808B70F02F2D2
:20AD9800894F2808094F6808B70F02F0894F2808094F6908B70F02F2894F2908094F6908B6
:20ADB800B70F02F0894F29080090404F6D009E15022802846D00ED139110003030F34933EE
:20ADD800000A143FB70F01F09110003030F34933000A343F3C019110003030F34933000AA3
:20ADF800143F370FE1F0DF1FF87F081FB71F08F02CF13C01081F16FFDF1FFEFF14FFB70FFD
:20AE180001F034FF3C0114FF370FE1F0DF1FFD7FDA0089FF2019DA0089FF3019DA0089FF6D
:20AE3800042902846D0082150090094F5A088FFF0F81094FD808370F6B900C4116FF6D0093
:20AE5800480E4B0F61F14BF251F0532920004B800102C2304B0041014B0F51203C010090D9
:20AE7800404F405C02483B000C90C814088408DF0F9FA0506D00C50009C4840909C44808D8
:20AE98000CCD0F9FA0506D00BC00C814088402856D00E90009C4840909C4480802856D004A
:20AEB800E200D4F208CF9110003030234933080A143037F003F09110003030234933080A39
:20AED800343F0090404F6D001115022802846D0060139110003030F34933140A143F96012D
:20AEF8009110003030F34933140A343F9110003030F34933180A143F96019110003030F3C9
:20AF18004933180A343F02846D0010153C019110003030F34933140A143F6F1FFA7F028445
:20AF38006D0037139110003030F349331C0A143F96019110003030F349331C0A343F028433
:20AF58006D00F4140090404F02486D00C20D081F16FF4B0F61F14BF251F04B8F51F07B00C3
:20AF780004046B0031FF7B0000044B0F51807B000CF44BF801F0370F61F06E047B000C84A9
:20AF98003C0EBB0000FE9BFF4FF44BF801F0370F61F16E05BB00008E9BF84F846D00A614A4
:20AFB800022902946D00F51209FF5A08B71F08F089FF1A0809FFD8087B00F0036B00214838
:20AFD8006D00AE1D372F0BF0ACFC09FF4018963F89FF001809FF4118968089FF011809FF23
:20AFF8004118964089FF011809F04318DA2037F008F089FF031802946D0098140090404F8B
:20B018000B4510A849FC100A82404B0A01828F3A00F1538F20C09140002FD922000E7D2FE6
:20B0380015806D006314022F02F46D00B21209F0201982110FA1101082F2C621261089F088
:20B05800201902F46D007214534820F010CFDAFF0FCF00F00FCB10B002F302B249F24008BF
:20B078000090404F0B4510886D004014022A02A46D008F1249FF001ADA084BF801028F787F
:20B0980000F1534F2040534020F010FFDA0F0F4F00F00F49109002F3029249F2400802A412
:20B0B8006D00441400902020404CDA084BF401826D00370D534920F010A2534920F010CF19
:20B0D800488F742F09CF500816FFC21F4B0F41F14BF25100534920F010AF14FF163FC21FEA
:20B0F8004B0F41F14BF05100534920F010AF14FF370F62F39211534920F010AF081F1603B9
:20B1180042F1534920F010AF081F370F62F142F14B0141F14BF051203C010090200802481D
:20B13800405F37057FF08B0F20F26E01820949A6000A028440F56D003900DA0037F9019012
:20B1580014AF37F983900CA137F903920CA237F983930CA337F903950CA437F983960CA54A
:20B1780037F9039809FF5508EE03DA003C02DA0137F98199DA0037F9019A09FF5108EE0362
:20B19800DA003C02DA0137F9819ADA0037F9019B09FF5208C2FF370F70F037F9859B3789DA
:20B1B800049E02923C010090405C406D82088209DA084BF40122094F500816FF92105343D5
:20B1D80020F0104F09FF6008163FC21FE2F0534320F0104F09FF6008370F62F39211534327
:20B1F80020F0104F09FF6108160342F1534320F0104F09FF6108370F62F142F173100AA09C
:20B21800820B3C4E534B20F010CF54FFE2AF4B0F61F17B0000044B0F51C0820D820E3C326B
:20B238008210532E20F00FF010004B0041F14BFC51F07B00F0036B00214F6D005B1CFF9201
:20B258002180532E20F00FF210F04B0F41F14BCF01F016068B0F20F26E09C2F28B0240F359
:20B27800370F689002E8821D3C0FFF820B809A12C2FF8B0F40F3370F689002E8821D3C0457
:20B29800C21EBF8ECFFFF6D382798278532B20F010DF2819532B20F010DF34F8C21BBF3B9F
:20B2B800B3FF0090404F405C7641820854FF6E016D00370C3C0109FF500816FFC21F4B0F69
:20B2D80041F14BF251F03C017B00F8034BF0513054C03B8000408215024637007F10BA01C8
:20B2F8006E037B00F8037B00F8134B0151703B0040929B499794024A3C4D4B0A41014B03E6
:20B3180041004B0751107B00F0236B0221114B0131B1DA407FBF05003B0004B03C0973AB17
:20B338000A10FF410400822B3C034EB2821B4B0B41114B1041006B07311082024B2101F036
:20B35800AE046B0731003C056B0731F067FFBF0F4B9001F06F2F1E804B9001F0AE264B90F5
:20B3780001F0AE036F060580020902A602B56F061180DA004BF001F0AE27DA004BF001F0C8
:20B39800370F61F06E03DA003C02DA016E023C04C2FAFF2AB47F3F5409006F0607006F0546
:20B3B8000580025F026502F6DA024BF601229AD2370F4800C2F5370568F037F80680DA021A
:20B3D8004BF601421A52C2FF370F68F037F802838E03020F3C02DA0037F802858E0382329D
:20B3F8003C01370268F037F8028409CF5408EE03DA013C02DA0037F8018609CF5308EE03C0
:20B41800DA003C02DA0137F8818609CF580837F8018702823C0100900248BC416D00810B6B
:20B43800DA004BF801F0AE217B0008F44BF841F04BF251004B0031F14B0F41F16B0F31F00A
:20B458007B00F0134B1F01F0AE244B0031F13C044B0031F1C21F8B1F4013534120F04B0F33
:20B4780061F14BF251F06B0F31F882004B0F01F0AE0A534120F04B0F61F14BF251F06B0F74
:20B4980031583C0B534120F04B0F61F14BF251F06B0F31F867FFBF5F82463C2D4B0661F1FB
:20B4B8004BF841F04BF251F07B00F0036B0021FF4B0F7101F6023C2373600AF04B0F61F1ED
:20B4D8004BF251306B0331F882044B4F01F0AE046B0331383C056B0331F867FFBF3F4B538B
:20B4F80001F0AE230235020137057FF0BA0F6E023C06C2163B801FF07F6FD2FFC2F18B0172
:20B5180040233C01009082F282003C17538020F0912000F8D9FF184B10FFD4FF7D4F0D8098
:20B53800538020F0912000F8D9FF184B10FF481F370F48203C04C210BF40EAFF3C01009041
:20B55800494F102A3C0554FFB45FB025C2F4FF14FC7F0090494F102A3C0554FF745FB04583
:20B57800C2F4FF14FC7F0090494F102A3C0554FF345FB015C2F4FF14FC7F0090DA084BF42C
:20B598000102534120F0104F49FF241A3C06095FC00874FFB025C2F5FF15FB7F0090DA0896
:20B5B8004BF40102534120F0104F49FF241A3C05545F74FFB045C2F5FF15FC7F0090DA0894
:20B5D8004BF40102534120F0104F49FF241A3C05145F74FFB015C2F5FF15FC7F0090094F6E
:20B5F8005908EE047B1000003C028210CC420C4C0FF0100068100090094F5908EE038210CC
:20B618003C037B100000CC420C4C0FF0100068100090404E405C406D0248D4E46D0025045C
:20B638000229DF093780D4EFF4FE821089E0300889ECBC0989E88018821089E01B0889ED69
:20B65800841989E8881809EF4C186E0440E46DFFC8FF09EF5D081E1409EF5D085E3540E45C
:20B678006D00E3073C1609EF5D08DE40C812C81F09FFD818C2F837087000370F10F0892F6E
:20B69800981840E46D00D1073C0440E46D004E0402923C010090D4423C0100908202D44F6B
:20B6B800094F7008EE0348AF6E0282123C0100902008404C405D09D2B809F4C209D2BC09A6
:20B6D800F4A2DA0089CF300809DF740889CF1C0809DF750889CF1D084CD96CC44CDA6CC5E4
:20B6F80009DF52080920510837F001038920110849DE2C0A5E1754EFEE05DA0089CF180827
:20B718003C0E54EF6E08CCDB481F370F68F089CF18083C0509DF600889CF180809C05808B8
:20B73800DA084BF00182534920F0D4A4104F029440D56DFFB9FD022F6CF809C4580840D52A
:20B75800B04554D5D4A46DFFEBFC022F6CC1821009CF58080FF000008F00011009DF5708DA
:20B77800EE03DA003C02DA0109C458080F4F10F0D4A4494F081A8F000140A640A6F10203BE
:20B79800021249F240080CC7370F64F28F7F00416DFF8BFC4B0271F189CF360954EFEE05CD
:20B7B800DA0089CF0C183C39D4EF09F2C80989C2C80909DF570889CF190809DF5108EE18F4
:20B7D800DA0189CF0C1840C46DFF18FFD4EF09D5700809DA7108DA80C82408C4A6F56DFFE5
:20B7F80010FCC82408C402A56DFF3DFC3C16DA0089CF0C18D4EF09D5700809DA7108D4E24E
:20B81800092F5008C82408C4A6F56DFFFAFBC82408C402A56DFF27FC09DF560889CF1A081E
:20B8380009DF801909FF5A086E13911000FF09D2801909201908534920F0D4A21022492267
:20B85800241A530022F010FF802F59FF0C02D4CFF4FC82023C010090DA00744FDA01894FD5
:20B878001008DA01894F1108DA00894F1208DA00894F1308DA00894F1408DA01894F150895
:20B89800DA08894F1608DA00894F1708DA006C42DA006C43DA006C41DA00894F1808DA00A3
:20B8B800894F1908DA00894F1C08DA00894F1D08DA00894F1E08DA00894F1F08A00FEC4B33
:20B8D800DA80894F3008DA00894F3108A00FEC4BDA00894F3008DA00894F3408DA02894F89
:20B8F800350882FF6C49DA006C4ACC51EC4F495F080A894F80198945B8090090404D405C62
:20B91800BBF0FFFF89DF141909CF56086E44823840D46DFFFAFD538221F060FF9140003F63
:20B9380030F3D93F10683C0109CF1508370F70F014F0370F68F037F008F034FF081F378F83
:20B9580082F12CF1083F96022CF3081F96042CF140D46DFFDAFD538221F060FF9140003FB7
:20B9780030F3D93F1068B04F3C0109CF1408370F70F014F0370F68F037F008F034FF081F0B
:20B99800378F82F12CF1083F96022CF3081F96042CF13C6D09CFDC086E2140D46DFFB5FD37
:20B9B800538221F060FF9140003F30F3D93F10683C0109C06C0809CFDC0814F1370F68F08E
:20B9D80037F108F034FF081F370F82F12CF1083F96022CF3081F96042CF109CFDA086E22D9
:20B9F80040D46DFF92FD538221F060FF9140003F30F3D93F1068B04F3C0109C06C0809CFC7
:20BA1800DA0814F1370F68F037F108F034FF081F370F82F12CF1083F96022CF3081F96047A
:20BA38002CF109CFDE086E2340D46DFF6EFD538221F060FF9140003F30F3D93F106849FF47
:20BA5800080A3C0109C06C0809CFDE0814F1370F68F037F108F034FF081F370F82F12CF191
:20BA7800083F96022CF3081F96042CF100902040404D405FC81E911000CF6D00370F022883
:20BA980002846D00860D14EFB70F01F034EF088F6E03DA003C02DA0114E037F081F134EF80
:20BAB80002846D00430F820848A440E46DFFB6FC370268F037F80880DA0F37F80485DA00AE
:20BAD80037F8828C089F6E03DA013C02DA0037F8818DDA0737F8048E89E8100948AF6CD961
:20BAF800820009FFDE086E043BF01FF03C02DA0037F00900820109FFDC08EE0409FF560803
:20BB18006E02821137108104820109FFDA08EE0409FF56086E0282113710010508BF37F03B
:20BB3800020808CF37F0020909FF580837F0020D09FF590837F0020E89E01409C8446D009D
:20BB5800D10089DE840909FF5608DF0F8B00DA0189DF220849A4000A40C56DFFF9F449A47A
:20BB7800040A49A5000A6DFF40F509FF150889DF210809DF21082CA8DA0089AF2708DA014F
:20BB980089AF3408DA0089AF0A09DA0089AF2A08DA0089AF2F08DA00ACAFDA0089AF2308F5
:20BBB80049E2241A802F89AF0E09DA0089AF2D08DA0189AF3008DA0089AF2108DA0089AF27
:20BBD8002208DA0089AF200809FF6C0889AF3A0809FFDC0889AFB80849D4140A49A5040AD8
:20BBF8006DFFB8F409FF140889DF200809DF20082CA8DA0089AF2708DA0189AF340849E2C2
:20BC1800102A802F89AF0A09DA0089AF2A08DA0189AF2F08DA0089AF0E09DA0089AF2D08DA
:20BC3800DA0089AF3008DA00ACAFDA0089AF2108DA0089AF2208DA0089AF2308DA0089AFA7
:20BC5800200809FF6C0889AF3A0809FFDA0889AFB80849D4080A49A5040A6DFF7BF43C0486
:20BC7800DA0089DF220840E440F56DFF49FE09EF5308960189EF13080090DA00344FDA00F0
:20BC9800AC4DDA00AC4EDA00AC4FDA00894F2C08DA00894FA008A00FEC4989458409DA0091
:20BCB8002C48DA002C49DA002C4ADA002C4BDA002C4CDA00894F1808DA00894F1908A00F62
:20BCD800EC4482FF894F140882FF894F1508DA00894F1608BB00C2FB9BEFC3F46C4A009062
:20BCF800404CBD0C3B00D4CFBCFF0CC409C85508C814088408C5A6F56DFF83F9C814088420
:20BD180002856DFFB0F9CCC2BCFF0CCC09C85508C814088408C5A6F56DFF73F9C814088410
:20BD380002856DFFA0F9CCC4BD0F180009CF140809C85508C8140884370F68506DFF61F99D
:20BD5800C814088402856DFF8EF9D4F2D4F40C4408C0370F03F02C240090404FC812092F89
:20BD7800C0188FFF1FF13C01BBF0FF0F8920141940F46DFF92FC402C911000DF2E0482108B
:20BD980089C020082E14821089C021082E24821089C022082E74821089C027082E348210DD
:20BDB80089C023082E44821089C024082E54821089C025082E64821089C026086E0D09CF06
:20BDD8004C186E0440C46DFF0CFCDA0089CF300840F46D00A80009FF62086E3109F0200818
:20BDF800530022F010D2392F1E02370F61F18B0F20F25E1C530022F010D2530022F010D40E
:20BE1800394F1F029604E92F1F023C0109F02108530022F010DF39FF1E02370F61F18B0F51
:20BE380020F25E1C530022F010DF530022F010D2392F1F029604E9FF1F023C010090404C3E
:20BE5800D4C46D001B00D4C2D4CF48BFC21F6C2B0090404CD4C46D006900D4C2D4CF48AF38
:20BE7800C21F6C2A0090DA01494F2808EE0382023C0282123C010090404CD4CFC81449CDCB
:20BE9800041A094F4218370FE3F13C0109C088180BF080F1370F508054DFEE0A82003C058A
:20BEB800094110293C01C2103F80FC7F3C2609C05A08FF900B80D4D502846DFF57FBD4DF57
:20BED80001F800F6F4DF3C1909C05A08DA103F0F0C80D4D502846DFF35FB532820F0D4DF3B
:20BEF80010FFF4DF3C0AD4D502846DFF35FB534820F0D4DF10FFF4DF09CF8818A28F89CFF6
:20BF1800881809CF8818EE0D09CF4C186E0440C46DFF74FBDA0089CF3008D4C46D000300F7
:20BF38000090DA006C4A00902008404C49CD3C0AD4CF09FF6208DF0F8802911000EFC81430
:20BF5800F4A46DFFE2FA538221F03C0109F8210809F920084DC0E2FF370FE1F78B0F20A20A
:20BF78003C010D00400300003C0109C08018BF20E60009C08018C2F0530822F010EF5308DF
:20BF980022F010E2B92F140237007000370F0EF0F9FF140209CF5A08FF9F10808200530849
:20BFB80022F010EF530822F010E2392F1602370F83F2E9FF16023C2109C05A08DA103F0FFE
:20BFD80010808210530822F010EF530822F010E2392F1602370F83F2E9FF16023C0E822035
:20BFF800530822F010EF530822F010E2392F1602370F83F2E9FF160254DFEE4049CF100A90
:20C0180080FFB70F1C007B0000FDFE014DC0E1FF16073C0149CF100A80F0B7000C0AB77053
:20C03800030E7B000011E21FA2F03C0449CF100A80F0530822F010EF59F008028200821102
:20C058008222530822F010EF19F31002370303303713813137230434530822F010EF59F3E7
:20C078001002530822F010EF530822F010E2392F12029610E9FF12023C3A54DFB70F1C0022
:20C098007B0000FD7E0F4DC0E1FF16073C0154D0B7000C0AB770030E7B000011E21FA2F0F4
:20C0B8003C0254D0530822F010EF59F00802820082118202530822F010EF19F310023703EA
:20C0D80003303713813137230434530822F010EF59F31002530822F010EF530822F010E2F2
:20C0F800392F1202B70F01F2E9FF1202D4AF49FF241A530822F010E280FF592F0C028200F8
:20C1180082118202530822F010EF19F31002370303323713813337230436530822F010EFF9
:20C1380059F31002530822F010EF530822F010E2392F1F029604E9FF1F0209C080185309D5
:20C1580022F010EF530922F010E2B92F140237007000370F0EF0F9FF140209CF5A08FF9F87
:20C1780010808200530922F010EF530922F010E2392F1602370F83F2E9FF16023C2109C067
:20C198005A08DA103F0F10808210530922F010EF530922F010E2392F1602370F83F2E9FFDB
:20C1B80016023C0E8220530922F010EF530922F010E2392F1602370F83F2E9FF160209CF83
:20C1D8000419EE4049CF140A80FFB70F1C007B0000FDFE014DC0E1FF16073C0149CF140A71
:20C1F80080F0B7000C0AB770030E7B000011E21FA2F03C0449CF140A80F0530922F010EF40
:20C2180059F00C02820082118222530922F010EF19F310023703033237138133372304366A
:20C23800530922F010EF59F31002530922F010EF530922F010E2392F12029620E9FF120220
:20C258003C3D09CF0419B70F1C007B0000FDFE004DC0E1FF16073C0109C00419B7000C0A06
:20C27800B770030E7B000011E21FA2F03C0309C00419530922F010EF59F00C028200821151
:20C298008202530922F010EF19F31002370303323713813337230436530922F010EF59F3BD
:20C2B8001002530922F010EF530922F010E2392F1202B70F81F2E9FF1202530922F010EF69
:20C2D800530922F010E2392F1F029604E9FF1F02BBF0FFFFD4A4894F14196DFF16F9538244
:20C2F80021F060FF9140003F30F3D93F10683C01083F96022CF3D4A46DFF07F9538221F0EE
:20C3180060FF9140003F30F3D93F1068B04F3C01083F96022CF3D4A46DFFF7F8538221F0F0
:20C3380060FF9140003F30F3D93F106849FF080A3C01083F96022CF3530922F010EF530965
:20C3580022F010E2392F1F029604E9FF1F02534920F010EF534920F010E2392FC28196010A
:20C37800E9FFC28109CF8018BF2F2B00530822F010EF530822F010E2392F1F029604E9FF1B
:20C398001F02534820F010EF534820F010E2392FC2819601E9FFC28109CF5C08EE094CC170
:20C3B8008200370F01F0D4AF89FF20193C084CC18210370F01F0D4AF89FF20193C4054DF5B
:20C3D800EE0C4CC18210370F01F0D4AF89FF20194CC489FF24193C334CC18210370F01F017
:20C3F800D4AF89FF201909CF5A08FF9F0C80D4DF09CF801810FF09FF7FF8D4AF89FF241984
:20C418003C1E09C05A08DA103F0F0F8009CF8018C2FF532F20F0D4DF10FF09FFC008D4AFE0
:20C4380089FF24193C0C09CF8018C2FF534F20F0D4DF10FF54FFD4AF89FF241976A30D0071
:20C4580000031D00F10009CF8018BF1FED00C81E0CC7370F644209EF421816073C018B4F4D
:20C47800000109CF5B085E12C2F009CF80187E02C2F009CF80180B0F80F1370F5080BF18BC
:20C49800D30009C08018A28089C0801809CF8018EE0382113C02820109CF5B08DE12BF2886
:20C4B800110009CF80186E0D4DC0E20F3700E1078B0020923C010D00400300003C013C0800
:20C4D8004DC0E20F3700E1078B0020923C0109CF5B08DE14820089C01B0809CF5C08EE0860
:20C4F8004CC18200370F01F089EF20193C074CC18210370F01F089EF201954DFEE1E09C0DB
:20C518001009DF01130082013C0489E02419C2119AF83FF1FC7F4CC18211371F01F089EF1F
:20C53800201989E024193C08DA003C0489E02419C21F3F8FFD7F3C7409CF5A08FF9F2480A9
:20C55800DF011800BF280800D4D59AF840E402F56DFF37F84CC18210370F01F089EF201964
:20C57800D4DF01F800F609FF7FF889EF24193C06D4D540E402856DFF24F8D4DF01F800F60D
:20C59800F4DF3C4E09C05A08DA103F0F2780DF011A00BF280800D4D59AF840E402F56DFF71
:20C5B800EFF74CC18210370F01F089EF2019C2F8532820F0D4DF10FF09FFC00889EF24196A
:20C5D8003C0BD4D540E402856DFFDAF7532820F0D4DF10FFF4DF3C24DF011900BF28080003
:20C5F800D4D59AF840E402F56DFFDBF74CC18210370F01F089EF2019C2F8534820F0D4DFF0
:20C6180010FF54FF89EF24193C0BD4D540E402856DFFC7F7534820F0D4DF10FFF4DF7693DD
:20C638000D00000300902008404F49FD3C0AD4FC09FF801882404B0F0102F61909FF8018C1
:20C6580082404B0F0102370068F03C0909FF801882404B0F0102370068F0C21F370F688072
:20C6780009FF5D089E4B09F08018DA104BF00102F61909F08018DA104BF00102370068F03C
:20C698003C0909F08018DA104BF00102370068F0C21F42F8C2F83708688009CF6208DF0FC9
:20C6B8001702911000EF09C48409F4A46DFF2DF7538221F03C0109C9210809CA20084DC011
:20C6D800E2FF370FE1F78B0F20B23C010D00400300003C01530922F010E2530922F010E44B
:20C6F800B940140237800E00F92014028220530922F010E2530922F010E4394F1602370FD5
:20C7180083F2E92F160254DFB70F1C007B0000FD7E0F4DC0E1FF16073C0154D0B7000C0A0A
:20C73800B770030E7B000011E21FA2F03C0254D0530922F010E259200802820082118202AC
:20C75800530922F010E219231002370303303713813137230434530922F010E2592310022A
:20C77800530922F010E2530922F010E4394F1202B70F01F2E92F120209FF5D089E4DD4A290
:20C7980049221C1A530922F010E4802F594F0C02820082118202530922F010E219231002D2
:20C7B800370303323713813337230436530922F010E259231002530922F010E2530922F0A4
:20C7D80010E4394F1F029604E92F1F0209FF801882404B0F0102F61909FF801882404B0F47
:20C7F8000102370068003C0909FF801882404B0F010237006800C210530A22F010E2530A4C
:20C8180022F010E4B94F140237007000370F0EF0F92F14028220530A22F010E2530A22F041
:20C8380010E4394F1602370F83F2E92F160209FF0419EE4049F2140A802FB70F1C007B00A9
:20C8580000FDFE014DC0E1FF16073C0149F2140A8020B7000C0AB770030E7B000011E21FF2
:20C87800A2F03C0449F2140A8020530A22F010E259200C02820082118222530A22F010E2D3
:20C8980019231002370303323713813337230436530A22F010E259231002530A22F010E2E1
:20C8B800530A22F010E4394F12029620E92F12023C3D09FF0419B70F1C007B0000FDFE0089
:20C8D8004DC0E1FF16073C0109F00419B7000C0AB770030E7B000011E21FA2F03C0309F087
:20C8F8000419530A22F010E259200C02820082118202530A22F010E2192310023703033264
:20C918003713813337230436530A22F010E259231002530A22F010E2530A22F010E4394F32
:20C938001202B70F81F2E92F1202530A22F010E2530A22F010E4394F1F029604E92F1F0226
:20C95800BBF0FFFFD4A4894F14196DFFDEF5538221F060F29140003F3023D93210683C01FF
:20C978000C2396022C23D4A46DFFCFF5538221F060F29140003F3023D9321068B0423C0194
:20C998000C2396022C23D4A46DFFBFF5538221F060F29140003F3023D93210684922080A36
:20C9B8003C010C2396022C23530A22F010E2530A22F010E4394F1F029604E92F1F02534A2F
:20C9D80020F010E2534A20F010E4394FC2819601E92FC28109FF5D08DF3F298009F080181A
:20C9F800DA103FF0090009F0C608DA0F37F085F3ACF33C0B09F0C60809FF8018C2FF370F5A
:20CA180070F037F085F3ACF309F08018DA103FF00700084FB70F01F02CF43C04084F960153
:20CA38002CF4086F96402CF63C2C09FF5D08DE1E09F08018DA103FF0090009F0C608DA0F1B
:20CA580037F085F3ACF33C0B09F0C60809FF8018C2FF370F70F037F085F3ACF3084F96013F
:20CA78002CF4086F96402CF63C0C084F96012CF4086F96402CF609FFC608B70F85F3ACF397
:20CA9800530922F010E2530922F010E4394F1F029604E92F1F02534920F010E2534920F0F6
:20CAB80010E4394FC2819601E92FC28109FF5D081E46481FD4AF89FF1C193C05481FD4AF0A
:20CAD80089FF201976B30D0000033C010090913000FFD9FF300654F8370864F0EE03820255
:20CAF8003C096D001E00370864F04B0F41F14BF251203C010090913000FFD9FF300654F89A
:20CB1800370864F2EE0382023C096D000A00370864F24B0F41F14BF251203C0100906D002E
:20CB3800DA00913000FF39FF3106370F6402DA003E0CDA01BE0BDA02BE0EDA035F0F21004C
:20CB5800DA045F0F23003C26913000FF39FF0C16160FEE023C0A913000FF39FF0C16160F38
:20CB78004B0F41F14BF251203C177B0017F44BF251203C127B001FF44BF251203C0D7B008E
:20CB980027F44BF251203C087B002FF44BF251203C0382023C013C010090910000F6D9FFF8
:20CBB8000C0454FF4B0F61213C010090913000FF39FF3706370F62F2EE06BB00C22B9BE269
:20CBD800CB243C11913000FF39FF3706370F62F25E19910000F6D9FF0C0454FF4B0F61211D
:20CBF8003C0282023C010090913000FFD9FF00066DFFDEFF09FF640816015E1A09FF6E0826
:20CC1800167FC21F4B0F41F14BF251203C2409FF6408370FE1F15E1EBB00C20B9BE0CB0412
:20CC380009FF6C08167FC21F4B0F41F14BF051203C1209FF6908370FE5F0C21F4B0F41F163
:20CC58004BF2410009FF6C08167FC21F4B0F41F14BF051203C010090913000FFD9FF0006A9
:20CC78006DFFA6FF09FF540816015E1A09FF5E08167FC21F4B0F41F14BF251203C2909FF0D
:20CC98005408370FE1F15E1EBB00C20B9BE0CB0409FF5C08167FC21F4B0F41F14BF05120A0
:20CCB8003C1709FF5908370FE7F0C21F4B0F41F14BF2411009FF5C08167F921009FF5B087A
:20CCD800160FC21FE2F04B0041F14BF151203C010090913000FF39FF3306370F62F2820020
:20CCF8003E0482103E083C0ABB00C22B9BE2CB243C013C066DFFB2FF3C0382023C013C01CF
:20CD180000906DFFE8FF913000FF39FF3106370F6402DA003E0CDA01BE0CDA02BE0FDA03EE
:20CD38005F0F2200DA045F0F24003C27913000FF39FF3206160FEE0382023C0A913000FFA8
:20CD580039FF3206160F4B0F41F14BF251203C177B001FF44BF251203C127B0027F44BF23C
:20CD780051203C0D7B002FF44BF251203C087B0037F44BF251203C0382023C013C01009030
:20CD9800404F820891000026D9220C0409FF1019742F6D00AB0502296D00BC05022A029494
:20CDB8006D00F7039130002F392F3046370FE1B19130002F392F304696089130002FE92FDA
:20CDD800304602946D00B20502A46D000A043C019130002F392F3306370FE1F3EEFA913059
:20CDF800002F392F3306B70F02F29130002FE92F33069130002F392F330696409130002FF9
:20CE1800E92F33069130002F392F180696109130002FE92F18063C019130002F392F370695
:20CE3800370FE1F3EEFA9130002F392F3706B71F02F29130002FE92F37069130002F392FDC
:20CE5800370696409130002FE92F37066D00C401A62802A46D009105DF08928102A46D00AC
:20CE7800C0033C019130002F392F1406370FE1F26EFA9130002F39201C0608AF37F007F067
:20CE98009130002FE92F1C069130002F39201B06088F37F004F09130002FE92F1B0691304A
:20CEB800002F39201906089F37F087F09130002FE92F19069130002F392F1806964091303A
:20CED800002FE92F18069130002F392F1A06B70F01F09130002FE92F1A069130002F392F26
:20CEF800180696209130002FE92F18069130002F392F1A0696019130002FE92F1A06913028
:20CF1800002F392F1A0696049130002FE92F1A06BB70714B9B1485436D00BB013C019130FB
:20CF3800002F392F1406370F61F16EFA9130002F392F1806B70F01F09130002FE92F1806D5
:20CF58003C019130002F392F3306370FE1F3EEFA9130002F392F3306B71F02F29130002F9E
:20CF7800E92F33063C019130002F392F3306370FE1F3EEFA48346D008C019130002F1920D9
:20CF98003006485F82F1C61F26F0485F4841261FA6F0DA0137F0020EDA0137F0010F91303E
:20CFB800002FD922300674203C019130002F392F3706370FE1F3EEFA9130002F192034062E
:20CFD800487F82F1C61F26F0487F4861261FA6F0DA0137F0020EDA0137F0010F9130002FA5
:20CFF800D922340674203C019130002F392F0316370FE1F3EEFA9130002F19200016489F7A
:20D0180082F1C61F26F0489F4881261FA6F0DA0137F0010F9130002FD922001674203C011B
:20D038009130002F392F0F16370FE1F3EEFA9130002F19200C1648BF82F1C61F26F048BF92
:20D0580048A1261FA6F0DA0137F0010F9130002FD9220C1674209130002F1920002648DFCB
:20D0780082F1C61F26F048DF48C1261FA6F09130002FD922002674209130002F1920042627
:20D0980048FF82F1C61F26F048FF48E1261FA6F09130002FD922042674209130002F192F97
:20D0B800082609F0041982F1C610260F09F0041909F100192610A60F9130002FD922082669
:20D0D800742F02A46D0059049100802F192F140209F00C1982F1C610260F09F00C1982F15A
:20D0F800C610260F09F00C1909F108192610A60F02946D004E029100802FD9221402742FA2
:20D1180002946D001304820C3C3702A46D0069023C019130002F392F1406370FE1F26EFA2E
:20D138009130002F39201C0653CC20F0C8121022142F37F007F09130002FE92F1C0602A400
:20D158006D001B0453CC20F0C81210224C226E0953CC20F0C8121022092288092D020000E5
:20D1780053CC20F0C8121022092402096D009100C21C370C68C014FF3FFCC9FF02A46D00B4
:20D198003002913000FF39FF1806B70F01F3913000FFE9FF180602A46D00EF0302946D00A7
:20D1B800F801913000FF39FF2C469608913000FFE9FF2C46913000FF39FF304637BF81F166
:20D1D800913000FFE9FF304602946D00AF0302823C0100903B00288082096D008703022A82
:20D1F800913000FF39F01006B7008202913000FFE9F01006913000FF39F01206910000F6A6
:20D21800D9FF0C0454F13B005AF29B6F02F04BF111229AF2370F68F037F005F0913000FFD1
:20D23800E9FF1206913000FF39FF10069604913000FFE9FF10063C05C2F8F68382193C0D18
:20D25800913000FF39FF10066F1FF87F913000FF39FF11066F0FF27F02A46D009A01913036
:20D2780000FF39FF2C469608913000FFE9FF2C46913000FF39FF30469608913000FFE9FF81
:20D29800304602A46D00520302923C01009002486DFF21FD913000FF39FF3506160F4B0FB1
:20D2B80041F14BF251F03C014B8F41F04B0F71F185F110003C0185F01000A2103FF0FDFF7D
:20D2D8000090DA018B0401000F0F10F0913000FF59FF248600908FF43FF06F041700534FED
:20D2F8002000600F9130003F30F3D93F2C86534F20F060F29130003F3023D9322C86542F03
:20D31800B70F10F874FF3C15534F2000600F9130003F30F3D93F2C86534F20F060F2913080
:20D33800003F3023D9322C86542FB70F10F074FF00908FF43FF06F041700534F2000600FCD
:20D358009130003F30F3D9321086534F20F060FF9130003F30F3D93F1086083F375F03F23D
:20D378002C233C15534F2000600F9130003F30F3D9321086534F20F060FF9130003F30F3CC
:20D39800D93F1086081F375F03F22C2100908FF43FF06F041700534F2000600F9130003FCB
:20D3B80030F3D9321086534F20F060FF9130003F30F3D93F1086083FB70F01F02C233C1511
:20D3D800534F2000600F9130003F30F3D9321086534F20F060FF9130003F30F3D93F10865E
:20D3F800081FB70F01F02C2100908FF43FF06F041600534F2000600F9130003F30F3D932C0
:20D418001086534F20F060FF9130003F30F3D93F1086083F96022C233C14534F2000600FCD
:20D438009130003F30F3D9321086534F20F060FF9130003F30F3D93F1086081F96022C2122
:20D4580000908FF43FF06F041600534F2000600F9130003F30F3D9321086534F20F060FFE3
:20D478009130003F30F3D93F1086083F96082C233C14534F2000600F9130003F30F3D932E0
:20D498001086534F20F060FF9130003F30F3D93F1086081F96082C2100908FF43FF06F0435
:20D4B8001700534F2000600F9130003F30F3D9321086534F20F060FF9130003F30F3D93FFC
:20D4D8001086082F375F03F22C223C15534F2000600F9130003F30F3D93F1086534F20F089
:20D4F80060F29130003F3023D9321086142F375F03F234FF00908FF43FF06F041700534F5F
:20D518002000600F9130003F30F3D9322C86534F20F060FF9130003F30F3D93F2C86083F3F
:20D53800375F02F32C233C15534F2000600F9130003F30F3D9322C86534F20F060FF9130C5
:20D55800003F30F3D93F2C86081F375F02F32C2100904DC0E1FF16073C0153CF20F060FF20
:20D578009130003F30F3D93F004654FF2E179601B70F81F0374F0EF174FF96019602375FEF
:20D5980010F874FF3C0154FF6F0FFF7F00904DC0E1FF16073C0153CF20F060FF9130003F04
:20D5B80030F3D93F004654FF2E1B8F2420F0960154F0370070088F002100A60F74FF862467
:20D5D8008F2440F154F0370070088F002100A60F74FF3C0154FF1601DF1FFE7F0090913011
:20D5F80000FF19FF30366F1F12008F2420F09601913000FF19F03036370070088F0021000E
:20D61800A60F913000FF59FF303686248F2440F1913000FF19F03036370070088F002100A3
:20D63800A60F913000FF59FF30363C01913000FF19FF30361601DF1FFB7F00904DC0E1FF18
:20D6580016073C0153CF20F060FF9130003F30F3D93F004654FF2E1B8F2420F0960154F00C
:20D67800370070088F002100A60F74FF8F2420F0960254F0370070088F002100A60F74FFE5
:20D698003C0154FF1601DF1FFE7F084F96082CF454FF2E1B8F2420F0960154F03700700852
:20D6B8008F002100A60F74FF86248F3440F154F0370070088F002100A60F74FF3C0154FF81
:20D6D8006F0FFF7F0090913000FF19FF30366F1F12008F2420F09601913000FF19F030363F
:20D6F800370070088F002100A60F913000FF59FF30368F2420F09602913000FF19F03036F6
:20D71800370070088F002100A60F913000FF59FF30363C01913000FF19FF30361601DF1FCF
:20D73800FB7F913000FF39FF34369608913000FFE9FF3436913000FF19FF30366F1F120067
:20D758008F2420F09601913000FF19F03036370070088F002100A60F913000FF59FF303696
:20D7780086248F3440F1913000FF19F03036370070088F002100A60F913000FF59FF303632
:20D798003C01913000FF19FF30366F0FFC7F00904DC0E1FF16073C0153CF20F060FF9130D4
:20D7B800003F30F3D93F004654FF2E1B8F2420F0960154F0370070088F002100A60F74FFD0
:20D7D8008F2420F0960254F0370070088F002100A60F74FF3C0154FF1601DF1FFE7F084F92
:20D7F800B70F81F12CF454FF2E1B8F2420F0960154F0370070088F002100A60F74FF86244E
:20D818008F3440F154F0370070088F002100A60F74FF3C0154FF6F0FFF7F0090913000FF55
:20D8380019FF30366F1F12008F2420F09601913000FF19F03036370070088F002100A60F15
:20D85800913000FF59FF30368F2420F09602913000FF19F03036370070088F002100A60F94
:20D87800913000FF59FF30363C01913000FF19FF30361601DF1FFB7F913000FF39FF3436A6
:20D89800B70F81F1913000FFE9FF3436913000FF19FF30366F1F12008F2420F0960191302D
:20D8B80000FF19F03036370070088F002100A60F913000FF59FF303686248F3440F19130F1
:20D8D80000FF19F03036370070088F002100A60F913000FF59FF30363C01913000FF19FF1B
:20D8F80030366F0FFC7F00904DC0E1FF16073C0153CF20F060FF9130003F30F3D93F0046C8
:20D9180054FF370F6EF18FFF83213C013C010090913000FFD9FF303654FF370F6EF18FFF37
:20D9380083213C013C0100904DC0E1FF16073C0153CF20F060FF9130003F30F3D93F0046C8
:20D9580054FF2E1B8F2420F0960154F0370070088F002100A60F74FF86248F3440F154F00C
:20D97800370070088F002100A60F74FF3C0154FF6F0FFF7F0090913000FF19FF30366F1F20
:20D9980012008F2420F09601913000FF19F03036370070088F002100A60F913000FF59FFA8
:20D9B800303686248F3440F1913000FF19F03036370070088F002100A60F913000FF59FFF0
:20D9D80030363C01913000FF19FF30366F0FFC7F0090404F02486DFF9DFF022902946DFFB7
:20D9F80000FEDA207FF80B8009FF082982100F801000A60F89FF08293C0B09F00C29821135
:20DA18008FF801F10FF11010A61089F00C2902946DFFB3FF0090404F0248025FFF881F804D
:20DA38003BF0014040F46D001B0082108B0801100F1010005E1709FF0029A60F89FF002935
:20DA58003C0809FF002982F1C610260F89FF00293BF0014040F46DFFBEFF0090404F0248D8
:20DA78006DFF58FF022902946DFFBBFDDA207FF80D8009FF082982100F80100082F1C61035
:20DA9800260F89FF08293C0D09F00C2982118FF801F10FF1101082FFC6F1261089F00C29C1
:20DAB80002946DFF6AFF0090404F6DFF2CF909FF4028161FC21F4B0F61F14BF251203C0116
:20DAD8000090404F6DFF1FF909FF41281603C21F4B0F61F14BF251203C010090BF450B806A
:20DAF800C2C56F0405003B9000403C033B8000403C01DA0403F40AF5534F20F0912000F85E
:20DB1800D9FF449B10FF54FF60F23C010090404F09FF002937046800370F02F48210370F3E
:20DB380081F73BF0014040F46DFF9AFF89FF00293BF0014040F46DFF4EFF0090404F09FF7F
:20DB5800002937046800370F05F08210370F81F73BF0014040F46DFF83FF89FF00293BF0EC
:20DB7800014040F46DFF37FF0090404F024F6DFFCAF84B0271014BF011229AF28B3F2043F2
:20DB98009A144BF0118240F46DFFC3FF02823C010090404F024F6DFFB6F84B0271018F20D6
:20DBB80000104BF111229A2206EFC2FF8BFF21F392114B1011823B00D0129B1113107F8141
:20DBD8000A80C21F8BFF21F392114B10110202083C013B90D00306503F0808803B00D002FC
:20DBF8009B1013007F80048082083C0540F402F46DFFA6FF02823C010090404F09FF0029B5
:20DC1800374F01F78210370F81F73BF0014040F46DFF26FF89FF00293BF0014040F46DFF30
:20DC3800DAFE0090DF0431004C418B8701000F041040A64F6C414C418230534720100F1083
:20DC5800000082F1C610260F6C414C41534720000F051050A65F6C41766B4C41821053477A
:20DC78002010C2310F100000A60F6C413C0C4C41821053472010C2310F10000082F1C6105C
:20DC9800260F6C413C0B4C4182108B8701100F10000082F1C610260F6C410090404F3BF06D
:20DCB800014040F46DFFDCFE09FF4328968089FF03283BF0014040F46DFF8DFE82008201B9
:20DCD8003C0E3B0040F0E21F10F2392F4320370F61F23C016E0382103C01C211BF81F3FF8E
:20DCF800DF10EE7F0090404C405F8208C852D42D3C01C852092E84093C01C85289C2840906
:20DD180009C284090929480809FA0C0840D402946DFFA6FE08E0534A20F010E2534A20F00C
:20DD380010E409414168370181018920016808F0534A20F010E2534A20F010E4094F4268DE
:20DD5800370F04F0892F026809F05008534A20F010E2534A20F010E4094F4068370F02F284
:20DD7800892F006809F05108534A20F010E2534A20F010E4094F4068370F02F3892F00687E
:20DD98000810534A20F010E2534A20F010E4094F4168370F01F1892F016808D0534A20F034
:20DDB80010E2534A20F010E4094F4068370F02F0892F006809F05308534A20F010E2534AD0
:20DDD80020F010E4094F4168370F02F0892F01680830534A20F010E2534A20F010E4094FFD
:20DDF8004268370F81F2892F026814F0534A20F010E2534A20F010E4094F4268370F01F207
:20DE1800892F026809F05208534A20F010E2534A20F010E4094F4168370F04F2892F0168D7
:20DE38008B0901F0370F684040D46DFF19FE082FEE084CE282100FA01000A60F6CE23C09CC
:20DE58004CE282100FA0100082F1C610260F6CE28B0901F0370F684040D46DFFBCFD08B0FB
:20DE780009C2000809E12049DA0F534220300F3F00F082F3C63F26F189E1204909EF204993
:20DE9800534220100F101000A60F89EF204909FFC6086E2008B502946DFF22FE09F00C0890
:20DEB800DA010F0F10F089EF1049089009FFC6081421370F68F037F108F0342F0C21370F49
:20DED80082F12C210C2396022C230C2196042C213C0108FFFF8F1A8008A008F109E23049CF
:20DEF800DA0F534120300F3F00F082F3C63F26F289E2304909EF3049534120100F10100025
:20DF1800A60F89EF30493C1B08A008F109E234493BF000309A81534F20F00FF3003082FF08
:20DF3800C6F3263289E2344909EF3449C281534120100F101000A60F89EF344909FFC408A7
:20DF58006E2908A502946DFFCBFD08F0534020F010E4534020F010E5395F03809680E94F0B
:20DF78000380BBF0FFFF89EF1449088009FFC4081421370F68F037F108F0342F0C21370F63
:20DF980082F12C210C2396022C230C2196042C213C0140D402946DFF1EFD08FF2CC109FF15
:20DFB8000C0834CF02823C010090912000F8D9FF306B49FF000A4942000AA05644FF642F12
:20DFD800FC6E894594090090405F8208D4F2D42C084F3B004000E20F10C2D92D4020894D04
:20DFF8008409D4F2D422F44208498949080840C46DFF5CFD022A8B0901003700684040C4EA
:20E018006DFF2EFD09FF6F085E1B821409F5620809F66308820740D46DFF06FE3C0882041A
:20E0380082058206820740D46DFFFEFD09FF70085E1B821409F55A0809F65B08821740D4B7
:20E058006DFFF2FD3C08820482058206821740D46DFFEAFD09FF71085E1B821409F56A0874
:20E0780009F66B08822740D46DFFDEFD3C08820482058206822740D46DFFD6FD085F5F9FD8
:20E098002300085F5389200091200028D92273FB01200026102214203C0109DF40188241B3
:20E0B8004B100122373F02F089DF001809D10019DA0882424B2001220F3F00F0A6F189D18C
:20E0D80000193C01DA0014D037F002F034DF09FF6E0814D037F002F234DF09FF6F08DF1FDB
:20E0F8005D8049F21C0A09FF61086E2D09DF4428960489DF042809FF610809F05F0809D191
:20E11800002982123721811737F182163701041489D1002909F05F08DA0FFE0409FF5E08EE
:20E13800821009D1002982123721811B37F1041889D1002909DF4428370F02F089DF0428C3
:20E158003C013C0709DF4428B70F01F189DF042809F05F08DA0FBE0509FF5E0809F06008AC
:20E1780009D1002982123721811B37F1041889D1002909DF4428370F02F089DF04283C01D8
:20E19800142F6E03DA013C02DA0009D0452837F001F189DF05283C0109FF7008DF1F5D8034
:20E1B80049F2140A09FF59086E2D09DF6428960489DF242809FF590809F0570809D1202944
:20E1D80082123721811737F182163701041489D1202909F05708DA0FFE0409FF56088210B5
:20E1F80009D1202982123721811B37F1041889D1202909DF6428370F02F089DF24283C01D8
:20E218003C0709DF6428B70F01F189DF242809F05708DA0FBE0509FF560809F0580809D126
:20E23800202982123721811B37F1041889D1202909DF6428370F02F089DF24283C01142F2E
:20E258006E03DA013C02DA0009D0642837F001F289DF24283C0109FF7108DF1F578049F241
:20E27800240A09FF69086E2D39CF04809604E9CF048009FF690809F0670819C10080821213
:20E298003721811737F182163701041459C1008009F06708DA0FFE0409FF6608821019C197
:20E2B800008082123721811B37F1041859C1008039CF0480370F02F0E9CF04803C013C01E6
:20E2D80009F06708DA0FBE0509FF660809F0680819C1008082123721811B37F1041859C1F3
:20E2F800008039CF0480370F02F0E9CF04803C01142F6E03DA013C02DA0039C0048037F0FE
:20E3180001F2E9CF04803C01085F7E93DA033C02DA0014D037F002F034DF09F56C0840C486
:20E3380002946DFF7AFB82013C36536120F010F209204A08534120F010D2534120F010D40A
:20E35800094F6108370F03F0892F2108536120F010F2092F06094BAF41F04B0F7101C2E024
:20E37800DA1F7F0F0780DA104BF011228BF200008BF02F033C01534120F010D2534120F08E
:20E3980010D4094F600837006800370F05F0892F2008C211BF21CBFF8B0901F0370F684017
:20E3B80040C46DFF18FB02823C010090912000F8D9FF087B49FF000A4942000AA0C644FFDD
:20E3D800642FFC6EDA002C44F4450C442C45DA00894F2C080090405C8208D4CDF44D6DFFFA
:20E3F80085FA022F02F46DFFD4F8820074D002F46DFF9CFA09C45D0840D46DFF00FC4CC5AA
:20E418004B0F714140D46DFFC6FBF62382123C634CC44B0F714140D46DFFA9FB40D46DFF8B
:20E4380045FB82013C34536120F010CF0880534120F010D2534120F010DF09FF6128370F76
:20E4580003F0892F2128536120F010CF481F4B2F41F04B0F7101C2E0DA1F7F0F0780DA1095
:20E478004BF011428BF400008BF02F033C01534120F010DF534120F010D2092F602837007D
:20E498006800370F05F089FF2028C211BF21CDFF09CF5C08DE1E82093C178B09014040D473
:20E4B8006DFFDEFA3B0040F0E29F10DFD9FF4020DA0314F037F002F034FF8B09014040D4D7
:20E4D8006DFF89FAC219BF89EAFF40D46DFFE8FB02823C010090404FF4F5BB0068F99B8FB7
:20E4F800B9F46CF540546DFFEEFA68426DFF0BF46862DA002CF83BD07BF39B6F58F36CF106
:20E51800DA002CFE3BD07BF39B6F58F389FF0A09DA0089FF1C08DA0089FF1D080090C2F423
:20E5380037045040D44F094FC40810FF14FF345FB015094FC408C21FAC42094FC4080940D7
:20E55800C6083F0F0480DA00AC42FF14EA7F40523C010090C2F437045040D44F094FC40898
:20E5780010FF145F34FFB015094FC408C21FAC42094FC4080940C6083F0F0480DA00AC4241
:20E59800FF14EA7F40523C0100904DC0E2FF370FE1F78B0F20023C010D00400300003C01F6
:20E5B8008C423C010BF480F1370F50108C4B4BF10122A23137015020DA00894F1808A224D9
:20E5D8008C4A0BF480F1894F060976030D0000033C0100904DC0E2FF370FE1F78B0F2002D8
:20E5F8003C010D00400300003C01094184083C018C4AA21F0BF480F1370F50108C4B4BF166
:20E618000122A23137015020DA00894F1908A2248C4A0BF480F1894F0A0976030D000003F1
:20E638003C010090025FC234B7040200370050808BC801008B8000406D00AE26BC264024B4
:20E658000B8F10486D0032003C0100904DC0E2FF370FE1F78B0F20123C010D0040030000DF
:20E678003C018C4212508940840809408E088C420BF0A0F1AC47094F06096E0F094F060949
:20E69800A25F894F0609094F06094EF7DA00894F0609DA01894F180876130D000003A254AB
:20E6B800370450203C010090C234B70402F0370F5000DA00894F1808DA01894F1908804F1C
:20E6D8008BCF01F0C27FB70F03F0744FDA00AC42DA00AC47DA00894F0A09894F0609DA00FF
:20E6F800AC49AC48894094088945960840423C0100902008404F405C02488209DF08D40016
:20E71800D4F2F4A288AFACA3888FACA291100028D9223828092040090B0610F10B1780F25E
:20E73800EE0891100028D9223828092A40093C264DC0E2FF370FE1F78B0F20F23C010D00C7
:20E75800400300003C0185F010008203020285F12C008200A620A6313C0191100028D92251
:20E77800382809224009262026316E030D0000033C010B6040A00B7150B03C0140F4028494
:20E798006DFF05FF022F6E0E49A4000A40C502F46DFFC7FE402C40F40B8F10486D0087009B
:20E7B8000228DF09388091100028D9223828092040090B0A10F10B1B80F2EE03DA003C2804
:20E7D8004DC0E2FF370FE1F78B0F20F23C010D00400300003C0185F010008203020285F11B
:20E7F8002C008200A620A6313C0191100028D922382809224009262026316E030D000003C3
:20E818003C010BA050F10BB100F20B1B90F23C016E05DA0089FF06093C43DF0840003C015D
:20E8380009FF5808EE3791100028D9223828092040090B0A10F10B1B80F2EE03DA003C28C0
:20E858004DC0E2FF370FE1F78B0F20F23C010D00400300003C0185F010008203020285F19A
:20E878002C008200A620A6313C0191100028D922382809224009262026316E030D00000342
:20E898003C010BA050F10BB100F20B1B90F23C016EC809FF58088B0F0092DF0871FF09AFCB
:20E8B800C408ACF802823C0100904DC0E2FF370FE1F78B0F20023C010D00400300003C01ED
:20E8D8008C42A25FAC42094F0A096E0F094F0A09A25F894F0A09094F0A094EF7DA00894FC2
:20E8F8000A09DA01894F190876030D000003A254370450203C0100902008404F405C024885
:20E918008209DF08D400D4F2F4A288AFACA3889FACA291100028D9223828092040090B069B
:20E9380010F10B1780F2EE0891100028D9223828092A40093C264DC0E2FF370FE1F78B0F8C
:20E9580020F23C010D00400300003C0185F010008203020285F12C008200A620A6313C01B7
:20E9780091100028D922382809224009262026316E030D0000033C010B6040A00B7150B0C5
:20E998003C0140F402846DFF27FE022F6E0E49A4000A40C502F46DFFDFFD402C40F40B8FB6
:20E9B80010486DFF55FE0228DF09388091100028D9223828092040090B0A10F10B1B80F21A
:20E9D800EE03DA003C284DC0E2FF370FE1F78B0F20F23C010D00400300003C0185F01000E9
:20E9F8008203020285F12C008200A620A6313C0191100028D9223828092240092620263143
:20EA18006E030D0000033C010BA050F10BB100F20B1B90F23C016E05DA0089FF0A093C433A
:20EA3800DF0840003C0109FF5908EE3791100028D9223828092040090B0A10F10B1B80F288
:20EA5800EE03DA003C284DC0E2FF370FE1F78B0F20F23C010D00400300003C0185F0100068
:20EA78008203020285F12C008200A620A6313C0191100028D92238280922400926202631C2
:20EA98006E030D0000033C010BA050F10BB100F20B1B90F23C016EC809FF59088B0F009256
:20EAB800DF0871FF09AFC408ACF902823C0100908F841EF08F0F0801B70408FC3704E81BA8
:20EAD800B71F812BDA7F7FF1048082020090DA967F1F048082023C068B6109F1325F0FF26B
:20EAF80000203702502076043252370250200090B70408FC3704E80BB71F811BDA7F3FF017
:20EB18000580DA967F0F0480820200908B6009F1325F0FF10010370168200090B70408FC2D
:20EB38003704E80BB71F811BDA7F3FF00580DA967F0F0480820200908B6009F1325F0FF104
:20EB5800001037017020009091300048D94478311D0002008208404F8209820A820BC81CA6
:20EB7800C82D483C09FF1001DF1F238080CF160180D08F100001FE046E04C2FC04DF24CFEC
:20EB980076CF8F3C00018FEC1FF06E0902F140D2C2F16014442164C1FC4E90DD020CDF0CE5
:20EBB800E07FC2FC60C204DF24CFFC2E3CD9DE2580CF2E03C2FC24C9DF0CD37F8F3C00F1C2
:20EBD80006EC76C5C2FC60C264CAFC2F6EC9C2FF60F224CBFC2F3CC48F0F1F00DF002E0089
:20EBF8008F3F0001DF102B8080CF8F3F00D180DF1603FEDB76DB02D440C440D56D00540054
:20EC180001CD00C601DD00D6A2DC76CF8F3C00018FEC1FF06E0902F140D2C2F16014442173
:20EC380064C1FC4E90DD020CDF0C9B7F02C440C440D56D0039003C9400901603DF2F91FF31
:20EC580080CF16036E0702F440C46D00160010CCA2FCDF0C867F8F3C004106EC76C5C2FCE1
:20EC780060C264C8FC2FDF047C7F40C46D0005001DFF77FF00903BF00F00804F1603063F26
:20EC98000FF0100082FFC6F0C2F4604F804FB70F02F060F2B014542F260F742F770000043E
:20ECB800FCF60090804F16033BF00F008F3F00100F10100082F1C610C2F4604F8041B70164
:20ECD8000220095101008F3F0030B0140F3110106022C21F542216032602A612742277009E
:20ECF8000004FDF0ED7F0090910000F6D9FF1404D4F291200056D955C08901240046015494
:20ED180020F4EE0891200056D955C08A014530F4EE0482FF60F20090F4F40090DA034BF4FF
:20ED380011023B40CEF03F0F048082023C113B8006F13FF005803B4006203C0A1BC031FF74
:20ED5800534F26F03B4038004B0F11223C010090207049A4000A9120005F6DFFBEFBDA013F
:20ED780089AF1D0891000046D9441C3449A5000A6DFF33FB49A4200A91000056D9551C34CC
:20ED98006DFF16FBDA0089AF2408DA0089AF2508DA0189AF0F18DA0189AF00189100004625
:20EDB800D944083449A5200A6DFF10F949A4141A91000056D95508346DFFF9F8DA0489AF76
:20EDD8002018DA0489AF2318DA0189AF171891000046D944003449A5141A6DFF86F7910092
:20EDF80000F6D9FF00348210C81209228409081F534F2010012100F6534F20F01022392F78
:20EE18000380370F01F0E9FF0380910000F6D9FF1834DA0074FF910000F6D9FF1434DA003C
:20EE380074FF910000F6D9FF2034DA00B4FF49A42C1A6D007400DF02220009AFEC183B40B9
:20EE5800CE00E20F3BF0FF004B0F11023C01910000F6D9FF143474F03B80AFF2E2F03B8013
:20EE78003EF04BF01102370070403C01910000F6D9FF2034B4F46D000D5A00902008910062
:20EE980000F6D9FF183491000026D9221834542FC21F74FF910000F6D9FF183454F0DA0A98
:20EEB8004BF0110276123C3949A4000A6D003700F6223C3309AFC0083B40CE00E20F3BF0E8
:20EED800FF004B0F11023C01910000F6D9FF143454FFA2F0910000F6D9FF14349100002687
:20EEF800D9221434542F86C0420F74FF910000F6D9FF143454FF3B80AF02E20F3B803E00DA
:20EF18004B0F1102370070403C01910000F6D9FF2034B4F46D00BE59009091000026D92227
:20EF38000034DA00CC21C81F09200008A6F089F010293B007D00910000F6D9FF0034C81239
:20EF580009228409081F534F20F0102F19F100A03C013C01C2F03701E1FFEE03FF10EDFFEF
:20EF78003701E1FFEE0382023C08370170F0B70F14F6B44F82123C010090405CDA003C0B1F
:20EF9800104F91200028D922B30B10220920000834F0C21F3B8001003F0FF4FFDA00894F51
:20EFB80017086D002B00DA003C0CBC27102F09F00008370068003C02820010CF34F0C21FFA
:20EFD8003B8001003F0FF3FFDA0089CF17080090910000F6D9FF1804DA0134FF0090910092
:20EFF80000F6D9FF180414F2910000F6D9FF1804DA0034FF3C01009091000028D922C087B9
:20F0180009200008DA53FE0109200108DA427E0D09200208DA4C7E0909200308DA467E05EB
:20F0380009200408DA573E03A0023C023C010090145F344F0C512C41DA003C07104F1052C6
:20F05800092042082820C21FBF4FFAFFDA003C07104F1052092006082860C21FBF4FFAFF70
:20F07800494F0A0A09508A08370070F016FF34FF370070F0868F16FF2C4B494F0C0A0950C3
:20F098008C08370070F016FF34FF370070F0868F16FF2C4D89440E080090DA70344F89449E
:20F0B8000108DA003C07104F1052092000082820C21FBF4FFAFF82003C17534020F0104F19
:20F0D80049FF060A534020F0106254218FF10FF134FF370168F42CF1370168F82CF23701E4
:20F0F80068FC2CF3C210BF40EAFF894516080090404C405D40D46D00A4007CC382023C549E
:20F1180091200058D9558E1B824440C46D00C821762382023C490CC41E1382023C4549C224
:20F13800120A142F09C053088F802000A60F3C013B20014040C46D0077363E2382023C3404
:20F15800DA003C0C10D210CF08608920020810D210CF08A089200608C21FBF4FF5FF49CF7E
:20F178000E0A14F00CCF8F8F20F0A6F0370050F03C01ACD549CF100A14FF09C051088F8011
:20F198002000A60F370F50F03C01ACD640D46D009800F62640D46D00540082023C05DA0193
:20F1B8002CD182123C010090404C405D91200058D9558E1B824440D46D007F2114CF2CD406
:20F1D8000CC12CD5DA003C0710D210CF082089200608C21FBF4FFAFFDA003C0710DF10C2C6
:20F1F8000920060828A0C21FBF4FFAFF49DF0E0A09C08A08370070F016FF34FF370070F0FF
:20F21800868F16FF2CDF49DF100A09C08C08370070F016FF34FF370070F0868F16FF89DFFA
:20F2380011083B20014040D46D00FE3549DF120A8FF20FF134FF868289D213080090DA016C
:20F25800344FDA002C41DA003C0D104F91200028D9228A1B102214202820104F82102860AA
:20F27800C21FBF4FF4FF3B803EF0AC45DA30AC460090BC43BC527C6382023C21144FBF4FF0
:20F29800048082023C1C404FB01F14F00C428F8F20F0A6F0370050F03C013B401F007FF0C5
:20F2B80004003B401FF03BC0E00F7F0F04003BC0E0FF14403450B46F82123C0100907C4337
:20F2D80082023C328C453B4006003F0F07008C453B8038017FF0040082023C268C463BE072
:20F2F80001003F0F07008C463B800C007FF0040082023C1ADA003C14104F09F00608DF103B
:20F318000900104F09F00608DFF0040082023C0C104F0820BF40048082023C06C21FBF4F08
:20F33800EDFF82123C010090BC44BC53DA0C3E4382023C2BDA003C0B105F104214202820A9
:20F35800105F1042092044082860C21FBF4FF6FF494F080A14F00C498F8F20F0A6F03700F5
:20F3780050F03C01AC55494F0A0A14F00C4B8F8F20F0A6F0370050F03C01AC56DA01345F08
:20F3980040546DFF9EFF3C010090202849A4000A6D000C0291200048D944882B6D00C8042F
:20F3B80049A4000A49A5140A6DFFA4FE762891200048D944912B6D00114D3C0791200048AD
:20F3D800D944AD2B6D000A4D49A4140A6D00875C910000F6D9FF3844DA0034FF910000F692
:20F3F800D9FF0844DA0034FF0090201049A4000A6DFF27FF49A4000A6D00715C6D003000AD
:20F41800822449A4000A6D001F0500902028404F024F49A4000A6D00505C49A2040A49A4F8
:20F43800140AA03544206440FC5E49A5140A40F402F46DFF7BFFF6246D0012003C0FDA0283
:20F4580089AF150849A4140A6D00495C6D000800821449A4140A6D00F7040090203849A4CF
:20F47800240A6D002A5CDA0534AFDA232CA1DA0F2CA209AF6908EE0382043C02821449A4AF
:20F49800030A49A5280A6DFFD5FD49A4000A6D00E55800906D00B8036D008803910000F611
:20F4B800D9FF384414FFEE023C7B6D00700476246D0078003C756D00963B910000F6D9FF78
:20F4D8003844485FA2F2CE223C6B910000F6D9FF384414FFDF2F2D806D001301762891006D
:20F4F80000F6D9FF3844DA0034FF3C21910000F6D9FF384409FF5808C21F370F68F09100ED
:20F5180000F6D9FF384489FF1808BF3F0F80910000F6D9FF3844DA0034FF91200048D94456
:20F53800883B6D001F5B3C036D003C003C3991000046D9443844B0446D004A017623821461
:20F558003C028224DF140B80910000F6D9FF3844DA0034FF6D00C2003C23910000F6D9FF5C
:20F57800384409FF5808C21F370F68F0910000F6D9FF384489FF1808BF3F1180910000F677
:20F59800D9FF3844DA0034FF6D00A80091200048D944A03B6D00E65A3C036D000300009000
:20F5B800910000F6D9FF38446D001D3B1B421FF06CF500906DFFAEF1913000FF19FF3036ED
:20F5D8006F1F12008F2200F09601913000FF19F03036370070088F000100A60F913000FF58
:20F5F80059FF303606228F2240F1913000FF19F03036370070088F000100A60F913000FF48
:20F6180059FF303682003C0A913000FF19FF30361601EE0382123C17C2103B00E2F43FF00D
:20F63800F5FF910000F6D9FF00449100802F192F100274FF910000F6D9FF0444DA0534FF55
:20F6580082023C0100906DFF65F1913000FF19FF30366F1F12008F2200F09601913000FFA9
:20F6780019F03036370070088F000100A60F913000FF59FF303606228F3240F1913000FFB7
:20F6980019F03036370070088F000100A60F913000FF59FF303682003C0A913000FF19FFD1
:20F6B800303616016E0382123C17C2103B00E2F43FF0F5FF910000F6D9FF00449100802F74
:20F6D800192F100274FF910000F6D9FF0444DA0534FF82023C010090910000F6D9FF084490
:20F6F80014FF6E0D91000046D9440C446D00D103910000F6D9FF0844DA0034FF00906DFF2B
:20F71800F5F0022F02F46DFF44EF02F46DFF0EF10D004003DA006E019100F0FAD9FF545530
:20F73800DAFA74FF0D0080046DFF46FFDF022200910000F6D9FF1C0454FF9110F0FAD9FFF0
:20F75800909A9110F02AD922989A9110F04AD944A8AA9110F05AD955A8AA74FFDA01742FD9
:20F77800DA80744FDA50745F0D0080046DFF6DFF0D00000382146D00ED000228DA006E017B
:20F798009100F0FAD9FF5455DAFA74FF0D0080046DFFACF0022F02F46DFFFBEE02F46DFF97
:20F7B800C5F002823C010090DA003C0C104F91000026D9221C04542042F06002142034F078
:20F7D800C21F3B4001003F0FF3FF0090201091000056D95524446DFFE9FC6DFF87F0022FD2
:20F7F80002F46DFFD6EE02F46DFFA0F091200048D944921B6D009C02910000F6D9FF1C048C
:20F8180054FF74AF91200048D9449C1B49A5000A82146D005059910080FF19F810020D00A9
:20F838004003DA006E019100F0FAD9FF5455DAFA74FF0D0080046DFFBFFE0229DF092200F2
:20F85800910000F6D9FF1C0454F09110F0FAD9FF909A9110F02AD922989A9110F04AD94460
:20F87800A8AA9110F05AD955A8AA74F082107420DA80744FDA50745F0D0080046DFFE5FE2F
:20F89800910080FF19FA10020D000003769582146D0060000229DF091E003B2003406D0061
:20F8B8007B39910000F6D9FF1C0454F0600F14FF6E11910000F6D9FF00449100802F19209C
:20F8D800100274F0910000F6D9FF0444821034F08209769891000046D94424446D0091004A
:20F8F8000229DA006E019100F0FAD9FF5455DAFA74FF0D0080046DFFF9EF022F02F46DFFC1
:20F9180048EE02F46DFF12F0DF092180910000F6D9FF044414FF74AF89A8040989AA08094D
:20F93800910000F6D9FF004454FF780391200048D944A41B49A5000A82446D00BC58912079
:20F958000048D944BE1B6D00F30102923C010090024ADF1A05803B007DF03C02DAC86D00D0
:20F97800423912283C1F6DFFC1EF022902946DFF10EE02946DFFDAEF6D003539A282BF028D
:20F998001200910000F6D9FF00449100802F1920100274F0910000F6D9FF044434FA820252
:20F9B8003C2E910080FF19FF10021603EEDD910080FF39FF1102370FE1F2EE0F910080FF26
:20F9D80039FF1102370FE1F1EE08910080FF39FF1102370F61F26E11910000F6D9FF0044A0
:20F9F8009100802F192F100274FF910000F6D9FF044434FA82023C0382123C0100902008C1
:20FA1800404C82083C2482003C10DA0803F80A10DA147FF1068001C100F614FF3C02DA00CC
:20FA380001A000F634FFC210BF80F1FFDA08910000F6D9FF1C0454F003F80A4049A4000A02
:20FA58006D002E00F62382023C29C218BF38DDFF82003C1F910000F6D9FF1C0454FF420F44
:20FA780060FF14F101C000F614FFBE12910000F6D9FF00449100802F192F100274FF91002F
:20FA980000F6D9FF0444DA0434FF82023C07C210DA143FF0E1FF82123C0100900248404F57
:20FAB8000D004003DA006E019100F02AD9225455DAFA742F0D0080049100F02AD9225455EF
:20FAD800B70818007B0000FA7E05DA50742FDA003C0EB70818007B00F0FA7E05DA5D742FB5
:20FAF800DA003C050D008004DA013C016E140D000003910000F6D9FF00449100802F192F6D
:20FB1800100274FF910000F6D9FF0444DA0234FF82023C4A40F46D00CD0E022FB04F40F4A8
:20FB38006D00C80E76819100F0FAD9FF70750D00800474FFB04F0D00800474F20D008004B0
:20FB58006DFF3AFD0229DF091D009110F0FAD9FF909A9110F02AD922989A9110F04AD9444D
:20FB7800A8AA9110F05AD955A8AA74F8DA00742FDAA0744FDAAA745F0D0080046DFF65FDD4
:20FB98000D000003769582346DFFE4FE0229DA006E019100F0FAD9FF5455DAFA74FF0D006A
:20FBB800800402923C010090201849A4000A6D009A53F6223C270CA1EE2049A4020A6D0023
:20FBD8001401DF021500910000F6D9FF0C4449A2000A49FF000AA054442F64FFFC4E910067
:20FBF80000F6D9FF0844DA0134FF3C0C49A4000A82246D004E013C0649A4000A82046D00F8
:20FC180048010090205882086D00ED37022949A4000A6D005A5682003C08532020F010AF19
:20FC380094FF6E028218C210BF40F9FF49A40C0A6D00A254DF081F00910000F6D9FF243423
:20FC580014FFEE1882003C0F534020F0910000F6D9FF303410FF534020F010A2092F1E097D
:20FC780074FFC210BF40F2FF910000F6D9FF2C3474F97686910000F6D9FF283474F9910056
:20FC980000F6D9FF243434F8F68B910000F6D9FF283454FF1B0F19F05AF90EF23C479100D1
:20FCB80000F6D9FF2C3454FF5AF9CEF23C3F910000F6D9FF2C348B4906F074FFDA0589AF0A
:20FCD8003008DA2689AF3108DA1189AF32087683DA013C02DA0089AF330882013C21534133
:20FCF80020F010AF49FF340A534120F010A209201E09534120F091000026D9223034102205
:20FD1800542FA2F08FF00FF134FF370068F42CF1370068F82CF2370068FC2CF3C211BF4112
:20FD3800E0FF49A4300A6D00995400902018910000F6D9FF1C0454FF60F282003C1F5340EF
:20FD580020F010A5534020F0102F14FF8F8F0110534020F0102F081F8F0F01F0A6F15340E0
:20FD780020F0102F082F8F8F00F0A6F1534020F0102F083FA6F17451C210BF50E2FF49A50B
:20FD9800000A82546D00F1560090203849A4000A6D009B5582003C09532020F010AF94FFDF
:20FDB8006E0382123C20C210BF40F8FF49A4300A49A5320A49A6340A6D00245709AFB0082C
:20FDD800EE0409AFB2086E0382123C0D49A40C0A6D00D2538CA6EE038CA76E0382123C032A
:20FDF80082023C0100902028404C49A4000A6D00645749AF040A49A2140AA03444FF642FEE
:20FE1800FC4EDA003C0810AF10C20920000889F01A08C21FBF4FF9FF49A4140A6DFF51FA5C
:20FE3800F62382023C0FDA0189AF150849A4140A6D005557821449A4140A6D0005008212C7
:20FE58003C010090024F404F82046DFF47FC91000026D9223844342F91000026D9223844E9
:20FE780049FF000A4922040AA03444FF642FFC4E910000F6D9FF38446D00B536685291002D
:20FE980000F6D9FF3844DA0089FF180800902038024582003C0B534020F010AF534020F081
:20FEB8001042092F06096CF9C210BF40F6FFDA0534AFDA222CA1DA172CA249AF030A0944CA
:20FED80041084045B02549A6240A40F46DFFE7F849A4000A6D00C2530090404F024F6D0075
:20FEF8003D00022440F402F56D003B0002246D0004003C01009082F2C6423C010090910076
:20FF180000F6D9FF545414FF6E023C2682013C1A021082023C0C6F00090006F0BB0032F864
:20FF38009B8FDBFEC6F03C0206F0C212BF82F5FF534120F0910000F6D9FF145410FF74F0D5
:20FF5800C2113B0010F03FF1E5FF910000F6D9FF5454DA0134FF009082F23C010090024837
:20FF7800404F02596DFFCDFF82003C1101F00026142FC68F16FF534F20F091000026D92250
:20FF980014541022542F0688C6F8C2103F90F0FF02823C010090910000F6D9FF200454FF29
:20FFB800EE3B91000046D944585491200058D955974B6D001601910000F6D9FF585449F47B
:20FFD800200A91200058D955B74B6D000A01910000F6D9FF585449F4001A91200058D95595
:08FFF8005C3B6D00E20091008A
:02000004800179
:2000000000F6D9FF585449F4201A91000056D9555854910000F6D9FF585449F6200A6D004D
:200020002B01910000F6D9FF2004DA0174FF91000026D92258543C010090D9AAF02F404F67
:20004000405C406D024FBCF4BCC37CD46E0382F23C6949A4000A40F56D00FD03762382F257
:200060003C6149C4200A91200058D955B73B6D004105F62382F23C56D9A400A06D00853171
:20008000D9A400A03B00024040C56D008F31D9A400A03B00024040F56D008831D9A400A082
:2000A00040D502F46D008231D9A400A0D9A500806D000C31D9A40090D9A500806D003205A1
:2000C00049A4002AD9A5009049A6000A6D006C036DFF6FFF49A4004A49C5200A40266D000A
:2000E000630349A4002A49A5002A6D002F0349A4006A49A5004A49A6002A6D008802D9A4B0
:20010000209049A5006A6D008003D9A420903B00024040C56D00D019F62382023C0282F293
:200120003C010090404C820782043C1C534420F0105F54FF820102F0534420F0106F54FFA8
:20014000820302F20B2040000B315010820302720B2040600B315070534420F010CF74F66F
:20016000C214DA083FF4E47FDF07270082050274FB6002606DFF62BF54CF820102F00B0238
:2001800040000B13501074C082123C12534220F010CF54FF820502F4820702160B644000E7
:2001A0000B755010534220F010CF74F0C2127614DA083FF2ED7F40C46D00530100903B000A
:2001C00002406D0086190090820082023C0C534220F0104F54F1534220F0105F54FFC6F18C
:2001E000A610C212DA083FF2F47FF60382123C0282023C01009082013C1F534120F01042FF
:20020000534120F0105F14F0534120F0105F081F8F8F00F0A6F0534120F0105F082F8F0F01
:2002200001F0A6F0534120F0105F083F8F8F01F0A6F07420C211DA083FF1E17F6D001101E0
:20024000009091200068D96644CB6D00C8000090820082013C07534120F0104F54FFA6F0AE
:20026000C211DA083FF1F97FF60382123C0282023C0100902060404C405D406E49A4000AB7
:2002800082043B0004506D00561982083C48D2000B0110A882093C24534820F010DF54F4FC
:2002A0008205534920F010EF54F682076DFFC6BE1A98534F20F010AF54FF820102F00B0251
:2002C00040000B1350100BA040000BB150101A98534F20F010AF74F0021A820BC219DA086C
:2002E0003FF9DC7F8B8800003C12534020F010AF54FF820302F20BA240200BB350305340FE
:2003000020F010AF74F2023A820BC210BA0A8B0B00F4EE04DA103FF0EA7FC218DA083FF858
:20032000B87F8209820A3C228B8A00F0534F20F010AF54F48205FB6002606DFF7FBE534AC9
:2003400020F010AF54FF820102F00B0240000B135010820302920B2040800B315090534A7E
:2003600020F010AF89F80019C21ADA083FFADE7FDF092A0082050294FB6002606DFF5EBE4C
:200380005810820102F00B0240000B13501089A0001982123C14534220F010AF09FF00190A
:2003A000820502F4820702160B6440000B755010534220F010AF89F00019C2127614DA085A
:2003C0003FF2EB7F49A5001A3B00024040C46D00801840C46D00450000902040404F405C23
:2003E000406D820849A4000A91200058D9555C3B6DFFE7FE49A4200A40C56DFFE2FE82794D
:200400003C273BF001A03C21768749A4000A49A5000A6D009700534920F010D2542F570FE9
:2004200061FA6E12768A49A4000A49A5000A49A6200A6DFF21FF3C0849A4000A49A5200AFA
:200440006DFFBFFE8218C2FAFF0AE07FC2F9FF09DA7F49A5000A40F46DFFB3FE0090202080
:20046000404C82083C6B8204820082713C24534120F010CF54F2534120F0912000F8D9FF76
:200480007C3B10FF54F37F23048082103C16534120F010CF54F2534120F0912000F8D9FF57
:2004A0007C3B10FF54F37F32048082003C06F6128210C2F1FF01DD7FF6023C4282033C3323
:2004C000534320F010CF54F0534320F0912000F8D9FF7C3B10FF54F1A210A2408201534374
:2004E00020F010CF54F2534320F0912000F8D9FF7C3B10FF54FF3FF21080764F534320F05B
:2005000010CF54F2534320F0912000F8D9FF7C3B10FF54FF7E2282110214534320F010AFC8
:2005200074F0C213DA083FF3CD7F49A5000A3B00024040C46D00CD17C218BF38967F0090E2
:2005400040566DFF99FE00902020820082013C20F6143BA0FD2F3C0282F2534120F010AFAB
:20056000534120F01062542F5AF2A20F74FF8203534120F0106F54FF3FF2088076075341AD
:2005800020F0106F54FF7E2282130230C211DA083FF1E07F49A6000A6DFFC6FD00902020D6
:2005A000404C49A4000A6DFF0CFE49A4000A6DFF58FF82003C27534020F010CF534020F07E
:2005C00010A2542F34FF534020F010CF534020F010A2542F068F2CF1534020F010CF534092
:2005E00020F010A2542F8F0F1FF02CF2534020F010CF534020F010A2542F8F8F1EF02CF346
:20060000C210DA083FF0D97F009049AA00BA404F405C406D49A4004A49C5200A40C66DFFA9
:2006200095FF49A4204A49D5200A40D66DFF8EFF49A4000A49A5004A49A6204A6DFF1CFE6A
:2006400049A4004A49C5200A40C66DFF6DFD49A4204A49D5200A40D66DFF66FD49A4200AB4
:2006600049A5004A49A6204A6DFF06FE49A4004A49C5201A49D6201A6DFFFEFD49A4001A33
:2006800049A5004A91200068D9667C2B6DFFF4FD49A4001A49A5001A49A6001A6DFF44FD01
:2006A00049A4004A49C5001A49D6001A6DFFE4FD49A4201A49A5004A49A6004A6DFF34FD20
:2006C00049A4002A49A5200A49A6000A6DFF3EFF49A4202A49A5201A49A6001A6DFF36FF40
:2006E00049A4003A49A5201A49A6001A6DFF1CFD49A4203A49A5200A49A6000A6DFF14FD48
:2007000049A5002A49A6202A40F46DFFB5FD49F4200A49A5003A49A6203A6DFFADFD49F40B
:20072000201A49A5002A49A6203A6DFFA5FD49F4001A49A5202A49A6003A6DFF9DFD0090C2
:2007400040566DFF64FF00902020404F405C49A4000A91200058D9557C4B40C66DFFF6FEDE
:2007600049A5000A40F46DFF2CFD49F4200A49C5200A6DFF26FD49F4001A49C5001A6DFF9F
:2007800020FD49A4000A91200058D9557C4B49C6201A6DFFDBFE49F4201A49A5000A6DFFDE
:2007A00010FD00902080404D405F406C49A4000A6D007F01DA1F3C1C82783C1749A4000AAB
:2007C00049A5000A6DFFBEFF10F21420028132510F1010006F00090049A4000A49A5000A26
:2007E00040C66DFF14FFC2F8FF08EA7FC2FFFF0FE57F49AF000A49D2000AC5041F0044FFC5
:20080000642FFC4E00902060404F405C49A4000A49C5001A6DFF17FD49A4200A49A6000A11
:2008200040C56DFF29FD49A4001A49C5200A49A6000A6DFF21FD49A5001A40F46DFFB1FE08
:2008400009F05F0858081601067FA6F089F01F08009049AA00BA404C095F5F088F9F3F8081
:20086000820949A4004A3B0002406D00321609AF5F48167F89AF1F4849A4000A49A5004AC2
:200880006DFFBBFC82703C21534020F010AF54F1534020F0912000F8D9FF7C3B10FF54FF02
:2008A0007F1F048082193C13534020F010AF54F1534020F0912000F8D9FF7C3B10FF54FF48
:2008C0007FF103803C04C2F0FF00E07F769482F21D00EE0049A4001A49A5000A6DFF32FEB1
:2008E00049A4001A49A5001A91200068D9665C3B6DFF2CFE49A4201A49A5000A6DFF22FEB9
:2009000049A4201A49A5201A91200068D9667C2B6DFFB2FC49A4201A49A5201A9120006807
:20092000D9665C3B6DFF00FC49A4002A49A5201A6DFF08FE49A4002A49A5002A49A6201A70
:200940006DFF9AFC49A4202A49A5002A6DFFFAFD49A4202A49A5202A49A6201A6DFF8CFC57
:2009600049A4003A49A5001A49A6202A6DFF84FC49A4200A49A5003A91200068D96664BB6D
:200980006DFF2DFD49A4200A49A5200A49A6002A6DFF72FC49A4200A49A5200A49A6001A67
:2009A0006DFF6AFC49A4203A49A5200A6DFFCAFD49A4203A49A5203A49A6201A6DFF5CFC57
:2009C00049A4203A49A5001A6DFF00FCDF02388049A4204A91200058D9557C4B49A6001A69
:2009E0006DFFB4FD49A4203A49A5204A6DFFEEFBDF02240049A4200A49A5200A9120006899
:200A0000D9665C4B6DFF38FC49A4203A49A5200A6DFF98FD49A4203A49A5203A49A6201A38
:200A20006DFF2AFC49A4203A49A5001A6DFFCEFBF62382F23C3C3C0382F23C3949A4200A5C
:200A40006DFF08FC7624768382F23C3158081601BE8149A4204A91200058D9557C3B49A6C8
:200A6000200A6DFF73FD49A4200A49A5204A6DFFA8FB49A5200A40C46DFFA3FB49C4200A95
:200A800049A5000A6DFF9DFB49C4001A91200058D9555C3B6DFF95FB49C4201A49A5200A0A
:200AA00049A6000A6DFFE8FB82023C010090404F91200058D9557C4B40F46DFF82FB49F4B6
:200AC000200A91200058D9555C3B6DFF7AFB49F4001A91200058D9555C3B6DFF72FB49F402
:200AE000201A91200058D9557C4B6DFF6AFB0090DA1F3C12104F14F0105F14F17F1004802C
:200B000082123C0E104F14F0105F14F17F01048082023C06C2FFFF0FEF7F82023C010090C8
:200B20002040404C405D49A4000A82043B0002506D0001153BF003803C7F82793C7A820003
:200B400001D800F614F1029232520F2110108F11001182023C1001A200F614FF869F1601F0
:200B600001A200F601A2002614238613A63034F002F0C212DA203FF2F07F14AFA6F134A1BA
:200B80008200DA1F3C1C10AF14F1912000F8D9FFB73B10FF14F27F12048082103C1210AF82
:200BA00014F1912000F8D9FFB73B10FF14F27F21048082003C06EE028210C2FFFF0FE57F0B
:200BC000DF0037008200DA003C2710AF14F1912000F8D9FFB73B10FF14F2A221A20182020A
:200BE00010AF14F3912000F8D9FFB73B10FF14F43F430D80760C10AF14F0912000F8D9FFD0
:200C0000B73B10FF14F35F3003808212022010AF89F12008C21F3B0002103F1FD87F49A4D3
:200C2000000A49A5200A3B0002406D005214C2F9FF09877FC2F8FF08827F49A5000A3B0084
:200C4000024040C46D0045140090FF440B80910000F6D9FF300401F400F609F200083C026B
:200C600082023C01009082003C0E534020F0104F534020F091000026D92278841022542F4F
:200C800074FFC210BF40F3FF0090DA003C078B0F015002F46D005503C21FBF8FFAFF820021
:200CA0003C14534020F0910000F6D9FF788410FFDA0074FF534020F0910000F6D9FF4894AC
:200CC00010FFDA0074FFC210BF40EDFF910000F6D9FF34043B803EF074FF910000F6D9FFA9
:200CE0003804DA3074FF910000F6D9FF6094DA0074FF910000F6D9FF6094DA006CF1910080
:200D000000F6D9FF5894DA0074FF910000F6D9FF5894DA006CF1910000F6D9FF7484DA0019
:200D200034FF00902028910000F6D9FF609454FF3B803E00E20F910000F6D9FF340454F03D
:200D40004B0F0102B4A0910000F6D9FF6094481F3B803E00E20F910000F6D9FF340454F063
:200D60004B0F010289A0820894AF3B803E007FF005003B803EF0B4AF94AF3B80C10F7F0F0B
:200D800005003B80C1FFB4AF8CA13B803E007FF005003B803EF0ACA18CA13B80C10F7F0F5A
:200DA00005003B80C1FFACA1910000F6D9FF609454F46D006C0389A28408910000F6D9FFD9
:200DC000609448146D00630389A28608910000F6D9FF589454FF7802910000F6D9FF5894D4
:200DE000481F7803910000F6D9FF748414FF89AF100849A4120A6DFF38FF49A4000A6D0047
:200E0000B14B0090DA643FF407003B8038F13F4F03003C033B803E40910000F6D9FF34044A
:200E200074F40090FF440380F6523C0C8E53DA013C0282FF910000F6D9FF300401F400F66B
:200E400034FF0090DA1E3FF40600DAC83F4F03003C033B000340910000F6D9FF380474F4AB
:200E6000009020106D00CB2E82013C27534120F010AF534120F091000026D922788410227F
:200E80005420534120F091000026D92258741022542FA2F074F0534120F0910000F6D9FF0E
:200EA000587410FF534120F091000026D92278841022542F74FFC211BF41DAFF54A05801E4
:200EC00042F0580209A10C091213910000F6D9FF2C0414FF6E0C910000F6D9FF2C04820174
:200EE00034F1910000F6D9FF708474F2F6027636910000F6D9FF708474F2910000F6D9FF58
:200F0000748491000026D92270845421A2128B427F1234F1910000F6D9FF240414F1534167
:200F200020F0910000F6D9FF687410FF74F0910000F6D9FF240414F1534120F0910000F63C
:200F4000D9FF488410FF74F3910000F6D9FF240491000026D92224041421C211DA084BF1F0
:200F6000114234F5910000F6D9FF240414FFEE07910000F6D9FF2804DA0134FF910000F646
:200F8000D9FF280414FF6E043B8000503C06910000F6D9FF240414F58202820682013C160A
:200FA000534120F0910000F6D9FF687410FF54F44242534120F0910000F6D9FF488410FF99
:200FC00054F44246C211370168103F51EBFFBF153D80BB00007A9B475074910000F6D9FF79
:200FE000380454F14B0141113BB0FD409B9404444B4141404B0241114B0561214B2151F008
:201000004B0641114B0561214B2151107BA047244B2F41F04B7F51F04B4F41F0910000F600
:20102000D9FF60944B0F31F174FF7BA047F44BF141F04B7F51F04B4F41F0910000F6D9FFFD
:2010400060944B0F31F16CF10E044B0041F13C0432504B0041F1910000F6D9FF6884910019
:201060000026D922688454206B0F21F074FF0E344B0341013C0432534B034101910000F643
:20108000D9FF688491000026D92268844C216B0021FF6CF1910000F6D9FF380454FF4B0F51
:2010A00041F13BB0FD009B9004044B0F41F0BB00000A9B4050044B0F5100910000F6D9FF5A
:2010C000589491000026D9226884542F4B0F41F04B0F71F174FF910000F6D9FF589491006D
:2010E0000026D92268844C214B0F41F04B0F71F16CF16DFF19FE00900D000002910001FF1F
:20110000D9FF0001820049F2002A802F80F1A21F80F1030F0AF160FF3C01DA016CFB82044C
:2011200082156D00BB000D00400200800D000002910001FFD9FF0001821049F2002A802F02
:2011400080F1A21F80F1030F0AF160FF3C01DA016CFB821482056D00A1000D004002008007
:201160000D000002910001FFD9FF0001822049F2002A802F80F1A21F80F1030F0AF160FF31
:201180003C01DA016CFB822482156D0087000D00400200800D000002910001FFD9FF000157
:2011A000823049F2002A802F80F1A21F80F1030F0AF160FF3C01DA016CFB823482056D0031
:2011C0006D000D00400200800D000002910001FFD9FF0001824049F2002A802F80F1A21F52
:2011E00080F1030F0AF160FF3C01DA016CFB824482156D0053000D00400200800D00000298
:20120000910001FFD9FF0001825049F2002A802F80F1A21F80F1030F0AF160FF3C01DA0157
:201220006CFB825482056D0039000D00400200800D000002910001FFD9FF0001826049F2DF
:20124000002A802F80F1A21F80F1030F0AF160FF3C01DA016CFB826482156D001F000D0011
:20126000400200800D000002910001FFD9FF0001827049F2002A802F80F1A21F80F1030F78
:201280000AF160FF3C01DA016CFB827482056D0005000D004002008002488FF83F9076534E
:2012A0009A183C049AF8370F68F0DF05140002846D00FE00022802F46D00FA007686762307
:2012C00082F03C0282103C05762382103C0282F03C1202F46D00EC00022F02846D00E80007
:2012E00076266E0382103C0282F03C056E0382F03C028210534920F0910000F6D9FF7884A4
:2013000010FF91000026D92230040129002609210008534920F091000026D92278841022CA
:20132000542F03100AFF74FF534920F0910000F6D9FF489410FF6D00622C74F200900B4564
:201340001088910001FFD9FF000149F2002A802F80F0A20F80F0038F0AF060FF3C01534823
:2013600020F091200028D9225C5B1022D4243B0001406DFF7CCC489FB72F83F06CF9489FEC
:20138000B70F03FC6CF9489FB70F81F66CF9489FB71F01F76CF9489FB70F01F66CF9489F90
:2013A000B73F02F46CF9489FB73F02F56CF9489F96016CF9489FB71F01F86CF9489FB70FF8
:2013C00082F86CF9489FB71F01FA6CF9489FB71F01FB6CF99100014F40F56DFF6CCC3BD02E
:2013E0007BF39B6F60F34BF241F04B0F7101BBF0FFFF9BFF0FF07F0F0680BBF0FF0F9BF04E
:201400000F00487F370F18F06CF7488F370F18F06CF8822440F46DFF8BCC8214820582067A
:20142000820740F46DFF69CCDA016CFB910001FF19FF3811821053482010C2210F100000BB
:20144000A60F910001FF59FF3811910001FF8200BCF153482010914000FFD9FF40E95300F6
:2014600022F010FF01F100F63C01821014FF379F08F034FF081F370F82F12CF1083F9602A4
:201480002CF3081F96042CF100903BF0FFF77F4F05003BF0FF273C0A3B0000F87FF4050089
:2014A0003B0000283C0302423C010090534420F0912000F8D9FF5C5B10FFD4FFC812534447
:2014C00020F0912000F8D9FF5C5B10FFD4FF088F09202409570061FF6E0382123C02820277
:2014E0003C013C010090DF1405803BD001803C0282286D0083020229910000F6D9FF68947E
:20150000DA0034FF820A3C111AA8538F20F0912000F8D9FFF07A10FF54F402956D00A0014A
:20152000F62382023C07C21ADA193FFAEFFF82123C010090910000F6D9FF689414FF6E0494
:2015400009FF6A083E4382023C1309FF020909F00609420F3E5382023C0B40F46D005702FB
:20156000F62382023C05DA0034FF82123C01009091200048D9447C5B6D00A61700900D006B
:201580004003DA006E019100F0FAD9FF5455DAFA74FF0D008004DF140780BB0000FC9B1F00
:2015A000F0FA3C05BB0000FA9B1FF0FA3C019110F0FAD9FF909A9110F02AD922989A911054
:2015C000F04AD944A8AA9110F05AD955A8AA74FFDA01742FDA80744FDA50745F0D0080045B
:2015E0000D00000382246D008902DA006E019100F0FAD9FF5455DAFA74FF0D0080043C01E3
:201600000090DF140780BB00000C9B10F00A3C05BB00000A9B10F00A3C01DA003C07104FF0
:2016200012016012142134F1C21F3F5FFAFF00902008404C0258DF140780BB00009C9B1930
:20164000F09A3C05BB00009A9B19F09A3C01820A76853B0000027F80058082021D008B007B
:201660001D00850082003C0D1A0A7F8F06801A0A10CF14F13C02820101A000F634F1C210EE
:20168000BF80F4FF0D004003DA006E019100F0FAD9FF5455DAFA74FF0D0080040BA90000F7
:2016A0009100F0FAD9FF5455B70018107B0000FA7E15DA5074FFDA003C0EB70018007B003C
:2016C000F0FA7E05DA5D74FFDA003C050D008004DA013C016E050D00000382023C4B49A4B4
:2016E000000A6D00F300022B49A4040A6D00EE001AA96E019100F0FAD9FF70750D00800402
:2017000074FBB04F0D00800474F20D0080041AA99110F0FAD9FF909A9110F02AD922989A9B
:201720009110F04AD944A8AA9110F05AD955A8AA74FFDA00742FDAA0744FDAAA745F0D0063
:2017400080040D00000382246D00D801DA006E019100F0FAD9FF5455DAFA74FF0D008004EC
:20176000F62382023C078B8A00A03F8A7DFF82123C010090DF140780BB0000089B00020A4A
:201780003C05BB0000089B00000A3C0182013C09014100F61A50421F60F2142F34FFC211FD
:2017A0003F61F8FF82123C0100900258404C0269910000D6D9DD6894FF240F80BB00000852
:2017C0009BF001003F900980BB0000089BF00100A2907F80048082023C4114DFEE0C8210A1
:2017E00034D089D42A08B708050089D00209DA0089DF060909DF6A087E4709DF020909D0F2
:201800000609420F3E8382023C2909DF0609EE0AB70805F089DF0209B70805F03E838202AF
:201820003C1D3C1809D00609DA207E0740D46D00EE00F62382023C1209DF060910DF14CF71
:201840002CFA09DF0609C21F89DF0609B01CC2F9C218FF19E9FF82123C0100900D00400301
:20186000DA006E019100F0FAD9FF5455DAFA74FF0D0080049110F0FAD9FF909A9110F02A03
:20188000D922989A9110F04AD944A8AA9110F05AD955A8AA74F4DA01742FDA80744FDA5039
:2018A000745F0D0080040D00000302546D002601DA006E019100F0FAD9FF5455DAFA74FF3E
:2018C0000D0080043C01009014400C418F8F00F0A6F00C428F0F01F0A6F00C438F8F012064
:2018E000A6023C0100900248404C02590D004003DA006E019100F0FAD9FF5455DAFA74FF66
:201900000D0080049100F0FAD9FF5455B70818007B0000FA7E05DA5074FFDA003C0EB708EB
:2019200018007B00F0FA7E05DA5D74FFDA003C050D008004DA013C016E050D000003820232
:201940003C5B820A3C1D534A20F010C46DFFBEFF022B534A20F010CF49F4020A6DFFB6FF3E
:2019600076819100F0FAD9FF70750D00800474FBB04F0D00800474F20D008004C21ABF8A8C
:20198000E4FF9110F0FAD9FF909A9110F02AD922989A9110F04AD944A8AA9110F05AD9558C
:2019A000A8AA74F8DA00742FDAA0744FDAAA745F0D0080040D00000302946D009F00DA003B
:2019C0006E019100F0FAD9FF5455DAFA74FF0D008004DF02110082003C0B1A0860FF14F183
:2019E00001C000F614FF3E1382023C06C210DA203FF0F5FF3C010090DF1405803B00012076
:201A00003C033B8000203C010090404C14CF6E0409CF0609EE0382123C353C0B09CF0609F3
:201A200010CFDAFF2CFA09CF0609C21F89CF060909C00609DA203FF0F3FF09CF6A085E16E8
:201A4000BB0000F89B0F02FA3C05BB0000F89B0F00FA3C0109C00209420F09C46A086DFF88
:201A6000CDFF49C40A0A0BF210486DFF3EFFDA0089CF060909CF02098B0F02F089CF020968
:201A80003C01009085FF10003C01A24F6D0006000BF220213C010090910000F6D9FF3C049A
:201AA00054FFFF0F2400910000FF3B00B4849BC80480BCF16DFF1BD9913000FF39FF350677
:201AC000160F4B0F41F14BF251F03C013C014B0F31F13B90D00306604B0F0102E2083C0159
:201AE000910000F6D9FF3C0474F8910000F6D9FF3C0454F23C010090024F85F810003C010E
:201B00003C0702846DFFC0FF762382023C24910080FF19F0100226F0DF00F5FF910080FF30
:201B200039FF1102370FE1F1EE08910080FF39FF1102370FE1F26E0DDA006E019100F0FA99
:201B4000D9FF5455DAFA74FF0D00800482023C0382123C0100906DFF14FD762382123C0220
:201B600082023C0100906DFF4EFD00906DFF62FD762382123C0282023C0100900248A00C50
:201B80008F7800F16E0D8F7800F18B8F00018BF01F110B8130F1EE0342083C0282086D00F7
:201BA000D12B910000F6D9FF001454FFEE0E910000F6D9FF001491000026D92254A4B07228
:201BC0008020B70003F074FFBF182C80910000F6D9FF041454FF8BF81F010BF030F1EE212D
:201BE000910000F6D9FF041454FF428F3B80FF077F0F1880910000F6D9FF0014D4FF91008C
:201C00000026D9220414542F10FC910000F6D9FF041491000026D9220414542F42F874F892
:201C20006D00132E40C23C0100900090911000F6D9FF70BC09F236093C010090911000460E
:201C4000D94444DC82043BF000506D00740C91100046D94474AC82043BF000506D006B0C50
:201C6000911000F6D9FF54ACDA0034FF911000F6D9FF54DCDA0034FF911000F6D9FF64ACBD
:201C8000DA0074FF911000F6D9FF68ACDA0034FF911000F6D9FF40DCDA0074FF911000F6F8
:201CA000D9FF60ACDA0074FF911000F6D9FF58ACDA00B4FF911000F6D9FF5CACDA0034FF6F
:201CC00082046D00C1036D005702911000F6D9FF70AC6D0094271B823EF074FF911000F6FF
:201CE000D9FF6CAC6D008B271B027DF074FF6D009802022FEE1C6D009F01DF0219009110EE
:201D000000F6D9FF54ACDA0134FF911000F6D9FF5CACDA0034FF6D0072036D009C029120C5
:201D20000048D944B65B6D0029473C0A91200048D944AE6B6D00224702F46D0056020090BA
:201D40004045BC52F65382123C08B71499433C01A0046D00B0033C0100902050911000F653
:201D6000D9FF40DC91100026D92240DC542FC21F74FF911000F6D9FF54AC14FFDF0F9C802E
:201D8000911000F6D9FF5CAC14FFEE0D911000F6D9FF5CACDA0134FF91200048D944A57B03
:201DA0006D00EC46911000F6D9FF58AC09FFC0083BC012007F0F0C80914000FFD9FF004B27
:201DC0007B1000F08FAF20F06CF13C09914000FFD9FF004BDA018FAF20F06CF1911000F688
:201DE000D9FF58AC91100026D92258AC092FC008C21F3B803E004B0F1102B4F16D00FF26C3
:201E0000911000F6D9FF70AC54FFA2F23B803EF07FF204801D00C300911000F6D9FF58AC1F
:201E2000DA00B4FF911000F6D9FF70AC6D00E72674F26D00F601022FEE276D00FD00DF02B5
:201E40002400911000F6D9FF68ACDA0034FF911000F6D9FF54ACDA0134FF911000F6D9FFE2
:201E60005CACDA0034FF914000FFD9FF004BDA018FAF20F06CF191200048D9448E8B6D0038
:201E80007D461D008C006D00BA26911000F6D9FF6CAC54F0A2023B007D003F020C809110F4
:201EA00000F6D9FF6CAC6D00AA2674F202F46D009C013C74911000F6D9FF40DC54FF825039
:201EC0004B0F110276123C6A6D009902762A911000F6D9FF68ACDA0034FF6D00BC013C27A2
:201EE000911000F6D9FF68AC91100026D92268AC142FC21F34FF911000F6D9FF68AC14F0AB
:201F0000DA143FF01580911000F6D9FF54ACDA0034FF911000F6D9FF70AC6D00702674F29F
:201F200091200048D944B28B6D0028466D006726911000F6D9FF6CAC54FFA2F23B007DF063
:201F40003FF22D80911000F6D9FF6CAC6D00572674F249A4000A6D00FB430CA578098CA3C9
:201F6000780A8CA4780B8CA5780C5803780D5804780E5805780F8CAC781009AF1A097811AD
:201F800009AF1E09781291200048D9449C9B49A5240A3BA000406D009A450090200834A577
:201FA0008FF407413C0149A4000AA00582156D0082023C0100900D00000282046DFF8FD9BF
:201FC000911000F6D9FF60AC911000C6D9CC60AC54CFC21F74FF0D00400200800D00000219
:201FE00091100046D94444BC6DFFC5CE911000F6D9FF64AC911000C6D9CC64AC54CFC21F3F
:2020000074FF0D00400200800D00000291100046D94444BC6DFF21CF0D00400200800D0033
:20202000000291100046D94444BC6DFF20CF0D004002008020083B20014082156DFFB0FFFA
:20204000762382023C5E6D00DA2502283B20014049A4000A82156DFF75FE762382023C5180
:2020600014AF2E066D00CB25A282BF52F1FF14AF2E0382023C4682546D009A253B4004501C
:202080003C013B2001406DFF8BFF762382023C393B30014082256DFF83FF762382023C3114
:2020A000DA078FFF00513C013B0001406DFF78FF762382023C26DA078FFF00513C013B10FD
:2020C00001406DFF6DFF762382023C1B3B50014082256DFF65FF762382023C133B700140D8
:2020E00082156DFF5DFF762382023C0B3BD0004082356DFF55FF762382023C0382123C012E
:202100000090204849A4000A91100056D95544BC6DFFB0CB910000F6D9FF081414FF534F94
:2021200020F0912000F8D9FF78CB10FF54FF4B0F61F174AF912000F8D9FF003BF80BDA8081
:2021400089AF3008DA0089AF3108DA0089AF3408DA0089AF3508DA0189AF1308DA0089AFE7
:20216000140891100046D94470BC49A5000A6DFFADCA00909140004FD944404B82443B805F
:2021800000506DFF4AC7820482056DFF94D982046DFF39D982046DFF08D982046DFF5FD98B
:2021A000820482056DFFD3D882046DFFA2D8820482156DFFAED982046DFF91D8914000FF54
:2021C000D9FFD4388210DA1814F137F108F034FF081F370F82F12CF1083F96022CF3081F1D
:2021E00096042CF10090201074A4911000F6D9FF54DC14FF7801911000F6D9FF64AC54FF53
:2022000078026DFF15FD89A20C0991200048D944A05B49A5000A82446D00594400902008F5
:20222000DA0034AF3BF0004049A4000A82156DFF89FD76223C0E911000F6D9FF54DC14AFB2
:2022400034FF14A0DA717E0382023C0282223C010090202891100046D94474ACB0149110C7
:202260000026D92254AC142F2CA491100026D92254DC142F2CA582031D008A00912000281F
:20228000D922975B01230026142F1042142091200028D922975B01230026142F104F081F65
:2022A0008F8F2010A610370050003C013C018211FF4103803C0182113C01532120F0912081
:2022C0000028D92270CB102F09F1C008E2103B803E100E0882224B21014242404B1001025B
:2022E0003C0A3250DA024BF1014242404B10010232503C013C01532320F010AFA83053234C
:2023000020F0104F0820532320F0104F083F8F8F20F0A6F0370050003C013C0182213C0353
:20232000DA053C06FF5103803C01DA023C01532F20F0912000F8D9FF64CB10FF09FFC00832
:20234000E2F03C03DA053C06FF5103803C01DA023C01912000F8D9FF9A5B10FF14FF0E0874
:2023600082214B1F014242404BF001023C0A325082214B1F014242404BF0010232503C01B6
:202380003C01534320F010AF6830C213BF3378FF14400C418F8F20F0A6F0370050F03C01AC
:2023A0003C01534F26F03B0010000EF882214B100122422F4B0F01023C0A325F82214B1013
:2023C0000122422F4B0F010232503C011B409CF03C01ACAC911000F6D9FF60AC54FF89AFCB
:2023E0001A09911000F6D9FF64AC54FF89AF1E0949A4000A6D00814100903B0002409110B5
:202400000046D94474ACB0143BE000506DFF9AFC762382023C17911000F6D9FF74ACB01F3A
:20242000DA003C0910F214207603DA003C08C21F370F68F0BFEFF8FFDA013C018B0F0022B8
:202440003C0100902048024849A4000AC5F5C0416DFF21CCDA0034AFBB0068F99B8FB1F44A
:20246000780ADA0BACAEDA0EACADDA0FACAFDA0189AF2C08912000F8D9FF486B49FF000A49
:2024800049A2300AA05444FF642FFC4E49AF300AF80491100046D94444BC49A5000A6DFF6D
:2024A000F4CA910000F6D9FF081434F86DFF2BFE0090405C02599A19370F7000911000F69B
:2024C000D9FF64AC54FABFF9048082123C7B911000F6D9FF44DC34F4DA003C10BCC43BF0B7
:2024E0000F103C03104F14F1911000F6D9FF44DC10FF28119211370170F03F9FF1FF911099
:202500000046D94470BC91100056D95544DC91100066D96674AC370050406DFF88C8DF120D
:20252000048082323C4F762E911000F6D9FF64AC91100026D92264AC542FC21F74FF824248
:202540003C416D005C2302283C1A6D005823A282BF521680911000F6D9FF64AC9110002699
:20256000D92264AC542FC21F74FF910000F6D9FF081414F46DFF68FF82523C249110004608
:20258000D94470BC6DFF98C8DF12E17F911000F6D9FF64AC54FF3EA382423C14BD0C110034
:2025A000DA003C0C10C2911000F6D9FF74AC10FF08103420C21F370F70F03F9FF5FF820240
:2025C0003C010090912000F8D9FF409B54FF6E06C4F22D02000054FFEEFC0090910000F6D2
:2025E0008210D9FF1004820149F0C008F6056DFFEBFFDA0274FF54FFDF2FFFFF00902050DA
:20260000911000F6D9FF64DC14F8911000F6D9FF64DC485991100046D9447CFC82046D0040
:202620005205022A911000F6D9FF64DC09F00829911000F6D9FF64DC09F10C29421091106D
:2026400000F6D9FF64DC09F124194210911000F6D9FF64DC48EF42F0911000F6D9FF64DC1C
:2026600048FF42F0911000F6D9FF64DC09FF0E09120B8200910000F6D9FF181454FFFE8315
:20268000910000F6D9FF1C1454FF7E9D910000F6D9FF201454FF7EA7910000F6D9FF24149B
:2026A00054FF3EB28210910000F6D9FF281491000026D9222814542FC21F74FFF60A910054
:2026C00000F6D9FF281454FFFFAF04801D009D00910000F6D9FF2814DA0074FF910000F642
:2026E000D9FF181474F8910000F6D9FF1C1474F9910000F6D9FF201474FA910000F6D9FF0E
:20270000241474FB74A86D00E9207623DA013C02DA00780189A9080989AA0C09911000F659
:20272000D9FF64DC09FF06097804911000F6D9FF64DC09FF0A097805911000F6D9FF64DCF8
:2027400009FF02097806911000F6D9FF64DC09FF0E097807911000F6D9FF64DC09FF0429B7
:202760007808911000F6D9FF64DC09FF08297809911000F6D9FF64DC09FF0C29780A911061
:2027800000F6D9FF64DC09FF2419780B911000F6D9FF64DC48EF780C911000F6D9FF64DC4A
:2027A00048FF780D911000F6D9FF64DC489F780E911000F6D9FF64DC48AF780F911000F66D
:2027C000D9FF64DC48CF7810911000F6D9FF64DC487F7811911000F6D9FF64DC09FF04196F
:2027E00078128B0B20F26E0691200048D9449BAB3C0591200048D944A4AB49A5000A3B30CE
:2028000001406D00BE410090BC4E911000F6D9FF64DC49FF000A4942000AC504240044FFAB
:20282000642FFC4E0090024F91100046D944809C82043B4005506D007E0691100046D9446F
:2028400064DC82043B4009506D00750691100046D944A4AC82043B003F506D006C069110D2
:2028600000F6D9FF98AC820034F0911000F6D9FFA0AC820034F0911000F6D9FF9CAC820006
:2028800034F091100046D944940C6D000B1C911000F6D9FF60DC820034F0911000F6D9FF1C
:2028A0005CDC820074F0911000F6D9FF58DC820074F0910000F6D9FF2C14820034F002F436
:2028C0006D00FB1F911000F6D9FF78FC6D00972174F20090910000F6D9FF2C1414FF8B1F17
:2028E00000223C0100906D0080006D00882102246D00610400900B451088404C026ADAF8AC
:202900003FAF048076A47CC382023C3A911000F6D9FFA0AC14F46D004704022B911000F6B3
:20292000D9FF98AC14FF7EBE911000F6D9FF809C91100026D922809C4C26C21F6CF682028A
:202940003C1F911000F6D9FFA0AC14FF53CF2FF0911000F6D9FFA4AC10F4344889490108F3
:20296000894A020876A6B03440C502A46D00B105911000F6D9FFA0AC34FB82123C01009061
:2029800020587C4382023C2F494F000A49A2000AA0A444FF642FFC4E911000F6D9FF94AC67
:2029A00091100026D92294AC542FC21F74FF911000F6D9FF94AC54FF74AF49A4000A49A534
:2029C0002C0A3B6002406D00CD1BCE2382023C0B82243B00015049A42C0A3B6002606DFF15
:2029E0008CFF3C0100906D000A21022F6D00761FF629911000F6D9FF78FC54F05200CE024C
:202A00003C4D911000F6D9FF78FCC22F74FF6D00A603F6223C4391100046D9447CFC820437
:202A20006D0051033B1060F49B3FF5F53E2B911000F6D9FF60DCDA0034FF82046D00550306
:202A40003C2D91100046D9447CFC82446D003B03022F91100046D9447CFC3B8000406D000B
:202A6000320302283B0040007F8004803B0040806E0402F46D00C00002846D0045026D00C2
:202A8000BE2091100046D944940C02246D00331B6D00B52002246D000F0400902008404FA4
:202AA00014FF1E6314FF5E7A14F40835C82409F6C4086D00B20E1D009E0014FF9E10911051
:202AC00000F6D9FF809C91100026D922809C092F0019C21F89FF00191D008D00083F9E11BB
:202AE000083F1E3F083F1E4D911000F6D9FF809C91100026D922809C4C2EC21F6CFE3C7A9C
:202B000009FFC408EE0D911000F6D9FF809C91100026D922809C4C2DC21F6CFD3C6BC82229
:202B20001428083FDF1F5D8009FFC4081E5D911000F6D9FF809C91100026D922809C4C2D06
:202B4000C21F6CFD3C57DA207E823C54DA505F8F2280C822B01214200C218F8F20F0A6F083
:202B60003C0137005040C82FB03F14F0081F8F8F20F0A6F03C013700505049A4020A6D0002
:202B8000B2003B00014049A4020A82256D0028013C31DA10FE8FC822B01214240C218F8FBE
:202BA00020F0A6F43C016D009F0134A2C82FB03F14F4081F8F8F20F0A6F43C016D0094012F
:202BC00089A2010849A4000A822502846D0008013C11A004820502846D0002013C0BC82486
:202BE000B01409FFC408C2FF370F685002846D00F7000090024A82083B0028F07FAF0F801E
:202C0000911000F6D9FF809C91100026D922809C4C22C21F6CF23B0028A03C483B4010F09C
:202C20007FAF05803B4010F03C0202AFC23FB70F02F0370F70903B4010F07F9F04803B40E0
:202C40001090C21882448205A00491100056D955BC4C821702966D005C1E762F911000F688
:202C6000D9FF809C91100026D922809C092F0C19C21F89FF0C193C1C911000F6D9FF809CB4
:202C800091100026D922809C4C21C21F6CF16D00B61F91100046D944BC4C0B9210486D00FB
:202CA00056007F9A03803C04A29AFF1AB9FFBF1819803B8000408205A004A0058206820789
:202CC0006D00271E762E911000F6D9FF809C91100026D922809C092F0C19C21F89FF0C194A
:202CE0000090534426F03B8025004B0F0102534526F03BC012204B2F0122A220534426F073
:202D00003B8025104B1F0122534526F03BC012104B1F01421A423B4006107F0104003B40D2
:202D200006003BC0F91F7F1004003BC0F90F3B4006107FF10300DA643BC0F91F7F1F0400ED
:202D40003BC0F9FF34402C4100902010404C0B451088820A3C4191100046D944940C01CAF3
:202D600000F614F449A5000A02956D009618DA013E27DA02BE2582505F201F003C29911036
:202D800000F6D9FF809C91100026D922809C4C27C21F6CF749A4000A6DFF82FE3C1A9110DA
:202DA00000F6D9FF809C91100026D922809C4C28C21F6CF83C0E911000F6D9FF809C91101C
:202DC0000026D922809C4C29C21F6CF93C023C01C21A370A70A03F8AC0FF009020180248B9
:202DE000404F0259DA107F9F0E80911000F6D9FF809C91100026D922809C4C2CC21F6CFC29
:202E00003C71DA327E836D00E53B34A889A90108769749A4020A40F502946D005A03DA10CF
:202E20007E8649A4000A6D00083B3C0549A4000A6D00C23ADF024C806D00E11E0228911062
:202E400000F6D9FF809C91100026D922809C4C2BC21F6CFB910000F6D9FF141414FF6E0CD7
:202E6000910000F6D9FF0C1454F00B0880003B803E103F102C80911000F6D9FF809C48BF66
:202E8000910000F6D9FF101454F0A20F780591200048D944A09B49A5140A82146D00713E2E
:202EA000910000F6D9FF1414DA0134FF910000F6D9FF0C1474F891000026D922101491101B
:202EC00000F6D9FF809C48BF742F3C0C911000F6D9FF809C91100026D922809C4C2AC21F56
:202EE0006CFA009037045020DA647F2F05003B4006203C073BC0F9FF7FF204003BC0F92FD1
:202F00003C010090200802488209820A911000F6D9FF98AC14F0911000F6D9FFA0AC14FFD6
:202F20003E03FFA804801D00C0003C6A911000F6D9FF98AC14F053C02FF0911000F6D9FF4A
:202F4000A4AC10FF08246D0000193B401000A2907F2003803C61082FB4AF3B4010F0A29F8E
:202F6000370F70F0ACA214F491100026D9229CAC142582060817B03F91100026D922BC4CB2
:202F80000129005640F46D000517FF021A00911000F6D9FF809C91100026D922809C4C25FF
:202FA000C21F6CF5911000F6D9FF98AC91100026D92298AC14246D00F70034F23C2142298C
:202FC00037097090C21A370A70A0911000F6D9FF9CAC91100026D9229CAC142FC21F34FF6C
:202FE000911000F6D9FF98AC91100026D92298AC14246D00D90034F23F8903803C0D91103F
:2030000000F6D9FF98AC14FF911000F6D9FFA0AC14F05F0F8DFFF6923C47823482059110E9
:203020000046D944BC4CA005820702966D00711C762F911000F6D9FF809C91100026D92273
:20304000809C092F0C19C21F89FF0C193C2D911000F6D9FF809C91100026D922809C4C2328
:20306000C21F6CF3911000F6D9FF809C91100026D922809C4C2442AF6CF482748205A004C5
:20308000A005820682076D00441C762E911000F6D9FF809C91100026D922809C092F0C1943
:2030A000C21F89FF0C190090404582248205A0043B80016082176D002C1C8B0200223C0146
:2030C0000090014400F614F0081F8F8F00F0A6F0082F8F0F01F0A6F0083F8F8F0120A602CC
:2030E0003C013C010090910000F6D9FF2C1414FF7E423C33910000F6D9FF2C1434F4DF241B
:203100001880911000F6D9FF809C91100026D922809C092F1019C21F89FF10196D005A3ABA
:2031200091200048D944B19B6D00283D3C16DF140F8091100046D944940C6D00B3179120FB
:203140000048D944BB9B6D00193D3C0791200048D94483AB6D00123D0090911000F6D9FFAF
:20316000809C91100026D922809C542FC21F74FF91100046D9447CFC6DFF98FFDF0211808D
:20318000911000F6D9FF809C91100026D922809C092F0C19C21F89FF0C1982023C03821284
:2031A0003C010090C214DA044BF4110202123C0100900248911000F6D9FF64DC49F4042AF7
:2031C0006D006D1B911000F6D9FF64DC91000026D9222C14142F34FF911000F6D9FF60DC38
:2031E00014FF6E08911000F6D9FF58DC54FFA2F83C028208911000F6D9FF64DC89F80209B3
:20320000911000F6D9FF64DC91100046D9447CFC82446DFF58FF89F20609911000F6D9FF01
:2032200064DC91100046D9447CFC3B8000406DFF4AFF89F20A09911000F6D9FF64DC911044
:203240000046D9447CFC3B0001406DFF3CFF89F20E09911000F6D9FF64DC6D00191B89F213
:203260001208911000F6D9FF64DC6D00F71A6852911000F6D9FF64DC91100026D922809CC0
:203280004922000A49FF180AC5041400442F64FFFC4E911000F6D9FF64DC91100026D922E1
:2032A000940C4922104A49FF2C1AA054442F64FFFC4E0090024891100046D9447CFC3BC0B6
:2032C00000406DFF00FF911000F6D9FF60DC14FF6E07911000F6D9FF5CDC54FFBE22911095
:2032E00000F6D9FF5CDC74F2911000F6D9FF60DCDA0134FF911000F6D9FF58DC74F83C124C
:20330000911000F6D9FF58DC54FFA2F83B401FF03FF8068082246DFFE8FE3C0482146DFF9C
:20332000E4FE00900942900909458409CC42EC5209458809CC41EC51CC217D4F0580CC429B
:20334000EC213C01A00FEC44542FC2FF742F54223C010090494F080AEC4182FF6C42494F7C
:20336000080AEC43494F080AEC44DA00744F0090A00FEC440090545F5EF3CC443C09494FA5
:20338000080A3C02C81FC81254207F0FFDFFC812895284090952840989258809EC52E8157A
:2033A00089549009544FC21F744F0090C234B70402F06E669249DF096400910000C6D9CC26
:2033C0003C2454CFEE1582046DFF9CDC802F325F160392446DFF96DC8020DFF05200102FF0
:2033E000F4CF91000026B52F3824820074F0D4CD820A3C0410DF49FD3FFA54DF6E036F0F30
:20340000FBFFF4CD3C1DB70801F010DF6F08188054FFEE1182046DFF75DC49F4040A7D424B
:203420000F80325802846DFF6DDC802F1EF874DA82083C0CAE0442F874D840DF40FD54D893
:2034400076856F08E2FF3F98E0FFDF082680BF19180002946DFF56DC802F9EF249DF040A3D
:2034600001F220F4EE0D012F30F4EE12802F325F1603102F92446DFF45DC802F5EF3A00259
:20348000009001DF2020802F960174DF40FD01D900F674FA3C0A9A493FF8078001D900F6B1
:2034A000A29874F83C0202898F1940F174DF49D2040A00903C09144F1450C2F43E03520261
:2034C0000090B014B015DF04F8FF82020090DF043000404FBF842780804F8F3F00018051EA
:2034E0008F3100115F101F802E06C2F4045F344F494F010A80FF2E16045F24FFC2E4045F28
:2035000024FF8F7400018FD41FF06E0B02F14052C2F160160922480189F24801FC6CD05526
:2035200002047646C2F46042045F24FFFC2E40420090404FBF852380804F2E05C2F5344408
:20354000494F010A80FF2E1424F4C2E524F48F7500F106D5DF051200D200764A3704680035
:203560008F802010A6108F002110A6100201C2F5605289F04801FC2E02F57655C2F560525D
:2035800024F4FC2F40420090538422F0911000F6D9FFD4AC10FFC86209F05C08DA010F0F6F
:2035A00010F06C21C88209F06408DA010F0F10F06C2182056D002301009020289100014F78
:2035C0006DFF36B89100014F6DFF6CBA02289100014F02846DFFC5BA9100014F82040285B4
:2035E0006DFF6EBA9100014F82249B0408406DFFE4B982091D00D90049A4000A9100015F57
:203600006DFFADB9534920F0912000F8D9FF607B10FFD4FF14FF2CA4534920F0912000F8B6
:20362000D9FF607B10FFD4FF09FF01082CA5DA0189AF1208DA0189AF1308534920F091205B
:2036400000F8D9FF607B10FFD4FFF807DA8089AF2008DA0089AF21080CA43B008000E20F8D
:2036600060FF9110013F30F3D934000D09A4050882056DFF78B83B0000F49BCF69F44BF8B7
:2036800051F04B0F71F17802DA007803538922F0911000F6D9FFD4AC10F449A5000A6DFF19
:2036A000C4B8538922F0911000F6D9FFD4AC10FF58026CF5538922F0911000F6D9FFD4AC0A
:2036C00010FF530921F091200028D922606B10220922C00989F2D809538922F0911000F6C8
:2036E000D9FFD4AC10FF530921F091200028D922606B10220922C80989F2E009530921F058
:20370000912000F8D9FF606B10FFD4F4530921F0912000F8D9FF606B10FF08443B000850DF
:203720006DFF7BBC530921F0912000F8D9FF606B10FFC824530921F0912000F8D9FF606B79
:2037400010FF08C43B0008506DFF67BC530921F0912000F8D9FF606B10FFD4F2530921F071
:20376000912000F8D9FF606B10FF084F7B1000000FF0100089200409530921F0912000F831
:20378000D9FF606B10FFC822530921F0912000F8D9FF606B10FF08CF7B1000000FF0100054
:2037A00089200409C219BF4929FF0090538422F0911000F6D9FFD4AC10FF91200028D922FD
:2037C000ADAB01240026142FC65F6E0382103C037B100000C86209F15C080F1010008920B1
:2037E00004096E047B1000F03C02DA01C88209F064080F0F10F06C210090538422F0911042
:2038000000F6D9FFD4AC10FFC82409F405086DFFBDB7C8346DFF93B700900B541088BF4934
:2038200003803C2C3B803EF07F8F05003B803E803C073B80C1FF7FF804003B80C18FF68569
:2038400002946D001D003C1A8B18805202946DFFAFFF8E823C023258538922F0911000F670
:20386000D9FFD4AC10FF485FE2F83B803EF04BF811020B9010486DFFC2FF0090538422F088
:20388000911000F6D9FFD4AC10FFC86209F05C087B1000F00F0F10F06C21C88209F06408CE
:2038A0007B1000F00F0F10F06C2182056DFFA7FF0090DA003C0502F46DFFE2FFC21FBF4F6C
:2038C000FCFF0090024F0258820402F56DFFA7FF821402F56DFFA3FF822402856DFF9FFF51
:2038E000823402856DFF9BFF0090201849A4000A6D00EF3914AF910000F6D9FF301414F0C7
:203900007E023C36910000F6D9FF301414AF34FF0CA56E03DA013C02DA00911000F6D9FF98
:20392000D4DC14F0BE02911000F6D9FFD4DC34FF6E0691200048D944BDBB3C059120004885
:20394000D94497CB6D001A39DA003C0810AF09F50A0802F46DFF68EAC21FBF4FF9FF09A4F3
:203960008E086DFF51EA09A490086DFF6DEA0090911000F6D9FFE8DCDA00B4FF911000F61B
:20398000D9FFECDCDA00B4FF911000F6D9FFE8DCDA00ACF1911000F6D9FFECDCDA00ACF1A2
:2039A00082046DFFF3FD82146DFFF0FD82246DFFEDFD82346DFFEAFD820482056D00763908
:2039C0000090911000F6D9FFF8CC14FF6E18911000F6D9FFF8CCDA0034FF911000F6D9FFDC
:2039E000F8CCDA002CF26DFF66FF82146D00600091200048D944A6BB6D00C038009020103B
:203A0000911000F6D9FFF8CC08146DFF39FF49A4000A6DFF2AE9911000F6D9FFF8CC081FE3
:203A2000534F20F0911000F6D9FFF8CC10F2911000F6D9FFF8CC081F534F20F010AF54F090
:203A4000911000F6D9FFF8CC482FA2F089200C09911000F6D9FFF8CC081F534F20F09110BF
:203A600000F6D9FFF8CC10FF483FFF0F1300911000F6D9FFF8CC08146DFFE9E832523702B4
:203A80004850911000F6D9FFF8CC08146DFFCCE9911000F6D9FFF8CCDA022CF2911000F65A
:203AA000D9FFF8CC6D00AB1868120090201889A4010882083C1501A800F602846DFFC7E8A7
:203AC0002822534820F010A2534820F0911000F6D9FFF8CC10FF483F892F0609C218BF4823
:203AE000ECFF49A4000A6D00EE330090201049A4000A6DFFBAE882003C0B534020F0911084
:203B000000F6D9FFF8CC10FFDA006CF3C210BF40F6FF911000F6D9FFF8CCDA0134FF911023
:203B200000F6D9FFF8CCDA002CF1911000F6D9FFF8CCDA012CF2911000F6D9FFF8CC6D0030
:203B40005E186812911000F6D9FFF8CC54AF6CF26D00E93482046D008D1082146D008A102A
:203B60006DFFA9FE91200048D944B6AB6D000638009020206D0043180228911000F6D9FFDF
:203B8000F8CC082F82005F0F940082103E058220BE091D008E00911000F6D9FFF8CC08146E
:203BA0003B8007506DFF3BFE911000F6D9FFF8CC481F0BF88000DAFA3FF004806DFF21FF1E
:203BC0003C7E911000F6D9FFF8CC08146DFF58FE911000F6D9FFF8CC481F0BF88000DA50D3
:203BE0003FF06680911000F6D9FFF8CC91100026D922F8CC0C21C21F2CF1911000F6D9FF5D
:203C0000F8CC081FBF4F378082083C16534820F010AF02846DFF1BE874F29A48534F20F0BF
:203C200010A2534820F0911000F6D9FFF8CC10FF483F742FC218BF48EBFF91200048D944DA
:203C40009FBB49A5000A3B8000406D00403782046DFF2EFF911000F6D9FFF8CCDA0034FFD4
:203C6000911000F6D9FFF8CCDA002CF26DFF23FE3C1E49A4000A6DFFF8E791100026D9222E
:203C8000F8CC911000F6D9FFF8CC081F534F20F010AF54FF6C22911000F6D9FFF8CCDA01A6
:203CA0002CF2911000F6D9FFF8CC68183C08911000F6D9FFF8CCDA0034FF3C01009020289A
:203CC000911000C6D9CCE8DC911000F6D9FFE8DC8814911000F6D9FFE8DC94F56D00E20139
:203CE00089C28208911000C6D9CCECDC911000F6D9FFECDC8814911000F6D9FFECDC94F588
:203D00006D00D00189C2820849A4000A6D00403409AF50086E09911000F6D9FFD4DC14FFFF
:203D20006E03DA013C02DA008204911000F6D9FFE8DC881594A602F76D00A80F02288214B2
:203D4000911000F6D9FFECDC881509A6820802F76D009C0F022F0B8F10486DFFB5FD0B8F6A
:203D600010486D00A33749A4000A0B8F10486D00030000902018404C0B4510886D003F174C
:203D8000022A911000F6D9FFE8DC881FEE14911000F6D9FFECDC881FEE0EF68DF69C94CFC9
:203DA000EE0A8CC1EE08911000F6D9FFF0DCDA0034FF3C3991100026D922F0DC142F6E09C3
:203DC000911000F6D9FFF4CC54FF5AFABF0F2C00911000F6D9FFE8DC881F74AF94CF78013A
:203DE00089A80809911000F6D9FFECDC881F78038CC1780489A9140991200048D944B1AB9E
:203E000049A5000A82646D006236911000F6D9FFF4CC1B8A3EF074FF911000F6D9FFF0DC0F
:203E2000DA0134FF0090911000F6D9FFE8DCDA00B4FF911000F6D9FFECDCDA00B4FF9110BF
:203E400000F6D9FFE8DCDA00ACF1911000F6D9FFECDCDA00ACF1911000F6D9FFE0DCDA00A6
:203E600074FF911000F6D9FFE4DC6D00C81674F2911000F6D9FFF4DCDA0034FF911000F60C
:203E8000D9FFF0DCDA0034FF911000F6D9FFF8CCDA0034FF911000F6D9FFF8CCDA002CF107
:203EA000911000F6D9FFF8CCDA002CF2911000F6D9FFF8CCDA006CF1911000F6D9FFF8CC3A
:203EC000DA006CF2911000F6D9FFDCDCDA0074FF911000F6D9FFD8DCDA0074FF910000F63F
:203EE000D9FF3014DAFF34FF911000F6D9FFD4DCDA0034FF6D00AF0E6DFF38D76DFFA0EECF
:203F00006DFFD9FC009020306D007916022849A4000A6D00E634911000F6D9FFDCDC54FF62
:203F20003E2E911000F6D9FFDCDC580274FF911000F6D9FFD8DC1BC812F074FF911000F60F
:203F4000D9FFD8DC54FFEE0382023C50911000F6D9FFD8DC54FFA2F8BF0814006D004800E1
:203F600082046D00870E82146D00840E6DFFA3FC91200048D9448ADB6D00003682023C3605
:203F8000820494A56DFF4BFC821409A582086DFF46FC822409A584086DFF41FC823409A546
:203FA00086086DFF3CFC94A08CA142F0370050408CA209A08608420F370F50506D007636C0
:203FC00049A40C0A6D00E43249A40C0A94A08CA142F0370050408CA209A08608420F370F02
:203FE00050506DFFC9FE82123C010090911000F6D9FFD8DCDA0074FF6D005E340090200866
:2040000049A4000A49A5020A49A6040A6D00063602286D00F415911000F6D9FFE0DC54FFEB
:204020003E8B911000F6D9FFE0DC74F8911000F6D9FFE4DC74F2911000F6D9FFF4DC0CA49C
:2040400034FF911000F6D9FFE4DC54FFA2F2DA967F2F0680DA00B4AFDA00ACA1911000F678
:20406000D9FFE8DC94AFB4FF911000F6D9FFECDC8CA1B4FF00906D00C215022F3C106D00D9
:2040800020006DFF3FCC022802846DFF8ECA02846DFF58CCC21F02F46D00C7153CF1009022
:2040A000A245370550F0BF3F0400DA023C04FFEF030082EF42F4370450203C0100906DFF03
:2040C000D2E66DFFE9D66DFF4AEE6DFF10FC6DFF98FF911000F6D9FFF4DC14FFEE056D002C
:2040E0007232DF0215006DFF6EFC911000F6D9FFD8DC54FF6E036DFF7BFF6DFF3BFC82045A
:204100006D00B80D82146D00B50D3C1C911000F6D9FFF8CC14FF6E0A6D00053276248224AE
:204120006DFFC6FC6DFF27FD3C0D6D00FC3176246DFFDEFC3C076DFFE8FE76223C036DFF26
:20414000C0FD0090911000F8D9FF200880FFBB0000089B0002083F0F048082123C0282026A
:204160003C0100906DFF06EA911000F6D9FFC4EC6DFFEAFF34F2911000F6D9FFC4EC9120AC
:204180000028D922D30BE812911000F6D9FFC4EC91100028D92234B4E822911000F6D9FFE0
:2041A000C4EC91100028D92236F4E832911000F6D9FFC4EC91100028D92204C4E8429110D1
:2041C00000F6D9FFC4EC91100028D92208F4E852911000F6D9FFC4EC91100028D9220AE496
:2041E000E862911000F6D9FFC4EC91100028D92206D4E872911000F6D9FFC4EC9110002876
:20420000D9221EF4E882911000F6D9FFC4EC91100028D92218F4E89291100046D944C4EC0A
:204220006D002403911000F6D9FFF8DC6D00E71474F2911000F6D9FFFCDCDA0034FF9110E4
:2042400000F6D9FFC0ECDA0034FF00902018911000F6D9FFFCDC14FF6E023C4C6DFF3CF322
:204260007627911000F6D9FFC0ECDA0134FF911000F6D9FFC0EC14FF6E0D6D00C0149110ED
:2042800000F6D9FFF8DC54FFA2F23B8038F17FF203803C30911000F6D9FFFCDCDA0134FFFC
:2042A00049A4000A6D003800F62D91200048D944ABEB6D00633449A4000A6D000D01762285
:2042C0003C1949A4000A6D00A000DF02140049A4000A6D000101762891200048D94493FBE8
:2042E0006D004C343C0791200048D944B8FB6D00453400906DFFF9E8762382123C02820213
:204300003C0100906DFF18E9762382123C0282023C010090404F6D00E701762D6D00DE01D4
:204320004922000A49FF000AA044442F64FFFC4E82123C096DFF08FF40F402246D003A0263
:2043400082023C0100902018024F6D00CD01F6223C1C6D00C301492F000A49A2000AA0444C
:2043600044F06420FC4E49A4000A02F46D006E00762C49A4000A6D00AF0076279120004828
:20438000D94497EB6D00FA3300902018024F49A4000A6DFFC1FF49A4000A02F46D006E00E0
:2043A000762D49A4000A6D009700762891200048D94496DB6D00E2333C0791200048D9445F
:2043C000B2DB6D00DB3300906DFFD6E9762382123C0282023C0100906DFF8FF20090913020
:2043E00000FF39FF20169602913000FFE9FF20163C013C0000906DFFDAE9762382123C0237
:2044000082023C010090404F54FF3B4035049BF0D4047E04088FBF2F048082023C15088F5B
:2044200040F402F46D004700DF32040082023C0C824540F402F46D003600DA002CFCDAFF4E
:204440002CF982123C010090404F024854F03B4035F49BFFD4F47E03BF28048082023C0CFB
:20446000820540F402846D001E00089F7E83DAFF2CF982123C010090404F024854F03B40D1
:2044800035F49BFFD4F47E03BF28048082023C09822540F402846D000600289882123C0177
:2044A0000090DF14058089450B083C0389450A080090DF14058009424B083C0309424A0872
:2044C0003C010090911000F6D9FFECECF4F46D005B0100902048911000F6D9FFECEC54FF85
:2044E0006E027C4482021D008300494F000A49A2300AA04444FF642FFC4E3B4035F49BFF5F
:20450000D4F4780C911000F6D9FFC8FC14FF6E08911000F6D9FFF0EC481FC21F3C02DA01E7
:20452000780DEE0382023C63911000F6D9FFC8FC14FF6E09911000F6D9FFC4FC14FF8F1F35
:2045400080F13C02DA00911000F6D9FFECECD4FFD4FF02F42D0F0000F62382023C4849A4A5
:20456000300A49A5000A6D008200911000F6D9FFECECD4FFC81F49A4000A3B80015002F420
:204580002D0F0000F62382023C32911000F6D9FFECECD4FFC82F49A4180A3B80015002F4B2
:2045A0002D0F000049A4000A49A5180A3B8001406DFF82F7762382023C1A911000F6D9FFF5
:2045C000F0EC49A2300A49FF000AA044442064F0FC4E911000F6D9FFC4FC34FF911000F6A9
:2045E000D9FFC8FCDA0134FF82123C010090404F405C14F0DA547E0D081F3B3004007E09AB
:20460000082F3BF004007E05083F3BD004003E0382023C2B3B40014040F46DFF6CDC022F5A
:2046200049F4140A6DFF52E93E2382023C1E82043B40015040C46DFF7EF73B4035F49BFFC4
:20464000D4F474CF40F4B0446DFF40E989C20409088F2CC8089F2CC908AF2CCA08BF2CCBA8
:2046600008CF2CCC82123C010090404C405FDA5434FFDA432CF1DA4F2CF2DA4D2CF340F483
:20468000B04409C404096D00BB000CC82CF80CC92CF90CCA2CFA0CCB2CFB0CCC2CFC0CCD5F
:2046A0002CFD0CCE2CFE0CCF2CFFDA0089FF1008DA0089FF1108DA0089FF1208DA0089FFF4
:2046C00013083B40014040F46DFF15DC49F4140A02246D009500009091100026D922F0ECC1
:2046E0003C010090203082088209911000F6D9FFC8FCDA0034FF911000F6D9FFECEC54FFAE
:20470000EE0382023C3F820A3C35911000F6D9FFECECD4FFC82F49A4000A3B80015002A4F2
:204720002D0F000049A4000A49A5180A6DFF61FFF6223C1F769458077FF81C80911000F6E4
:20474000D9FFF0EC49A2180A49FF000AA044442F64FFFC4E911000F6D9FFC4FC34FA911044
:2047600000F6D9FFC8FCDA0134FF09A81C098219C21ABF2ACCFF911000F6D9FFC8FC14F25F
:204780003C010090911000F6D9FFC8FCDA0034FF911000F6D9FFC4FCDA0034FF91100046E9
:2047A000D944F0EC82043B4001506DFFC4F60090404F024882043B40015040F46DFFBBF67C
:2047C0003B4035F49BFFD4F474FFDA006CF1DF180480DA013C02DA002CF8DAFF2CF9088F02
:2047E000EE03DA043C02DA002CFA088F5E13DA043C02DA002CFBDA002CFC00908FF40FF172
:20480000344F370468F42C41370468F82C42370468FC2C430090911000F6D9FFCCFC911092
:204820000026D922CCFC4C27C21F6CF7DF641680DA303E56DA313E58DA353E5A3C0C02646B
:204840006D00FF003C0902646D00A7013C056D00E5003C023C013C08DF740780DA347E5321
:204860006D006B023C010090404F91100046D944CCFC82043B801B506DFF5DF69110002604
:20488000D922CCFCF42F911000F6D9FFCCFCDA002CF4911000F6D9FFCCFCDAFF2CF591102F
:2048A00000F6D9FFCCFCBBF0FFFFACFC0090911000F6D9FFCCFC084F1E1C911000F6D9FF4A
:2048C000CCFC084F5E243B4006203C0282023C14911000F6D9FFCCFC09FF1209534F26F072
:2048E000911000F6D9FFCCFC09F006094B0F1102370068203C010090911000F6D9FFCCFC49
:2049000009F40E096DFF05DB911000F6D9FFCCFC09FF0A093E29911000F6D9FFCCFC0854EB
:204920006D005C003C59911000F6D9FFCCFC49F4200A6D00EA18DF220A00911000F6D9FF92
:20494000CCFC08546D004A003C47911000F6D9FFCCFCD4FFC842911000F6D9FFCCFC085452
:20496000911000F6D9FFCCFC48952D020000DF120A00911000F6D9FFCCFC08546D002E00CB
:204980003C2B6D004202F629911000F6D9FFCCFC08546D0023003C20911000F6D9FFCCFC2A
:2049A000DA022CF4911000F6D9FFCCFCD4FF486F6E0E911000F6D9FFCCFCD4FFC8629110E9
:2049C00000F6D9FFCCFC08542D02000082243B4006506D0000020090911000F6D9FFCCFC09
:2049E000D4FF487F6E09911000F6D9FFCCFCD4FFC87F2D0F0000911000F6D9FFCCFCDA0008
:204A00002CF4911000F6D9FFCCFCDAFF2CF5823482056D00E0010090911000F6D9FFCCFCF3
:204A2000084FEE06823482056D00D5013C08911000F6D9FFCCFC08546DFFD0FF0090FF8486
:204A40000880823482056D00C6011D00A500911000F6D9FFCCFC084F5E196DFF2AFF82146B
:204A600002256D00B8011D00970014400C418F8F00F0A6F00C428F0F01F0A6F00C438F8F10
:204A800001F00FF0A080094144080C458F8F00F0A6F10C468F0F01F0A6F10C478F8F01F0A0
:204AA0000FF1A090DA947F8F0880BB4009F89BFF01F07F8F0780823482056D008C013C6BC8
:204AC000911000F6D9FFCCFCD4FF14FF5E13DA003C02DA01911000F6D9FFCCFC2CF591105C
:204AE00000F6D9FFCCFCD4FFC82F370F68402D0F0000DF120A00911000F6D9FFCCFC08549E
:204B00006DFF6CFF3C48911000F6D9FFCCFC49F4200A911000F6D9FFCCFCD4FFC8156D0048
:204B20001318911000F6D9FFCCFC89F80609911000F6D9FFCCFC89F90A09911000F6D9FF48
:204B4000CCFC6DFF17DA89F20E09911000F6D9FFCCFCDA0089FF1209911000F6D9FFCCFCB3
:204B6000DA00ACFB911000F6D9FFCCFCBBF0FFFFACFC911000F6D9FFCCFCDA0089FF1A0871
:204B8000911000F6D9FFCCFCDA012CF4821482056D0021010090404CFF3404801D00CC007B
:204BA00014C00CC18F8F20F00FF0A0908BE41F807684DAF07F8F0880825502946D00EC00C9
:204BC0001D00BA00911000F6D9FFCCFC084F1E17823502946D00E0001D00AE00911000260F
:204BE000D922CCFC092FD8087E97820502946D00D3001D00A10091100026D922CCFC092FE8
:204C0000D6083E9E821502946D00C600911000F6D9FFCCFC08546DFFE1FE1D008D00911051
:204C200000F6D9FFCCFC91100026D922CCFC09240E0940C4B02402856DFF9FD989F20E093B
:204C4000911000F6D9FFCCFC49F4200AB02CA00691100078D977E45440C502846D00EB169A
:204C6000DF021600DF121400DF221200DA097E2382253C02824502946D008E00911000F6CD
:204C8000D9FFCCFC08546DFFA9FE3C55911000F6D9FFCCFC91100026D922CCFC092012096F
:204CA000420889F81209911000F6D9FFCCFCA8C9911000F6D9FFCCFC9A19ACFB82050294B8
:204CC0006D006A00911000F6D9FFCCFC09FF1209534F26F0911000F6D9FFCCFC09F00609AC
:204CE0004B0F110237006850911000F6D9FFCCFC09FF5A083E5A911000F6D9FFCCFC89F56A
:204D00001A0882146D006700911000F6D9FFCCFC09FF6008DE20911000F6D9FFCCFC09FF23
:204D20001209911000F6D9FFCCFC09F006097E036DFFE4FD0090911000F6D9FFCCFC084F2D
:204D40001E223C10911000F6D9FFCCFCD4FF488F6E09911000F6D9FFCCFCD4FFC88F2D0FD2
:204D600000000090024F0256911000F6D9FFCCFCD4FFC832911000F6D9FFCCFC085402F56C
:204D800040542D020000DF12048082023C0282123C01009020088FF40FF134AF868489A4F3
:204DA000010889A50208911000F6D9FFCCFCD4FF489F6E0F911000F6D9FFCCFCD4FFC89FD3
:204DC00082743B20035049A4000A82362D0F00000090200834A489A50108911000F6D9FF0E
:204DE000CCFCD4FF489F6E0F911000F6D9FFCCFCD4FFC89F82743B30035049A4000A8226F0
:204E00002D0F00000090D9AAF0BE8208911000F6D9FFCCFC489FD9A400116D00B60A3C25D1
:204E200052893B0000017F9004803B000091911000F6D9FFCCFCD4FFC852911000F6D9FF69
:204E4000CCFC085449A4000A028502962D020000DF12040082023C22D9A4001149A5000A8C
:204E600002946D00A30A42983FF8DCFFD9A40011D9A500016D002A0AD9A40001911000F6D3
:204E8000D9FFCCFC49F5280A3B0002406DFF14F3F62382123C0282023C0100902008404D21
:204EA000F4A5406C8208A00F0D0040030D0080044D80E39F370964F88FCF01F0379F10F380
:204EC00060FE3C01BCEB54E854EF370F64088FC0010037F010F360FF3C01BCE8BCF754FF9F
:204EE000CD8FE30F0D00C0043C030D0000020D00000382043B00045040F46DFF1CF380DF12
:204F00006CF23BF08FF06CF17B0002F074FF82043B00045040E46DFF0EF380CF6CE8D4AF80
:204F200080FF6CE1B73802FA74EF40D2B0C2DA00742FB0C274293C010090DA1F0D00400331
:204F40004DC0E20FB700080016FFA6F0CDC0E20F0D00C0040D000003910000F6D9FF3414E3
:204F600091000026D9223414542FC21F74FF910000F6D9FF341454FF5E134D40E0FF0090F9
:204F8000910000F6D9FF341491000026D9223414542FC2FF74FF910000F6D9FF341454FFBF
:204FA000EE10DA000D0040034DC0E20FB700080016FFA6F0CDC0E20F0D00C0040D00000302
:204FC0000090D44F54FFB70F0C0A370064F88FCF01F0370F10F360FF3C013C0E54FFB70FC5
:204FE0000CFA74FF54FF370F64188FC1011037F110F360FF3C0154FFB70F0CFAEEF00D00F1
:2050000040030D0080044D80E3FF74FFCD80E30F0D00C0040D0000030090DA003E423C0450
:205020006D0007003C023C0182023C010090DA020D0080044D00E00F6E19370064188FC1FD
:20504000011037011003600F3C0182003C0B54F1370164288FC2012037121013601F3C01DC
:20506000C21092F13F10F57F54F0370064F88FCF01F0370F10F360FF3C0154FF370F6418F8
:205080008FC1011037F110F360FF3C0191000026D9223C14D422482F742FD42FB0CFF42F31
:2050A000D42F91000046D9443414544F74FFD42FB0CFF42FD42F74F06D005211DA020D00D6
:2050C0008004910000F6D9FF3C14D4FFD4F25420D4F2B042F4F291000026D9223414D4F430
:2050E00054417421D4F2B042F4F2EE06CD00E00F0D00C0043C1B4D00E01F370164288FC2AF
:20510000012037121013601F3C0182013C0B54F2370264388FC3013037231023602F3C0185
:20512000C21192F23F21F57F74F000900D0000020D004003DA000D0080044D00E00F6E19C3
:20514000370064188FC1011037011003600F3C0182003C0B54F1370164288FC201203712B7
:205160001013601F3C01C21092F13F10F57F54F0370064F88FCF01F0370F10F360FF3C012D
:2051800054FF370F64188FC1011037F110F360FF3C0191000026D9223C14D422482F742FC0
:2051A000D42FB0CFF42FD42F91000046D9443414544F74FFD42FB0CFF42FD42F74F06D007C
:2051C000CF10DA000D008004910000F6D9FF3C14D4FCD4CF54FAD4CFB04FF4CF910000F629
:2051E000D9FF3414D4CD54D874F8D4CFB04FF4CFEE06CD0AE00F0D00C0043C1B4D00E08F53
:20520000370864988FC9019037891083608F3C0182083C0B54F9370964B88FCB01B0379B94
:205220001093609F3C01C21892F93F98F57F74FA0D0000030D00400200800D0000029120D2
:2052400000F8D9FF747BD4F2912000F8D9FF747BD4FF48CF3B50C3000650420F6C2C912031
:2052600000F8D9FF747BD4FF91200028D922747BD422092F0019960189FF0019912000F8B1
:20528000D9FF747BD4FF48CF912000F8D9FF747BD4FF484FDA1F0D0040034DC0E28FB708FD
:2052A000080016FFA6F0CDC0E20F0D00C0040D0000033C016D0001110D004003CDC8E20F4A
:2052C0000D00C0040D0000038208914000FF19FF9068370F61FC1E1376228218914000FFAD
:2052E00019FF90688FA80180A68F914000FF59FF90680D0080040D00C0040D004002008060
:20530000912000F8D9FF747BD4FFDA1F6CFE912000F8D9FF747BD4F2912000F8D9FF747B41
:20532000D4FF48FFB70F01F16C2FDA006E03DA013C02DA00912000F8D9FF787BD4FF8FBF2D
:2053400020F0960274FF912000F8D9FF787BD4FF91200028D922787BD422542FB71F01F5DF
:2053600074FF912000F8D9FF747BD4F2912000F8D9FF747BD4FF484F6C2C912000F8D9FF91
:20538000747BD4FF91200028D922747BD422092F0019960189FF0019912000F8D9FF747B99
:2053A000D4F2912000F8D9FF747BD4FF48FF96016C2F912000F8D9FF747BD4F2912000F88C
:2053C000D9FF747BD4FF484F3B50C3000650420F6C2C912000F8D9FF747BD4FF7B0020F140
:2053E00089FF2839DA006E03DA013C02DA00912000F8D9FF707BD4FF8FBF20F0960174FFDF
:20540000912000F8D9FF707BD4FF91200028D922707BD422542FB71F01F574FF0D00400386
:20542000DA000D008004910000F6D9FF3C14D4FFD4F25420D4F2B042F4F291000026D922F5
:205440003414D4F454417421D4F2B042F4F2EE06CD00E00F0D00C0043C1B4D00E01F370118
:2054600064288FC2012037121013601F3C0182013C0B54F2370264388FC301303723102311
:20548000602F3C01C21192F23F21F57F74F04D40E0FFB70F07F0CD4FE00F0D00C0040D009F
:2054A0004002008000000000000082023C01009020080248404F025982105F803C0082202E
:2054C0005F803E0082305F803B0082405F80380082505F80350082605F803200DA075F8F62
:2054E0002F00DA085F8F2C00DA095F8F2900DA105F8F2C00DA215F8F3D00DA305F8F3D0028
:20550000DA315F8F3D00DA325F8F3D00DA535F8F6F00DA705F8F3A00DA715F8F3A00DA7263
:205520005F8F5B00DA735F8F5B00DA745F8F5D003C656D0024026D00FB023C616D001F022A
:2055400002846D002B023C5B6D001902BF290B8014FF370F4840081F370F48506D00B8028C
:205560003C07769614FF370F48406D0097023C476D0005023C446D008E023C416D00C701CF
:205580003C3E6D00E7013C3B6D00DF273C38DF390A8049A5000A49A6020A40F46DFF77CE64
:2055A000F62891200048D944F30B6D00E72A3C276D00CD02F6246D001A0376289120004861
:2055C000D944CE1B6D00DA2A3C1A14A409A582086D00A6293C146DFF4FCF3C1140F40294E1
:2055E0006DFF22CF3C0C6DFF0ECF3C09769614F0DA247E036DFFFACC3C023C010090094F54
:2056000000196E15CC43094F001910FFEC434C43094008093F0F0580D44FEC433C01CC43D6
:2056200009440019405440F56DFF53EF0090F653F4553C02F45489543C0989550019821436
:2056400040546D0092000090404F6DFF78FC48EFEE03DA013C02DA006DFF94FC02F23C0170
:205660000090404F6DFF6BFC09F805183C12489FEE03DA013C02DA00EE0A49F4240A6D0031
:20568000321076246D00DE0D3C013C023C04C2F8FF18EF7F82FF89FF05186DFF73FC6DFF6F
:2056A0004EFC09F804183C12484FEE03DA013C02DA00EE0B49F4100A6D00151076246D00D1
:2056C000C10D3C01C2F83C023C03FF18EF7F82FF89FF04186DFF56FC0090404F0B45108819
:2056E0006DFF2DFC09FF04185EF4DA0089FF041809FF05185EF4DA0089FF05186DFF42FC81
:2057000048EFEE0849F4240A0B8910486D00B00D3C0140F46DFFA7FF00900B451088026A74
:20572000A00FBF181F8082FF4B8F11023F901A8073980AF03B70FB0F3FF0148073980AF0EB
:205740008B8F04406DFF1CE2402FBCFA49F4081A0B89104802A640F56DFF6BFF3C013C01E4
:2057600040F23C010090404F02488219BD0F440048FF6E4182F048FF4BF0110209F2001995
:205780003F203A806DFFDBFBD4F248FF09F00019E20F1022E822DA006CFED4F2E812D4F298
:2057A00048FFC2FF09F00019E20F1022E83282FF89FF041882FF89FF0518DF081280484F37
:2057C000EE03DA013C02DA00EE0A49F4100A6D008A0F7624AD0080003C013C013C0949F4CD
:2057E000100A6DFFB9ED49F4240A6DFFB5ED6DFFC9FB3C02820902923C0100902010404FEB
:20580000405C74A482087CC409FF00196E016D003A0EF62354AF6E013C6C6DFF90FB48EF64
:205820006E1A40F440C56DFFECFEC2FF6CFE484FEE03DA013C02DA00EE0A49F4100A6D00EF
:20584000520F7624AD0080003C013C016DFF9AFB82123C5054AFEE056DFF94FB82023C4A8A
:20586000F68749A4040A6D00E00C82183C016DFF89FB6D00670D6DFF62FB09FF04185EF470
:20588000820089F0041809FF05185EF4DA0089FF05186DFF77FB49A4040A49A5000A6D00BD
:2058A000B60DDF021C8040F46DFFD0FEDF02110049F4240A54A46D00CC0C40F46DFFD3FE2F
:2058C0006D00C30FF624AD0080003C013C0640F46DFFC9FE6D00B90F3C0C40F46DFFC3FE7E
:2058E0006D00B30F40F46DFFB1FE762382023C023C950090911000F6D9FF046D28249110A1
:2059000000F6D9FF046D28350090911000F6D9FF046D08BFEE023C1C911000F6D9FF046D8C
:20592000DA002CFA911000F6D9FF046DDA002CFB911000F6D9FF046D6D00B80D89F20609EA
:20594000820482056DFFD8FF82146D005E010090911000F6D9FF046DDA012CFA911000F68D
:20596000D9FF046DDA012CFB820482056DFFC4FF3BA000406D0049010090911000F6D9FFCF
:20598000046D6D00930D89F20609911000F6D9FF046DDA012CF40090911000F6D9FF046DB4
:2059A00009F50108911000F6D9FF046D08BF6E023C70DA02BE46DA03BE4BDA045F4F2600A5
:2059C000DA055F4F2D00DA065F4F3600DA075F4F3D00DA085F4F4500DA095F4F4D003C5836
:2059E00002546DFF89FF82246D000F013C52025F325F370F48403255370548506DFF7CFFAA
:205A000082346D0002013C45025F325F370F48406DFF72FF82446D00F8003C3B025F325FAE
:205A2000370F48F0025402F56DFF66FF82546D00EC003C2FDA024BF5010202046DFF5CFF44
:205A400082646D00E2003C25DA024BF50102025402056DFF51FF82746D00D7003C1A025F87
:205A6000325F370F48406DFF47FF3B8000406D00CC003C0F025F325F370F48F0025402F5D9
:205A80006DFF3AFF3B9000406D00BF003C023C0100906D00720000903BC0F9FF7FF4050045
:205AA0003BC0F94F3C06DA647F4F04003B400640CE4332543C01911000F6D9FF046D2814A0
:205AC000370448F0EE036D00330000900B451088911000F6D9FF046D08BF6E023C270B893C
:205AE00010486DFF09FFF686F69582146D008D003C1D5F9809808E9382243C0282346D0042
:205B000084003C14029F325F7E8ACE843B8000403C033B9000406D0078003C087F9804009C
:205B200082643C0282746D0070000090911000F6D9FF046D08BF6E023C08820482056DFF0A
:205B4000DBFE82146D0061000090911000F6D9FF046D08B23C010090911000F6D9FF046D31
:205B600009F2C2083C010090911000F6D9FF046D14F23C010090911000F6D9FF046DDA0026
:205B800034FF911000F6D9FF046DDA322CF1911000F6D9FF046DDA002CF2911000F6D9FF82
:205BA000046DDA002CF3911000F6D9FF046DDA002CF4911000F6D9FF046D6D00770C89F256
:205BC0000609911000F6D9FF046DDA002CFA911000F6D9FF046DDA002CFB820482056DFF7C
:205BE0008BFE82146D0011000090911000F6D9FF046D08A23C010090911000F6D9FF046D41
:205C000008423C010090911000F6D9FF046D34F400906D004B0C911000F6D9FF046D09FF29
:205C20000609A2F2DA647F2F1580911000F6D9FF046D08BFEE0E911000F6D9FF046DDA00E3
:205C40002CF4820482056DFF57FE82146DFFDDFF009082003C0B534020F0911000F6D9FF0D
:205C6000106D10FFDA0074FFC210BF20F6FF0090FF240B80534420F0911000F6D9FF106DD4
:205C800010FFDA0074FF0090BF24048082023C73534420F0911000F6D9FF106D10FFF67571
:205CA000DA0074FF02523C674B0541F14B0641016B00311F7B0004F44BF101F0AE287B00DF
:205CC00004FC4BF101F0370F61F06E20BBA070FD9B3FC2F354F06BF161F074FF54FF7B6089
:205CE00039044B0F01F0370F61F16E057B6039F474FF3C0C54FF7B60390C4B0F01F0370F4A
:205D000061F06E047B6039FC74FF4B0541F17B00F803BBD0CC2C9BC2F4234B2141106B0F17
:205D200061F154F06B00214F7BA047F44BF401F0370F61F16E047BA047443C0A7BA047FC18
:205D40004BF401F0370F61F06E037BA0474C7B000AF44BF401F0370F61F06E0A7B000AFC24
:205D60004BF401F0370F61F16E0382023C046DFFADC63C010090DA5A7E4989440108DA01CE
:205D8000894F8448DA01344F3C036D00CA010090200802490B5610A8027C404C09ADC808DE
:205DA000405F09A8CC08BCF6DAF83FDF04807CC476D382F23C438BAD00E002D46D00C501FC
:205DC00074A27F28048082F23C39DA5A34FFDA012CF12829283A284B40F2B0528FFD0FF154
:205DE000342F8F8D3FF02CF6287CDA003C0910F210C4144089200808C21F370F70F03FDF88
:205E0000F8FF8B8D004040F46D001A0001FD00268F823FF02C288B8D00F010F28FF20FF135
:205E20002C2102EF3C0710F282003420C21F370F70F054A23F2FF9FF3C010090404F024880
:205E4000BBF0FF4F7CF382023C0FDA003C0910F214256D000B000224C21F370F70F03F8FBE
:205E6000F8FF02423C0100908F852020C64282003C0E6FF209008612370270203B1002F1E9
:205E8000C6F23C04861237027020C210DA083FF0F27F3C010090404F405CBCF27CC48232BB
:205EA0001D00FF0014FF82003E0E8210BE0882205F0F520082305F0F690082405F0F7500FD
:205EC0001D00E300DA5A7E492814DA0189FF844889F50C49DA0134FF1D00E10009FFC44869
:205EE00010F28924010809FFC448C21F89FF844889F50C4909FFC448BF8F2C80082F1E1C4F
:205F000009FF1C49C21F89FF1C4940F46DFF35FF82421D00C60049F2060A1420087F8F8FA7
:205F200020F0A6F03C01DAF87F0F0D8009FF1849C21F89FF184940F46DFF1FFF82321D00CF
:205F4000B00089F086487603DA023C02DA0334FF1D00A50009FFC44810F28924010809FF11
:205F6000C448C21F89FF844889F50C4909FFC44809F0C6488B800000370070003F0F04806E
:205F8000DA0334FF1D008B0009FFC44810F28924010809FFC448C21F89FF844889F50C4961
:205FA000DA0434FF3C7B09FFC44810F28924010809FFC448C21F89FF844889F50C4949F2F6
:205FC000060A1420087F8F8F20F00FF0A0903C0101F900260C298F8F20808B8900F010F243
:205FE0000C22A6F840F4B0148B890000370070406DFF26FF022F40F46D0093003E8809FF1E
:206000001449C21F89FF144982223C4A09FF49486E1E084409F548486D008C00DF021880C2
:2060200009FF2049C21F89FF204909FF4A48C21F89FF0A4809FF4A48BF8F0880DA0089FFF6
:206040000948DA0089FF0A4882523C2A084F89FF0848DA0189FF0948DA0089FF0A4809FF62
:206060001049C21F89FF1049083F34CF084F2CC1085F2CC2088F2CC389C9840849FF090A63
:20608000ECC282123C0D09FF1849C21F89FF184940F46D00460082323C0382023C01009017
:2060A000BD042800DA00344FDA00894F8448DA00894F8648DA00894F0848DA00894F094897
:2060C000DA00894F0A48DA00894F0C49DA00894F1049DA00894F1449DA00894F1849DA00AE
:2060E000894F1C49DA00894F2049DA00894F24490090BC43144FEE0382023C11094F0C49C8
:20610000A2F4FF44048082023C0A094F2449C21F894F24496D00050082623C010090DA0070
:20612000344FDA00894F8448DA00894F86480090A2543704680082027605DA203F0F0380EB
:2061400082123C010090DAF87F4F048082023C088BA400F0C23FBBC0FF2F26F23C01009044
:20616000BC45BC54DA267FF4058082F21D00AD0054408FF00FF1345F370068F42C513700EB
:2061800068F82C52370068FC2C53405FB04F094004098FF00FF134FF370068F42C55370016
:2061A00068F82C56370068FC2C570C482C58495F090A094FCA088FFF0F0134F0868F2C5AC5
:2061C000495F0B0A8C46370F70F08FFF0F0134F0868F2C5C495F0D0A8C47370F70F08FFF65
:2061E0000F0134F0868F2C5E495F0F0A8C48370F70F08FFF0F0134F0868F895F1008495F12
:20620000110A8C49370F70F08FFF0F0134F0868F895F1208495F130A094FD4088FFF0F0178
:2062200034F0868F895F1408094F5608895F1508495F160A4C468FFF0F0134F0370F680498
:2062400089501708370F680889501808370F68FC895F1908495F1A0A4C478FFF0F0134F0C3
:20626000370F680489501B08370F680889501C08370F68FC895F1D08495F1E0A094FE008F6
:206280008FFF0F0134F0868F895F1F08094F6208895F2008495F210A4C498FFF0F0134F01C
:2062A000370F680489502208370F680889502308370F68FC895F2408094F6808895F2508D4
:2062C0003B6002203C0100902018404C405D09C84019DA8034AF912000F8D9FFE31B49FFA5
:2062E000000A49A2010AA0F404FF242FFC4E49A5000A821440C46D005900DA0034AF3C0712
:2063000049A5000A821440C46D00500009C00839DA705F0FF7FF820A3C0F01AA00F6538A21
:2063200020008B8003610B8910486DFFA18E370268F02CF9C21ADA083FFAF17F49A5010A31
:206340003B00014040C46D00310082083C1982793C14DA088B79000103F80AF010DF53884F
:2063600020F010C209244009538920606DFF808E370268F034FFC2F9FF09ED7FC218DA0840
:206380003FF8E77F0090404F91200058D9553C7B3B00044040F46DFF9CE8D20089F040190C
:2063A000DA0089FF08390090404F405C024882050284FB8000606DFF418E09F040190B02B3
:2063C00040000B13501089F040193C2509FF08398B0F08F17FF80380028F09F0083901F03A
:2063E00000264924081A40C502F46DFF72E809F0083942F089F0083910CCA2F809F0083951
:20640000DA807E0949F5081A40F46D000800DA0089FF0839FF18DCFF0090D9AAD85F82042D
:206420003C53538420F010A2538420F0105F14FF82008F8F0110538420F0105F081F820219
:206440008F0F0130A620A631538420F0105F082F82028F8F0030A620A631538420F0105F7E
:2064600008338202A620A631538420F0105F084F820302F27723003C8F820120A620A631F5
:20648000538420F0105F085F820302F2772300388F020120A620A631538420F0105F086FD8
:2064A000820302F2772300348F820020A620A631538420F0105F087F820302F2A620A631D4
:2064C00089204009C214DA103FF4AD7F3B0001601D0099008B161F00538020F010AF09F0FE
:2064E00040098FF11F307701802F8B161F00538020F010AF09F0400982048FF00150A62499
:20650000A6358B161F00538020F010AF09F040098F811F307701002C8B161FF0538F20F057
:2065200010AF09F0400982088F8001900F82A0000F93A010C640C6518B161FF0538F20F0EE
:2065400010AF09F240098F931F507723804CC604C6159AE6538F20F010AF09F040098FD1C9
:206560001E30770180269AE6538F20F010AF09F0400982088FD00090A682A6939AE6538F00
:2065800020F010AF09F0400982098F311E809AE6538F20F010AF09F040097701801106304F
:2065A000A680A691C620C6319AE6538F20F010AF09F240098FA31F907723008D0F80C020B5
:2065C0000F91C030538620F010AF8B061FF0538F20F010A2092040090B4040000B51501086
:2065E0009A96538F20F010A2092440090B4040000B5150100B2040000B31501089F0400941
:20660000C216DA503FF6687F094040090B011028094048090B011048094050090B01106862
:2066200009405809D9A320A089304009094060090B01108809406809D9A300A08930400944
:2066400009407009D9A308A08930400909407809D9A310A089304009DA0078A61D00B00095
:206660008F291F1077890009820A8F2801B0A6A0A6B18FE91EB0778900A7820C8FE800D0D7
:20668000A6CAA6DBC6A0C6B1820B8F791FA0778980DB8F7801C0A6CAA6DBC60AC61B58A01B
:2066A0000FF880C058A10FF980D0D2F0C680C69158A226F058A326F1C60CC61D58A40BAF56
:2066C000400058A50BBF50100BC040000BD1501058A6538F20F0912000F8D9FF3C8B10FFC5
:2066E00009FA40090BA040000BB1501058A6538F20F010AF09FA40090BA040C00BB150D0C5
:206700008F431E1077230002820A8F4200B00FA0A0E00FB1A0F082018FE31F00772300BFE4
:206720008FE201A0A6A0A6B1C60EC61F82018F931F00772380BC8F9201A0A6A0A6B1C60E24
:20674000C61F0F4280000F5380100F6280A00F7380B0C6A0C6B10F6480A00F7580B0C6A0C4
:20676000C6B10B0E40A00B1F50B0D9A308A009304009D9A310A089304009D9A300A0093056
:206780004009D9A308A089304009D9A300A08938400958A80BCF408058A90BDF5090D9A383
:2067A00020A0893640090B4510680B2310480BAC40200BBD503058A6C21F78A6DA5019A084
:2067C00018A03FF04F7F094040090B2040000B31501089404009094048090B4040000B51D8
:2067E000501089404809094050090B6040000B715010894050090940580958A80BF04000EF
:2068000058A90BF1501089405809094060090B8040000B915010894060090940680958A094
:206820000BF0400058A10BF15010894068090940700958A20BF0400058A30BF15010894077
:2068400070090940780958A40BF0400058A50BF15010894078090090911000F6D9FF0CBD53
:2068600009F236093C010090BF540880912000F8D9FF48DB54F23C0A534420F0912000F8F6
:20688000D9FF48DB10FF54F23C010090910000F6D9FF381414F23C010090BC4D911000F6BD
:2068A000D9FF1CCD49FF000A4942000AA03444FF642FFC4E0090024F91100046D9441CCD6E
:2068C00082043B0001506DFF36E6BF5F0380DA0002F46D0017010090914000FFD9FF00CC24
:2068E0008200489F570F61F06E03DA013C02DA003C018B0F20223C01009091100046D9442A
:206900000CBD6DFFD9A68B1200223C010090405C0B6710883B4010003F800B808F3800F104
:20692000EE077683F692BC44768676957CC482121D00A1008B380000911000F6D9FF2CCD1D
:2069400034F4911000F6D9FF2CCD2815911000F6D9FF2CCDDA002CF2DA033C1176943BF0AB
:206960000F103C04104F09F17DF8911000F6D9FF2CCD10FF34F1C21F370F70F03F0FF0FF8A
:20698000911000F6D9FF1CCD482B91100046D9440CBD91100056D9552CCD91100066D966FB
:2069A000186D370050406DFF42A6DF120F80911000F6D9FF1CCD91100026D9221CCD4C2345
:2069C000C21F6CF382223C56762E911000F6D9FF1CCD91100026D9221CCD4C22C21F6CF2ED
:2069E00082423C48911000F6D9FF1CCD91100026D9221CCD5420C21074F06D000001022A08
:206A00003C1A6D00FC00A2A2BFA21680911000F6D9FF1CCD91100026D9221CCD4C21C21F2B
:206A20006CF1910000F6D9FF381414F46D006A0082323C206DFF63FFDF02E5FF911000F635
:206A4000D9FF1CCD482F3EB382423C14DF091100DA003C0C10C2911000F6D9FF186D10FF09
:206A600008303420C21F370F70F03F8FF5FF82023C0100900D00000291100046D94420AD10
:206A80006DFF79A9911000F6D9FF1CCD911000C6D9CC1CCD4CC2C21F6CF20D0040020080FF
:206AA000204849A4000A91100056D95520AD6DFFE1A6910000F6D9FF381414F46DFFD6FE9F
:206AC0004B0261F174AF912000F8D9FF044BF80BDA8089AF3008DA0089AF3108DA0089AFFA
:206AE0003408DA0089AF3508DA0189AF140891100046D9440CBD49A5000A6DFFE7A500908F
:206B00002048024849A4000AC5F5C0C16DFFC3A8DA0034AFBB0068F99B8FB9F4780ADA06A8
:206B2000ACAEDA09ACADDA0AACAFDA0289AF2C08912000F8D9FF7C7B49FF000A49A2300A49
:206B4000A05444FF642FFC4E49AF300AF80491100046D94420AD49A5000A6DFF96A79140B0
:206B6000004FD94400CC82043B0001506DFF55A2910000F6D9FF381434F86DFF93FF009003
:206B80000D00000291100046D94420AD6DFF65A90D00400200800D00000291100046D944B9
:206BA00020AD6DFF64A90D0040020080024F6D00260002283C016D002200A2823FF2FDFF95
:206BC0000090910000FFBCF16DFF91B0913000FF39FF3506160F4B0F41F14BF251F03C019C
:206BE0003C01911000F6D9FF740D7BA047044B0F51F04B0F71F174FF009085FF1000820191
:206C000002F085F32C0082020F20A0400F31A0503C01911000F6D9FF740D54F682076DFFAF
:206C2000ED8A3C010090024F3C016DFFE8FFA2F2BF02FD7F0090404F044FEEFF01F420F0FA
:206C400080F2C2F2009015D0C0E315D0C0F74D40E0FFB72F02F5CD4FE00F0D00C0044D40A8
:206C600020F99601CD4F20090D00C0044D4020F99602CD4F20090D00C004910000F8C502AA
:206C80003F0040F4A0358940C103FC5E49FF200AFC294D4020F96F0FFEFF4D4020F96F1FD9
:206CA000FAFF85DFC4F3CD4FE00F0D00C00415D0C0FF15D0C0EB0D0080040D00C00400004E
:206CC00000001D0003000090000000A000900B451088910000F6D9FF242454FA911000F660
:206CE000D9FF780DD4FC911000F6D9FF7C0DD4FD910000F6D9FF3C14D4F4B0446DFF14E3D0
:206D0000DF02198091000026D9221024910000F6D9FF102454F08211910000F6D9FF3C14FA
:206D2000D4FF48BF0FF1001082F2C621261074203C01DFF84380DF094100911000F6D9FFD5
:206D4000485DC81591000026D9223C14D4224922080AF42591000026D9223C14D4224922C0
:206D60000C0A09548809F4240952880991000046D9443C14D44FB04FEC21910000F6D9FF39
:206D80003C14D4FFB04FEC52910000F6D9FF3C14D4FF49FF140A91100026D922485DF4F25E
:206DA000911000F6D9FF485D91100026D922485D542FC21F74FF3C2B42A8910000F6D9FFD1
:206DC0003C14D4FFB04F74F87FA80C80910000F6D9FF3C14D4F5B04540D46DFFCEE23C1782
:206DE000910000F6D9FF3C14D4F5B04540C46DFFC4E2910000F6D9FF142454FF7FF8088027
:206E0000910000F6D9FF142474F83C010090404C6DFF95F091000026D92200249100004678
:206E2000D9440024544FC21F742F91000026D9223C14542FEE10910000F6D9FF3C14F4FCC8
:206E4000910000F6D9FF002454FF5E146D0079013C013C18910000F6D9FF202454FFEE127C
:206E6000910000F6D9FF3C14D4FF48BF09C02C093FF00880910000F6D9FF3C14F4FC3C01F8
:206E80003C01910000F6D9FF0C2491000026D9220C24542FC21F74FF910000F6D9FF1024DA
:206EA00091000026D9221024542082114CCB0FF10010A61074F04CCB534F21F0911000F643
:206EC000D9FF401D10FFC81FECC2C82289C28C09C82240C4B0448924840940C2B042E822F5
:206EE0004CCB534F21F0911000F6D9FF401D10FFECC54CCB534F21F0911000F6D9FF401DA6
:206F000010FF4CCB534F21F091100026D922401D1022542FC21F74FF6DFF34F0910000F659
:206F2000D9FF202454FF6E0F910000F6D9FF3C14D4FF48BF09C02C097F0F0580AD0080009E
:206F40003C013C0100903C286DFFF9EF911000F6D9FF5C5DC83FC83C40C4B0446DFFE4E113
:206F6000910000F6D9FF002491000026D9220024542FC2FF74FF910000F6D9FF04249100E9
:206F80000026D9220424542FC2FF74FF6DFFFAEF40C46D007E00910000F6D9FF042454FFD3
:206FA000EED4009020108212912000F8D9FFE31B49FF000A49A2000AA0F404FF242FFC4EC1
:206FC000DA003C1010AF91200028D922F31B10220920000834F010AF09F00008F6023C046B
:206FE000C21FBFFFF1FF10AFDA0034FF82083C1891100048D944242749A5000A3B00104084
:20700000A0068205534820F0911000F6D9FF704D10F76D002D02DF1203003C04C218BF18E4
:20702000E97F3C010090201089A48C0989A588090248406C0259407D534820406DFFA0D580
:20704000402FBD0F14003BC006406DFF99D5402EBCE982043BC0065040E46DFF6CE2ECEC26
:207060003C0440F46DFFE3D53C02A00EBCEEF4AEDA00780109A48C0909A58809028440C6E0
:20708000029540D76D00150040E23C010090404F40F46DFF98EFC8C46DFFC9D540F46DFFE5
:2070A000C6D500903C036DFF50FF3CFE00902008F4A4406C0258407DD802C2F4534420F027
:2070C000C8C210228020B7000300600E89FE8419BD051800DA003C0D10F210540940000854
:2070E00089203408105209200008F6023C06C21F3B0001003F0FF2FFDA0089FF03183C01C8
:20710000BFA805803B9000803C0168B889F8081940F4B0446DFF2EE149F4180A6DFF2AE1C0
:20712000ECF48BA800F16CF6ECF940E4D4A540C66DFFB6EEF4F2BCD3F4DF3C0100908208B2
:207140003C0B534821F0911000F6D9FF401D10F46DFF02E1C218BFA8F6FF91100046D944E3
:20716000484D6DFFF9E091100046D9445C4D6DFFF3E091100046D944744D6DFFEDE09110AA
:207180000046D9445C5D6DFFE7E091100046D944485D6DFFE1E0911000F6D9FF780D911035
:2071A0000026D922484DF4F2911000F6D9FF7C0D91100026D9225C4DF4F20090911000F6C3
:2071C000D9FF780DD4FF54FFEE03DA013C02DA006E08910000F6D9FF142482FF74FF3C0DFE
:2071E00091000026D9221424911000F6D9FF780DD4FFC83F54FF742F0090024F82026E0FFF
:207200006D00A000910000F6D9FF082454F0820502F46DFF5EFD6D0018033C01F624AD00C2
:2072200080003C010090910000F6D9FF182454FF744F910000F6D9FF242454FF6C41009019
:20724000910000F6D9FF2824DA0174FF0090024F910000F6D9FF3C14D4FF49F5180A6DFF06
:207260008CE0821502F46DFF34FD009040450956840991000026D9223C14D42249221C0AEE
:20728000F42691000026D9223C14D4224922200A09648809F42409628809910000F6D9FFD6
:2072A0003C14D4FF49FF180AEC21910000F6D9FF3C14D4FF49FF180AEC62910000F6D9FF9B
:2072C0003C14D4FF49FF280AF4F5545FC21F745F765282F46DFFFDFC00906DFF65FEDF12CE
:2072E00005806D0077063C01DF122680DA1F0D0040034DC0E20FB700080016FFA6F0CDC00D
:20730000E20F0D00C0040D000003910000F6D9FF142482FF74FF910000F6D9FF2024DA0192
:2073200074FF910000F6D9FF2424DA0074FF6DFFE9EF3C01912000F8D9FF5CDB54FF0090CA
:20734000910000F6D9FF082491000026D9220824542FC21F74FF0D0080040090910000F645
:20736000D9FF082454FF6E08910000F6D9FF2824DA0174FF3C4A910000F6D9FF2824DA003C
:2073800074FF910000F6D9FF3C14D4FF54F0910000F6D9FF3C14D4FF48CF3F0F10809100AC
:2073A00000F6D9FF3C14D4FF49F5340A910000F6D9FF3C14D4F46DFF2F88910000F6D9FF67
:2073C000102454FF0F0FB0F18BFF01F1534F21F0911000F6D9FF401D10FFC81209228409CB
:2073E000E812C81249F4080A7D420480C832E81291000026D9223C14C81FC83FF42F91008F
:2074000000F6D9FF3C1454FF0090404F405C6DFF96ED91000026D92224245420481F0BF081
:20742000801054CF5EF3DA003C1D91000026D9221824542254FF3E28481F3FF00680DA0101
:20744000820074C03C0F54CF7FF10A8054CFA21F74CF40F46DFFE9FEDA003C04DA0074CF29
:20746000DA016DFF8FED02F23C0100906DFFDDFDBC2640246DFFCDFC82123C0282F23C0144
:207480000090910000F6D9FF202454FFEE0382123C0A910000F6D9FF082454FFEE03822228
:2074A0003C0282023C010090910000F6D9FF242454F23C0100908208910000F6D9FF08246E
:2074C00054FFDF0F0281910000F6D9FF242454FF9219910000F6D9FF242474F9DF092C809B
:2074E000911000F6D9FF780DD4FF54FFEE023C01911000F6D9FF780DD4FF91100026D922BC
:20750000780D91100046D9447C0DD444F42491100026D9227C0DF42F910000F6D9FF182420
:2075200091000026D92218245420C21074F06DFF47FE3C01910000F6D9FF142454F03F09A2
:20754000A9801D00A500911000F6D9FF780DD4FF54FFEE03DA013C02DA006E09910000F644
:20756000D9FF142482FF74FF1D009400911000F6D9FF780DD4FFC83FC83F481F7FF9098019
:20758000910000F6D9FF142474FF1D008300C852C824C83589458809C834C825894584099B
:2075A0000924840940F5B0457D540580C83489248409A004E854542FC2FF742F48AF6E1916
:2075C000C8A2C874C88589458809C884C875894584090924840949F5180A7D540580C884B9
:2075E00089248409A004E8A4542FC2FF742F3C0191000026D922102491000046D9441024EF
:207600005440821148BF0FF10010A610742048BF534F21F091100026D922401D10220922AC
:207620008409E82209248809E8340924880940F5B0458945840940F4B0448924880948BF29
:20764000534F21F091100026D922401D1022E85248BF534F21F091100026D922401D1022E1
:2076600048BF534F21F091100046D944401D1044544FC21F742F48B0910000F6D9FF3C14CD
:20768000D4FF48BF7F0F048082183C011DFF5DFF910000F6D9FF3C14D4FF48BF534F21F073
:2076A000911000F6D9FF401D10FF54FFBF2F048082183C01910000F6D9FF282454FF6E03E4
:2076C00082183C013C0C910000F6D9FF1C2491000026D9221C24542FC21F74FF02823C0162
:2076E0000090CC43C83FC8A2C874C88589458809C884C875894584090924840949F5180A94
:207700007D540580C88489248409A004E8A4542FC2FF742F91000026D9220824542FEE5CCB
:20772000C852C824C83589458809C834C825894584090924840940F5B0457D540580C8346D
:2077400089248409A004E854542FC2FF742F91000026D922102491000046D9441024544086
:20776000821148BF0FF10010A610742048BF534F21F091100026D922401D10220922840952
:20778000E82209248809E8340924880940F5B0458945840940F4B0448924880948BF534FB3
:2077A00021F091100026D922401D1022E85248BF534F21F091100026D922401D102248BF1B
:2077C000534F21F091100046D944401D1044544FC21F742F3C2591100026D922744D09220B
:2077E0008409E87209248809E8840924880949F5180A8945840949F4180A892488099110C1
:207800000026D922744DE8A291100026D922744D91100046D944744D544FC21F742F48BF86
:20782000910000F6D9FF3C14D4FF48B07FF00A808212910000F6D9FF2824DA0174FF3C020A
:2078400082023C010090A00F82086DFF78EB820991000026D9220824542F91000026D92231
:20786000082491000046D9440824544FC2FF742F91000026D9220824542FDF0FD78091007E
:207880000026D9220024542FBF1FCF801D008F00911000F6D9FF744DC83FC83FC8A2C87463
:2078A000C88589458809C884C875894584090924840949F5180A7D540580C8848924840942
:2078C000A004E8A4542FC2FF742F0D008004C852C824C83589458809C834C825894584095A
:2078E0000924840940F5B0457D540580C83489248409A004E854542FC2FF742F910000269A
:20790000D922102491000046D94410245440821148BF0FF10010A610742048BF534F21F0CE
:2079200091100026D922401D102209228409E82209248809E8340924880940F5B0458945A4
:20794000840940F4B0448924880948BF534F21F091100026D922401D1022E85248BF534F46
:2079600021F091100026D922401D102248BF534F21F091100046D944401D1044544FC21FB2
:20798000742F48BF91000026D9223C14D42209202C097FF00C8091000026D9222824534952
:2079A00020F01022DA01742F3C0191100026D922744D542FEE03DA013C02DA00DF0F6A7F09
:2079C000BCF36DFFFDFB910000F6D9FF1C2454FABF1A19806DFF71FD762B910000F6D9FF5B
:2079E0002824534920F010FFDA0174FF3C01C2FAFF1AF2FF910000F6D9FF1C24DA0074FF43
:207A00003C01910000F6D9FF2824534920F010FF54FF6E0A8218910000F6D9FF3C1454FF5C
:207A2000AD0080003C013C016DFFACEA02823C010090404F405C0248406D407EBCF37CC77A
:207A40007686BCF314F23C0282623C5D14F0BF20048014F23C583C5314FFEE2709F00439CC
:207A60008B4009F17FF80380028F09F0043901F000264924300A40C502F46DFF2ADD09F05B
:207A8000043942F089F0043910CCA2F809F00439DA947E0A40F46D006A0034F214FFBF2FED
:207AA000048014F23C303C2B481F09F00839A20F7FF80480028F3C0149F40C3A40C502F4D0
:207AC0006DFF74F4BCED09F4083940D440C502F52D0E00007625DA0934FF14F23C1409F0A0
:207AE000083942F089F0083910CCA2F809F00839481F7E05DA0234FF76823C03FF18AEFFB5
:207B000014F23C0100902040404F7CF382623C1A14FF1E25DA0834FF14F23C1449F40C3AB6
:207B200049A5000A6DFFD2F349A4000A49F5080A3B0002406DFFC0DC7623DA0734FF14F29D
:207B40003C010090404F405C82043B80195040F46DFFF1DCDA0034FFE8BC009014420C4132
:207B60008F8F00F0A6F23C0100902020404F49FC300A91200058D955F81B824440C46DFFC4
:207B80009BDC762382323C5A09FF74081E1382423C5540C4B0646DFFE3FFDA943E23824288
:207BA0003C4D49F4380A6DFF91CE022849F43C0A6DFF8CCE022949F4201A6DFF87CE769B0B
:207BC000BB0000F89BFF01F03F9F0680F6248B4909F03E8382623C3249A4000A82043B0051
:207BE00002506DFFA8DC48BF6E09C8B449A5000A3B0002406DFF60DCF62382523C1FC8B468
:207C000049F5042A3B40054040C66DFF18C2762382523C14681909FF750889FF280849F434
:207C2000080A49F5001A3B0002406DFF52DC49F40C3A6DFFAAF382123C0100906DFF7FE902
:207C4000910000F6D9FF302454FFEE2B91100046D944785D6DFF80DB91100046D9444C6DA8
:207C60006DFF7ADB911000F6D9FF705D91100026D922785DF4F2911000F6D9FF745D9110A9
:207C80000026D9224C6DF4F2910000F6D9FF302482543BC0005082066DFF41EDF4F23C010B
:207CA0006DFF70E90090911000F6D9FF705DD4FF54FFEE03DA013C02DA00744FEE099110CE
:207CC00000F6D9FF705DD4FFC83F54F23C0282023C010090820889440409894490093F450C
:207CE0001380A2654C463FF5048082183C0B911000F6D9FF745DD4FF4045B04540F46DFF92
:207D00003CDB3C117F6506803F64048082183C0B911000F6D9FF705DD4FF4045B04540F4D0
:207D20006DFF2BDB02823C0100900B451088911000F6D9FF705DD4FFC83FC83F40F4B04453
:207D40006DFFF2DA09FF64082E2740F40B8910486D00D9003C0609FF640816FE89FF24083E
:207D6000C88240F42D02000000902010912000F8D9FF548B49FF000A49A2000AA02444FFE8
:207D8000642FFC4E3C7C54AFBF0F7A00D802BD0F7700485FEE03DA013C02DA00EE0640F433
:207DA000B0446DFFC1DA3C0149A40C0A6D00BF00022854A0DA01BE07DA02BE0582315F01EC
:207DC0003B0082415F013E0082515F014A00DA063E0ADA073E08DA085F0F2E00DA095F0F6C
:207DE00031003C4B09FF6408960189FF240809A40409486F42F409A6040940F402856DFF82
:207E00006BFFDF02180009FF64082E2A09A40409486F42F440F402856D0075003C0609FFA5
:207E2000640816FE89FF2408C88240F42D0200003C013C2409FF640816FE89FF24083C1E2E
:207E400009FF6408960189FF240858016CF6486F128440F4028502866DFF3EFF3C0F09FF1C
:207E60006408AE1540F46DFFE2CE3C0609FF640816FE89FF24083C023C013C01910000F6C6
:207E8000D9FF3024D4F449A5000A82046DFFB8ECDF027BFF009020080248025F6DFF52FAEA
:207EA00049A4000A6D004300022954A0DF002880EE0A3F8909806DFFC8FC0B8910486DFFA4
:207EC00036FF3C1C6E0B911000F6D9FF745DD4FF54FFEE03DA013C02DA00910000F6D9FFF3
:207EE0003024D4F40B98804002F56DFFF8EB6DFFACFCF624AD0080003C013C036DFFA5FCD9
:207F00000090404F0B4510883C07486F42F8C88240F42D020000486F128440F402950286D9
:207F20006DFFDAFEDF02F3FF0090404F6DFFBEFA022F91000026D9222C2454207F0F07802B
:207F40006D000F00821074F03C03820074F0910000F6D9FF2C2474FF02F23C0100903C0B60
:207F6000911000F6D9FF705DD4FFC83F54F482F56DFFDDFE911000F6D9FF705DD4FF54FF83
:207F8000EE03DA013C02DA006EEC911000F6D9FF705DD4FF91100026D922705D911000461E
:207FA000D944745DD444F42491100026D922745DF42F009020083C0B49A4000A6DFF75FE18
:207FC00054A502246DFF69FF6DFFD1FE3CF6009082086DFF35FE910000F6D9FF302454FF82
:207FE0006E1691100048D944F4E791200058D955FD1B3B001040A0063B900050910000767A
:20800000D97734246DFF34FA02283C0102823C0100900245094FC008370F684082164054E5
:208020006D00B104F62382023C0402246D0084033C0100900248405F02590940C0083700CE
:2080400068A01A987B1000000BF050F13C016E037CF6769582146D006F033C2BDA208B090A
:208060000200C2F04BF011C23C01820B3C1EDA2003FB0AF8370F70503C013B000260236BB2
:208080000AF97F6F0580370F70603C013C01530B22F010F402A46D007604022F6E0502F43F
:2080A0006D004A033C06C21B3FCBE3FF82023C010090DA003C2C104F14F2921037007000BA
:2080C000014000F614F0104F92313701701001410026142134F1921137017010014100F636
:2080E00092213701701001410026142134F1922137017010014100F634F092303700700023
:20810000014000F634F2C24F370F70F092303F40D4FF009091100046D9446C6D82043B40C9
:2081200091506DFF08DA911000F6D9FF6C6DDA52B4FF91100046D944E0BD82043B401050E7
:208140006DFFF9D9911000F6D9FFE8FDDA0134FF911000F6D9FF646DDA0034FF911000F69B
:20816000D9FF686DDA0034FF911000F6D9FFE4FDDA0034FF911000F6D9FFD4BDDA0034FFDB
:20818000911000F6D9FFC0BDDA0074FF911000F6D9FFC8BDDA0034FF911000F6D9FFCCBDAD
:2081A000DA0074FF911000F6D9FFD0BDDA0074FF6D00A8019140004FD944000B827482054E
:2081C0006DFF2B97911000F6D9FFDCBD6D0051031B82C1FF74FF911000F6D9FFD8BD6D0067
:2081E000480374F2911000F6D9FFC4BD6D00410374F20090914000FFD9FF000B8270489FAB
:20820000570F61F06E03DA013C02DA003C016E0382123C0282023C01009020306D00290389
:20822000911000F6D9FFE8FD14F0DA003E0EDA013E0EDA025F0F4700DA035F0F6A00DA0475
:208240005F0F99001D009A001D009900911000F6D9FFDCBD54FF5AF23B803E007F0F0480F8
:208260001D008D00911000F6D9FFDCBD74F2DA0034AF911000F6D9FF686DDA0034FF911037
:208280000046D9446C6D49A5000A6D00510DF62A14AF5E18911000F6D9FFE8FDDA0234FF23
:2082A0003C10762702246D0024046D005D023C09911000F6D9FFE4FDDAFF34FF6D005402EA
:2082C0003C5D6D00D6020228911000F6D9FF686DDA0034FF91100046D9446C6D6D003B0AB6
:2082E000022F911000F6D9FFD0BD6D00C202A28274F2EE08911000F6D9FFE8FDDA0334FF3C
:208300003C0602F46D00F5036D002E023C376D003501DF022D80911000F6D9FF646DDA0164
:2083200034FF911000F6D9FFC8BDDA0034FF911000F6D9FF686DDA0034FF911000F6D9FF49
:20834000E4FDDA0034FF911000F6D9FFD4BDDA0034FF911000F6D9FFE8FDDA0434FF91200C
:208360000048D944CB3B6D0009143C036D00FC013C056D00D4023C023C016D007A029110D6
:2083800000F6D9FFD8BD54FFA2F23B007DF03FF25080DA0089AF280849A4280A6D003602E4
:2083A0000228911000F6D9FFD8BD6D00620274F2911000F6D9FFE8FD14F074A0911000F655
:2083C000D9FF646D14FF6E03DA013C02DA007801911000F6D9FFCCBD54FF7802911000F6A8
:2083E000D9FFC0BD54FF7803911000F6D9FFD0BD54FF7804911000F6D9FF606D54F04B00C4
:2084000031F17805DA10780689A81C0909AF680878086DFFF1FE89A2240991200048D9448E
:20842000FB3B49A5000A3BA000406D005013009082010240FB803E600B0110486DFFFE7D6A
:20844000FB803E600B2310486DFFD87E02246DFFD6F682023C0100902008024F34A5094071
:20846000C0083700684049A4000A821602F56D00B403F62382023C0402246D005D013C01A0
:2084800000900248405F02590940C008370068A01A987B1000000BF050F13C016E037CF61F
:2084A000769582146D0048013C2BDA188B890100C2F04BF011C23C01820B3C1EDA1803FB23
:2084C0000AF8370F70503C013B800160236B0AF97F6F0580370F70603C013C01538B21F0B8
:2084E00010F402A46D007903022F6E0502F46D0023013C06C21B3FCBE3FF82023C01009062
:2085000091C000FF40F46DFF5E94DA006CF440F46DFF19943B0000459B348C4440F46DFF33
:20852000209591200048D944301B91200058D955002B82046DFFA294DA016CF4911000C6F9
:20854000D9CC606D40F46DFF7E9474C20090094F4C289601894F0C28094F4C289602894F86
:208560000C28094F4C289604894F0C28094F4C289608894F0C280090911000F6D9FF686D0B
:20858000DA0134FF91100046D9446C6D82146D001A0C762502246D00AC023C70911000F6A8
:2085A000D9FF686DDA0234FF91100046D9446C6D3B0001406D00A80C762502246D009902BC
:2085C0003C5D911000F6D9FF686DDA0334FF91100046D9446C6D82346D00570C762502248A
:2085E0006D0087023C4B911000F6D9FF686DDA0434FF91100046D9446C6D82546D00C40BBA
:20860000762502246D0075023C39911000F6D9FF686DDA0534FF91100046D9446C6D821477
:208620006D00060D762502246D0063023C27911000F6D9FF686DDA0634FF91100046D94469
:208640006C6D3BF000406D000F0C762502246D0050023C14911000F6D9FF686DDA0734FF26
:2086600091100046D9446C6D6D00FA0C762502246D003F023C0382023C010090911000F614
:20868000D9FFE4FD34F4911000F6D9FFC8BD91100026D922C8BD142FC21F34FF911000F6D0
:2086A000D9FFC8BD14F0DA147FF003803C20911000F6D9FFC8BDDA0034FF911000F6D9FFAD
:2086C000646DDA0034FF911000F6D9FFDCBD6D00D00074F2911000F6D9FFE8FDDA0134FFAF
:2086E00091200048D944DE2B6D0048120090404F09FF64081603EE0382023C1009FF5408C3
:20870000960289FF1408825440F46D00460276223C0540F46D00CE003C010090024F6D008B
:20872000A800A2F2DA143FF2048082123C0282023C010090911000F6D9FFD4BD34F491106E
:2087400000F6D9FFC0BD91100026D922C0BD542FC21F74FFDF4404806D00C4013B20042060
:208760003C0100906D008500911000F6D9FFC4BD54FFA2F23B007DF03FF204806D001C007D
:20878000911000F6D9FFC8BDDA0034FF911000F6D9FF646DDA0034FF911000F6D9FFE8FD37
:2087A000DA0134FF911000F6D9FFDCBD6D00610074F200902010911000F6D9FFC4BD6D0052
:2087C000580074F2911000F6D9FFD4BD14FF74AF911000F6D9FFE4FD14FF7801911000F632
:2087E000D9FF686D14FF7802911000F6D9FFC0BD54FF780391200048D944C52B49A5000A87
:2088000082446D00641100908202820082013C2A532120F0911000F6D9FFE0BD10FF09F396
:208820008218911000F6D9FFE0BD01F100F609F44238DF540400DA097E43DA013C02DA0065
:208840003C016E024E323C0D76237F230B000232911000F6D9FFE0BD01F100F609F04238C1
:20886000C211DA103FF1D6FF34403C0100906DFF1DF6531220203C010090404F91100026AE
:20888000D922ECFD342491100056D955ECFD821440F46D00360176223C0B825440F46D00CA
:2088A0007C0176223C0540F46D0004003C0100908230094F341982110F011010261F6E0320
:2088C000DA013C02DA003C015E198230DA010F0F10F0894F381982323C208240094F3419A6
:2088E00082110F011010261F6E03DA013C02DA003C015E198240DA010F0F10F0894F381974
:2089000082223C0B094F24196E06DA0F894F281982323C0382023C0100902008DA0034AF38
:2089200091100046D9446C6D49A5000A6D00D004762502246DFFA4FE3C2414AFEE023C21E2
:2089400091100046D9446C6D91100056D955E0BD6D002206762502246DFF92FE3C12911037
:2089600000F6D9FFC8BDDA0034FF911000F6D9FFCCBD91100026D922CCBD542FC21F74FF7D
:20898000009020080B451088404C026A91C000DFBCC576A4DA207FAF058082121D00A10075
:2089A0001AA97B1000000BF050F13C01EE0482121D009700820009DF64081603EE02821045
:2089C0003C01F60482321D008C00DA7F89DF3819DA0F89DF28198FE80F413C0140D46DFFDB
:2089E0004EFF022BDF0B27808FE80FF13C01911000F6D9FFECFD34FF8F893FF03C01911008
:208A000000F6D9FFECFD2CF18FF90FF13C01911000F6D9FFECFD2CF2DA00C22F3C01921499
:208A20003C0191100056D955ECFD40D46D006900022BF6B6825440D46D00AF00022BF6B54A
:208A400040D46DFF37FF022B40D46DFF82FDDF0B3A8009DFEC08370A7000370F0EF089DF57
:208A6000AC088F1840413C0140D46DFF08FF022BDF0B29809A3A82404B0F1182820C3C2029
:208A80008240230C0ADABF4D0480824D3C019110003030D3D933000C543F74AF40D46DFF43
:208AA00058FDDA003C0A8240030C0A0F01C000F610A2142034F0C21F3FDFF7FFC21C3F8CF8
:208AC000E1FF76B6820440C402A56DFF34D540D46DFF0FFEF6B37622022B02B23C01009068
:208AE00091C0004F6DFFFC916DFF0CFD0090911000F6D9FFE4FD34F482523C010090200897
:208B00007644DA207F4F048082123C459A3482404B0F11224DC0E20F3700E1078B00205203
:208B20003C010D00400300003C010940F4083704701037100E008940B40882003C25094F56
:208B400078088FFF0311DA087E1676530D00000382323C21820174A1DA003C0C8241031003
:208B60000A1F7F41078010AF01510026142134F1C21FBF4FF5FF54AF911000303043D933BE
:208B80000008743FC2103F20DCFF76530D00000382023C010090404F02486DFF6AFE02290C
:208BA0003C0702946DFFBCFD762382423C1409FF341982100F801000260F6E03DA013C02C5
:208BC000DA003C016EEFDA010F8F10F089FF381982023C0100900B451088404C026A91C04D
:208BE00000DF76A5DA183FAF03807CC382123C7002A09A203C01921B3C01DA203FBF098095
:208C00001AA97B1000000BF050013C01F60382123C5F820009DF64081603EE0282103C01A7
:208C2000F60382323C55DA7F89DF3819DA0F89DF28198FE80F413C0140D46DFF20FE022F7F
:208C4000EE318FE80FF13C01911000F6D9FFECFD34FF8F893FF03C01911000F6D9FFECFDDA
:208C60002CF18FF90FF13C01911000F6D9FFECFD2CF2DA003C0C911000F6D9FFECFD10FF13
:208C800010C214202830C21F370F70F03FAFF5FF91100056D955ECFD40D402B46DFF31FF99
:208CA000022FEE06825440D46DFF77FF022FEE0540D46DFFFFFD022F40D46DFF4AFC40D418
:208CC0006DFF17FDEE037622022F02F23C010090200891100046D9440C0E6DFF3D80BF1259
:208CE0001300DA01ACA191100046D9440C0E49A5000A49A6020AD2046DFF0984762414A407
:208D00006D00830000903B50C38006683C0891100046D9440C0E6DFF8783C2F8768E911060
:208D200000F6D9FF0C0EC81F882F3C016E03DA003C02DA013C016EEC0090206049A4000A6E
:208D4000C5F540806DFF47827B107EF47801DA0F2CAADA012CACDA082CADDA0889AFA008FF
:208D6000DA0489AFA208DA0C89AFA408DA0089AF2608912000F8D9FF608B49FF000A49A280
:208D8000001AA07444FF642FFC4E49AF001AF80A911000F6D9FF0C5EF80C3B0010F089AF21
:208DA000AE08911000F6D9FF280EF80E3B0010F089AFB40891100046D9440C0E49A5000A0D
:208DC0006DFFCF7F0090404F3C1009F00008DA0A7E053BD000406D00180009FF0008370FE0
:208DE00068406D001200B01F09FF0008EEEF00906DFFEBFF3BD000406D0007003BA00040D0
:208E00006D000300009091100046D9440C0E6DFF917F00900D00000291100046D9440C0EFB
:208E20006DFF5D820D00400200800D00000291100046D9440C0E6DFF99820D004002008095
:208E40000D00000291100046D9440C0E6DFFEC820D0040020080404F0B4510A80B6710C85B
:208E600014AE82088209D9F5504040F40BCA10486DFFE2F8A6283BA0004040F46DFFDAFAB9
:208E8000A628DAC83FF905808F1840813C15BF4A0A8039F05240DA7F3FF005808F28448115
:208EA0003C0BC2193709689001FB0026392F504026DF5FEFDAFF02823C0100902008404F0A
:208EC00082088209826449A5000A40F46DFFA3F8A62814AF2E7B827449A5010A40F46DFF9B
:208EE0009AF8A6280CA1A6F83C0F821440F46DFFA1FAC2193709709014AF2E023C053B40E1
:208F00001FF03FF9E1FF02823C01009049AA289A404C02488209912000F8D9FFFF3B49FFC0
:208F2000000A49A2046AA07404FF242FFC4E912000F8D9FFDB4B49FF000A49A20C6AA074AC
:208F400004FF242FFC4ED9C4504049C5200A3B801E406DFFBED2DA105F8FC080D9C46040A2
:208F600049A5046A3B8000406DFFB3D2D9C450403B801E406DFF9FF849A4040AD9C54C502B
:208F80003B0010406DFFA5D249A4044AD9C550903B0008406DFF9DD282023C7982033C74DE
:208FA000DA0403F20AF3534F20F010AFDA025302210003F30AF0534F20F010A20920040994
:208FC000DA025302211003F30AF1C21F534F20F010A24C2142F0DA025302211003F30AF107
:208FE0008B8F00F0534F20F010A24C2142F0DA025302211003F30AF18B9F00F0534F20F045
:2090000010A24C2142F0DA044BF011026810DA0403F20AF3532F20F010AFDA0253022100E8
:2090200003F30AF0532F20F010A209208448DA025302211003F30AF1C21F532F20F010A28F
:20904000092F844842F0DA025302211003F30AF18B8F00F0532F20F010A2092F844842F003
:20906000DA025302211003F30AF18B9F00F0532F20F010A2092F844842F0DA044BF00102ED
:2090800089F08448C213BF438D7FC212BF42887F49A4244A82043B0006506DFF4CD249A4E3
:2090A000041A82043B000C506DFF45D2D9C44C5049A5040A3B0010406DFF0BD2D9C450906C
:2090C00049A5044A3B0008406DFF03D2D9C450403B801E406DFFEFF7DA003C0810CF10C229
:2090E00039205840E9F05040C21F3B401E003F0FF77FD9C470B049A50C6A3B8000406DFF50
:20910000E8D13B80E142D9C550403B801E5040C46DFFB9F9A629DA0334AF824482153B0018
:20912000C0623BF00F7040C46DFF97FEA6923C01009049AA28BA404C02488209912000F87A
:20914000D9FFE34B49FF000A49A2040AA07404FF242FFC4E912000F8D9FFEB4B49FF000A01
:2091600049A20C0AA07404FF242FFC4E912000F8D9FFF34B49FF000A49A2140AA03404FF49
:20918000242FFC4ED9C45040D9C508803B8030406DFF9FD1DA105F8F8380D9C4584049A5DA
:2091A000040A3B8000406DFF94D1D9C4704049A50C0A3B8000406DFF8CD1D9C450403B80D8
:2091C00030406DFF78F749A4180AD9C544503B0010406DFF7ED182023C3E82033C39DA04E7
:2091E00003F20AF3534F20F010A2DA025302210003F30AF0534F20F010AF4860DA0253028D
:20920000211003F30AF1C21F534F20F010AF486F42F0DA025302211003F30AF18B8F00F094
:20922000534F20F010AF486F42F0DA025302211003F30AF18B9F00F0534F20F010AF486F3F
:2092400042F0DA044BF0110289201809C213BF43C87FC212BF42C37F49A4181A82043B00D1
:209260000C506DFF68D1D9C4445049A5180A3B0010406DFF2ED1D9C450403B8030406DFFF2
:209280001AF7D9C4449049A5140A82446DFF21D1D9C44860820482456DFF4DD13B80CF4234
:2092A000D9C550403B80305040C46DFFECF8A629DA0334AF824482153B00C0623BF00F70FE
:2092C00040C46DFFCAFDA6923C010090404F405CDA008204D9F55040824540F46DFFACF660
:2092E000A6F239FF504009F05008BE0639F05040DAFFBE0239FF51405E5F39FF524016053C
:209300005E5B39FF53402E48DA0134CF39FF504089FF10083C0939FF53402E7439FF524091
:20932000A6F2DA0034CF3C0100902010404C405D025982088BC900A0912000F8D9FFC74B26
:2093400049FF000A49A2040AA0B404F02420FC4E8BC900003B0040107F0105008FF84F8131
:209360003C468F841F0089A004088FF40FF12CA53B00FFF0269F86CF2CA68FF900F1864F4C
:209380002CA73B40FF4249A5040A3BC0005040C46DFF79F8A628DA0334AF824482153B00F0
:2093A000C0623BF00F7040C46DFF57FDA6283B40C042D9C5504040C402A56DFF3DF6A6288C
:2093C000D9C450408BC900F0370F70406DFF73F6DA003C0910DF10C23920544034F0C21F7F
:2093E000370F50F0370950003F0FF67F02823C010090404F405C0B451088406D026B027F95
:20940000820A40F440C50B8910486DFF90FFA62A10C440D502B46DFF5CD040F440C50B89CC
:2094200010486D000500A6A23C0100902010404C405D02588209912000F8D9FF409B49FF6B
:20944000000A49A2040AA03404F02420FC4E912000F8D9FFD34B49FF000A49A2080AA074B1
:2094600004F02420FC4E8B880000868089A00E088B8800F016FF2CAF3BF0FFF28BC80000B0
:20948000A20FC21F370F70A08BC800F03B0040007FF005008FF94FF13C4D8F841FF02CA46F
:2094A0008FF40FF12CA53B00FFF0268F86CF2CA68FF800F1864F2CA740D402846DFFFBF53C
:2094C000370850F0C2FF370F50F03C0710CF10D21420E9F05440C2FFFF0FFA7FD9C45040AC
:2094E00049A5040A82446DFFF4CF01C800F6D9F4544049A5080A3B8000406DFFEACFD9C59D
:2095000050408BC8005040C402A46DFFBCF7A629DA0334AF824482153B00C0623BF00F705C
:2095200040C46DFF9AFC0F29A0F040D402846DFFC2F502F23C0100902008404F405CDA00B2
:209540003BF0FF47820540F46DFF88F7A62F3B90004049A5000A40F46DFF5DF50F2FA080CC
:2095600014AF82203E0782403E023C07DA0134CF3C09DA0034CF3C06DA0034CF3BF00F8023
:209580003C013BF0FF47822540F46DFF67F7A6823C010090404C405D82088204D9C550401C
:2095A00009C5120940C46DFF47F5A62839CF504089CF1008D9C4504009CF1209370F70402A
:2095C0006DFF79F53B0001903C5501C900F6D9FF504014FF160FBF2F0E8014FF160FFFDF62
:2095E0000A8014FF160F09F0C00837006C02E20F3C0509FFC008370F6CF209F0C2083700A3
:2096000070003B404B155F010F00BB40B81D5F011100BB40F41D5F011700BB40081E5F014B
:209620001D003C2501C900F639F05C4034D03C2040D4B01401C900F6D9F5544002F46DFF6B
:2096400048CF3C1649D4021A01C900F6D9F5544002F46DFF3ECF3C0C49D4023A01C900F676
:20966000D9F5544002F46DFF34CF3C023C0142F9C24909CF12093FF9AAFF82003C1B532042
:2096800020F010DF532020F010D2092F821882414B1F012289F28218532020F010DF09FFB5
:2096A0008218CEF7532020F010DFDA0089FF8218C210DA403FF0E5FF82003C1101D000F648
:2096C000081FEE0C82013C08531020F010DFDAFF89FF0238C211BF11F9FFC210DA403FF0EF
:2096E000EFFF39CF58408F8F2000BB00F0FF26F039CF594016FFA6F009CF120910CF39FF88
:209700004C408F8F2010BB00F0FF26F109CF120910CF39FF4D4016FFA6F15F1004008F2841
:20972000408102823C010090404F405CDA00D9F550403B0045453B80005040F46DFFF7FD50
:20974000A6F239FF504039F05140E20F34CF3C0100902010404FDA0091200028D922F74B7F
:209760004922000A49A4050AA03504202440FC5E821089A00A0991200028D9220B4CE8726E
:2097800091200028D922FF4BE8628200E9F090403BF0FF47820540F46DFF60F6A62F3B90A8
:2097A0000040824540F46DFF59F6A62F3BF000403B00045040F46DFF51F6A62F3BA000400D
:2097C000823540F46DFF4AF6A62F3BF0FF4749A5040A40F46DFF1FF4A62F3BC00040821556
:2097E00040F46DFF3BF6A62F3B101040820540F46DFF34F6A62F3B201040820540F46DFF30
:209800002DF6A62F3BA01040821540F46DFF26F6A62F3B200044821540F46DFF1FF6A62F3D
:209820003B200044820540F46DFF18F6A62F3BA01040823540F46DFF11F6A62F3B30104066
:20984000821540F46DFF0AF6A62F3BC00040820540F46DFF03F6A62F3BF000403B300450A2
:2098600040F46DFFFBF5A62F821440F46DFFE2F5A62F3BF000403B00045040F46DFFEEF524
:20988000A62F3BA00040821540F46DFFE7F5A62F3B40064040F46DFFCDF5A62F3BF0FF4787
:2098A000820540F46DFFDAF5A62F821034A08214820582663BF00F7040F46DFFCEFAA62F8B
:2098C0006E031D0032023BE00040821540F46DFFC5F5A62F3BF0FF47822540F46DFFBEF53A
:2098E000A62F82343BD0005040F46DFFB7F5A62F3BF0FF47821540F46DFFB0F50F2FA080B6
:20990000DA1034AF821482053B1002603B00017040F46DFFA2FAA6283BF0FF47820540F4CE
:209920006DFF9CF5A6283BF0FF4749A5040A40F46DFF71F3A6283BC00040821540F46DFFAB
:209940008DF5A6283BF0FF47820540F46DFF86F5A6283B101040820540F46DFF7FF5A628D2
:209960003B201040820540F46DFF78F5A6283BA01040821540F46DFF71F5A6283B200044A5
:20998000821540F46DFF6AF5A6283B200044820540F46DFF63F5A6283BA01040823540F461
:2099A0006DFF5CF5A6283B301040821540F46DFF55F5A6283BF00044820540F46DFF4EF539
:2099C000A6283BA021403B30045040F46DFF46F5A6283BA02140823540F46DFF3FF5A62880
:2099E0003BA02140821540F46DFF38F5A6283BA02140820540F46DFF31F5A6283B90214076
:209A0000820540F46DFF2AF5A6283BB02140820540F46DFF23F5A6283BF0FF47820540F4AD
:209A20006DFF1CF5A6283BF0FF4749A5040A40F46DFFF1F2A6283BC00040820540F46DFFBB
:209A40000DF5A6283BF0FF47821540F46DFF06F5A6283B000240827540F46DFFFFF4A628F0
:209A60003B000240826540F46DFFF8F4A6283BF0FF473B90005040F46DFFF0F4A6288204C4
:209A800091200058D955530CBB00005840F46DFFFAF4A6283BF0FF473BA0005040F46DFF85
:209AA000DDF4A628820491200028D922530C911000303023D9350008BB00005840F46DFF61
:209AC000E2F4A6283BF0FF473BB0005040F46DFFC5F4A628820491200028D922530C9110B5
:209AE000003030234935000A3B00005540F46DFFCAF4A6283BF0FF47821540F46DFFAEF455
:209B0000A6283BF0FF47822540F46DFFA7F4A62882343BD0005040F46DFFA0F4A6283BF018
:209B2000FF47821540F46DFF99F4A628DA1034AF821482053B1002603B00017040F46DFF6A
:209B40008CF90F28A0F06E031D00EF003BF0FF47820540F46DFF82F4A62F3BF0FF4749A5FA
:209B6000040A40F46DFF57F2A62F3BC00040821540F46DFF73F4A62F3BF0FF47820540F43F
:209B80006DFF6CF4A62F3B401140820540F46DFF65F4A62F3B501140820540F46DFF5EF4AE
:209BA000A62F3B6011403B20045040F46DFF56F4A62F3B701140820540F46DFF4FF4A62F3B
:209BC0003BB00040820540F46DFF48F4A62F3BF0FF4749A5040A40F46DFF1DF2A62F3BC036
:209BE0000040820540F46DFF39F4A62F3BB00040821540F46DFF32F4A62F40F46DFF60F9A6
:209C0000A62F6E031D0091003BF0FF47822540F46DFF24F4A62F3B80FD4291300058D9556A
:209C200053013B80025040F46DFF2DF4A62F822034A0824482053B00C0623BF00F7040F42F
:209C40006DFF0BF9A62F3B40C042D9F550403BC01E5040F46DFFF0F1A62F49F4200AD9F5F0
:209C600050403B801E406DFF34CC3B00014040F46DFF4EF9A62FD9F4088091200058D9550B
:209C80000B4C3B8030406DFF24CC3B00014040F46DFF51FAA62F3B40C342C8653BC03C5076
:209CA00040F46DFFF0F3A62F823034A0824482153B00C0623BF00F7040F46DFFCEF8A62F27
:209CC00049A5050ABB00B84D824540F46DFFB0FBA62F49A50A0ABB40964D824540F46DFF99
:209CE000A7FBA62F821089A00408D9F55040BB80104E3B80025049A6040A82163B60027080
:209D000040F46DFF78FBA62FD9F55040BB80104E3B80025049A6040A82163B50027040F491
:209D20006DFF69FBA62F02F23C0100902008404F405CDA003BF0FF47820540F46DFF8EF377
:209D4000A62F820449A5000A40F46DFF64F1A62F821449A5010A40F46DFF5DF1A62F3BF069
:209D6000FF47822540F46DFF79F3A6F214A0DAF07E060CA15E24DA0134CF3C03DA0034CF27
:209D80003C0100902008DA0074A4BF2406803B803E007F4005808FFF47213C123B803E00F9
:209DA000E20474A4D94550403BC045453B40015049A6000A824682076DFF1DFBA6F23C0103
:209DC00000902008404F0248820949A5040A40F46DFFB4FBA6290CA45F8F4300DA00BE8D47
:209DE000DA013E823C333BF0FF47820540F46DFF35F3A6293B900040824540F46DFF2EF337
:209E0000A629DA0134AF821482058266821740F46DFF23F8A6293C1D3BF0FF47820540F408
:209E20006DFF1CF3A6293B900040822540F46DFF15F3A629DA0034AF821482058266821754
:209E400040F46DFF0AF8A6293C043BF00F903C013BF0FF47822540F46DFF00F3A62902923C
:209E60003C010090200834A4DA00D94550403B804545824549A6000A821682176DFFBBFA36
:209E8000A6F23C0100902008404F02488209DA0074AFD9F55040BB00D34A3B80005040F45F
:209EA0006DFF45FAA629DA013E84DA033E8B3C13DA01E9FF5140DA03E9FF5340DA0074AFED
:209EC0003C0DDA03E9FF5140DA02E9FF5340DA0174AF3C043BF007903C01D9F55040BB0036
:209EE000D34A3B80005040F46DFFA2FAA62949A5000ABB40964D824540F46DFF99FAA69227
:209F00003C010090404F02498208DA103E95DA405F9F41003C7DD9F55040BB80D34A3B0050
:209F2000015040F46DFF03FAA628DA40E9FF5440DA40E9FF56408240E9F05940D9F55040A5
:209F4000BB80D34A3B00015040F46DFF71FAA628D9F550403B0045453B80005040F46DFF76
:209F6000E6F9A628DA04E9FF5040DA04E9FF5140DA08E9FF5440DA08E9FF5540D9F550406C
:209F80003B0045453B80005040F46DFF51FAA6283C42D9F55040BB80D34A3B00015040F444
:209FA0006DFFC5F9A628DA10E9FF5440DA10E9FF5640DA01E9FF5940D9F55040BB80D34AC9
:209FC0003B00015040F46DFF33FAA628D9F550403B0045453B80005040F46DFFA8F9A6281D
:209FE000DA08E9FF5040DA08E9FF5140DA04E9FF5440DA04E9FF5540D9F550403B004545D4
:20A000003B80005040F46DFF13FAA6283C043BF007803C0140F402946DFF7AF7A62840F4E2
:20A0200002946DFF88F8A6823C010090200834A4820814AF1E1314AF5E2ED9455040BB4033
:20A04000E64A824549A6000A821682076DFFD3F9A6823C038FF847213C0100902058404C90
:20A060008208912000F8D9FF50EB481154F089A10C0989A00809912000F8D9FFFB4B49FF75
:20A08000000A49A2100AA03404FF242FFC4E49A5040A40C46DFF4AFBA628DA0089CF120971
:20A0A000DAFF89CF1008912000F8D9FF58EB49FF000A49A2140AA03444FF642FFC4E912093
:20A0C00000F8D9FF60DB49FF000A49A2240AA0B444FF642FFC4E58058B0F02F078055805D3
:20A0E0001B0F10F0780558051B0F40F0780582093C5F534920F010AF489F6E10DA204BF951
:20A100001102534020F010AF48508211DA204BF911220F3100102610F6023C49534920F07F
:20A1200010AF49FF240A14FF160F6E3314FF160FFFDF308009FFC208370F70F03B004D0546
:20A140003F0F128009FFC208370F70F03B0089057F0F0A8009FFC00809A04408370F0CF2BD
:20A16000B4FF3C0A09FFC00809A0440853102000370F0CF2B4FF09C0120914FF160F09F191
:20A18000C00837016C12E21F42F089C012093C0A09CF120909F0C00837006C02420F89CF62
:20A1A000120909CF1209C24F89CF1209C219BFC9A2FF09CF12098B8F01F089CF120949A5AA
:20A1C000240ABB00984D3B00035040C46DFF30F9A62809CF120978029A19780349A5080A21
:20A1E000BB80964D3B80005040C46DFF21F9A62849A5140ABB00974D3B00015040C46DFF37
:20A2000017F9A6283BF0FF47820540C46DFF26F1A6283B900040825540C46DFF1FF1A628E3
:20A220003BF0FF47822540C46DFF18F1A6283BC0FF4249A5100A824540C46DFF24F1A62861
:20A24000DA0334AF824482153B00C0623BF00F7040C46DFF02F6A628D9C550403B004445B2
:20A260003BC0005040C46DFF62F8A62849A4060AD9C5584082246DFF2CC909AFC60809C072
:20A2800012093E038FF84F8102823C0100906D006603911000F6D9FF309E09FFC0086D006A
:20A2A0007A0502F23C010090024F6D005803911000F6D9FF309EB4FF0D0080046D006B05E7
:20A2C0000090404F7CF23C196D00490391100026D922389E49FF000A4922000AA05444FF4D
:20A2E000642FFC4E911000F6D9FF389EDA0134FF0D0080046D004F050090404F6D002F031E
:20A3000091100026D922389E142F6E1391100026D922389E4922000A49FF000AA05444202A
:20A3200064F0FC4E911000F6D9FF389E820034F06D00310502F23C010090404CDA006D005D
:20A340000E03911000F6D9FF10AE09F00059911000F6D9FF10AE09F104595F1028009110B1
:20A3600000F6D9FF10AE09F00459DA104BF01102534121F0911000F6D9FF10AE10FF49FF9A
:20A38000000A49C2000AA04444FF642FFC4E911000F6D9FF10AE91100026D92210AE092FB5
:20A3A0000459C21F89FF0459DA016D00F40402F23C010090404C82086D00D102911000F68C
:20A3C000D9FF10AE09F00059911000F6D9FF10AE09FF0459A2F0DA107FF02A80911000F6D7
:20A3E000D9FF10AE09F00059DA104BF01102534121F0911000F6D9FF10AE10FF49C2000A47
:20A4000049FF000AA044442F64FFFC4E911000F6D9FF10AE91100026D92210AE092F0059A8
:20A42000C21F89FF00590D00800482186D00B30402823C010090404C82086D009002911004
:20A4400000F6D9FF10AE09F000593C25C2F0DA104BF01122534321F0911000F6D9FF10AEDF
:20A4600010FF14F114CFFE17DA104BF01102534121F0911000F6D9FF10AE10FF49C2000AA2
:20A4800049FF000AA044442F64FFFC4E0D00800482183C09911000F6D9FF10AE09FF045964
:20A4A0005F0FD6FFDF083A80911000F6D9FF10AE09F00059911000F6D9FF10AE09FF0459A7
:20A4C000A2F0DA107FF02A80911000F6D9FF10AE09F00059DA104BF01102534121F09110EA
:20A4E00000F6D9FF10AE10FF49C2000A49FF000AA044442F64FFFC4E911000F6D9FF10AE29
:20A5000091100026D92210AE092F0059C21F89FF00590D00800482186D003D0402823C01CE
:20A5200000906D001C02911000F6D9FF349E14FF911000F6D9FF349E820034F06D002B0429
:20A5400002F23C0100906D000A02911000F6D9FF349EDA0134FF0D0080046D001C040090C4
:20A56000404F7CF23C136D00FA0191100026D92218FE49FF000A4922000AA08444FF642F8E
:20A58000FC4E0D0080046D0006040090404F6D00E60191100026D92218FE4922000A49FF61
:20A5A000000AA084442F64FFFC4E6D00F4030090911000F6D9FF3CFEDA0034FF0D00800412
:20A5C0000090911000F6D9FF3CFE14F23C010090911000F6D9FF3CFEDA0134FF0D00800427
:20A5E0000090404C82086D00BA01911000F6D9FF400E54FF911000F6D9FF644E54F0BE0951
:20A60000911000F6D9FF644E54F0DA084BF01102534122F0911000F6D9FF440E10FF49FFE7
:20A62000000A49C2000AA08444FF642FFC4E82186D00B10302823C0100906D00900191100C
:20A6400000F6D9FF400E54FF911000F6D9FF644E54F03E0C911000F6D9FF644E91100026F4
:20A66000D922644E542FC21F74FF6D0094030090404F8208BCF6082F3B0002007FF0048090
:20A6800082023C396D006B0191100026D922400E542F91100026D922644E5420A20FFF8F2E
:20A6A000278091100026D922400E5420DA084BF01102534122F091100026D922440E102253
:20A6C00049FF000A4922000AA08444FF642FFC4E911000F6D9FF400E91100026D922400EA2
:20A6E000542FC21F74FF0D00800482186D00530302823C010090404F7CF23C286D002F0146
:20A7000091100026D922684E49FF000A4922000AA08444FF642FFC4E911000F6D9FF4C5E9D
:20A7200091100026D9224C5E542FC21F74FF911000F6D9FF684E91100026D9224C5E542FC2
:20A7400074FF0D0080046D0026030090404F7CF23C116D00040191100026D922684E492230
:20A76000000A49FF000AA084442F64FFFC4E6D001203009091100046D944EC5E82043BC058
:20A7800000506DFFD8C691100046D944E85E820482456DFFD0C691100046D94418FE820426
:20A7A0003B4002506DFFC7C691100046D944CC6E820482656DFFBFC691100046D94410AE75
:20A7C00082043B8014506DFFB6C691100046D944645E82043B0080506DFFADC691100046CF
:20A7E000D944389E82043B8001506DFFA4C691100046D944505E82043B8000506DFF9BC6EE
:20A8000091100046D944F85E82043B4001506DFF92C691100046D944440E82043B0012504F
:20A820006DFF89C6911000F6D9FF5C5EDA0074FF911000F6D9FF3CFEDA0034FF911000F69A
:20A84000D9FF349EDA0034FF911000F6D9FF309EDA00B4FF91100046D944684E82043B40BC
:20A8600002506DFF68C6911000F6D9FF4C5EDA0074FF911000F6D9FFE45EDA0074FF9110E7
:20A8800000F6D9FF605EDA0074FF911000F6D9FF585EDA0074FF911000F6D9FF400EDA00D6
:20A8A00074FF911000F6D9FF644EDA0074FF0D00800400906D00530082003C0B532020F08A
:20A8C000911000F6D9FF505E10FFDA00B4FFC210BF40F6FF0D0080046D005D020090404F7D
:20A8E0006D003D0082003C0E532020F010F2532020F091100046D944505E1044944FB42F0E
:20A90000C210BF40F3FF91100026D922585E542F6CF26D00400202F23C010090024F025800
:20A92000BF4F03803C1A6D001A00532F20F0911000F6D9FF505E10FFB4F8911000F6D9FFD0
:20A94000585E91100026D922585E542FC21F74FF0D0080046D001F0200903C01911000461F
:20A96000D9445C5E6DFF2276DF02FA7F0090404C40C46DFF62E102283B0010007F800480DB
:20A980003B0010806DFFEBFF3B008000911000F6D9FFE45E54F1911000F6D9FF605E54F272
:20A9A000A221A2109A187F0F4380DA003C20911000F6D9FFE45E54F03B0080104B101102BB
:20A9C000911000F6D9FF645E01F100F610C20920000834F0911000F6D9FFE45E91100026BF
:20A9E000D922E45E5420C21074F0C21F3F8FE1FF911000F6D9FFE45E54FF3B0080004B0FC8
:20AA00001102911000F6D9FF645E01F100F6DA0A34FF911000F6D9FFE45E91100026D92280
:20AA2000E45E542FC21F74FF0D0080046D00B301009049AA38BA911000F6D9FF605E54FF56
:20AA4000911000F6D9FFE45E54F05F0F3F0082003C24911000F6D9FF605E54FF3B00801027
:20AA60004B1F1122911000F6D9FF645E01F300F609F10008911000F6D9FF605E9110002628
:20AA8000D922605E542FC21F74FFDA0A7E123C1401A000F634F1C210911000F6D9FF605EA7
:20AAA00054F1911000F6D9FFE45E54FF3E153B0010F03FF0D0FF01A000F6DA0034FF7605A2
:20AAC00049A4000A6DFF96F1009049AA30BA405C02488209DA147F8F04803B400180BD0471
:20AAE00013003C0901A900F6014900260920000834F0C219014900F609FF00086E04DAF32F
:20AB00003FF9F2FF820A3C2EBCC6534A20F010CF54F43C028204DAF43FF903803C2501A968
:20AB200000F6DA2034FFC219CE4A01A900F6DA2D34FFC219C2143254C2143C0149A40B4A99
:20AB40006D001A013C0801A900F6092F000834FFC219B01249AF0B4A7DF2F7FFC21A370AAA
:20AB600068A03F8AD3FF01A900F6DA0034FF49A4000A6DFFFEFE00906DFFFBFE009049AAAE
:20AB800030BA405C0249820ADA147F9F04803B400190BD0413003C0901AA00F6014A002691
:20ABA0000920000834F0C21A014A00F609FF00086E04DAF43FFAF2FF82083C24BCC65348A2
:20ABC00020F010CF54F43C02820449A40B4A6D00D300DAF53FFA03803C1701AA00F6DA207F
:20ABE00034FFC21A3C0801AA00F6092F000834FFC21AB01249AF0B4A7DF2F7FFC218370885
:20AC000068803F98DDFF01AA00F6DA0034FF49A4000A6DFFAEFE0090404F405C406D6DFF08
:20AC20009EFE91100026D922EC5E942FB4FF911000F6D9FFEC5E881FB4CF911000F6D9FFA4
:20AC4000EC5E084F34DF911000F6D9FFEC5E09FF06096D00A00002F23C0100900248025FF7
:20AC600002696DFF7CFE911000F6D9FFEC5EB4F8911000F6D9FFEC5EACF1911000F6D9FF59
:20AC8000EC5E2849911000F6D9FFEC5E91100026D922EC5E092F0609C21F89FF06090D0068
:20ACA00080046D00780000900248025F6DFF57FE911000F6D9FFE85EB4F8911000F6D9FF5F
:20ACC000E85EACF10D0080046D0065000090404F6DFF45FE91100026D922F85E4922000AD3
:20ACE00049FF000AA044442F64FFFC4E6D0053000090404F7CF23C1E6DFF31FE91100026F5
:20AD0000D922F85E49FF000A4922040AA03444FF642FFC4E911000F6D9FFF85E9110002697
:20AD2000D922F85E142FC21F34FF0D0080046D0032000090404F6DFF12FE91100026D922DE
:20AD4000CC6E0921C4085420A82174F06D0023000090404C6DFF03FE911000F6D9FFCC6E60
:20AD600009C1C40854C0A82174F00D0080046D0012000090B0F4DA0A4BF411028B0103F003
:20AD8000344FDA0A4BF41142DF04F6FF40423C01009091100046D9445C5E6DFF6B740090FA
:20ADA000000081F800000000000083F801000000000085F80200000000000000000000001F
:20ADC0000000000000000000000000000000000000000000000000000000010000010F0062
:20ADE000010F0000000000000000000000000000000000A0FF3F00A0004000A0FF7F00A0C7
:20AE0000008000A0FFBF00A000C000A0FFFF00A0000001A0FF3F01A0004001A0FF7F01A036
:20AE2000008001A0FFBF01A000C001A0FFFF01A0000002A0FF7F02A0008002A0FFFF02A00E
:20AE4000000003A0FF7F03A0008003A0FFFF03A0000004A0FF7F04A0008004A0FFFF04A0DE
:20AE6000000005A0FF7F05A0008005A0FFFF05A0000006A0FFFF06A0000007A0FFFF07A0AC
:20AE8000000008A0FFFF08A0000009A0FFFF09A000000AA0FFFF0BA000000CA0FFFF0DA06A
:20AEA00000000EA0FFFF0FA0000010A0FFFF13A0000014A0FFFF17A0000018A0FFFF1BA0FC
:20AEC00000001CA0FFFF1FA0000020A0FF3F20A0004020A0FF7F20A0008020A0FFBF20A03F
:20AEE00000C020A0FFFF20A0000021A0FF3F21A0004021A0FF7F21A0008021A0FFBF21A054
:20AF000000C021A0FFFF21A0000022A0FF7F22A0008022A0FFFF22A0000023A0FF7F23A0E9
:20AF2000008023A0FFFF23A0000024A0FF7F24A0008024A0FFFF24A0000025A0FF7F25A0F9
:20AF4000008025A0FFFF25A0000026A0FFFF26A0000027A0FFFF27A0000028A0FFFF28A045
:20AF6000000029A0FFFF29A000002AA0FFFF2BA000002CA0FFFF2DA000002EA0FFFF2FA07C
:20AF8000000030A0FFFF33A0000034A0FFFF37A0000038A0FFFF3BA000003CA0FFFF3FA0FD
:20AFA000000702001100000000A003F00800000088000000010003000900000000A003F0B4
:20AFC0000000000088000000020402003300000000C103F00000000088000000040103006A
:20AFE0003600000000C103F003000000880000000000000000D303F0040000000A00000008
:20B000000001000000D303F005000000080000000002000000D303F0060000000900000085
:20B020000003000000D303F007000000090000000004000000D303F0000000000600000067
:20B040000005000000D303F001000000060000000006000000D303F002000000060000004A
:20B060000007000000D303F0030000000600000000000CF000B303F00100000001B00000A6
:20B0800000000CF000B303F00200000001B00000001D00F000B103F00300000001000000A6
:20B0A000001D00F000B103F00900000098000000001D00F000B103F00600000098000000EF
:20B0C000001D00F00300000000B103F00A000000A0000000001F00F000D303F00D00000030
:20B0E00003000000001F00F000D303F00C00000098000000001F00F000D303F00B000000F4
:20B1000098000000001F00F00500000000C303F00400000098000000001C00F00000000025
:20B12000001D00F001000000001E00F002000000001F00F003000000040017B7D138000004
:20B1400000000000030017B7D138000000000000020017B7D1380000000000000300000039
:20B1600038B10180013B050017B7513912011202FF0F3F0312221402FFFFFF0F02000000FD
:20B180000F000000010000000F000000000000003F000000000000003F0000000000000012
:20B1A0003F00000055120000FF7F0000002D3101000000000000000000000000000000000C
:20B1C0000000000000000000000000000000BD3786350000BD378635000000000000000011
:20B1E0000000010001000000000001000000000000000100000000000000000008C9BCF3CB
:20B2000067E6096A3BA7CA8485AE67BB2BF894FE72F36E3CF1361D5F3AF54FA5D182E6AD79
:20B220007F520E511F6C3E2B8C68059B6BBD41FBABD9831F79217E1319CDE05B22AE28D7B1
:20B24000982F8A42CD65EF23914437712F3B4DECCFFBC0B5BCDB8981A5DBB5E938B548F3D1
:20B260005BC2563919D005B6F111F1599B4F19AFA4823F9218816DDAD55E1CAB420203A3C5
:20B2800098AA07D8BE6F7045015B83128CB2E44EBE853124E2B4FFD5C37D0C556F897BF242
:20B2A000745DBE72B196163BFEB1DE803512C725A706DC9B942669CF74F19BC1D24AF19E33
:20B2C000C1699BE4E3254F388647BEEFB5D58C8BC69DC10F659CAC77CCA10C2475022B592C
:20B2E0006F2CE92D83E4A66EAA84744AD4FB41BDDCA9B05CB5531183DA88F976ABDF66EE8D
:20B3000052513E981032B42D6DC631A83F21FB98C82703B0E40EEFBEC77F59BFC28FA83DBD
:20B32000F30BE0C625A70A934791A7D56F8203E05163CA06706E0E0A67292914FC2FD2464E
:20B34000850AB72726C9265C38211B2EED2AC45AFC6D2C4DDFB3959D130D3853DE63AF8B6C
:20B3600054730A65A8B2773CBB0A6A76E6AEED472EC9C2813B358214852C72926403F14C84
:20B38000A1E8BFA2013042BC4B661AA89197F8D0708B4BC230BE5406A3516CC71852EFD68B
:20B3A00019E892D110A96555240699D62A20715785350EF4B8D1BB3270A06A10C8D0D2B82D
:20B3C00016C1A41953AB4151086C371E99EB8EDF4C774827A8489BE1B5BCB034635AC9C551
:20B3E000B30C1C39CB8A41E34AAAD84E73E363774FCA9C5BA3B8B2D6F36F2E68FCB2EF5D91
:20B40000EE828F74602F17436F63A57872ABF0A11478C884EC39641A0802C78C281E63238F
:20B42000FAFFBE90E9BD82DEEB6C50A41579C6B2F7A3F9BE2B5372E3F27871C69C6126EA9C
:20B44000CE3E27CA07C2C021C7B886D11EEBE0CDD67DDAEA78D16EEE7F4F7DF5BA6F17720B
:20B46000AA67F006A698C8A2C57D630AAE0DF9BE04983F111B471C13350B711B847D04238B
:20B48000F577DB289324C7407BABCA32BCBEC9150ABE9E3C4C0D109CC4671D43B6423ECBD2
:20B4A000BED4C54C2A7E65FC9C297F59ECFAD63AAB6FCB5F1758474A8C19446CA37859132D
:20B4C000CA4DEB75ABD841414D0A700098E879777940C78C73FE6F2BEE6C035201000000F2
:20B4E00000000000000000000000000000000000000000000000000000000000EDFFFFFF62
:20B50000FFFFFFFFFFFFFFFFFFFFFFFFFFFFFFFFFFFFFFFFFFFFFFFFFFFFFF7FB0A00E4A1F
:20B52000271BEEC478E42FAD0618432FA7D7FB3D99004D2B0BDFC14F8024832B000000003C
:20B5400000000000000000000000000000000000000000000000000000000000F0AF0180CB
:20B5600000B0018010B0018020B0018030B0018040B0018050B0018060B00180561B018032
:20B580006C1B0180661B0180B0B0018080000000A0B001808000000090B001800802000024
:20B5A00000C103F00400000000C103F00500000000C103F00200000000C203F003000000AC
:20B5C00000A003F00200000000A003F00600000000A003F00A00000000A003F00C00000001
:20B5E000C8AF0180DCAF0180B4AF0180A0AF0180908903F0000000F0908403F0F4B001806B
:20B6000080000000E4B0018080000000D4B0018010020000000000000000000000000000FE
:20B620000000000010000000C0800080100000000000000080000000D0800080800000005A
:20B6400000000000808903F0848903F0888903F08C8903F0908903F0948903F0988903F0B2
:20B660009C8903F0A08903F0A48903F0A88903F0AC8903F0B08903F0B48903F0B88903F09A
:20B68000BC8903F0C08903F0C48903F0C88903F0CC8903F0D08903F0D48903F0D88903F07A
:20B6A000DC8903F0E08903F0E48903F0E88903F0EC8903F0F08903F0F48903F0F88903F05A
:20B6C000FC8903F0A08A03F0A48A03F0A88A03F0AC8A03F0B08A03F0B48A03F0B88A03F0D3
:20B6E000BC8A03F0FDFFFFFFFFFFFFFFFFFFFFFFFFFFFFFFFFFFFFFFFFFFFFFFFFFFFFFF2F
:20B70000FFFFFF0FEBFFFFFFFFFFFFFFFFFFFFFFFFFFFFFFFFFFFFFFFFFFFFFFFFFFFFFF4D
:20B72000FFFFFF7F230023002300230046008C003D007A00F400E80140420F0080841E00E8
:20B74000404B4C008096980040420F0080841E00404B4C0080969800002D310109000000C4
:20B760000D000000C000B4544000C0540401D0540404D055010484DB0404C4DB0204C4DE97
:20B78000020444DF010444E0010484E0C00858D800000000000000000700000000000000EF
:20B7A00000000000000000C05541525420696E697469616C697A656400626C696E6B79004E
:20B7C0006563686F00746F6600726F626F7400464154414C3A20737461636B206F766572A7
:20B7E000666C6F7720696E207461736B3A005350443D00000102030000000001000203005D
:20B80000000000010200030000000001020300000000000000000000010203000000000115
:20B820000002030000000001020003000000000102030041505046572074633237355F6322
:20B8400061722076312E312E3200000203015344433143414C534C4F54303D0043414C53DC
:20B8600045433D0043414C53415645204641494C2073742F465352302F312F323D004341F5
:20B880004C534C4F54313D0043414C534C4F543D0043414C4942524543206C6F616465649F
:20B8A0002066726F6D2044464C4153480043414C494252454320696E76616C69642C2064F6
:20B8C000656661756C74730043414C434C454152206661696C65642028666C617368290039
:20B8E00043414C53415645206661696C65642028666C6173682900EDD3F55C1A631258D677
:20B900009CF7A2DEF9DE14000000000000000000000000000000101AD5258F602D56C9B218
:20B92000A7259560C72C695CDCD6FD31E2A4C0FE536ECDD3366921586666666666666666C1
:20B9400066666666666666666666666666666666666666666666660C0A080804020101018E
:20B96000494D554552522073742F69642F6572722F636C6B3D00494D552072656164792092
:20B980002857484F414D493D307837312C204F445220323430487A2C202B2D34672F2B2DFE
:20B9A0003530306470732C20314D487A2900494D5520616273656E74202857484F414D4961
:20B9C000206D69736D61746368206F72206275732064656164292C207265747279696E67EF
:20B9E0002031487A00494D5520435320776967676C65203330306D732F7320756E74696C73
:20BA00002073656E736F7220666F756E6400494D5520666F756E64202857484F414D493DBF
:20BA200030783731292C20636F6E6669677572656400494D5520627573206C6F73742028DC
:20BA400072656164206661696C75726573292C2070726F62696E672031487A00494D55006B
:20BA60004C494E4B20636D64712066756C6C2078004C494E4B206C6F7374004C494E4B200A
:20BA80007570004C494E4B20646F776E20286E6F2053465F524541445929004C494E4B456D
:20BAA00052523D004C494E4B4442473D00000101005352563D00454E4343414C2073746125
:20BAC00072742028776865656C73206D757374206265206F66662067726F756E6429004568
:20BAE0004E4343414C00454E4343414C2061626F7274656420286573746F702900534552B8
:20BB0000564F20636C6F7365642D6C6F6F7020656E61626C656400534552564F206F706521
:20BB20006E2D6C6F6F7020287265636F7264207372633D303B2063616C69627261746520F2
:20BB4000766961203078373029004A4F472074696D656F7574004F54413A20736C6F742026
:20BB60006D61726B656420444F574E4C4F41444544004F54413A206D65746120636F6D6D9F
:20BB80006974204641494C45442028646F776E6C6F6164656429004F54413A20736C6F7471
:20BBA000206162616E646F6E6564004F54413A20626C616E6B206D6574612C20636F6E66CA
:20BBC00069726D2073656564732064656661756C7473004F54413A2073656C662D74657310
:20BBE0007420636F6E6669726D65642C20736C6F742056414C4944004F54413A20636F6EDE
:20BC00006669726D20636F6D6D6974204641494C45440074510999F74248144463958ABF87
:20BC2000BDD6FC559F9AB247C311FB58F74C5D6D468B5F4A4F472072656A65637465642024
:20BC400028626164207061796C6F616429004A4F472072656A656374656420286661756C2C
:20BC60007429000000000000000000000000000000000049444C45005443465700546D72A2
:20BC80002053766300544F4645525220626572722F73742F737465702F6572723D00546F42
:20BCA0004620627573206C6F7374202872656164206661696C75726573292C2072652D70AA
:20BCC000726F62696E672031487A00546F462072616E67696E6720286669726D776172651C
:20BCE000206C6F616465642C2073657474696E6773206170706C6965642900544F46000FDE
:20BD000004040008101007000000000000000F000200080000000F050100000000000F03AC
:20BD20000101E40F040417081010070078000800000008A0FC010001000100000300005442
:20BD40005000800004040400000808AD3000800201030300000300AD38010001E001400086
:20BD6000400040010004000000000154580040041A0100545C01400000271000000FA00F4C
:20BD8000A003E802801F400000050054700080032003200000000854780100011300290096
:20BDA000330000020000010401080254880140000000000000000000000000000000000021
:20BDC000000C00AD48010001F40000030600100807080700000008AD60010000000080009F
:20BDE000000000201F01F400001D0AAD70008008001F4000000001AD78008000A00320007B
:20BE0000010190AD80004000002800AD8400800000320003200000AD8C00800258FF3800AB
:20BE200000000CAD94010000019000FFFFFC000000040000000101ADA400C00480061A006E
:20BE400040058000000106ADB000C00480061A1900058000000190ADBC0440000000000079
:20BE60000000000012002500000006000000050000000500000006000000040000000F0062
:20BE800000005A00000000000000090B0C0B0B030311050101010100000000000D0000AE37
:20BEA00000010400000004000000080000000A0000000C0000000D0000000E000000080038
:20BEC00000000800000010000000100000002000000020000000060000050A02000C0800CF
:20BEE000000000AE400040000001FFAE44004000100401AE48004000001000AE4C0040004D
:20BF0000000001AE500140000000140400280003206C000000000000002580AE640040001B
:20BF2000000002AED8010000C805DC00000CCD0104000000002601B5500282000000000041
:20BF40000000000000000000000000000000000000000000000000000000000000000000E1
:20BF60000000000000000000000000000000000000000000000000000000000000000000C1
:20BF80000000000000000000000000B5A002820000000000000000000000000000000000C8
:20BFA000000000000000000000000000000000000000000000000000000000000000000081
:20BFC00000000000000000000000000000000000000000000000000000000000000000B5AC
:20BFE000F0004000FF0000B39C01004000051E021B087C8001120100000800B6C000C000EC
:20C000000060000000200000000000AEA8004000000405AEAC00800100010000020000AE75
:20C02000B4004000000000AEB800810000000000000000AEC000810000000000000000AE88
:20C04000C800810801010800000008AED000810108080800000001B5F4008000000000003B
:20C06000000000B5FC00800000000000000000B604004000000000B6080044000000000093
:20C080000000000000000000000000B618004400000000000000000000000000000000B6D8
:20C0A00028004400000000000000000000000000000000B6380044000000000000000000E2
:20C0C00000000000000000B648010000000000000000000000000000000000B65801000052
:20C0E000000000000000000000000000000000B66801000000000000000000000000000021
:20C100000000000000000F000103C89FD800C0032009600B080817080808039FE401400070
:20C12000000000000000000000000001E00020000000209FF80040171717179FFC04040008
:20C140000046A4000037660000266000001CBC00001773000011250000110700000E6300B1
:20C16000008B4C000060A200003DC0000026AA00001BC20000180400001497000010ED0078
:20C1800001281B000093F0000057610000302B000020AA00001AB6000015C30000160E002F
:20C1A000017FBB0000AD58000071AF000036D9000022FB00001C96000018830000179600F9
:20C1C000019000000097D60000663B0000330A000020CD00001938000016A5000014BB00BB
:20C1E00000AFCF0000657D00003D93000029D10000194E000015BA000011C60000127F0077
:20C2000000731D0000422C00002E8200001E800000181C0000132D00000FC600000F8500F5
:20C22000004F04000033E900001F06000018400000132C0000129700000E0100000DACA0C2
:20C24000FC010000000000000000030000000000000000A10C0100000000800000000300AD
:20C2600000000000000000A11C00C0000070EB0C8001E000000026A128090200000000007F
:20C2800000000000000000000100000036000301D9014302330217024B024101170222002C
:20C2A00027005D0005001100000001000000000000000000000000000000000000000000E3
:20C2C00000000000000000000000000000000000000000000000000000000000000000005E
:20C2E00000000000000000000000000000000000000000000000000000000000000000003E
:20C3000000000000000000000000000000000000000000000000000000000000000000001D
:20C320000000000000000000000000000000000000000000000000000000000000000000FD
:20C340000000000000000000000000000000000000000000000000000000000000000000DD
:20C360000000000000000000000000000000000000000000000000000000000000000000BD
:20C38000000000000000000000000000000000000000000000000000000000A24800400073
:20C3A000000000A24C00810000000000000000A25400810000000000000000A25C00810018
:20C3C00000000000000000A26400810000000000000000A26C008400000000000000000044
:20C3E0000000000000000000000000000000000000000000000000A28C008200000000008D
:20C4000000000000000000000000000000000F05010304E0000308E0000AC8E0000508E096
:20C420006037C8E0000A88E0000A88E0000A88E0000A88E0641C28E0641FE8E0642348E073
:20C44000642988E0643268E0680568E0680948E0680CC8E0681328E0681648E00009E8E0A5
:20C460000009C8E00009A8E0000988E0000968E0000948F8020006C1C381011E06A10B1A77
:20C480000681009923E10097B397E3062C97730634E2C0062CFC80C183E340E2C0061CFCC7
:20C4A000980634FC9C0634E340061C6938C183C143E800C1C38105E100000CFA045E65EC1E
:20C4C000100CF0F41C5E60BC6E8861FF8407FC9A14D804E4300460FC124C06E0D04C4AC180
:20C4E000C38215C1C3C1C3F804170C81938183E2C00C2C1C8CD167E36BE404E56B8E058050
:20C500006033083458E76BE96B8060EB6B8AC58060358839D8ED6BF16B8060806036A83792
:20C52000F8F36BF56B8060F76B8AC5F96B8C05FB6B8C450C0A8A458A65E4B4E4B80C0A3931
:20C54000F884454006E060404AFC1280D5E0D0C1C3C1C31F0CC1C30FFCF004BCF4F784C155
:20C5600053FD64E080000CE080000CE080000CE080000CE080000CE080000CE080000CE033
:20C5800080000CE080000CE080000CE080000CE080000CC1C3C143C1C3C153FAFC040C60D9
:20C5A0000006DA0A20A10B183064000E24E400020A37800C068000083420000A70B7805849
:20C5C00042A40481613298212BAA45060A8CBB0C1000000400E400181A6400A825E00008E4
:20C5E00004A11D0E1457801006D780044040000854C4044C72768010C4D2A0144076800E19
:20C6000064A4801224F680A16B76803C0154808C8B400004800890DC004870849B28A3ECF6
:20C62000040EA09EE5A07D964B217B0E8A86450E9AE5000006448016A0800008542C84C06F
:20C6400000289C20010E4A0054400000C4A8ACC000289D0F9C14544002885B80CB99A86147
:20C66000840084E1840894128401CB324FE0FCE4041C704B0A01A158DA841094BB64006DA1
:20C6800084401A1C70C61F00C424080E54A084085421FC4002A084A1EB399C3C005800BC45
:20C6A000004A401D5A08C50EE0E0040DCBEC04E1FC00A44B0A42B758FA840808C46418100D
:20C6C000A4E0FC400A608420BFED8C005490AB14846184280F9C809194482213B04A624CAB
:20C6E00050C3C7805B1C0027F04ED89C004440960B211D578004A4D78002B440000606C491
:20C70000040420528C42124010946B4C205C00801BDC000C0C8C0BDD93F2FC8C1B7FC580B9
:20C720006B7FA5967B73E5FA3C040C81C1210B0000020AA085986B76800A140824A12B0607
:20C740000A76800C048000988B7680061A1EC51834E000A11B7680A4800E403C014EC0088A
:20C7600060C00048500480A873DC00EC040A709AC5A05D90CB215B0A8A86450A9AE50008F9
:20C78000064480107080000A4A2C84C0002000289508340C24400008248F94182428A0C06F
:20C7A00000289419984842883B982B61840814E0FC0C14618418042CCF893BE41046DA0427
:20C7C00030450AE40412506D84401A125081C10C2424080834A1FC0A2420844842A084A14B
:20C7E0009B39983C004640BC004450135A186B88C5E004EC040E9046FA033B450AE4040A4D
:20C800002404001034E184C26760FC60841CC4ED8C400A6184083410C4B05F9CCB61FC5023
:20C8200002306F44129188883B138C1C00422040808A2B18E41C004FD89C80180BA7EC0C76
:20C840000C8C1BDD93F23C826B00CB75F5FF95C1C3905BFAFC040C808B210B0000020A0415
:20C860006B829B80E5867B060AA12B400A800080E5E59C841B81210C0C840BDD93F2FC6890
:20C8800000418800BB841B02AB900B41188E1B007BE80040D8920B8C1B680044B28131421A
:20C8A000A2F08C8623F29C42127D85C1C3F280E6864A0EE706580E6606460EE1C00854679C
:20C8C00086440EE0C000C402C460578A03E1C0F29042125D938603F2884212E50004CAC1E0
:20C8E0007C0214DC004010848004CACC800420C9080014C17C02148000045AAD88061420B3
:20C900000106060004C0000214898840028908DD93998CE50004CAC0000206C000000684F2
:20C920008004CACC800420C9880014C00002068000045AAD880614200106060004C00002EC
:20C9400014898840028988DD93998C8141610B06148A25E11B76807680040408858141068E
:20C9600030A43304046C04A03DE184A13B86E5C88C021464041830E408431A24081830A038
:20C980008402140AC021CB195AEC048245E004C247401D1C8008449184400227FC4A985D32
:20C9A00093C3177FE5880B7D55804BC1C3883BFA00040C8111006BE8045048E1A04086005D
:20C9C000158004A11BE03CDC384208680457C8C1C38C0BFA04047C749146CE498EC010C0E4
:20C9E0001074918825893DCD14CD04050ACD244A00E0808425F00CE4000A3A600100980489
:20CA0000208000C116EC04F80C004A0420FE65E92DEC10FE85C11EE00404CA800045484562
:20CA2000C8C116FBF587FCE198414661914306801EC00081119B0181318121E8044A888C7F
:20CA400045A10B7491074E48CEC010C01074918A45893DCD14CD04050ACD244A00E0808659
:20CA600025F00CF00C4C10E4184A5AE4000A3AA0000128600100A8C5508000EC04042000FA
:20CA80004AC156FE45F80C0420C554E92DEC10FE65C15EE00404CA80004588C156C550876B
:20CAA000FC45884786FB6508F0E1908C4EE430E1A40C46E1A40E4682458F6D023AD914008D
:20CAC00068E40080006001FC3842088161FF650046E16B4C08E1A48B04DC38FE248914E8B0
:20CAE0006C5368E1A40C46E1A40E4682458F6D023AD9140068E40080006001FC3842087553
:20CB000078FF650C7CEFFCDD93F2048055A11B0A0083114006E550404AFC12D7F4E0D0C1E2
:20CB2000C382B5C1C3C1C3F4040B3FF4040B2FF4040B1FF4040B0F0A508135405AEC404431
:20CB400006E0BC446ABC22404AA090C0002089ED88401A200101980AFFC000C1C3F404C1F5
:20CB6000C3C1C3F4040BF5F4040BE5F4040BD5F4040BC5F4040BB5F4040BA5F4040B95F402
:20CB8000040B850AFF81550A50F404D7E4EC80D7B4D7D4D794D7A4D774D784820B9464FA68
:20CBA000005C08F83C044CE440048A212B80A58215803B461281F5064AF98082B5F80C0442
:20CBC00020803B044AEC04C548E4004588CD460C4C87FCDD93F03C6C400A204927E1C10408
:20CBE000208ACF06C06C04044AE440481264000033F08C0275806B0285F0100295F80C0221
:20CC0000A5F8084C75F8044C85F0104C95F80C4CA5F8084408F804445287F8E92DF1B00AED
:20CC2000208695C5276C1061880E54EC040C2064041870E4000C4A047444C74242E08886CB
:20CC40007B70B0DD8ED18487FC4D8871884452A12B9833F7E5ECF5881B212BF7A5EC75E171
:20CC600000000CF804040C780C000A8225803B94A5A12B04204D16064AEC04FE25F80C9029
:20CC800095E92D7A800814E440048AE0A00A440854A85F06F5E0C00C24AA4F0A20619061B0
:20CCA000C1EC40EC040C600C4A0ACF4E32E400862B70B0E4400670F0104445F80C4445F81F
:20CCC000084445F804444587FC4C08F1B044528695E92DF9C107514A52A4530453FAB0EC6D
:20CCE0001004200E2408514557E188E40418706C040C50E0880A7464000C4ADD4E867B87E1
:20CD0000FC4DC8AA2344C7A12B983304208205044AEC04CD16E40087FC45C8F0040C0CC186
:20CD2000C3DD93FE7C040C044A007B4072E0101EF07988000CED20001A6200110EF80C1BE9
:20CD40000E828B200100265E05C00040002035233EEF8D5E17A40B9D2EE0FC2388A10E00B7
:20CD600024C000C41B6188C03B7D417A104212FA1046328413003382113E1E82317C3E00C8
:20CD800020191E973EEC040084FE0EAF8B6184540A158E2EA5E68A00808EA3108A6C044089
:20CDA0000AE4A45672E68A40707080A2B5DC0000840FBE23B4E18CE68A4C0A60840064F043
:20CDC0009850728E030D0E8E0B0B0E5608901B138EFC380B84809B901B900BFC38560882B9
:20CDE0009DFF11A00D82850E0B84D5A324901BFC3844088E0B210D81C582858275A10D9025
:20CE00001B0E0B4408A324210DFC3880458E0B930E900B50A22C0B2364F198F09856A29086
:20CE20000B0B0E4C08941B009BFC3809BE940B4C08961BFF11FC3882A5829D84D5A00D9071
:20CE40000B09648C1BA324FC38440801D5A10D9C0050608255A10D900B09A4941BA324FC5D
:20CE60003844088055A10D8FB490AB8D148B949693A364718440B28D0E921BFC384C0892F4
:20CE80000B008B4C08961BFF11FC3882C5828DA00D15840D648615A324961B44088C0BA10F
:20CEA0000DFC384CB001E515849C008275A10D961B0D648C0BA324FC3844088095A10D8C26
:20CEC000BB0135930492BB941B23644C08930E009BFC38961B940BFC384C08829DFF11A0DC
:20CEE0000D828513A484D5A324961B4408940BA10DFC3881D582A58275A10D961B13648CF3
:20CF00000BA324FC3844085660A10D96AB9C00002A9B040118E00080004001E0FC1E0717E3
:20CF2000148435024A8E0B8024E400C13EA8344308E92E830587FCA8149C04A80E9C1E198A
:20CF40001481B5024A8E0B8028E400C136A8384308E9261D1487FCEC040080500A81614045
:20CF60007266861B0EF0840E8380AB90BB809B8CD5D6AD8E1B140B4408A324A00DFC38A153
:20CF80000B8AF59D049205A10B8DB5C0401E05012888D580004001E0FC1E071724845596CC
:20CFA0001B900BE400044A80448434C13EC54E87FC4508AC048315AC1EA01481C5A00E96DB
:20CFC0000B1924044A901B8038E400C14684484508C536210487FC80838361D6AD80B316FE
:20CFE0000B94F5A3248E1BFC384408F2C5A10D400103981E0780008E35E0FC960B17240448
:20D000004A941B8434E400C54E80444508C13E878587FC400101281E0780008455E0FC9471
:20D020000B1724044A921B8434E400C54E80444508C13E831587FCA814A404A80EA41E19E0
:20D040002481C5941B920BE400044A84488038C536C14687FC450883611D0471958093A8CC
:20D060000480A3A81EAC1481C5AC0E940B1924044A961B8038E400C14684484508C5361D54
:20D080000487FC210483616F3580A31D1480B39504A16BE686400A00000E88F08058727139
:20D0A0009C4292F1A440A2922B011D44A00E3B46909C0048229C00A14BF18C1E078A25428A
:20D0C000A260FC8455F190FD3145474422C82B8E3B7A0C82218823E400044A84548C44C5A9
:20D0E0004ECD5E87FC450808308335FD516C0482212443FA14484226238823044A8E3B8C00
:20D1000048E400CD5684584508C5461D2487FCF1A042C2F1AC52824492A413A12BFB841ECC
:20D12000078C4584B5E0FC61880224423BFD41F18844C2FA10463202308233024AE404A874
:20D1400034E400E94E88444308C93E83B587FC06B07E143033EC04901382214212B813FDAA
:20D16000317A8CFA0C4612F1844232E400024A46C228580E48F188EC0404208E56E94687FC
:20D18000FC4208986B1D148245C20DEFF87E088E0B001BA3349D24EFFC5C68C29D9D147D8A
:20D1A00058A805920B6FF8F1A44E62808B1D24F9884072000A11045E07F80C1B0EE0FCC055
:20D1C00000002640345E051E08EF8D408A9FFC840DE68A0E03A0C5F08850720024190E440B
:20D1E0001BE188403BFD21FA08421244321D348023FA08E40416200C108613CE8DE40490AA
:20D200009B8AC592AB2194941B2324920B9493FC3844088875A30DA10B9B041E0782E584F0
:20D2200035E0FC6400164A961B920B8034A824C12EE93E87FC4308A8048305A81EA4148134
:20D24000B5A40E64000C4A8C1B920B8038A828C126E93687FC4308F4B5CE9D19049D04C17A
:20D260008D808387D5F2B5820D1BB48E2599CEFC84BE64828182618AC5CEBD2194969B2338
:20D280002492AB9493941B4408920BA30DFC380118887580004001E0FC1E07104A8435920D
:20D2A0000B6400A824901BE93E80344308C12E830587FCA414A804A40EA81E0C4A81B5926E
:20D2C0000B6400A8288C1BE93680384308C126CE9D87FC9D04F4B580B31904F2B5C1BDE5CD
:20D2E000201EF0F67C0C0CC1C3DD9304FC805B4006E2C0D56EFC12D58ED57E405AD59E4269
:20D3000006E0BCD5AEBC22D5DED5BE426AD5EE404AA090C0002089ED88401A20010178C108
:20D32000C3C000C1C3C1C3F0044B85F0044B95F0044BA5F0044BB5F0044BC5F0044BD5F0EA
:20D34000044BE5F0044BF5C21F81A5D51ED51ED51ED51ED51ED51ED51ED51EE0D0404A820A
:20D36000B5D52EC1C3C1C34B0FC1C34B1FF0044B2FF0044B3FF0048165F004D51EC21FD542
:20D380001ED51E94FED51EDD938101E0041986A3CDC1C3184A82A54346E0000215E19842CA
:20D3A00005800041FE8000BFFF1FFD4346DD938414E19841FE84CEFFFF7FFDC1C3DD93FE48
:20D3C0007C040C6C401EF07C0E826BE1A0408602058014A10BE14802109AE5C0016521BE43
:20D3E00014BE1E808BFE1EA30DA204401B92551400FD214E1264044407FA0810039473E439
:20D40000000E6AE6101600A16B140B140000E51615EC048D1BE08022148AF5EC080000F8A0
:20D42000801625500583AB020600045615C000A12B588010158825833161880034229480FA
:20D440001FE8808265A11BE18C10152C14801F8205A11B4408820B8175FC38FC384408FC6F
:20D46000048145FC384408819BA204FE048835910B80044E6886B53FFF47E5EC1016B0A103
:20D480000B8101A2048625A10B2004A10B82B5FE748465900B1C0E680140089C84C000E862
:20D4A00075A18B7E8E8195E6D5A10BBE048155A10B8004A0F1E4F5F67C0C0CC1C3DD93E1B1
:20D4C00000000CFA00004C8301001BEFFC76088105C143FA8002140006E11B00069422DD3D
:20D4E00093D462F800040C6C501EF0E47C034A826B3C5EFC1EBE5E42668E050C4AF002069E
:20D5000034647C5E15FA804A0E00045E259FFC061A00081E25E400442280045E2598141E0A
:20D520002580001E5580004A5080084422907C5E2599941E2580044220800418149C00405A
:20D54000003CB5BC341814024400D5E11BFA80DC3C18C4E2320066420E28F1C01060010C19
:20D560000C8C2B8775F000017E28F10C0CFFF8DD93F0006C401EF0E47C014ABE2EBC2E8634
:20D5800085FC2EE47C000A440684453E2EF002FC1EC121841FBE14BC14BC1EBE29FC24BE21
:20D5A0001EA41F0006BE148155E206F87E4006F0FE00065D9381017FE5A0F1FFF801AEE255
:20D5C000C0041C041FC111F07C4400021CA41FDD93E340E47C040A408804240000060E08D8
:20D5E000308010481204105802D08802067190FFFC600000C483C7020FF080700142C06184
:20D600000BDFFC73FD40C04807C00300A5D0175D93A20FFFF8018E60010286A20FF800401D
:20D6200006900EA10DFC12400682C5A10DFC1A400682150206FC0AC02060018075830DF395
:20D6400072004681015D93FA7C040CEC301EF0864B088B81713E2E405A006B7C7EE5064202
:20D660005A8131882B6586EFF84F6867D10000448640014212E03C8131729CEFF84568005B
:20D680000017A4C0046401729C42121974D707E0D41614FF0120BF001401BB57FEE1ACA1C9
:20D6A0000B1FFC60381409DFFC57FE81111B940AF01C241504E420BE44A10B8008001B0670
:20D6C000148004901B7B00E80043C8FC04BC0EE0180E496834AA245082A01B8E0B7B90687D
:20D6E0003461483E0E8C4B850581A10E29D90A42BAE01C48BAE502062065828301E41C02F0
:20D7000003A70F4242811190217284EFF850487FFD45FE82A1403F41FEC50D003F1FFD4106
:20D72000FEA11BC03F1FFD91ADE50EBE04F8151E05A10B98F10000F27C0C0CC1C3DD9358EA
:20D7400096211B0214E008180640AC442AC000A14B41060000020680085896FF1182650217
:20D7600044023D6037E10491800214421A86132023E0928223980BDD93942EFA04044C8190
:20D7800011026B6000450666D88C0B81716FF866000060E4C00260912101A50420067E4026
:20D7A00073EC044275F820C17CF008FCF5A12B7FF4410EE038030660280506FFD4470E485F
:20D7C0006281F500007180927EEC204862107E107EF088F084486282111076870B88214173
:20D7E000F6FC358111600C6F404C01674400606398C0038F216FF86561006002604008C098
:20D8000003676105060195067EE008EC040420F0084275A12BC17C0C4CFE35DD93F2046F04
:20D82000D10019A11BC00500098245C006602DF3F04000000CA90BDD93E20081015D93F0C3
:20D84000804412EC7004298405A12BE03C0229E682402A02098013C0056B71EC140000E4D8
:20D860000800CAE200000C5D93DD93C1C38101F804040C603C0239677002100A04C00304E1
:20D8800020608C0455E64058227C14463AF094817166820834B264C2376088FC1002454847
:20D8A0006288538613729C0804324E305EE0880213844340016C01083580238233E200E21F
:20D8C000004835EC000409440182010C0CEC00DD93F004FE04040C4822086B214BF98C08BA
:20D8E000658A7BE008489661840824E0FC0A340A342A4F8803E1846FF47188F2844252645C
:20D900001C434A421A8141416AE01C420AE418421AE580420AE1880904ED80DC004C00DC5D
:20D92000004E10806E827E0C0C880BDD93F604F800044C67FD00258151400186448434E040
:20D940001802C56FC90021843340056050026BF29448426FCD00010255C00584C3601C82C8
:20D9600061064E42C5843E80536018E01C4255E0504263F0000C4CC1C3DD93603C0239C89B
:20D980004481C1463ACA54C437E682063582338643E7DC72B04652CA3E80130201C84E0412
:20D9A00035EA708033E020E0204435E054043BEB700201E0240415443382318013E054E0ED
:20D9C000244415C1C3DD93E03C0239E058044BE682403AE01404358013C407E7DC0205E0E1
:20D9E0001004158101001372804032440582414415E0144443E010DD93E058605800290AA2
:20DA000039845B0A49EF400239EF44400160514A21C72DC82D4F406F484A21E4A008004F2C
:20DA2000444A210035C23786136020603002C367600A500213C003980BE0C0E0003508FA48
:20DA40007C040CEC901EF0889B23040206091E0ACBE004FC0E8161FE0EA104E0380409516B
:20DA60006E8155EC040210A11BF16C7E44FE7503C18161E00802061630200B106EE64092D5
:20DA8000CE8171D06ED26E101EFC4492CE8111BE1ED26E0C30506EC002664100200F0EC06C
:20DAA00003657100300B0EC00366418B358D0EAE038D04A1AB80A889048E850009915EC170
:20DAC000ADE0107C1482A5E00800468301040E8B04860E8008AE038101460E2C04C40EE119
:20DAE0008410A481212E14900381317288421261B8942B45FEEFF4CFFF7FFDFF21450D1F9E
:20DB0000FD41FEA11B0FFF1FFD41FEA40ECFFF91549804040E040D1084F80080839180E000
:20DB2000AA408AFA08400200020305C07F6BFD83317E248A3E883EAE038B044A0E80084830
:20DB40000E8101A43E81010E70550C0861EC0490B188918F0B8F04FE04EA95A10B8004C0A1
:20DB6000084096C0045E05C8F13E04F27C0C0CC1C3DD93FA3C040C846B027B60500E2B0E82
:20DB8000AB81810E9BE054188EE0589A8EA12B4C23D88E4CA3E0184C93E01C84C5E0200643
:20DBA000241C049E14E184813106036FF45BE8F2A0421267FD008A41FEC7FF00011FFD4172
:20DBC000FEA11BC0011FFD140A980E04A4680084C5FB8006245C04DE14E184813106036F0B
:20DBE000F45A48F2A0421267FD008A41FEC7FF00011FFD41FEA11BC0011FFD120A9A0E04F9
:20DC00009468008605FB8060100E05E1840624E0140E15813106036FF45888F2A04212678E
:20DC2000FD008A41FEC7FF00011FFD41FEA11BC0011FFD0C0CD80EDD93F23CF804040C8437
:20DC40003B010146018A068E06F008020B8C06A10BE05002C58845060460187F51E18486D8
:20DC60006BA64B4C408ACD18639C00FFF8180EE0824E6AE01C02654A720A6D4640FA300AC7
:20DC8000521C000856E9FC403A8C334002E0820002FA308A06E9FCE054020B8845A10B603B
:20DCA0002002C5E1840604A64B7F518ACD866B9C004C40602402C54C6A9863020E60828A65
:20DCC000CDFFF81C004640FA044C620A621833403AE9FCC856E082FA044002E9FC00020C69
:20DCE0000CCA06DD93F004F80C044C60380409664004301841C0030515FF31F800180EA1EC
:20DD00006B8868906A84E5848294720425A16BF19C4E821064067D5877E184918010844C8B
:20DD20008A8E834C62E09A0E62FA30C07F6BFD0000947C84416C0482210451F835A10BF0D9
:20DD40000C0C4CC1C3DD93F81C040C8904847A0489861AD658E010807C8898C8C88A7804BF
:20DD600029CA68021CE014E1840284601040510A249813C217618402100C534011EC04C23F
:20DD800057601C6C0402504011C287C227602060284021664004400619C00381316038E00C
:20DDA000144091E0184071E024408149488195EC040A30EC0402104640C95DA11B9C0040F9
:20DDC00031FCF58101602CF01C0C0CC1C3DD93FA7C040CEC501EF0886B1984829B067B8479
:20DDE000AB095E6491168002804001C00166D100803E1EC001669108803C0E121BE4900CB8
:20DE00003B8E2B61D8965BA10BEFFC048086B58C1B6430EFFC6B0814807EAE0C1BE480703A
:20DE2000D8942B121BEFFC09448E2B75D88C3B965B6FFC921B3C8E8E3B7E24945B0C4BEFA6
:20DE4000FC7848A8F18101F27C0C0CC1C3DD93F0804622EC70063986A5A13BE03C0439E6B8
:20DE600082403AF08046226B7106390630C005E23DEC14C207841504038023C00263B98629
:20DE8000128422411A850D400AE004000CE184DD93E20081015D93FA7C040CEC701EF08109
:20DEA000611D04888B7C5E901B7E1E00063E0E8B6EE004E03804B98145896E0000456EA197
:20DEC0000BEC047C04FE951220874140036571E640143066410E30806EC003C26E824E0021
:20DEE00006406EBE14E008864E840EC46EC66E9C2885E586A5A12B0009FE04C12DE0103E9C
:20DF0000148245E00800468701040EA408860EC60EC46E06F02A142804E4407FFD49FE3C95
:20DF20003ECFFF4D78813181516FFC8195890483017C24880E8711A4188A1ECA1EC86E1694
:20DF4000B0610E0291EC04827190A1F455A1BBB8F17C04A10B8004C0084C960C0C8C0BDDC7
:20DF600093F27CFA7C040CEC301EF0886B0A9B80BB067B64D10090848B4001089002AB3C06
:20DF80000EE49064910A900E2BC00178588C3BA10BEFFC98F180A5F27C0C0C0490DD93967A
:20DFA0000B64306FFC5E887C8E8C1BE48010908C1B160B6FFC64483C9E902B7C24960B0EF9
:20DFC0003B941B6C188C4B905B6FFC0C0C98F1DD93F27CFA1C044C829B048B867B086B6F32
:20DFE000481019676004801209C0038C3B6010E8045948E0100E05E0340E1BEF481029E033
:20E00000101239E08C0E498101180E4C21D81C4C31E0184C41E01C0C4CE020DD93F21CFA0B
:20E020007C044C81B113A46E4002221174888B285E866B0FBE81918155812182214134FAE1
:20E04000245232FE75C32D41FEA09D803F1FFD8000540506F09005920B6470902B0A1BE8C1
:20E060003064888E15A10B901B120B68306788A10B8E2B8F848C3554B5A18B409600008A18
:20E08000458008981A9C04C7079A2A8095C30D8101440D401288250406708842B2FF408162
:20E0A0003172ACEFF07D8860FC0414240FC3070131C3177398902B0404EFF0FF3160A0D003
:20E0C000177107A20F072B1FFC45FE45FEA10BA82EDFFC0C4C8101DD93F27CF81C040C8470
:20E0E000030413618A400A421A82110420618A1804EC040C04608808C5E08C4E527C300A40
:20E1000065F098850D7C18CAC79E8412C4A6C38CC3617CF2A04C920C041E6E1CCEE0840C68
:20E12000CB8A630006690000008000830BC4044CC382C1F6D5E900F01C0C0CC1C3DD93F8CC
:20E140001C040C61FC182404C3A20303C786030BC481814C0AB8030034618E0904E088F0D1
:20E16000804E420C13948E421AC4678863618EB08E808EC4170223618E462AF08444424206
:20E1800042C4370670708C827BEC101494D9841093C66DDC004C40DD84949EC67D30944EAC
:20E1A000401093309EDC00FC35856BC9C480549853C62D4440005E832BDC000C0CFE35DDDE
:20E1C00093F01CFE7C040CEC401EF04C4208134C6AF080821161926192421AE0881844D69E
:20E1E000077E3EC46719344FFE4417C0017FFD52520AC33E3EF084F098545206C00C7E7CA4
:20E200005EEC10FCA8160481C1014181110181E96483F5C6AD7E041EA5CA674E6240082187
:20E220007DF1800C068E6BA02D40009C004C70617C0E64406A8C435872642E4C6AF2B08084
:20E2400083E4AE72844262640016B093ABC00818CAF835181AE000082AE000420AE000423E
:20E260001AE580420AE1880845ED808008409661840044E0FC04C404C4240F1003E18442D0
:20E2800012983B882B7288EFF058A8E000034A021A3E14006AE000420AE000421AE58042F9
:20E2A0000AE1880006ED80040EC000A0F18101F67C0C0CC1C3DD93F87C040C4C520D040CD6
:20E2C00023F080F0944E126196582AEC041050C487027118338F24463AC4C7420261964CB0
:20E2E0006AF0B0829B619661964E7AC4378151708C5802F0A04602E5A481659453C69DDCB1
:20E30000005200FE55999BA34D4467C477046380000C9552920265FF9190946024491A0CD4
:20E32000958A9B5292A000189EB1940483847383D5FF91C5B4F1A44AA28AA30CA5F1AC02C7
:20E34000458000909454A26024491A0CA58AAB54A2A00018AEB194E40C591A3C0158004335
:20E360001A40004200E40CC0003C0164101460551A846B4CA0E4204C1ABC003DB8E01CC308
:20E38000FF3FFD0C0C8101DD93F07CFA7C040CEC301EF0CA37008BE1FC148400A490A380C4
:20E3A00033E10460A2403AE17C0654617C180456C2AA034602F38C1734F9AC41FEA13B0082
:20E3C000011FFD80084E960A449005A443617C617C18244A52FF21817173B04472045D3ECE
:20E3E0001EF180124480CBE05761C01C005820F3AC4272E0477C3E608406B4E1FC0C0460E2
:20E400008404045610B25F40C21C0042B2F090AC3F7294EFF04C4802A495B4D6B77C00A269
:20E42000833E14A38B7C3404010000D617800402048203961FE17C401A80130002E1AE0098
:20E4400002E000C7FF6BFD8E0B0C0E0C0C98F1DD93F27CFA7C040CEC501EF0A4131B74A4C0
:20E4600003093E8A9B1F6446721D84563AF088882B619E7C4E99A416138E4B7E1E96032138
:20E48000B4A0133C6E931DC404121070A442020210943B905B6C04EFFC69688615A10B94A6
:20E4A0003B7E148E4B3CBE905B7C24E40400106FFC68A8A10BB20318048275400AD677981B
:20E4C0000EE11E400AAC042C0EE11E98248101C22DAC1440004C15DC004220C0005625C035
:20E4E000000C3544300934A8F1DC004C35C62D1615C000C71DC000C0005635F27C0C0CC120
:20E50000C3DD93FA7C040CECF01EF0849B111E934E955E973E8F0EB3148C08191EA10B9DE9
:20E520001E811184459B1EE004000285B381138BF39904E5800000F8604015F8304015400D
:20E5400015C11E4015E02C9704E05CA10B820831B4A225AF8481711324ADA4E08400747CAC
:20E56000000443F0804222E09002238245844D067419048033E0880255861B8404F03019E8
:20E580000485F5E08806744442092E0D7EFA0800338221061BA823E6400C30F03002550234
:20E5A000C584040513E060EC0404408B4E8533E800313C70884EA282718221E1AA4E7A10BB
:20E5C00045C4778803FC1CE444840E8C5E8853FC1C164598CE88C38B448D7420518924E0A7
:20E5E000880C7408444B570C5EFB801E55CA0D400240300674D19482214088FA8018A4D0F4
:20E6000094463240604605F190462206340F040009FB001904E0308063A10BE6400060C0C7
:20E62000000025800004060000402580000406A604914450588414E4D008F008F07C4EBE51
:20E640004EE4E09544BCCEE80062088271210B80341E1580C04C1586189714DED5837D024E
:20E660000B801B0C0CF8F1DD93F27CFA7C040CEDF01EF01E05A90E972EE0ACE0B41E251E84
:20E68000059D0E195EE0A0E64018209951151E1E05A30E1E15E09C1E65E0B0130EE0A81EFB
:20E6A000B581011E75E0A4BD0EE098B90EBB0EB50EB70EB10EB30E8145AF0E0A50710CA136
:20E6C0005BEC042954FE95E640142012101B7E256EE4C0E5800C40650118500A504002C0B8
:20E6E000046601101021CE1F5EE640E00844968171273E9395ABBE020AA414C7FF63FDA1C8
:20E700000B8A0525B486D5AD2E963BF8C00C0378300C13A324964B6B58A954A10BE8000CE9
:20E720000382B5812178C078300C13AB34964B6A98A154A10BE800A7348445AD24ABB4E2FD
:20E74000A4040A0FFC43F6800844968000541388910271846104A184810D8581212BB4F854
:20E76000C00C03F8300C13963B1D4468B89F542734E800AD24A10B2002F895E5A004F00650
:20E78000F018123E2EE5D0E5B00AF09603113EE1AE400ABC3E9BB42B34AD0EA144962BEFF6
:20E7A000FC4D0800F018123E0EE5C0E5E00AF0962B1104A944AB342D04BC0E4C1886BB9765
:20E7C00004EFFCE03000098405A10B657000F0E58004F00AF018123E0EE590BC2E963B9BA3
:20E7E00024AD044AD89F44BD04EFFC99249514BB04AD0EB534B3B4841A910E8B2E8DAEAF83
:20E80000049324892EB1C4FCBEFE0EBECEABB4B944BC3E9B04B7549134AD24E8147E088126
:20E8200001002BF1D5A734837D8E181EF0D8D50C0CE5F0DD93F27CFA7C040CEC501EF0828D
:20E840008B3E2E0050009B1911E7608185812178604023EC040210F8304023A11BC12C0C40
:20E8600050FE150E4067607C3EE4C0BEB481A19C0485D563FD000A88A5C7FF78300E15A06C
:20E8800024960BE042A43A4298E458090EE8009C14960BA43AA024E458E042E80042089685
:20E8A0000B7E0EE0300E15A43AA024E458E042E8004168FC34FE14F8604C13980C8914F8CB
:20E8C000304C13846102A18E088871F45581ADA8F10101F27C0C0CC1C3DD93180E24134465
:20E8E0001AF000401AE4820224E40282CFE17C810100C3F2844222640104C04212C08018A0
:20E9000014F280E1C7E17C42129823E1277280A22FE017080E0823422AFF00442AE48E0609
:20E9200014E40E864FE17C421288230420F28CC0086401F2804212E17C06148623E9377259
:20E94000804212E817D927020E222F4222F8000212FA04C07F6BFD4010A11DA05D1C004007
:20E96000105D93C1C39C00FA3C04CC886B008B602C100901A183412034C827214F867B0F25
:20E98000AE820B0DAE841B58F8882B58AEE82C1AAE809BE47004F0921B0E0BE82C5E0884D6
:20E9A00035A10B06F00F042214E460580E922B59F88E0BA10BE82C80181E0500044C058096
:20E9C000000006F23C0CCCC1C3DD93FA7C040CEC301EF0889B007B602C0E090E29846B839D
:20E9E00051603060100E4B215F81B11C3486AB7CBE820BE8880454881B3EBEE82C5568003B
:20EA000090008B0195E4C041BE9911EC040210F83440B5E02C40B5FE15A11B658014A00567
:20EA2000C5E091A10B8101280488D5E42004F0682C5968A10B901B7C0486D5E41006F0A4DC
:20EA40000E902B9E14A804E82C55488475A10B06F03E04902BE410F8305205E06014055426
:20EA6000789E14A10BE82C80041E05003052058000000688A102B19A188891F49583BD0C7C
:20EA80000C98F1DD93F27CFA7C044C847B1124889B15A4FF8113B441F6A12B4C960FFC8A6C
:20EAA000058008442A2B3F463AE68A8161668E423A8F1E463AE502002465828203E1847234
:20EAC000984232631881310F24EFEC41FE910BA11B1FFC5FFC41FE0294A19B8181418450BA
:20EAE0009C4212501A847380734026408A8E83AC8EF00A8C0B280EF27C0C4CC1C3DD93E6F0
:20EB000082401A64010000DF07C0406FFD00025D93C03FFB800004FE7C040CEC601EF0828C
:20EB20007B049B8161005B8111120B81B101A1030A81C58275E23CF0080025F804004556DF
:20EB40004284A3821172ACFC958F1D6000174AE18400A46000161AE0FC02B46000146A7E16
:20EB60000EA20FE580420A6188421AE18400B4422A7C0E3E3EED80E43010305E27895E899F
:20EB8000A5E05C601C4CCA440A8101400AE1808EE5E99C8101262404CAA414041AE000023D
:20EBA0002AE000420AE000421AE5801E27E188420AE05C8AA5ED80647C0B0A0050823B4644
:20EBC000206C8044529C0002067B800022C0002023EC7CEF8008146C000A047E04A13F48B8
:20EBE00052A11F04227890A83FEC0482037C14942B253F728442325978963B0954EFEC671B
:20EC0000FD008A41F6C0FFA11B0FFCCFFC41F68261610C0C0A9091ECB5E240B0F13E04E0A1
:20EC2000184071E01C4051F67C0C0CC1C3DD93F800044C02100A280814EC04E03161FC8377
:20EC4000410813831703A57830065BEC040420826080C046C38AC3CD5AF8600AC40A6318AF
:20EC600064FB004A427B004663F1949853602CFB144A12E05C4653F8F5A12B0C4C8101DDD9
:20EC800093F000F804040C60880C3401458A7BF0985852D97DDD2E0613FED5440A8603829A
:20ECA00011618E618E461AF09840420C34C427424260884652F088444270888195F098C177
:20ECC0001DC5644240CD6ED93D1C009C004650FCF5851B0C0C8101DD93F004FA7C040CECCC
:20ECE000701EF00034008B0603E1FC1F1482BB0D3E83071D348A6B2374845B21A4A02B3E22
:20ED00001E829B0B4E900B7E2E8141093EAA233C3E961B7C5E8A3B6CF88C5BA10BEFF80991
:20ED20000486753EAE81417E24961B3C0E8C5B8D34900BEFF86C2882D5A10B81410D24963F
:20ED40001B7E048C5B3E7E0904FC343C0E80236B38900B161BEFF80B64968D090E8CBB0AF9
:20ED600055944B2594920BFA204212B0138211A714831383B38D1EE80031EC70A046B246C0
:20ED80003A801B828161AE00A5C437880B7C0C7C0C0855F08C4492FC0C0EC5719848A20AC2
:20EDA000438CA33843B453084E98530D14804B8233820B09048C5E0C0CB8F1DD93F27CFA60
:20EDC0007C040CECD01EF080BB2904828B2F7443FE134EC0017FFD8A6B0F2EB144B3248167
:20EDE000017E0E9C0E913E970E990E41F6150E8B4EE00C8D2E900CAD94881E91A4AB5440F0
:20EE000062897E420AF0ACC417E19AFC040A2584A5A12B84E5A12DFC0412158E95A11D40A8
:20EE20000A8201C407E19AFC000A158C95A11D7C001205820DFF1181A58AF5FC0412058A8D
:20EE400045A10B7C041205820DFF11030188A5E4B002F08A7B1C0E0AF00B04142BE4C000B9
:20EE6000BC8C3BE4A000F0960B3E0E8F14BC1E5678FE440D04EFF89924961B3E0E9734950F
:20EE800044940B9354BC6EEFF868288E5B0974E2A4000A8101807582B19C0E808591BDA1C9
:20EEA0000B9C040101EAE50C0CE8F1DD93F27CFA7C044C827B006B60140C19E00040C694C6
:20EEC00075F41DE0180C2992F5F02DE686502AE500110A1921925566588E0B8C1B6FEC6417
:20EEE000300070E0040206819101550210419CA11BEC040060FE9581B1649081110195E55D
:20EF000000028A412480E556228211D11DFAAC00B4FE15D8B761D098710F0E81A148618103
:20EF20000103D540961824A12BE0080F148485E1840024813116036FE87F88F2A442126703
:20EF4000FD008A41F6C0FFA11B0FFCCFFC41F681011C0C847102A1D1AD8861150A80C580DE
:20EF600075E4FCF6E5A10BF27C0C4CC1C3DD93FA7C040CECF01EF0866B0488601002190083
:20EF8000A98191060E6010C00072C088BB1D9E4296091EC00167B98D1E8004130E8F1E6302
:20EFA000214156170EC001911E840B1B1E951E993E8C1BE80048C86C0400A0E00842C6749F
:20EFC00018010A0B0E8101808800A4046002F0E010101A1C0002058000020600145E050B2A
:20EFE00004B18BED80420AC00842C642C6A10BE5AD00088A95FE1EA10BFE0409148A350E27
:20F000000B907B4998962B18B1E80004068111960B6008EFEC6288E69E4E7A00068375E7EC
:20F02000AD610084159D0E00F018341A44E4E0E1EC0B76901B3E0E89248B04920B3C0EE8D0
:20F040000040C86D0C9D04937B82917E04FA350C0CF8F1DD93F27CF87C040C61064E0AE0BA
:20F060008812246006500A0F4488CB4E9A866B8111669EE6A2509A8E630D34402A10C3100C
:20F080001EE68AF0A44E62650E443AF0A450C2E58E463A8FAD81C546AA56AAC41014A0D04A
:20F0A000A456B242127E3588C1D0AC52CA91CD546046B2FC15DC00E1841804425A02C340A3
:20F0C000CAE6960C0CE0028135F07CC1C38B45FA00040C480A086B400AE5060A246586025B
:20F0E00044E184E84761B018346807201FE184E0FC00344042A05F7178F09442126FE8041B
:20F1000006F2B0404060018403FF318131070B728C42129FFC41FE41FEA11B400ADFFC029D
:20F1200004F00A8413E184E002401A8101180EF2000C0CC1C3DD9360144401083C81310A3A
:20F140003CAF41FC00061460184401E41C0030601C4401EC040030602044014441C21783F9
:20F16000016010E0244411E0284411E02C4401C1C3DD93042E0038A13BFFFC82088445820D
:20F18000E5A10B718048222623900140009031400173C173C146300623C00181358803FF5F
:20F1A000FC002E860E842EC1C3DD93FA7C040CEC501EF0867B090E61840014E0AC0674887C
:20F1C0006B202384138623E10E401AE10E422AE1AC0404611E562AE1AC0414E11E502AE407
:20F1E0000404B0611E542AE0800406068422230623E0ACF184420204B47C2E7E1EE0AC3EEB
:20F200000EA40385B5909B8235919BE02C521AA0101E05A00C1E15A0000168E020521AA0B2
:20F22000000088521A090400F8E02CC000200180101E0580081E15179B80C580B58101BE0E
:20F24000148904E8004B08608802940C2582918C137C04E11E529A842E8023F4B5959BA830
:20F26000F10101F27C0C0CC1C3DD93FA1C044C847B028B866B009B00061C14E024E08043C6
:20F2800038A434A044E8009E14980E880B602442B8A4349A0EE800F21C0C4CC1C3DD93FA6D
:20F2A0003C040C828B047B60240E1910498321866B602460280E591C04809B2234A32FE027
:20F2C00090024468284F28E89414249C24A4142234980E040BCF174E78942B1A0EE8280C6B
:20F2E0000C8101DD93F23CFA0C040C403A006B027BE50AE58A423A00000181C00167D172A3
:20F30000A04212E03C44866FE861087F218131850B81311FFC41FE41FEA11B427ADFFC448F
:20F320007AE502006465828203E09C72A04222E0A00464EFE85FA87FFD45FEC50DC03F1F35
:20F34000FD41FEA11B003F1FFD41FE0C0CC03FDD93F20CA11B005B60084096640018500075
:20F3600006C080070A400040C6E640190A4000C0FF67FCC00040C65C08A10B1814DA00A1C8
:20F380005D61FCE05702C3D63703C7D18018C442CA8AC38413E086E0000212E10E421ADD41
:20F3A00093901E6506440A420A81310020E586C0046401F28C42125C08EE1D41FE5A00C007
:20F3C0003F1FFCD7076A17A20F5D93FA7C040CEC701EF081617E3E88BB092EE03404098D1D
:20F3E0006EFC1EE80D3E0E602402A9E00040C6150A981596B5E6408904FC147518FE340492
:20F40000106FFCA10BE4307C0494958914963B72D8FE2400B0EFFC81116420551D817516FF
:20F4200025812182114004020AC12EFE15E24089117E04B001017578104065EC040210A1EB
:20F440001BC16E0974FE557E8490B1BCBE8101C0717C94B08105B58A75A10B906B0B6E897F
:20F4600084FE14F8100E25A004861473D8A4342224EFFC1C0480BBE46008F0601012157685
:20F4800098943B8C8B6FFC8295A10B781050B58D24943B8904A02E0014BC446878960B0BB8
:20F4A00064EFFC88818871BE148261F4B5C36D0C0CB8F1DD93F27CFA7C040CEC301EF0809E
:20F4C0006B064A04C9840A4C45E0C00249EDAC4C05E020C40AEDA8EE244C45E0CC0449EDC4
:20F4E000B04C05E0C80409E0C40479EDC04C45E0D00441EDBC4C05E02C0405EDB44CC5ED54
:20F50000B84C75E0D404C1E0D80471EDC44C45E0E00449EE284C05E0DC0401EDC84CC5EDA2
:20F52000CC4C75EDD44C45E0F00449E0E404C9E0EC0479EDD04C05E0E80409EDE44C45EDC3
:20F54000D84CC5EDE04C758AC48844CA84C874E0F80491E0FC04A16DDC4C054CC581014C29
:20F5600075EDF04C85EDF44C95EDF84CA5EE484C05EE4C4C45EDE80645EDEC04C5E03404A4
:20F5800075E0104C45E0140645EE500485E0380495E01804A5E01C4CC5E0204C75EE704CA5
:20F5A00095EE744CA5EE7C83A16E80EE544C45EE784C8504C58C44A194E024EE844C45A464
:20F5C000888E444C459B74CC44EE884C45A7B4CE44EE8CEE904C45E0100645EE944C45E0F6
:20F5E000140645EE984C45E0180645EE9C4C45E01C0645EEA04C45E0200645EEA44C45E083
:20F60000240645EEA84C45E0280645EEAC4C45E02C0645EEB04C45E0300635EEB84CC54C02
:20F620003599C49734EEB46D884CC57FFC59E69F44C020ED844C354C85C8349D84ED806D8E
:20F640008C4C4567FC0430582DC0FFE0081806017C18342344FF2181C018C46D944C7590ED
:20F66000B04632183425344C8581400E606D90C00D6600EE344C55EE044C259534FC3E6DF7
:20F68000A44CC5FFF459CE6D9C4C45FFF8088E0C85994B5082CD9C0840519050A1CC04FCDE
:20F6A000F5C0006E3C4C05670000604C05C00600606D98C00265006E204C35E080068A66CB
:20F6C00001066050C640044C65E0004C05EDA04C35EE2C4C25EE308875EE14EDF80C35EEBD
:20F6E000280C4586B5874DEDB40C25E4080020E17C18049803FDC7610818045802A101A9A2
:20F70000CDF1B0BEBE82D5EDC40CC5EDC80CB580F596CDEE7C0CC5EE800CB580C596CD982E
:20F72000F1100BF27C0C0C0CC5DD93AACDEDCC2041FE15A6439833FC75A94DEDD00C35FA3F
:20F74000F5AC3DE4040620E1FC0834460206438347F1B0F8B5893DEDB80C45EE240CC598C4
:20F76000438643F6B5854D6DD80C4551F69131A24DE00C3EB482F50906A14B1886000086FE
:20F7800005800049F6234B11C1E00C846589213EB4838549F6A54B59F6000C8245800C828D
:20F7A000F5A74B600C49F6E00C59F645F601458921E00CEE584C45EE5C4CC5EE604C25ED87
:20F7C000E00C458235A24D84C5A14B41F6234B0465E00C8375892141F6A54B47F6000C828F
:20F7E00045800C82F5A74B600C41F6E00C47F645F601458921E00CEE644C05EE684C35EE84
:20F800006C4C254C55C60A4002EE344C05FA148E0B6E34E80C5448680C46E853B88E0B8E38
:20F820000B6804680872280C058E0B0C15EE384CA5EE204C05EE18BE0D6E3C6E1C4CA59080
:20F840008440020E3C4C050000820381116C04EE404C056E444C05BE1E8101BE048F55E357
:20F860001C010AA1ABD6D50C0584D5A70BEE1CA50B8225A30B82654AF882958E0B68006C92
:20F880001881858E0B6800551881458E0B6800EE180CA580F5A3AB8E0B7C14FC384208EE06
:20F8A000180CA58A35A5AB6E080C150C0587218411EE404C15830D40104E400C15DC000190
:20F8C0000A6E280116E0404C0580000C058E40820D6E20840402108E404C15E68A400AEE13
:20F8E0003C0C15EC3800004C05801D8E0B4E3CFC385608EE180CA58815A7AB6E400C050C73
:20F90000158721010AEE080116E040841100000E404C050C05830D4C15EE200C15CE40403F
:20F920000AEE3C0000E68A801DEC184E3C4C0550388E0B0CA5E8083E04EE188201AFAB00C0
:20F940000CBE0EA10BE2000C05E26581116E0426068201FA8000040C25839500006D9C0C5A
:20F9600045EC040223EE20043384110453E030583AE060465AE19244C3E192468AE0304667
:20F9800032E8304433D090A10BE0605995F8F5C1C38181FA3C040CECA01EF0550E2D84C045
:20F9A00010643113AEAF9463F114CE91AEC0108D8E8F9EA1C4ABA4A974A564A384A794894C
:20F9C0007E8BAEFC6EFE9EBCCEBE8EEFFC57680C0CD0F1DD93F23CFA1C044C0C05806BA170
:20F9E0000DE0880C1580B5830DE0BC8F0180A5E0984C050C158BC50C25E1400C75E0A84680
:20FA000022E018870BF0840C358255A13BE07C0C3580D5460AE0749295E080E1D00C19E0FF
:20FA200088420A0321822563388C1B0C25E8084C05E0A80C15E088875160C4E0340C35E031
:20FA4000A00C45E0BC4C15484A82334A326696095DF1884C558551484260984C5590880662
:20FA600040609C48328C04C42B7188182444470E55E08898737C10E0AC0C450825C4570A00
:20FA800034FC148E53E0880000823D4C05840882A580C0063057C4C4C7EC04FC3008C5FC15
:20FAA0007584CD60BC4C35FDC5982BF21C0C4C0C25DD93061460840C45E08886736078824D
:20FAC0003B01514C258221824360840EC58345DD84F810E0200C95C487C4C7FC3012C5FC62
:20FAE000201285F1B058824AC20ACD4610FA1482115C00FA85881D0C5598140C45E03C02FE
:20FB000010E01C032DEC040443C227483386534853E030DA85E06082010311E0984C15E09B
:20FB20009C4C15E0BC4C05C1C3F925FAFC040C0C15806BA11DE08C0C058235801DE0880C24
:20FB40000580A5830DE0BC8F0180E5E0984C05F2FC0C0C0C55DD930C25E1440CC5E0A80CFF
:20FB600035E0180C4BE0B4445260480C2BF188851B6050E0C80C85E0CC0C750C958275A190
:20FB80009BE0800C9580F5520AE0740FB8E0800C55C000548660705202E03CAAA3F18496EA
:20FBA00045949D60940C55955BFDA10C5594A51450E03416A4E40496A3E1FC8AA383A79239
:20FBC00045959D708452020291C6371494A031CB3761FCF9A114930CA5C297949F601018F8
:20FBE0009592C3B2C4F80C14A5C497C4C77C24641016A0C7B786A3669248BA7FFC578E082F
:20FC000040C3FFC947E50060200CB588A3964FF00A48AAFC241695FC3016C5E68A444A04DC
:20FC200020A69398936600849DD1270C2584A59834E084E01C0C454C2582210630608407B5
:20FC40002DEC040443C227F1944602E0304833E06048030C05DE65FF91613460944C9573B3
:20FC6000588C2B0C35E8080C25E08C4832E088861B7180613C4C454240854DAB0D1C00E1FC
:20FC80003C4C150C0982D5400AE1D00026E0904C05C0004C05C0980030409C9435CC1060FF
:20FCA000340C05F188483286E5880DE40402000614A8130C35E1FC861360840C158317A255
:20FCC00023601C8403023160844C354C25C23786136088603042234C058F214203E08C4C88
:20FCE00025E060E755E09860380C05F1884A12E0A40C45895D804330238A45F09C4032606F
:20FD0000884C254C058C1B68B8E08C0C15E8080C25E0840C35E01C4C05E0888211608C60EB
:20FD2000844C150223C21744038F118C0B6060E0304433E0984C15F2FC0C0CE00810A8603C
:20FD4000BC4C054C15FD11E135E09460A00C050C3587210C45E044400AE0484C25E68A4695
:20FD60001260980000F18CA8136C1860BC4C354C25803D4C95E09C4C15E0944C05E0C0DDF2
:20FD800075C0BC60780C05445281310054718000C3E08883558A0B1875F3440C85F80CC447
:20FDA00047E0201045C4771075FC104872FC1C064DF190FA0C46425C004050EC040A50FA77
:20FDC00065855DE0840C250C4598340C55E03C8221601C60844C25EC040630C227072D46B0
:20FDE0000204534A33F1904A03E0302AE8E06085019FFCE0984C05609C4C05EC040010C105
:20FE0000C3F505FAFC040C8781006BE0900C05E0180C15E0840C7560984C85ACD5A10DE055
:20FE20008C0C25AC45850D60200C55E08804047C080225F0884612F8100645F80806C57820
:20FE40001806350A25C427C4477C087C100A450AC5C4C7C4377C30FC0C0A35A6C3A82390BF
:20FE60006584CDE0340C2506248421FD37E17C852786234C05A403040460900245E08846ED
:20FE8000127C088E34F088C4479A240435C4370445FC0C4832FC10893171900A0085451817
:20FEA000046C0402C5E08812547C300295E088C4C7FC247C3004C50495C497B2C3FC248263
:20FEC000F5A3CDE4081240E17C14949493FDA793CD859700904C559C0040509C0048C0EC46
:20FEE000040630F695A13B8C1B0321E8047D28613C0C450C35FFC1126060340C15E6200CDD
:20FF000025E0944A42E0884052F18C991B7B00FA004422E0904C250C15B045981DE0840C9A
:20FF200005AE051414601C0CC5E08480A3E0A4E0301453F1B056520F38972D021180004CDF
:20FF4000158433081460840803E0840CA591114C15E0508C1B6050E030402360604033FB8A
:20FF6000000034E80855E80C1598240C35E0844CA5E01C04206050051DEC04E08404144609
:20FF8000038433A0A5E0600C25A535FF11609486B5832B613C0C250C0582710A74603498AE
:20FFA00044E084E01C0C35608C0C054C25A023084060900A33EC044C25897D4C75E09446D4
:20FFC00023E0844603E0309865E060E0880C05E0A40C35E0904C25F18048228E25864D6024
:20FFE000340C35EC04042060BC4C254C4585414C45E0988033609C60944C15EC0C063060F9
:02000004800278
:20000000C04C359215862D603C0C150C2582710674601C4C75E0848013E084608C4C1544C1
:200020000386234413E0300C09E060400AE1D08AE5E0847B0000144F388C1B0C15E8080CB0
:2000400025E084C217E01C440382238515E06086F5A17D601C0C15E0840474E0400C350405
:20006000238223463AE030A023E0A282A5862D02098E138201E1E0E1E04201E0880C05E0BC
:200080001C0C15E0840C758E13C277E03042034C058F010C0CE098DD93F2FCE0A40C05E0CB
:2000A000840C15F1804052812D0211E0844C1598449425E01C0C35E08C0C05EC0418401863
:2000C00014191D86C3E084E0305853E06058030C09F8050C55E1D0400AE03C02A5E084F04E
:2000E000884052680849E80C158C1B0C25E0840C35E0909844E01C084002110A14EC04896D
:200100001D608460844C1546038A33870160606030462380000076E0984C058BA5EEA56070
:200120006014A348A286C3A443FB108E05984D8211184460844C1508408433091DEC04E0E2
:20014000840814402388034033E030E825E0600C3587F50814601C0C05E0848833E08CE070
:20016000304623E0604603E1D00C29E084440A000482E58C1B7B00E8084548E0840C15E056
:200180001C0C25E0840614440386239804E060E0984C85EC040000DE65811D0C3583B5A491
:2001A000536040E0A2463A82A5865D001982038211E1E0E1E04011E0900C25E01C0C05E0AE
:2001C000840C15E0840614402386034C85E030A404E098E0A40C35E0900C25862D80330C37
:2001E0003586C58033E03490A5872D601C0C25E4040810603C0C35E0840244E0844C454462
:20020000038223423260304413F0800C09E060400AE1D030F8E084E7B5DFFC86F5A11D607F
:200220001C0C25E0840614E0400C4506338433484AE030A033E0A28285883D04098223829B
:2002400001E1E0E1E044010C25A4040C15E01C0614E0848623E084E03044038F010271609B
:20026000984C0531888F1B8C0BDFFCF2FC0C0CE0042708E0FC0C05E1000C15E0944C256073
:20028000984C85F180402260BC4C054C25A223E125E0C0F81C040C81610224602000150018
:2002A0004581718834E0A0C8C48A540035CA248653601858529853825B7088044055CE819B
:2002C000D5EC10827102847C181085F098528260101295B0C38861D5CE92C3FC75857D6011
:2002E000881844EC04084070B04A120A50983318C06C3081F5EC4082214D7402858264C496
:2003000077FC307C300C950C6588C1B283FC1CD58E8C83FC35892DF01C0C0CC1C3DD93F87D
:200320007C040CED801EF060BC00750035FF61811160C060180025401581814065E07C00E9
:2003400015E08800C5E0B44065E0A8253EE140E088067460D80035004586231620606C4A8D
:20036000CAEC40812166864686213E2833E03C1B3EA051E440061008100B377C3EE410E4E7
:20038000080610CB570211853707478317195E81513E4E8141093E0015951E931EE0DCE073
:2003A000E000150015FE1E8D1EE028E02C00150015911E8FCEE0241D1EA37EE08402C48117
:2003C000110B1E8EC32B1E81113CCE1A38971E0AA0E0000B0AE4041A48E7201615C000A229
:2003E0004D60105E45AD6E5E25C05C98F5C04CC41727BE60AC003519748CBB06C58E6BAB06
:2004000034FC0404CDAEC32B3E88339C0058204E600E05298E9C00AF4E988BE0B000358BAA
:20042000C48F44FC0406156084061488338E13E032463A463A9DC490CB66B2E50006304669
:200440003ACF370D34E692421A8613421AF00A0210E68ED117E6001E4582CD5820005C1E60
:20046000859C001E75805082658044966B2F44E0884095A14BA984811180C581E5AB1E96E7
:200480006B01E583413C14E14040959413A5247B084412A52E8111A374AB1EAB249B148273
:2004A0002DA7B4C00013F81278A34D4C80400027CEDC0016158321AF2EE01060201625E05B
:2004C000880814E0200035E0100015C42721C4FC100665FC0806257C100245100599AD9307
:2004E000C48C239E6599AD83ADFE14EE34AA85FCC482140215C43742C2FC0C1814FA044CC3
:2005000022E08CC267F1B01E95906D4C8000580FB89C00298E8000E4100E40C77740C4B3DE
:20052000111F1EE686442A18259D1410207C0C1F34E4084E7AC58782CB6686AD11088348D0
:200540003A10714977E686E098022406060E830283E0041043831113E58F811F5E8371169A
:2005600015805B1665F8301675F820298EF8102C84C41706C5C467C4777C04FC1806657C4F
:200580001C06750635C4872904FC208E639863866315347A184632E0840C24806DA6631D26
:2005A000849245E4100E40C7770A0B844342C466A24E7A9F54C4477C04181545778471084A
:2005C0007390CB02739181487290110414708C0606E1908911600887710BF5F8101675C489
:2005E00077ACC47C1C06650635C4C789C4FC3046C28C334C22FA0CC267F18C9EE5906D1859
:2006000040298E0215E410C7C77C1C84431D740243918144CA88118643669E8ECB444706A5
:200620000604214527E00804438571E18C0414851107358A0B006BA374AD94A7C4AF448D64
:20064000559F54C477AC74FC1C06154232BE340614FA044C22E084C267F18C92E5906D1842
:2006600040298E0035E410C7C7601484431D847C1C063558CA877110C1E6A249C7861318E9
:2006800043843110CBC417043482438F81618860040606442A89118223E6B21124EF2F426C
:2006A0004A8443421AF00A8613E68A826DF11F80501E6580581E9580441E75AF4488C5E076
:2006C00088409523749714A7C4A34B971E8211001584958EA360F060A00025854187314444
:2006E0002A94130610668E853DE41040485E154015831181B5E07C8195AD94906B2D94A739
:20070000C4AF448135A374A7C4AF4488B10C8B926B182B8AAB2514F0A8527225A8829DA190
:200720006D9FFC97248215E0F00015832D8221C08840651EF001114015E5800C0CE098DDF3
:2007400093F07CF87C040CED801EF0FF31012160804025E03C4A86606C0025001581B1815F
:200760006160B4608C403540358191A453614460C00035E440041060A800C500458B27A986
:200780003EE0BCE01800A50410092E0727E410E68646CA44427E2E4427F1B050A2A03104F4
:2007A0001070880211E4080527CB371F3E8317E088064486A3215E81310F2E00159B1EA551
:2007C0001EE0E4E0E800150015991E8D1EE0ECE02800150015931E971EE02CE02400152337
:2007E0001E95CEE08402C4B81B111EFF117C1E81110B1E81C11D1E0D0AB1A518B8E31CA28C
:20080000CDC0005C004E30DC0046C02DAE965520248CAB0015886B98B360ACC4279F44FC25
:20082000080215F1904E120C05867D9C004E308E9B2F9EE0B0005591749514FC080A25606E
:20084000840A2482538823E01E4A5A4A5AA374927B669EE5000A504A5ACF579314E6864498
:200860002A8A23442AF00A0420E686D127E6001E95847D4E30005C82059C00A1CB0C4BE077
:200880008C404501E580A501D581B17C248C4B404581B183C161448823A914FA044222AFA4
:2008A00094A91E946B211482BDADA4C0001348833123CD5C0046C0DC004A90C00011B8AD0C
:2008C000BEAB7EF8101425E0200055F82014C5C4272514FC080AB5601000250A75C4C783A1
:2008E0006D7C30FC3004C58EB30E65836D99148D149C25836DA8740214A6858924C477FC06
:200900001C0215FA044422E08C0224F1844AB2925DC25780000FA812C02F9E278EE410C0F6
:2009200014C797B3113E1EE68650BA3EB4A314C58784816686529A16B59883ADC17C1C5899
:200940002A10914997E6B2E0040E0604B412830483E09810C3839113458F81A78E832114D4
:2009600075A8241485E0102F9EE0201495C427C47760307C080A150A75C4870A85FC1CC4A9
:20098000977C20FC240A5582731B1490732F940AB40A734E12E084AE53FA1C90E5925D1031
:2009A000C023944214E41096C3C78766A6508A0215C4C78481FC089883C587901102837041
:2009C0009C5882E19016149181121B0E060B95A78EE0081415A884C487E0107C200A750A41
:2009E00015C4178F54FC044E528E134AB2FA04C257F19C8665925D85912F9E7C200415E4ED
:200A00001004C0C727238402C396C3442A88118EC366A2161444C70421E18C4527901B040D
:200A2000C39181E0080E06852105D5925B0D05C4777E24FC1C0A15FA044422E0840224F173
:200A4000844AB2925DC257AF9E980510C0278E0015E410C787601496C323947C1C0215E035
:200A6000040E06E6A6508A8223108184114987C42710C361881614121B84C307218F81429E
:200A8000BA89919213E686E51F172442CA82C3421AF00A8E13E68A825DF11F805C1E5540FC
:200AA0004588C5A33B608C882B1D1448202784ADB4DC0082112B7486959D1E60F40015989D
:200AC0004B84CB718446220230FF212924EC409514841D5C0044301E25833D8311405060B3
:200AE0008040158B4E85318145A92EADB4A78406CBAB740840826110806C0414A0EC108A14
:200B00009B6C108E3B0145925B7F35834DA9149FFC2758A13D8B349D248215E0F400158306
:200B20002D8221C08C40351EF001114015E5800C0CE098DD93F07CF87C040CECA01EF06060
:200B4000BC00854015FF110015E090911EE0C0E0300015E01800B500158D1E8B1EE024E0FC
:200B600064001589BEFE8E81110F1E8111131E81113E1EADB5FC1EE31C050AC00016E86011
:200B8000200075E08806A47C0C16858F1482210E95C487A11B7C2096C5932EB413FE149674
:200BA00045B01D60B40015065596330625FA10C457E0207C140E450EC5C42704107C0887C6
:200BC00027E410FA10442260100095082492C34CC2E0841285F190A36D7C20A4B5BC8E60CB
:200BE0001400458B94C2677C140845E4100A8098834757E6A64A5A6408164045B788235651
:200C0000BA9051C95766A6C4270A83848308B1C7B70D44448A9683442AF00A0420E692CF4C
:200C200027E5001EB5846D9AE58010846DFC24C09040A589B4BE24C0085E6598B5A12BE0EC
:200C4000F8002544A291444822F18883217A10BE2E914E00658BA542B260B40245F08C0080
:200C6000B5FA100660E0144447E4100E25873716C5FC104A32FC2004947A080654E084464E
:200C800022E084A33DF18CC0101EB51645A25550C27C103CCEF0A4E40816C0C5B70BC484AF
:200CA0004108838A83454766B256BA484AC487C23766B288B10D54C7B708419643C7474829
:200CC0004A9043484AF00A0840E696CF47E5001EB5883D1EC580109865800089B4FC444067
:200CE000A5883D5E35C090BE34C008A13BBCC4003596159144E0F8F18C46A27A104832910A
:200D00004E833189D5BE3E10A00C340484EC04A01160887C08166502248B170E45C437C49D
:200D200067FC0CFC180425FA084612E0880234A2A5891DE08C0234F18442C2A0F5A31DB3FF
:200D4000414024669248CA8BC4C2177C1804253C6484410A60C5478C436410AD614757E64F
:200D6000B24A5A66B2582A1051CC27E69A463A82C14957C3C70A4386430D3498438443F0D9
:200D80000A444AE68E442AE5000420841DCF27FC2496C540A5841D5E15C09089B5C008105F
:200DA000A002440454EC04E08806847C0C16358B67A0610234C4570835E0880E45FC044CB8
:200DC00062FC140664FA0C893DE088066490054622E08CA33DF18C40248E55E40808C0C513
:200DE000470B74C4C739517C040415484A9B21C237669EE68A449A4A6A084104C3E696E6C0
:200E00009E441ACC174747822108C3C3270AC30D2482C342CA84C3421AF00A0210E68ACFD0
:200E200017E5008465823D823DFC14C09040A5C0085E35A11BBE14001582551114E0F842F6
:200E4000A2A2A3111EFA04BE1E831190AB111483AD93249FFC2928D0F10111E0984015F04B
:200E60007C0C0CC1C3DD9360AC001500258141815160A08185843406CDC5C4FB3046321C37
:200E8000004850855D82514045FE15DD93E0B8F87C040C601802658E35A32BE04C0255945A
:200EA00065815D080406C40C25E08888637C106C040E00804B8381E0880624FC0C1835864F
:200EC000AB03F5F8040C951895C497959DFC24879D82A502A5826516A4E0B4F7B7E17C8EB8
:200EE000BB16A3949D8BA7A38B809588BB82750C6002810E70EC1092AB6C048A8D964B98F8
:200F000054F8451855C45781C5FC14040406340C25E0880824FC080655E088804B7C10023B
:200F2000C58A3BC4276020E3400219FC081825E686463AE686425A865304218223852748B2
:200F400000855D880BDC00F07C0C0CC1C3DD93F87C040CEC801EF0E0840015B0F5A11D608E
:200F60001C0025E084121412738493A17DE0300045AED5875160A0E0601233E696504AACF5
:200F8000A5913DAC75A13DAC25917D0C70092E0045E40C00A5E0B4A041E0D4617C0A44FA25
:200FA0008004A4F7570F2E04A40A430B47E1A00D4EE1A7E088086460180055FA801624FE80
:200FC0002EFCAE54520B5E0151F09081C5814182616924E02000C51825C4278421FC084802
:200FE000228527866DFA100FC4FC851223A01D8EC3C02CF0AC4EC25B1C4E229CF5A3CD8986
:201000002D8D2404B09C85FA2DEC04917D9C150D249AC5E18406B40CC00BA43E1EE404E0F9
:20102000880264A8230F1E82A344278191262360AE462AE08804448C8B01B10315A6CB69F6
:2010400024A4C3821482810215C427C417FC08A6C3181360000412E8000212A29304B3FC9D
:20106000058E8D18900B840F14E408E40806B00325899461148283C02482610415C41700EE
:2010800025FC04442AE0248A136686E50004204A12CF278E6DF088FE14FAE5F420028A0CC5
:2010A0003488D585C76108F1B0466286E5A03D60D000057C248CC342CA8AC3D107F00AFA10
:2010C000800004E692400AE68A421A05078401E600021091170603820D3E04D0A44002C17C
:2010E000E00019C4040210C1E040110C0CC0F1DD93F07CF87C040CEC401EF060A8001500AB
:201100007581410025E0AC00A5E0B0A31D60A0884E9C4E831384358DF383339CC48254FC7B
:20112000100A559C5E985388C4C0547C100A55985388410254885EF18448A21870234D4C7D
:2011400070E4100855DC00DC005050608806447C3E8E6BE0881614FE0C0C9582A17EAEA263
:20116000A309138AAB3EAE897383337C2C14A5CD84943B1493B093F19E86ABBEC4FC8402AE
:2011800054FEA4C4C78A830EA08EC3489AEC0400D8E01C0E10A0008F13EC0487738333E13B
:2011A00074D934AE33D594F13E9233182040548875E41060880E440C85846B06A07E1C09B0
:2011C00013E404F18448320614073330ACE0888A9B68007C0C1295E9B492AB1283B683F138
:2011E0008E949B46524054C447F09C200100A8582240008305F0908A3B046BA00000D8EC4C
:2012000004001083338113D9048773D524CD148403A203A0F1F10EF07C0C0CC1C3DD93F893
:201220001C040C60A0023502258741463AE0504822E6920630F080874DEC0402358AA508F2
:2012400004601883C1E088FC100655C4578644FC1408550C0083F50E0464040675E08810BC
:20126000647C1C0685E088C477FC207C1C08950875C487937DFC208B7D8205028580C5CADA
:201280007760B48095907D806B23CB02C180B584CD8C0B0C0CF825DD93F01C60A0005500E2
:2012A0004581310254E0180454608881C5E08C4A4208CB713EF084943E84438231103E607B
:2012C000A000558B3D984BDD93FC95F87C040CECA01EF081312D0D0455AC350445E10404F7
:2012E000A5E108135EE10CF19456124A12114E0495F190401261100485F1A8585261140438
:2013000045F9AC4CC261180F1EF980F1A44E1258120D7E2C7FF1A0F1904812B87F0BCEA104
:201320007DA87F7C4EA275E08802B4C45709AEFE8EBE9EE0180495E11C0485E0B404A5FC00
:20134000141275FC041215E0200455C417C477FC040A45FC1C0A15E1200475E6A2504AF149
:20136000904812669E4E4A907DB483044598E50C0461241235E0889304FC180A35C4374272
:2013800032FC0C421AF184924B66928C258E1DC4B78DB4FC2C08050A65C4070405FC00469B
:2013A00062E128463AF18C9104E6828825823DC4A78BA4FC2808050A95C4070405FC0042E0
:2013C00092E12C421AF1988904E6828425861D0435FC04C407E130FC0008050A05C407B29E
:2013E00003FC00E68E400A820D7E0480041E058875A90DE0740415E094420A8FC486C5AF4B
:20140000CDA0C3C4C78655181588C31825F818F034F8080A15C417C4277C047C080A250A2B
:2014200035C437A413FC0C841DA6238C1000000C0CD0F1DD93F07C060B803B0C0CD0F1DD80
:2014400093F07CFA7C040CEC901EF0827B0B2E0240090E0008E4C0E700044066400A400126
:20146000F599C14265816118C07830C56EEC044265D56C4A63E02CC966E02CE02C4461FC68
:2014800055A1CB608802047C0EC207E700004000403E0E7E1EE640E4C0123064C01440E691
:2014A000400C308181110E12058D459921783049D89C1A1C1AE8187FFD57FE4002CFFF99BD
:2014C000217BACF83054054918E504690EE8188F9E9921E02C120548989C1A593AE818FB54
:2014E000AC400299211E1A54058DAE860B602CE81847E8992111B40C03ED0C9E1AE05CE8C9
:20150000184948602C0C031E1A80AB48D899210C03E818809B608C99211E1AE81848688909
:2015200034FC244222FE44B42371A492230013402A8E38441AE0921144E0920202A13B92C4
:201540000B600060000622EBFC041202323E340006EBFCA19D40009C004090603048030C37
:20156000269033461182818F94E03091BE8DA482088B04E655818DC8F10101F27C0C0CC111
:20158000C3DD93E08400447C000A03F0805852E09018C3FD0120C380CD3C04978018C444DD
:2015A0000418C08615A31DE68A44CAE50E582A658E442A18C08131C1006401728C4422DEAE
:2015C00027E3C702CDA4CF80F593110A298853E22DE1E08B11805540118803DD93E39018B9
:2015E00024425A9833E088E0300635C35DC65780000A06D1944A128215CB3DE010000B8203
:2016000003C6075C08C03D04439A0048018501DD93E390FA7C040CECD01EF081C10B1E91BA
:201620004EAD14891EB344135EAB148F3E805BA914971E99210D2E7E1EB134E79002408103
:2016400045AF04042045C6A12BEC040400FE954F0665801906E00081A1600806058D0500B0
:201660000AFC1CC7FF63FD4C4294C58D0170A8E3904C01A10B940A881480E50086C11D4CDA
:2016800001C000960AC3908265A10B709C42420215CE07C01DE030C0000036C3904C01D430
:2016A0000A992E8205A10BFC30081B0036C01D4C01C000156EC39011148A0B08BB942B069F
:2016C0009B8A6B78D8988B1304EFFC192490CB0C5B923B0009964B000AE0348665E3FC0067
:2016E0000995040000E390010AEC148475F4047C4E89048B14944BFE04BE0E8F348D248A38
:201700000B3C0E415893541924E800123B90CB964B8C5B882102A184C1087182089704E64A
:20172000D581ADE8F10101F27C0C0CC1C3DD93FA7C040CEC701EF08A9B00AB60141403A165
:20174000B4828B0D0E9F548EF5A30D60301209E0840C4442B215C11663F0901D048171183A
:2017600046A10B42C1C000186063900B8EE6A0E5E00C00FEAE895EBE3EFCBEB00283E50DE9
:201780001498120004A203820DF08014138495900B602092BB3CBE849B088B6FFC6F481459
:2017A000CB98AB169B922BFCB4904BBE3489548B84FEA484610271E0301209F815817D0C08
:2017C0000CB8F1DD93F27C60201413BCBE900BEFFC6DA80C0CB8F1DD93F27CFE7C040CECA5
:2017E000601EF0829B00AB60940034E18402A4820325C4602A400A2984A171420281614019
:20180000C27BB0A273FA80F398426240128073CB777298E0EC02040E042E1F0B1EE194FAC3
:2018200090402244422E1F211BFB88EFFC43F6A403201C7398426280084C96800010184814
:20184000AA9F24897EE6AA064406233E5EE1840623CA27442A823B84C3E012F29844624E14
:2018600022A0C1CBC7729860EC167438BFCB777FFD45FE56CAC03F802B6408E0000E1AE15C
:2018800080420A1FFD57FE0E06403F7E38C0000404EFD4D01761E045FE241FC03F7FFDFF0F
:2018A000A1500742CA7C9E7E8EE408E008421A406A0B940984E028E580420AE188421A6D0D
:2018C00080420A41FE922B43FE5FFCC03F1FFC6FD472C8122B903B7278903B023BEFD4232D
:2018E000A4802BE028446A06CA21841D94E5FCE1FC061A6580420A421A960B8E1B6188ED32
:2019000080420A5FFC45FEC00447F6EFD47A4847FE3E24C03F7FFD89B4A774446284937E22
:2019200084F298442290937C94F298442292A354CA7298041AE40C420AE0000406E18055B9
:20194000FE4000C03F1FFC61E006A450A7D0271403A62F4212FFA145FE7288DFFF7FFC647C
:201960000842CA421A8471C7776008E028406AE580420AE188421AED80420A1FFD43FE41DD
:20198000FE5FFFA11BDFFC0B2482456CD8963B0131EFD475F88E2B8195EFD48E2B0131EF7B
:2019A000D475A8963B0B24EFD46C0843FEA11D5FFF1FFDDFFC41FE82E5A11B963B0B24EF5A
:2019C000D46B4860F80414240FC5070131C51774188E2B81E5EFD48E2B0131EFD473C89616
:2019E0003B0B24EFD46A2860F80414240FC507211DC5177FFD45FE0414C7FFFF3101880148
:201A000088000480F8021419844602465AA12B409A6028400AE52647FEE18404065FFC0095
:201A200033C000E5A6409A4022953B47FE7280A10B9FFCDFFC47FEF00A403A0C0BA00C0C3B
:201A40000CB0F1DD93F67C814101B582414954985DC5C480000A06D1B04A52814DCD5E5D9E
:201A600093FCD5C1C38101F87C04CC67900A30E6A0183081610F4E4806088B03A5E02420CD
:201A800066809B18A3A51B160E40001478D0000001160606A59000F27D0000484A80B554A8
:201AA000A2E49C65AE90AC0831826104C182518AA88281F8D5956D88D5E5AD82418F4488F0
:201AC0005B033181C103B578040A699478A51BE08810647C200085E0881274FC240095938F
:201AE0008D80958175809580A5928D78044A71946683C182310AA80CA482518D3DFA80A3B1
:201B0000CDF8958101F6C5F07C0CCCC1C3DD93FA7C040CED701EF0995EBF74A53EA14EA366
:201B20001EAB2E0E059E141E85E0201E65E084BD94E080820B1F0E45D8A91E1B0EE8140EDD
:201B40000583C14C05E0180E09EB54DC34E05800602D0EC00B65419E48A70EE0200E1B5C29
:201B6000589C284C35A9CF4C21EB50C0026D6904C41E044C13E894C00166B16D6D4C414CC0
:201B800051C002C0026D71E814490860180E050E2980BB90AB604CF0145405E0480E0912B3
:201BA00019979E81916034E0900E39E0940E4978185401E7F4030A78105431001081010241
:201BC0007004045441E460904B780CF8145421E01C0E3550019D1E990160485091A8065068
:201BE00091E054A704E058AD24A914EFE46BE88D51210B2BC490A5AD14809B6401006004B6
:201C00007040090165E4A04944823BEC040630A13BC14E1E05FE75A19B6088990E96F5E0FA
:201C2000A4180912E5A10B8460168064601680E48002C064E004C0E5F006C06401006008D2
:201C4000604009C002650166010A6018604004C00667018DAE8FBE895E8BCEFC6EFE4EADCD
:201C600004BE0E9F54A144A304BC0EEFEC6948809B2D14A19B2BC405F588C5ABC495511884
:201C800009A524A10BE0701809EE25A30BE0741D0496F5E44002209924CA5400C00034FE81
:201CA0006EE440BE0EFC2E961B3C1E98BB2304AD449B24EFDC4CA88F51210B009B9085F3F9
:201CC000C596CB66F000C07B38942B963B6FE4A19B809B97518265009E9904E5701EF092DC
:201CE0000B025EF27C0C0C2104DD93E670028064010460943B40090059964BAB04E02CA10F
:201D00001EFE1EA0012D14BE2EFC6E3C1E952E930E8E1B7F789D241904EFE0219B809BF679
:201D20009599510E801DBEC00264D1942B27048E4B291464B8A134809BEFE48AA5A19B9DDD
:201D40005179C560701609A10B96CB0E09D4E504606058C00265006601066008604004C0AC
:201D600006670168105948210B8C1BD0959151AD14ABC4E0701809D025A10B0470020B06F9
:201D800060E4A04009640165F88C1B2D14EFFC2BC4809BE90593510480297EC0016631958D
:201DA000B49F74272EFC2EE440007002043EBE7717E17C1D34942B2B048203E1140A048E07
:201DC0004B115E02002D04BC0EE7004758A304809BE8046035A19BC0000AF6943B2B04ADDC
:201DE00024A914E3040009A7148F1E8D1E9D44A5148B6EFE2E89BEB0111124FC2E9B648C4E
:201E00005B3E7EA304BC0E43189324809BEFE45875A19BC0000B468C2B2B04943B25142909
:201E200074A764E71000008C4BA0116FE45068009B8E5BA19B8CBB0BC654152B04C0006405
:201E4000910C802514C0030E3B942B00008C4B6F98E720B8116FF8A19B809B0BD64ED525CC
:201E600004C0000E2B941B4C388C3B809BE8044C75A19BC0000BE6A514AB741754A1C4E727
:201E8000300070E0100245E1880E3B63200E19E440045089BE8B6E9DC4FECEBEAEFCCE9B59
:201EA00024BC2EEFF87B88A19B809B0BF644D50E19C00008806380C0046450942B23046F9A
:201EC000FC5D48009B8C3BE0004A06C1C3E165FA7C040CEC301EF082AB1914849B157486CD
:201EE0006B3E5E88BB7C1E6040128947F8941B8E3B6800E044120982E5A60D8665A90B8C20
:201F000025AD0BAF0B7CB4100B9A1549988E1BA30DEFDC8D158C258E45A50BA70B7CB40271
:201F2000609695900B64206FDC7948A30D8E2B8B3582258E1B100BEFDC4848A30D7CB43EDE
:201F40006492958E1B900B6FDC4948100B8C2B51588E1B8C2B6FDC921B140B6FDC550887B5
:201F6000B58C2B642002607738900B8E2B6FDCA30D7CB43E648C558E1B900B6FDC47A810D0
:201F80000B8C2B52188E1B8C2B6FDC0E098565C0056FD184E5A10B67FD0E159704C0016FFD
:201FA000C90E290E39C005C0056FCD60090E4BC21EC003E0105615E0585621E05C5631E002
:201FC0003056436FDC42E87CB48E0B80B5A30D8E0B3E14EFDC4AE898F1010140162C0E2EE4
:201FE0000EE0000C0C8101DD93F27CFA7C044C846B028B867B6028A008A218E81060E860AE
:20200000581019A204802B64F8E034C8176810E0440C199C55A51B4E05E014C00167DDE001
:20202000180C0B98349A2467E14E150C19C0014E03E038C0026FE1E0540C0967E94E254E81
:2020400035C001C00167ED6FC94E11A10B4005603C0C190C2981010C39E0404E11E048C0C9
:20206000056FCD6FD14E014E21C005C0056FD56FD94E31B0A5C00560510C0902604001C049
:20208000036491E08804047C080235F08848124E358463400167F9E08406046060084506BF
:2020A0005B82338013612068014E458341400160094E530C25C003063BE1BC4E41E150C09F
:2020C000056FD167FD4E254E33C001C003600DE300020960214E010209C0064E01E330C0C1
:2020E000066025E360020960294E010209C0064E01E390C006602D0C29914506706040E048
:2021000014E470E0104E0508241A044E15E08886436014603C0E59E08410248C0B100E7002
:202120001500158683400260540CC9445A84334815E68A001BE100C004781178190049500C
:2021400013C008425264004641FBB058726A000049F088C0087815EC004611EB0046417803
:202160001100494641C00808246D000059E084400878090E43C4270470847340076771676A
:202180007108404651C01106C06E00C0136770815107657C1400C9649010600EC4C00310A0
:2021A00095E08854827C1C8C73F09C7801449512C4400214A5E08490936060612012BB442D
:2021C000A5988348B3E400C0027801E1BC0E75E150129B4E32497E519CF09410C982519C27
:2021E000C6E300E33010C9E4004EC1E36010C9E8004EC1E39010C9EC004EC1F275835DF2C4
:202200007C0C4CC1C3DD93FA7C040CEC901EF084BB0B1E80AB2B1481813C5E866B3E4E8D6E
:202220001EAE04AF74A514FE1EA7944E388F8E1639E810981AE094A53B9A2AE0105213E0B2
:20224000145223090E8A557401000EBE7EC0078301260E85017C0E2D64A18CFA80020494DF
:202260000B29748D34FE24E8004D2860941619122B940B49988C3B0B64E8001629940B8E0C
:202280004B6090E094161968004E888D148C3B8904BE748F05FC941619A334CC28E09082EB
:2022A00095C51DC51DCE2800141E658000122600181E15800050C6090E96E5F084403260C7
:2022C000200019E47004F0E120000960805E11E48002F060845E0159788C0BA10BE800008F
:2022E0008B80E58B64879189048D140F048955E47004F0608402040C13C407021B80630CA0
:2023000005E2485213E02402F06028A60EE48057B8BE648C0B68008B11210B88F5FC1E0400
:20232000F00F04FE14E4700215C4078C036010E024000502F00203E60EE4805658BC648CA1
:202340000B68008475A10B8C1B0F0404F02164C207E47002F00203000BE4805203E0188CD6
:202360000B603CE80055288465A10B808B0B648B910D14021B89047C38E1A84C03EFE09070
:202380000B6018C8F11C8E0C0C9E9EDD93F27CBE7E8F048063C207E0180C0BE0385203E04E
:2023A000941609C1C3EBB5FA04044C843B066B4406027B0C0BE0007F58861BA67DEFD0A907
:2023C0007B8225AD7B80A5AF7B822501858695A57B8101A77B8285810184D54C03DA0E023D
:2023E0000660284C13E10081D5E038DA0E8101E0284C0360304C03E1000006E0384C03E0D3
:202400003C4C03F2040C4CC1C3DD93FA0C040C847B066B4446028B0C0BE00C7C388E1BAD45
:202420008BEFD0E00C101AED80420A8000000680704C01A58B82E5012182B5E480006060AC
:20244000704C21E4B002700C0C99213AB8F20C0C0CFFD0DD93F20CF83C044C8C35A51B6F0E
:20246000D106090619C005C0056FD96FC906290659C00540056FCD4811A10B4821E03448B5
:2024800051E0204801E0249AC5E03067F90605061BC001C0036009602D06294805C006489F
:2024A00013E0100605E0E0C0016801600D061B4821C0034805E2804813E0408B45E110601F
:2024C0003C0659F08840326E700019E680184081710161E0344811EA700019E0204811EB4A
:2024E000700019E0244811E68A425AEC70000960840414E0880A141002862300106C30C0DC
:20250000166770677102200450400FC00B677160304881E5000A40029B853550327C181089
:2025200085F08840047801F09854C278605493F098521278304A850685846188217C08E4A0
:2025400000129B5032558E5493F09C52C278301089F09C82717C000889A4861084E03091B6
:202560007DFA800C4CF675DD93F03CF88C040C60384611462181510430603CC00164706084
:20258000184653647018300C30C00240026671E00C43F68171032579004455F09C5062F1D7
:2025A0005CC95E63005071A0568271E1005051E2005051E4005011E1000E0A0430FAD54005
:2025C000166771E010180649568145EC0418C0FE95A1CB67F14655040640014655EFF0C05B
:2025E0000167ED67E946554611C00140056FD94623881BC0026FE9602D46510C0CC0060BC3
:20260000D8F08CC1C3FFD8F81C040CE0180079E0280039E02000C9087006684A3AEC040012
:2026200049E6920089E0145252601C0059F0B081016024D26D041840C6080E8E55E000EC17
:20264000041240E6A6525AD21D9093D96D8C75D11D8C35A13B8AF5A15B8AA552C28A651249
:202660008AF9A088D5F0008895F07D8855F44DEC081240F4F4130AE57D86B54E328675A23D
:202680007FF9940E8AAC7F8495F0004E1AB013A17BE116B86382F5E10E586A8255A1CBE0BE
:2026A0000E406AE016421AE692400A080E82030C0C8101DD93F01CFA7C040CED501EF0804C
:2026C000AB3D048191255E848B154E1630130E3B04E520E0080D068171211EA30EA99E2711
:2026E0000EB904650100A01B0EC002660100A0190EC004670100A0170EC006640100A01F15
:202700000EC009650100A01D0EC00B8D8581019855A10B78901603AC12945BA734A5246BDC
:2027200018A344A10BEFE0A13494F516039D44AC12F890E03016238B4E8C38A7549F449726
:2027400044894E9944FE4E9B44FC4EBCAEBE4E6C58A544A10BEFE093448EF51603A1342CFA
:2027600012F890F0A44A42603016238E388C43E0510F5E094E8B5EE54008F09D44FE4EA772
:2027800054915E9F44FC4EBCAEBE4E71989544A10BEFE0A904883511048FC40034A30BC082
:2027A000000006C0005835C0605835A14484B5160393245058F890E58008C00423AC128960
:2027C0004EFC18FECEA744BE4EFCAE3C4E9544641883410271EFDC04B18891A2188461E4F8
:2027E000F5837DE5501EF0F27C0C0CC1C3DD93FE7C040CEC601EF084AB06B86010002302C1
:20280000149941000B81513E0EE014E760003041568145EC040840FE95A14B6C0400107F23
:20282000FC49EE3E04CFFFE410414AE00404DAED80420AEC0400006FF9015A40C6400F4211
:202840000AE000175AED80420AE4300006ED80BC0EC000800013C8600A402EE7601230E6B1
:20286000A01030E502441AE582481A0224092E7E4EE184E0FC0044C347201F8B4EFC1E2060
:2028800012A535A8348101401AA01D423AC686403AE5820414E5020620F680050A6C800098
:2028A0005BE47CFB8C48226C7C06429C004A10688C18544A0081510C341C000E54EC00A67A
:2028C000436F8C789C4C62EC040842ACCF0B64689008C4483BA75F4D4ACACB4C1AE40C8C79
:2028E0003B600C420A7C644D6AE580421AE430420AE1884052ED804E20509808F5DC00D2C4
:202900008C42420865A12B80000E066C040E200F0A803B4610E47C02201C004472EC84004E
:20292000067B840222C0000804EC7C0A146F842223EC00233FA30FF8904852A83F0B146C50
:20294000040422A53F8C03F2844232FE348924EFCC6EC80070002B0870E42C010A6C54032F
:2029600031E47CFB90480200000606E48000CA6200000CEC7C0A426F941804EC000C54AB7F
:202980003F2A4378B05862EC040842AB0F383F44AA293F471DE400E00C41F6E00C421AE550
:2029A00080420AE188421AED80420AA11B9EC5BE448EF5F6800024F6800244028A80139024
:2029C00075E48064740F0A9C158341BD113E04402AAE13044466820270E88404206408A33C
:2029E0002FEC04F808460298D5853B6C800610E47C030A461201210416FB8C02CA400008A5
:202A00000CE480023262000A44EC7C18146F842233EC004AC2A32FA34F789406322A2F2706
:202A20002FEC048111880342220755040BF284BE248131EFCC710864080670070A812101B7
:202A4000E5E47CC000041664080670E512402A6592422AE47C070A04068321087080000694
:202A6000CA6C780A0CE480483262000642FB901854EC7C0C346F8C2643EC005862A72FA7E4
:202A80005F78B00842382F292FEC0442128A037418F28804706FCC008AE40C41F6E7FCA1EB
:202AA0001B000CC00C41F616B0A40682916C04848108A10244819586716884EF0F82030089
:202AC000027F45A1BBEFFCDFFC2DD8B0F13C04F67C0C0CC1C3DD93F804040C80CB061D7AB6
:202AE0000C4C12FB0442321C005820F18446621C004400670FFF01E17C0CC4698C0EC4F886
:202B00009840028403AE0F79084C02F9304E02A16D8E6F040484F5BF6170804662632F4237
:202B200029F18C0424A7CF06C476800420FC7C4222EC042263F1846D3FA30F0335841BA3CF
:202B40001D860341FC04241FFC41FE0275DFFFD088400260010606C30760000210062FA49F
:202B60000FEC04941E900EF0040C0CC1C3DD93FA7C040CEC701EF0889B1D34826B00CB509A
:202B800022062D5890FA0C52001C0021049C00FB084632718C54829C004C504A107ECE0D8A
:202BA0000E9C001F048C1B095E942B0B0E868B6B18980B007BEFCC7F0182BB7CAEFF116A94
:202BC00098942B09A4EFCCE17C046478884002F8884212B61F2E0F56023E6E4E12F0A44011
:202BE00072F2A842727928820FF9189835A10DE17C0274F08440B272844472441FC20F68D6
:202C000098902B211BEFCC0014BFC1811156809C0440009680000484800000EC040C004430
:202C2000627C840020F1A0050A6C804822E47C42B07B8000429C0056706C7C06149C000A83
:202C4000046F804652EC00A1BF788C4EB27EB447F6F98CB0C3600071A04A320B0AA04358F5
:202C600052647C1EB5FBB0965B00046C041042EC7C08C240000A06EC0014446F90125410B2
:202C800014B17F40A2688002B4F8A4A8C3689000C2201F211FEC04E89000547C7C0214F175
:202CA000884432EFCC638803D59003F29C4212FF01238D020682F560006001E0FC0074C320
:202CC0007743B7B60F02AF79A84272EC040C807FA781A57FFD43FE0121DFFF422294039028
:202CE0006B7284880E8B240D048A1E806EB8F1F27C0C0CC1C3DD93FA7C044C887B0A6B76B0
:202D0000801424E00048C6B4431951090A34534A42E47C81C17B946C7C08529C005800009F
:202D2000000006E4B012106F9002C4EC001644788442B22853A90F0252A20F86A36C0468A3
:202D4000840204E89000C46FCC42A881818131FF213493849D1E1E82859C0E128A189E8A03
:202D600055E0FC6FCC5BC8ECF8049051E60525322BE000050A803B4610E47CC1111C0042FE
:202D800022B2130412FB840834EC7C813168881C004600EC000A246F8800344052A4132061
:202DA0004FF880EC04001268800244E88800349E1E9C0E0C4C988EDD93F27CF87C040C88AA
:202DC0007B52C4F0140E65E682521A6090580A041683C1A16B400044C20DB41224918842C3
:202DE0003AA32B8FA4E6860824118419C49B808088084410904E72E08808140A70147E2C03
:202E00005EE41017649071F0904A721490285E0A94E40C12A460887D97E17CF0945672F99C
:202E20007112A3708452B2209E8EAF103494B31204608854B2E08850B270A018AEF0A430E6
:202E40003E9033E0E0440A020613349524C000C000461586018295E17C18049803FDC7808A
:202E6000838E0F8A83104390130C4E0C0C881EDD93F07CFA7C044C88AB027B617C10741054
:202E800003866B527284BB509FF2A0100BC08F5418921BA11BEFCCD68000149C04400096E0
:202EA000800004848000006080010AEC8402008255A81E41FE7F77DFFF7FFD81010073A864
:202EC0000E987E561B85158203902B6C800200E47C010A7B844002C00004066C7C02029C97
:202EE0000050906F840424EC00061444322203238FF888EC040002A17D248FE8800084D184
:202F00008000040C4C980EDD93F27CFA7C044C827B0A6B617C0264E17C067481A102435840
:202F20006211B40603F284F90450C2728C4A725842C60FC65F7904E5B2420AE532465AE592
:202F4000B2485A428A02334842E502528A72A80613E582E522465A72A44842E5A24A5A7053
:202F60008C5042E532400AF2A84852F99046828E85A13B06440F2E4A82E17C5842F08C0791
:202F8000CBF28C06C4C6CF90CB5680990C4A529680065484800630EC040A30E47C0B0A1CB2
:202FA000005840EC8408307B904A52C0001006EC7C08526F901284EC00144452A229CF28A5
:202FC00053F8A41216B2CF0A5260042693EC04E89414C4922B298FEFCC49E8B41F0F2481B4
:202FE000A1300F01E584B3A11DB2B356B2026504B39088E0FC0614C317430716B0260F213D
:20300000BDEC04E00004B21FFD43FE41FE5FFF048ADFFCFF8160FC47D880F504206FCC45F6
:20302000E6ECF84E6FE000F18048A2906D13544040154446A29C004230F384961E9C009044
:203040002E940EF27C0C4CC1C3DD93FA04044C807B026B811158046BC804F67FB881310428
:2030600004EFC8C21761FC7C7C00048403A22F7C7C02040013FF077001000E411DCFFFE168
:20308000C000140000581E803F0FFD45F65C144022C3FC009AD180C03F634D200100F8DDBF
:2030A0001740006D8D0000401AC03E871166826686400AE0144306009A8FA5C03F61C9205D
:2030C0000100E80000C000C03C6F2D6682401A400A8711028666868D95E03061BD009A002D
:2030E000E8C03EC00020016D750000401AC038871166826686400AE0800386009A8B85C0CC
:203100003C6071200100E80000C000C0306DF56682401A400A8711038666868975E1286186
:20312000C9009A00E8C037C00020016F290000401AC024871166826686400AE254030600A1
:203140009A8765C02F6149200100E80000C000C0166FC96682401A400A87110206668685DC
:2031600055E41063F9009A00E8C022C00020016D590000401AC00A871166826686400AE6DF
:203180002842060721834562D9009A421AC012400AE68A40002687295943060000C000801A
:2031A000022DB92686400AA8240206E086400AD1800004F2040C4CC1C3DD93FA04044CE0E8
:2031C000300229E090440AC0000006C0004205842480F50416A12B40228000442A9180E4C1
:2031E000500C108171230BC427811190884C626FCC53A8987E8C0BF2040C4CC1C3DD93FEDD
:203200007C040C6C611EF0133EC0010E09807B8121604C60BC5E255E25886B81A160B40A80
:20322000F01D0EC00164515E25DC345E25E0AC5E25E09CA13B608C06343F2E5E25C1545EF7
:2032400025E1045E25E1005E25E0FC5E25E0F85E25E0F45E25E0F05E25E0EC5E25E0E85EA4
:2032600025E0E45E25E0E05E25E0DC5E25E0D85E25E0D45E25E0D05E25E0CC5E25E0C85E86
:2032800025E0C45E25E0C05E25E0B85E25E0B05E25E0A85E25E0A45E25E0985E25E0945EB2
:2032A00025E088BD2EE084443ABB2E8731468E800C0E25E0500E090424971EA32D8138C40F
:2032C0000004068121192E9314982E60204231042E8131E7C002F004F00D1E0B2EE7D0E728
:2032E000E002F004F0091E7E2EE7F0640102F07C1EC001641104F03E2EC001643102F03C53
:203300001EC001910E832197449D14EFFC5588E1141E05AB0B8004E008001AED80420AC06A
:20332000003C58E10C1E05A10B8004800000B680004C0580003BB8676000F064400AF00DDD
:203340000EC001E77000F000F00B0E090EE780E79000F000F07E0E7C0EE7A0E7B000F00055
:20336000F03E0EC001642181213C0E8131110497449D14EFFC5248E1101E05AB0B8004E0D9
:2033800008001AED80420AC1141E05C0000005C000342861081E05E58008F0610C1E15E50B
:2033A000700AF08004813181110424EFFC4A6806F03314B104E5307C3EAF24E54006F080E7
:2033C0004B3E3E825B3C2EEFFC5A2881611B7E2FB891540E09E00081116040E09C5E15E033
:2033E000885E1540003D1E1E05F3F8AD0B60F4E0985E15E0945E15E08C5E15E0845E15BBDA
:203400001EBF1E88F5956E60F01E35E7100CF018F00044AB14E6C07C6E8C30E17C0A44A9F0
:2034200004BECEBC3EA724EFFC572860B41E15E70006F060B01E051E258C4B51B8E0C41E91
:2034400025EFFC1E35E0DC1E05E0D81E15E0C08195E0C4E0F01E15E0DC1E25E0D81E358454
:2034600010800408F008240C30E5C0E5B00AF0EFF87348819101810E09A9D54000E040AD4C
:203480000BF3F81E358A750CF060F81E05E71018F060FCAB14E6C0FC240631FC200045BE37
:2034A000CEFC6E0A442904A724E17C52F8BC3E1E15EFFC06F060B41E05E7008C4B60B0E0F4
:2034C000C41E25EFFC4D88E0E41E25E0E01E35E0C01E05E0C41E151E0581D51E15E0FC1ECB
:2034E00025E0F81E35E0E40005E0E00211FC200425FC2408F07C200631E7500AF07C246E71
:20350000B8E7401E25EFF8A32DE0D4DC04809582C5A10B60D01E1508F0840B0AF067501982
:2035200024E7406D989D311E25EFF81E35E0D408F060D00AF0E6A0830166906FF87DE80E40
:203540000981114000E040AD0BF3F81E358AF50CF061001E05E71018F06104B314E6C0FCAE
:20356000240631FC200045BECEFC6E0A443104AF24E17C4CB8BC3E1E15EFFC06F060B41EA2
:2035800005E7008C4B60B0E0C41E25EFFC4748E0EC1E15E0E81E25E0C01E05FC200245E0E7
:2035A000C41E15FC2404311E0583151E35E1041E15E0E81E25E0EC0005E1000245FC200475
:2035C00011FC200631FC24282BFC24E73008F06FF86848E7200AF0A58EA39EA10BDC0417B6
:2035E00014842553388E0B1E05EFFC802B60CC60C81E15E73008F067200AF066D89D311EF0
:2036000065EFF812F060CC1E35E7400EF060C8FC9EE6E00A643E7E1E15E17C8C4B60ACE0B3
:20362000A81E05E0A41E25BC3E9F3E46F8A15E1EB5EFFC1E85E0BC1EA5E0B8961BE0D054D7
:20364000D8900B942B6FC8E00002CAE000021A670500EA420AC927421AE580420AE18882CF
:20366000A5ED80727D10068101400260B85E855E0581A181B160BCE0D05E05609C1E15E679
:203680005006F006F07C3E3E3EE6601E05904B965B6098E0941E2566B8BCAE1F34EFF8FC16
:2036A0009E8C4B1E15BE7E1E05E0BC1E25E0B8BC3EE0D042B8A1541E35EFFC18F060D07C01
:2036C000CEE610E62018F01E15BECE1E05E08C1E25E0881E55E0841E45E0BCBC3EE0B8EFC8
:2036E000F8648860A41E35E5D018F018F07CCEBECEE5E0BD04BF141E55BB241E45E0ACBC9E
:203700003EE0A8EFF86368A584A39482919B749D0488812B28930B3944DFFCE5D00CF00EFD
:20372000F03734FC6EE5E00A443E7EBF14E17CBB24BD047EB8BC3E7C6EEFF83E7E81313F77
:20374000148341BD048151BC3EBB24EFF8612881513904BB94B7143D44BF34E9840404F6AD
:20376000800C24376EBE61F18442626C800410E47C030A7B8850129C004A006C7C0E82810B
:203780007C00046F9C0254EC00047454220C9D1604F884AE83689C82A5A55E7198449249A8
:2037A000D8880B861B6FC8823B004B8C9B3D4EBB6EBF3EB4BF379D148202F50490EC048806
:2037C0000B6C286FC848C8004B861B3D4E9591BF3E823B2524BB9EF98C404202B4210B021F
:2037E00035E8A8E89C00248341012183213F2E81313D2E6FC46D483F1E882B1E15B2630EFA
:20380000F0609C1E35E6601E25E0983B6EE094E6500CF0860B3D0E864B7C6E825B3E7E7772
:2038200058BC2EBB34EFF8BE7EFC6EE09C1E15E0981E05E0941E25BD44BF547678BC3E1EAF
:2038400035EFF881716098E09C1E55E08C1E1560941E35F18C487273944A72E61018F0187D
:20386000F07CCEBECEE620E0881E05E0841E2557F8BC3E1E65EFF8FF01608CE0841E851E86
:2038800095806D0C0640885E7580008C1B008C00885E751206902B42188000920B6FC8E08A
:2038A0000002CAE000021A640100EA420AC100421AE580420AE1888225ED80608C5E755E3D
:2038C00005FF0181A16088FF010305E044108A048082F5920B6C406FC8402881A18C1BE087
:2038E0008C5E15E0885E0591549B74210185553003E1114402B013010A7B84121BE47CEC5D
:203900007C0022400002069C0052606F800614EC000804A19F202346421154269FF88CECCD
:2039200004042200141B74259FE8805E0581A15E95E0889564E08C1E2593341E45E10402F5
:203940006460F81E35E088861361008261460E1E159DC400C4E0FC983360888013002361C1
:20396000045E251E2598435E35E0F41E35E1005E15E0F0882160FCE0EC1E1560F45E251ECB
:203980002582315E45E0E4801360F8E0E81E4560DC1E055E3580231E35E0F0984360E0609F
:2039A000EC5E151E1588015E25E0D8983360E460E85E455E35A121821160E0E0845E25E0C8
:2039C000DC5E05E0D85E1510688B6B1304DFFC01B5811141249801EC040A50454A9E340428
:2039E0000CE40C8413E200FCD5A15BE0580E091E059334811D6114E200040C8EAE8C2E460B
:203A000011800489116024A50B9324C0000266E0204411A50B173493148645A31B8414CE7E
:203A20001480E5E094424A00300E250E198430AD1BE040400C0615C4300030AB0B8AF580A7
:203A40000C06059C940004800C4605E1101E05A51B80140E1982750410E040A11B6C18E466
:203A60000804DAED80420ACE1488F5E0440E29F0C042104410292BCE2EFC04800480F5420C
:203A800010A50B46159C0CCE14800CE094420A003082058921643091218125801EA41FE0A7
:203AA000500E09420193141EF0E028C0016461F67C0C0CA31BDD939314FA35A31B8414FD38
:203AC00045F4A5FA7C040CEDF01EF060981E45250E88BB1E95828BA74EE0A8E090081902F6
:203AE000618013811160705215A41E0019E010E224E0480019AB1E440A604CA91EE080E02D
:203B00005000A9975ED27882E5A33E441A2014A11BE084E200020C0078A01E0101A0007437
:203B2000D8901BE224EFF8E088440A40000016DC004280CFF87448656000F0E5D00AF00084
:203B4000F00D0E0B0EE590E57000F000F0090E7E0EE5A0E58000F000F07C0E3E0EE5B0E5DA
:203B6000C000F083213C0E940B2914904B0C3BEFF8526881116204400AE1211E05E08C40F5
:203B800015C074A734C000C00C1005E0940619E20E840FC8192554AB1B2B24C0001E58A104
:203BA0006D158EC0001A788004BB041DC8A50B1E058000964B60A01674141414B0E0900061
:203BC00005E4400203E0100615FF11820D6018C1AC0004412A4E0A9180000401AC0004E1BA
:203BE0002010149180000481AA4E0A8008A304A70B4E0808198215830BE02C081984158125
:203C000075E028E02408198235830BE020081982010211501A9F0E8135E6A29F0E830188F8
:203C200045A18B00841F14811DE084061586A50A09E020461AE064400AE68A9B3EE0884022
:203C40003A84D58131668A02049F24442EE17C932EE00AEFC46008E19404148E05A12BF6EF
:203C6000800C24890187D5AFE5A40E02341F040214E194440676801F64E000E5E00AF0F62C
:203C800080000400102023192EEC183344802D91884202088400348414021051804222C022
:203CA00000045600342D34400AC9044222669ABD1ED1848C309024E0A2400AEFF470E8AD46
:203CC00014BD04406E8406930EE01A04048D5506146194A62FE0ECF6800C240460C06180F7
:203CE0004B6C14E47C050A1C004810EC9402607B844222E6AA448AEC7C0612688C0A444869
:203D000000814118341C000044EC00A6136F8C788040C2E6A2442A0012205F0254EC0400CE
:203D20004468805018E88C81316FC4809B2704A31EC008920B20636FC45EE8A11B8C2BD6E5
:203D40008000149680000484800000010AAC0382B5E080E000421671804412A12E920B5D18
:203D600098A3142104EFC4A063809B0AF033442D04E5E0BD6E8C1B003090246AD8920B1FE3
:203D800024EFF4E0004606AD14BD04F68004248406A433408A993E9EB166A2609C1E951DAB
:203DA0008E8E6B910E81C1A744A5549395AB2460640A39E17C04640463962FF0844472940A
:203DC0002B552D60284C9A0406821140002001E08C461A6200040C0664A463A40F6088463A
:203DE000322B24C00030A52401063082614009B0904632A4A0063086838C34F635832BFB57
:203E0000FC000A0A0980C5404AE06498E5E09000841B141934E094E0880AC4A203B744F04F
:203E2000800404E1940224F6800214EC1802104212823D0424918C021008844232841406B5
:203E40005651840424C000423249041F34D1849D04A10D442ABD1EB134E68EE082402A7CAD
:203E600014082506318A43215EFC30D18000040AF023CE6318E5E0A3C4EFF4BD14B1048082
:203E8000169803A744A5540A09AB24404AE06488A5E084A1249304400AB5442F34E6A202C0
:203EA00004848B1154F6800206A41D021080003D1ECC080825A30F90437C206016400AE597
:203EC000E00AF0FC300631EFF46088AF04A3C49803BD14A5548016AB24A744847302C181D0
:203EE000CBA90440001006C0000206000662159714C0000A49B9348408E0548C248618E610
:203F000082401AE4040220E692480A891B8C1E3B0480D5801E851183659534A12D1534A172
:203F20000B84750A2984250424E040040AFC008255F018E182401A1E05A10B0256007440D8
:203F40001580000A098000400AE0648285E0808014BB040615A51B4210800C46159C1083AE
:203F600011000C1EF0801E0C0CE5F0DD93F27CFA9C040C605000190029826B81C1604C0A30
:203F80001090CE0E14640C0059E08852506064C00173F06686502A48C592731280E010C418
:203FA00087640C73F15290907341FF60844A0A10069273404000014C859071529240044E65
:203FC0007290A0100610A44CC58000127400044A0AE188B28F60800E741A8E10848084A812
:203FE000711CC400044C85DCC0108440044C8560440E8A08A5C01880000066E04000798690
:20400000D5EE7DE00C1036E49C504A00898635F38DE048007604C506898000FC8DE02C063F
:204020008982B5FC8DE02406898235FC8DE028063980B5FF3DE02001358215930191010CAD
:204040000C900EDD93F29C6044000918CEE0274C25A22F2B0BE010FEAC01F68101580E002D
:204060000001065A0EAD7BDC940004400C4C05E0804A4A40000006DC004260CFF84A088C3B
:204080001B0301F29C0C0CFFF809A8FA3C040CEC201EF0829B006B0E603E2E088BEC043C32
:2040A0009E86AB012181010141893150588E1B8C5B6FD082B5A10B81013EAE81213C9E81CC
:2040C0004111318C5B0E1BEFD04F8880A5A10B0C0C90F1DD93F23C81013E8E81213C9E8164
:2040E0004121318C5B0E1BEFD04E880C0C90F1DD93F23C8605A11B880DFF41C1AC0804C1FB
:2041000006484AD19048121780080473FC40000844C0070840812C424A84048816E1868158
:20412000010C0E5D93DD93E0084096FE7C040CECE01EF0886B00BB60181689067B844B04C9
:20414000F082AB06F064D0094EE4A07D38880B901B6FFC64C004F0E49006F0901B140BEFA4
:20416000FC7CA864B004F0E48006F08E0B0B7E6FFC7C281E09901B98B160D060C01E39E0EA
:2041800084048460B01E5942079623EC080420708042B20010C2374EB26C08570DF08C42EF
:2041A00057849B9C0052006C080070F09446B2845B570D1C004A00EC08003084CB570D5863
:2041C000001504FC0E9C000B048904130481ABE000541AED84400A9104BE0E81013C0E917A
:2041E00095FE0E8AAB0F8E8E5B048AA40A8D9E8994FC74400AB0030F2A669EC008640052B7
:204200001A8B740E00601CC0046400400D4126D7774000400D5E058C9B400020000188A031
:20422000000C06B00A8C6AAC03BC446692400A6400091A4926C008C000200D200D5E450050
:20424000004000C00464018063D70706258E8380000E06824B147ABE14A80A400AAE030387
:204260001A6686C0086400200D43265E15C0004000200D640100005707C0048073881B7B3E
:20428000800064FB800C847A804C62E40800107B800274E408411A7A984212591C926B42B9
:2042A00000961B00503C00411AE408967B64084E000D440030BC00963B64086408411A4628
:2042C00000969B00403C000F84E408E408411A3C005200E40800A06408411A4A00965B004F
:2042E000C03C00411AE40896CB64083C005800EC041080E000101A3FFD37687E04C3FF0C65
:204300000CF0F1DD93F67C71884412E1F582338401C20700045D93C1C3FA80FA00004CE589
:2043200006440A6586400A04208111C200640172844002E1CC082460B802040624DA07A03D
:204340004F61C879844432FC7C0044601002065EB88131084CEFC0DD93F200FA04044C8043
:204360002B046B4E96212B82C5E00860C80014E1840624DD170603813101716FC05D68F272
:204380009C42128E0B980EF2040C4CC1C3DD93E506440A6586400A04208111C200640172EF
:2043A000844002DC07E527A40F5D93FA00004C822B4207811104017A80000464B881310402
:2043C00004EFC0A22FE1A041FEA12B0004DFFC084CFA80DD93F200FA00040C6FFC7A0802C5
:2043E00064846B8203E184E01A400AF2000C0CC1C3DD9369294386441AC001401AE5028102
:20440000116582640104204002C200E52772845D93DC07C1C3A40F04348331A33F6888420B
:204420002A82218013E68E00145D93C1C3FB80FA04044C847B066BEFFC77288461C267FA55
:20444000800264E69E421AE502441A6582401A04208111C008640172844002E807D9270CFA
:204460004CA40FDD93F2048111210B00008465040E6C044602FFF0A13BF80841840004C40E
:204480000402100214FE3500047B80D017FA805D93A01FFB8000147A800204A11FD1070087
:2044A000105D93C1C3E404FA00004CE502482AE5824A2A6506403A423A882B8A3B6586EF63
:2044C000C05CA8600104068131420042128403F907728C60900414240FF917850BFF211FC6
:2044E000FC41FE41FEA11B084CDFFCDD93F200FA04044C866B211B81710A4588E5A12B7E82
:2045000081060E481A40004A0AE50A400AE50E461AE58E1854658A5607E1D4E184024400F9
:204520003420CF5657E0FC0434A01F401261844222F094882B72B0EFC04F88850BFF211F8F
:20454000FC41FE0165A11BDFFC41FE4E960101180EE0080C4C8E0BDD93F2047FFD47FE8652
:204560000DC03F00000602083EA11B80000206409C0634C184081450904632423A81014090
:20458000964006881E8008C1C3DD93FA00040C8A25A12B0A0206130614E000030A7A80086A
:2045A00030F47C81116C807B9046320032814148506C7C0A069C00184400000C04EF80A0BF
:2045C000336C0078B05862214FA15FE18400240632385F275FEC044252880381317284EF66
:2045E000C04A48F2000C0CC1C3DD93FA00004CA12B003BE506403AE586423A062082658342
:20460000416C048131274F5858880342126FC0FF21F28C41FE850BA11B1FFCDFFC41FEF2B3
:2046200000084CC1C3DD93FE00044CA32D003BE406403AE486423A0820867583316C0468E0
:20464000900834211D81C1E17C0A4471904CC2E8880434739458C2DC0048605C004AC0425F
:20466000528803062472847998E17C034AEFBC021AE00000EAE000420AE000421AE58042E2
:204680000AE18880F5ED807FFD41FE0C4CDFFFDD93F60006067F21E0006001E008434AE02C
:2046A00008421AE40C416AE580420AE188421AED80420A000100060C4CE000DD93F600FA2D
:2046C0007C044C866B044B70900809082981511210788C0839E600141078841806E4C0FF8C
:2046E000F857CE4E461A265856E000DA36818189A58F4EF0A04042E04000198AA5A11BE008
:204700006000198A25A11BA11BA41A081988C544627C204411F0A00019E0104411E0200048
:2047200019E0304411E0400009E0504401E060A42AE070AA14A804E1840624813106036FDC
:20474000BC7F48F294421242620F44040EF09C120B815181F5F820F0A04062E0104051E057
:20476000304051E050405160704051F09C40628101005E71AC4262040C8281EC0816B08832
:20478000710491B18B90A18101ECD5F27C0C4CC1C3DD93F87C040C060006286001E600E6C4
:2047A00010081065100A1059C6F81181616000027983F5A17BF820847884A58445A17B8027
:2047C00084947406AB8294107AF8200CBA8E83F2985292008E829E46A38EA382B17820020A
:2047E000C18CBC04418431085190010EC08211857DECF00C0CF6F5DD93F07CFA3C040C84E4
:204800006B062883814438807B46089111258F6FFC5CE8E88C128414041C141E34E090021B
:204820000B902B6418941B1C14EFFC980E922B020B9E346398941B9C24EFFC0E1B9A0E1EE6
:2048400034E0106318840B922B6FFC0C0CD80EDD93F23CFA1C044C887B44488101009B84D0
:204860006B0A8B860B0B0E902B0E1B68004348AB9B883BA59B84050C6002E5A79B8410A913
:204880009B824540800225A39B9C000861867581258E0B0D149061E45006F0629898240B55
:2048A00014EFFCE000001A619C4E0A0F248101200102060206C000881EC000F21C0C4C40F8
:2048C000C6DD934E0A60084E1AE99C8111619CC1C3FDF58403A72F5C08C30D00061A005DE2
:2048E000938000F1804012FA7C040CEC501EF06461000081414003FC1EBE0E06088BF501D3
:20490000B181A1814D81717E4E92650209881381A160B060F00239024981B181616090602F
:20492000D00229420A9D118033668681713E5488230813C417094E8141025318858325C04B
:2049400001783110A3F1944842818192B3F2A072A04C6282118271FC55851DF05102011E77
:2049600015870D58504010FCF5DC0084D5E57D6184107440828191813170A872A442426D00
:20498000388E2B00ABEFBCF0AC408272A442626CB881318E2B6FBCFC1480BB0044FE440627
:2049A0001060880444E510860360848241043340B580AE4673E0208408E080E815814D0CBC
:2049C0000CA8F1DD93F27CFA7C040CEC701EF081C13001827B7C0E0C700DCE0BCEE4F089DD
:2049E000CE81A1FC94FECE1E0889558DCE811101ADFECE89CE81018C058BCE70A85662F07D
:204A0000A8509278E01609E43004F078A01619E4600AF0F8201039E02010499B213C2EE840
:204A200000430878C01609E45004F078801619E4400AF0FC281239E040104993213C2EE879
:204A400000420881C17E048085A10BA11B8B147ECE80B50BCE81110D248101F0A8486282D9
:204A6000A10934F8204801F8604821F84048319C089016EE5581AD0C0CB8F1DD93F27C58D3
:204A8000120033143EF080F09040320000190D001BEC0402C081513C148C04FB0444228291
:204AA00035843D885B040DC0000016D18C4002D0884A02DD93845EFA3C040CEC201EF082BF
:204AC0008B0A6B847B11948C1B080B6FFC69880101902B856591A18835A10B6080121512C1
:204AE000458131902B6040E0601255BE9E9C088C1B3C1EEFFC6B088435A10B60801215E40E
:204B000080049060401245125581319E08E060902B3E2E8C1B3C1EEFFC69E86C0414A0A162
:204B2000AB889190F1F655F23C0C0CC1C3DD93FA3C040CEC201EF0827B1584846B17948E8D
:204B40002B13046FFC65C80101901BE00814C6A10B857512158855813168C064601245125B
:204B6000558E2B9808E6903C1EBE9E6738901BA10BEFFC12158455049068C0C00264C06474
:204B8000601245125581319A08E6908E2B3E2E901B3C1EEFFC66086C0414A0A1AB88919091
:204BA000F1F635F23C0C0CC1C3DD93FA3C040CEC401EF0809B1584847B0A6B008082AB0842
:204BC0008064503C0EE410E4400A80EFFC77688415A10B67A00280E760008004807E1E7CBA
:204BE0002EE7903E0E941B7A388E2BA10BEFFCA0F180A5F23C0C0C1744DD930E1B920B1076
:204C00003B8C2B0C0CA0F18115F23CFA0C040C868B086B847B020B6FFC6D88100B8C1B6607
:204C2000388C1B1009EFFC0000E358E20DEC0C1C0040709C0042608FFC5AE80C0C8101DD21
:204C400093F20CF83C044C6201025B81C140010CC485950E64FB808263608460010C8982E4
:204C6000734002E8000E7B06A5C487C4777C20FC1C00955082D3AD5095D08C0489C000A113
:204C80008BE0300C6082C54008640198688073C4679C747C1808858863CF77988E8E83580A
:204CA0008A82C1F4D5EC140C4C8101DD93F03CF87C04CC81C10F4E81610D3E6409003987AB
:204CC00045C00260340299FA800EC4603002B90485C477A1BBFC1CE5A6548A6526508AF011
:204CE0009C5222D187F0A756820F848E83F9A88DA4A0BE8EA302C5C65AA864E516486AE553
:204D0000964A6AEE57D347F9944C42A0BE8CB3807324444E4582C1A844E904E9444E454E1A
:204D200065A0444E45E9C4588AE984F275F40C0CCC8101DD93F07CF800044C814119311892
:204D40005483954C12608402C3F094185B82410CC9E800C0026001E0880C547C1800650481
:204D6000C5C4C7D96DFC30D0804A520C014A3102CBC00440016201FB800A44F855D95D0C70
:204D80004C8101DD93F000FA7C040CEF101EF0848B026B64090C09807B4002651002F0E6CA
:204DA0001004F0813101650000493EC53EEC04FE75A10B661012F0E51014F08C1B0E0B927B
:204DC0003B102B6FFC740816F0944B8C0B6410922B101B964B143BEFFC76C88C1B0E0B6F16
:204DE000FC7AC80101962BE7101EF0F27C0C0CC1C3DD93FF010024832D8414000000065D64
:204E000093822DC0000016FA7C040CEC901EF0829B7E2E02063E0E0921E010689D460E7862
:204E200018C010920B6FBC811101018101090E8381111E81A10F1E81317C0E0D3E91A5E076
:204E400088007412058B1E4C78FC000C74E800010A6084C00164004C039263000468001E8C
:204E60001580844002800400B3908400010C01C00C4126C0085E0547FC57F6FBFC100A7E01
:204E8000A486C5E48004F0647006F01419960B47B8E0281409E800808B602CA10B2802407A
:204EA0000E82454206602E400AE0F8AA12E086FA0440028111090E81A10905008A8B0414BD
:204EC000A0F43C02F604040CE580008000100689148F04F18040B2F080000482C5830D0419
:204EE000F07E0406F0E4800019E470960B6028E8004428818102A10B0483F5E48004F00672
:204F0000F07EA48201E470E0281419960B0B0EE80043C8602C14092802808B8245A10B6015
:204F20002E400EE0F84206E086400A4002AA12090EFA048B1481A192730D344E118F04C059
:204F40000260016C004CA34C038231C00164096201120B0E344001C17DFB800010DC355234
:204F600001E404C0026409C8F17C04F27C0C0CC1C3DD930A448844AA43E90481010043C3EA
:204F80004F084EDD938C4EA30F0C0E8101080EC1C3DD93603C0209A10B803B409606654833
:204FA0003A8008403AE0020844E1028243FA80EC7008498101490D861382A56B710219F435
:204FC0001DC005460680F5464AE0648311648481118045DD93881600045D93C1C3FA80FA8D
:204FE0007C040CEC301EF082BB007B6771107012704011C003677181A13EBE81010161007B
:20500000A4852504F07B807C58E4208E1B6FFCA11B91181FFD43FE56159FFF82E580004570
:20502000FE201ACFFF7FFDFB800C64E0178261AC1EB41FC41DA414C00040C688B102A188C9
:205040009104816001140AF695C00198F13E14620142630C0CC001DD93F27C81015D936003
:20506000380019A11B81210000021680084096CC2A8625E02806097CC00824484AE227024E
:20508000106686010AEC0440C66440442AE000080660120006F000422A80004242E686CE01
:2050A0002CF184E0104613C1C3DD93FA3C040C808B066B60380C09210B847B869581018E4D
:2050C0001B100BEFFC78E8409600AB140AE0088445E2A4677112808E1B40038C2B120BEF60
:2050E000FC69484126008BA18BE00C9C0050A0E3C8100A0C0C8095DD93F23C8E1B120B6FA8
:20510000FC6448A10B8C2BDC0050000C0C900BDD93F23CFA00004CE1001E06619C00464F2A
:20512000588311C1C3EFBCFA0C040C806B027B603C41F65CF8811181816FC060004276795B
:20514000B88C0B5B18E8248C0B6810E13C008680188004F1FC421000C600168004E14401EE
:205160008600868004E144404600868004E14401C600860C2BEFDCC0156E0973F54220441C
:205180004A40FF4C13E098C0156E09F8700039F3EC4430F87040214C818445402B6C2173A5
:2051A000F942104C13C0FFC0156E09F8204081F8100019F3F84210F8104011421080188040
:2051C00016F3F8421080188016F3F4F83000194011C8194081F8300009E030400AF83082FE
:2051E000E5E08843F61C04FFC06FFD020E020F4000F000C3007C019C049C0E9C0E820F6E5A
:205200000D0C09A30BC0360C098415C038631141C6A30B002012FD000102064C81BFC180F4
:2052200038031180004015680061E842868C0B8C0B6000E8247228EFFC76E8FA00040C8BC2
:2052400011006BE8286DA8612400C6E00042064C118004402B6C1D00168111E13C0086809A
:20526000188004F1FC4210018600168008EFDCE080400A0E090C0B4000C015C0FF137D0E19
:20528000094C038C0B4015E8005EE8E8005E486144404680048511018600168004E1440083
:2052A000C600168004E1440C098016C02B6C21EC0402008495E71DEC2C020084B5E71DECF4
:2052C00010020084D5E51D8625AD0B8665B30B86B5B50B0C0C8C0B3938F2008C0BE058F287
:2052E000000C0CE0440AC80C0C8C0B2118F2008C0BE054F2000C0CE04C26080C0C8C0B8563
:20530000B5F2000C0C8C0B8575F2000C0C8101DD93F200FA00040C81110101682454C80306
:205320004681618331614C08368424E11444C690368844086688248414872183110426F263
:20534000000C0CE0241388611440C680048311C1838016DD93C713FA7C040CEC101EF00C43
:2053600009806BC02B6C218255B30BE00040966C1D4C018C0B402BE85056E8406681954C20
:2053800001E000402B6C1D59F88C0B58F8E8508C0B681861D10C09807B40156C790C1940D0
:2053A0000AC02C8201E68667F9008A41D6C0030E66003C00048004A17B5A8066314C0382AE
:2053C00045C0166C1D0C298C0B402B68104C28A10B8E1B5CD8A0558C0B684465C110600CA3
:2053E00009C054402B6C21B30B807B217B9015E00040966C1D4C0198B5C02B614C41466442
:205400005002603C1EC09E654104600004C05466D106600860C05440A366E166710A604D2F
:2054200078C0A2901B6FC4A17B807B421892958C0B68404106007B0004E134E00402966C1A
:205440001D4C110016C02BFFF8000E6CFD0C19020AC02C0010E3F04C01C404402C6CFD4B2E
:20546000788C0BA17BE80487658AD54066217B4C01E000C02B6C1D574688D51260614CC00E
:20548000A366E014602C04C09F67616541046006604054C05466D1924B101B6FC4564880B0
:2054A0007B945B82F5A17B02602C04C0AD663164710860922B40A16FC458E8807B943B84BD
:2054C00005A17B6C1D0C298C0B402B68104428A10B8E1B8171805588F10E0BF27C0C0C2CA7
:2054E00004DD93648104600660C09940A265214E78921BF395EFF86615008A80F5C0036148
:2055000018014680048711DD9380166561008A80F5C0026118014680048511DD9380166142
:2055200018034664AC014A8414C001E200000CDD9384066661028A0306C0030466010402DE
:2055400015800086C580006499028A0306C00304560104021580008485800066C9028A0359
:2055600006C0020446010402158000824580006495030A030640020414E104042687210412
:20558000268000E10403068418841465794011DD93C02B030AC417C00F6681028A86F5C054
:2055A0000F64F5010402C68000040680000215028A8485C00C66CD010402C680000416801A
:2055C000000215030A8245400A64A1E10402C6852104148000043602C684268414E104403D
:2055E000118418C02B6575C1C3DD93E1180586882888240015A12B00090E0DC1180546C07C
:2056000000042581B002144000042984040210C4040420C00A421A6E014013DD93C015E119
:2056200024014684288014F3F84420430604268414E114042484288426FC9484288014F32F
:20564000F4442080048426421080188016F3CCC1C3DD93E1240146801880048016C219C1F7
:20566000C3DD93FAFC040C0026006B4C01E00C402B6C1D79F88101811168206FA90C1525C8
:205680001BC00BE124034682458424424A881880C5E0800C0C831138D8F2FC3E0EE0208818
:2056A000188C0BF3F84210028608164C18E00C81216854614410C6E1485386FFA12004E188
:2056C000245746C7078008F0044E0080C5A17B6FA90C05A50BC00BA40482D5940D80000C40
:2056E000298405402B6C1DE00C0296680C732881958C0B8008A0040155C707F0044E00EF43
:20570000FC50A88004AC04F835A10B83113E04F2FC0C0CE0203508FAFC040C0036007B4E6A
:2057200001E00C402B6C1D74588101811168203E0E8181E12401C6554600048086E12480DC
:2057400064A8048E0B0014E824498843A603910321E00C46D88E0B4186E8548014E11403DC
:2057600046048C8414E124C4298428434604260414E11884B8832102C604868414E1240288
:205780008604968004E00C8E0B009CE8544528612401C68004A9118E0B0096E82446E86048
:2057A0000C0286445881218E0B6854E14400C6800880045200C707120AF00480C5FBFC6FF0
:2057C000A90E05A30BC00B01C686B58004E124414600868004E11800C600B68004E1240179
:2057E0004600868004E124421080180016F3F4E00C02A66C1D0E298E0B402BE80C6AA8000F
:20580000C681858004E144C7078008F00452008004A804F445816B8E0B2B11E82442E80017
:2058200014A80442988E0B01C6E8248004E124414600868004E11800C600B68004E1240149
:205840004600868004E124421080180016F3F4BE048311F2FC0C0CE0202AE8700100060225
:20586000064020FFC06001DD93801EFA0C040C808B027B8101046B682069E8438681114988
:20588000C661480424E148700102060434C0208858A18B08489024600104060CC9FFC04068
:2058A0002B6C19A65F843F60C7D0474652A85F0C49F9B0C02C0CFDC0E00844442200B5A1F8
:2058C0007BD09049FE80C5C03F7FFDA43F883F8311043EF20C0C0CE02026E8FAFC040C50EC
:2058E00006006B0C09E1A0402D67CD209E8191E14C05C6E080400AC00000160CF54C01402A
:2059000006402C8004E14C88048074E1E01674E0E014B4FCC002A40074001E0814E1C0FC64
:20592000C404A4F010000A9405842EF008000A000A9885AA65F00CF004000A40001338C128
:205940004C17C6025604AB43B8E0108C0B682461980546FB80007472FD49C602064020C030
:20596000207301401220432014F180E14C17C68555882A6C080A40775D807BE1900A3473F4
:20598000FD4A500816400F484A8000E13766964A30843341FF73F10600C547825364108825
:2059A000CB016518C05D84D58EEC04FE75A1CBE0880A4470944802F094403248309034BFD6
:2059C0004BF03C1DE5F6150256942B8C0B608068207F880C0B847B40156E09E14C17C640FA
:2059E00000AC14C0FF72F16E094C038C0B4015EFF879C88E2B1B7502563E2E7E18E0208CBC
:205A00000B68207B80007472FC43C64012C02002467180C02072C0041000340991E40017B3
:205A2000C68811083EE14CE198054608CA85A5EC080A400A34775D4A50E190400F73FD803A
:205A40000008166696484A2074E13746C086C341FF73F1E1880A448ACB0801827B0E334D5B
:205A6000A48155EC0418C0A1CBDDAE0034FE75FB80189488C3445712C00A13C53EE410F063
:205A80003C4830F495BF4B91C5BE246040025679788C0B4A58E8208C0B6800EFFC43C86EFA
:205AA000090C0B03EE40150E0AFFFC820FE8007C044200FD0440006E094C130386401584B9
:205AC0009EE1986E094C03007440154CB1FB80401562E5E14C17C649C68E05402072FDE1B0
:205AE00098054673010206A043402040122014882AF1800A408555807B6C080A34775D4A6C
:205B000050E190400F73FD800008166696484A8433E13773F14A30C54741FF641006000165
:205B20006582535D9488CBEC0418C0A1CBD59E0A44FE754802E088403270949034F094F01F
:205B40003C4830F615BF4B62650C19004640158004E14C80288819F3EC44208026A22F64DD
:205B6000C50C094C01C02B402B6C2145788C0B2044E800650100600404C05481017B800616
:205B8000461911C02072C1E8004F489F212C144EA0002EC3007C516BD8847E0E2BEFF802F0
:205BA00006A9917FC06001FB800094841F2C244010A01FC3007C010C09880EC02D67CDE008
:205BC00080400A0C0980E5C02B6C11E098400A0C0C8095DD93F2FC0C0C8C0B9F95F2FCFA01
:205BE00000040C4186006B8014E148442084288426F3BC84288014F37C44208004842642BA
:205C00001080188016F1FCEFF87868831101010C0C8C2B22B8F200C1C3FFFCF81C040C615D
:205C200041001908004015C0D96601614500290A004015C0D965C16211003991C1401581EC
:205C4000710161E686442A621D00194021C0154015630940318121C015630D061007C50CC2
:205C60004AE4400C1AE000400AF87C0A50E1840E06041094848000500A51848225E49C6CB1
:205C800034128012DAA18B420AE4088095ED8082610271BF8B8505A16B882500958245C06D
:205CA0000D696D12C0936B4093842080160BE1F03C528002A5B99B9B8018C4A19B498773C9
:205CC000FD508018C4400F508AFB8090C3C6A688C17D05E5FC0D0A4023F0A5400A6895FBBB
:205CE0008008C4688940138833400A6FF1068A0A34402B0049FB80002D07CD401388114085
:205D00000A688DEC040230689140330606400AC0207001688540130214400A4840FB80A606
:205D20001F1C2007CD40410045802DC00D696964F940154015C00BC00B64FD8941095B0EE8
:205D400009002B4043C015C00A688112FD44204023C0FF40150E09E140044600860824885E
:205D60001EE140801E8004F01C0C0CC1C3DD93F804040C61980B46E0900C144E0014CA0C8C
:205D800064F03CA10B7B8000162E6F58228000401A71B004C4E68202C460C0246FFB804937
:205DA0006E862B945AC507020002534A50E404C1FF73F18A43016500005154C95EEC04FE20
:205DC00075A10B4032C4170C0CF084DD93F004FA7C040CEC501EF00C09806BC0366E0140F0
:205DE00060A30B4F789C0041068800029661340004E004E1A050066C1D4C118171402B0034
:205E000016A07E0C0B8111C0156E0973FD40004C03C0FD40156E097CD881017E0EE81CE18A
:205E200048418641C60014FC1EE148800484180C298008C02D67CD68890C0B0604400A0299
:205E400029E0A03E3EA61F241FF0274C15C50740026801643106608311C0284675C11D0214
:205E60001058047E75C404C4100630618D0C0B0860401CC0D9660165C10A6081B140D9BC91
:205E80000E81A1F8044605090EA004E19801468101009A144A8B85141AE000400AF87C0AB0
:205EA00050E1841606041094148000420A511490E5E4AC8425A1AB696D0C2585ABC00D081E
:205EC000910C0B4000800A80FF13F19098400206000EA580280401EC34041080B5E42DBFC4
:205EE0001B4D1E87258AD58A65A11B703C5810E1C00414B9CB0C1E848B0171491782454EF5
:205F000010A1CB400F73FD4E7A808BC577C6B29223091473F14020883141FF0203862B81F9
:205F2000A58E1B0210218B00C5EC0488010000000044C5A11B88214477FCD58E33900B823F
:205F4000A102B1E5FC150A9D01E8E59F010C0EBC048E0EFC04CC0E0C198008C01562EDF0D1
:205F600017BE24A20FA40F68014C058C0B4002E8105E68E148418680188004E090420A802B
:205F8000188265421080284420F080A22FF37CF88042207E04801670D883110186E81C801B
:205FA00004E1980C0BA30B80150E099CA400040E094C0380858015680049C803018C0B4556
:205FC0005881118C2B6FFC0C0CA8F11A38F27CC1C3FFF8F87C040C630900198121401500C9
:205FE000C9911540366E09FA800824630D0069460240150659F090C0156F41586AA1CB0C8B
:20600000306692C0DB66106E1146518645C0367A800EC412848181CB9DFA80549284055665
:2060200002F09C16B9F0A8C01A6E417C85B9BB8404108094CB32538145985681710B9B0A1B
:206040008A80A5837174081876807518C48E5B0C007A80C058664060880EC4E08812447C21
:206060001C0C85661014001493C0DB0A0A8C7382217BFCE0405285E8000E8562405285E0AF
:206080008410C464000E7518638C83D08058C261405275E08412446801107B9493400152FD
:2060A0007388A3107BE680C0016C01E780527360010C795471C004C001610164010C495457
:2060C00041C004C001620168010C495441C0044001630118498141C01A0E41621146414451
:2060E0008AC038DED5F404F07C0C0CC1C3DD93FA84040C8101006B681C65E80C1B811140B6
:206100000A68910060807B40286401700104068811C020C517016502104134C93EEC04FEA2
:2061200075A11B6148418680048C2BE0198018830100166FF879C84ED8811150B8EFF88C7D
:206140000B6810618D0C0B8311401C4C038201401C618D0C0C8E0B22D8F284C1C3E01CFA10
:2061600000040C4386026B0414E148E0980604F100463044208428262FF2FCE19807860C4A
:206180000E84260C1B820940156E094210D007C0FE73FD4C13A01FC0156E09EFF84BC8818D
:2061A0001101010C0C8C2B3618F200C1C3FFF8E10001868008800482095D93C713C183C174
:2061C000C3DD93FA0C040C8101006B828B047B65394C010460402CC0B165418C0B0311E898
:2061E0000042888C0B0311E8004E2880D5A10B68487088A10B8C0B0C0C8085DD93F20C4510
:206200007601110931E00074588C0BA38BE848A10BFCB50C0BFC7552388E1BA10BE800016E
:2062200011FAB58C0B8121F20C0C0CC1C3B145F87C040CECC01EF0600446864031A51B40F6
:206240002B6C1DE0040E06A1810EA5AA35A31B600C41E6E00C59E601A6170E110EE004E0B3
:2062600004012601860F0E150EE004E0040006A1010B0E0006090E7E0EE0047C0EA101E00A
:2062800004018601860D0E3E0EE004E00401A649F63C0E4BA6E00C03A6600C0706E00C1191
:2062A0000660040DA6E00413A660040FA6E00C55A6600C13CEE00CE00C41E657F6059500F1
:2062C00006E00C891160089101130E4006170E0D0EE000150E85010B0E8301090E81017E54
:2062E0000EA1017C0E83010F0E8101110E85013E0E8101E000400681313C0E819101611424
:206300000601510101E0041606814181C1E0088BC488C689C48AC6FEC4C8C6FCC4CAC6E07D
:20632000184481E0144431E01044C1E01C4431E0204431443195348F34E024E02844314476
:20634000318D349134E02CE03044314431BE34BC34E034E03C4461E0404461E0384431E097
:20636000484491E04C4471E0444411E0504411E05844A1E0544451E05C4451E0604451E0B5
:20638000684401440193049704E06CE07844B1E0744441E0644401E0704401E07C4441E088
:2063A000F10101F07C0C0CC1C3DD93FA04040CEC901EF0806B251B810104259295A31B65BA
:2063C0004102608C0B40B1E84879E89095A10B4C018301C02C6539428687E5040660044CE7
:2063E00011E004402B6C1D601102063E1EC400091C83111516A111E000420685711F1689A9
:206400001125163116AB16AF269111040635269706E0089B769906A1769D06A706A306AD5A
:2064200006A906B706B306BB16B90660805E11E41002F0BF26BD06E0845E01608C5E015E58
:20644000218C0B75F8E088A10BE8484C7180B5C02C6539C8F18101F2040C0CC1C3DD93FE1C
:206460007C04CC806B027B649002F0E48004F0E810602860901E89E0040E2AE0801E7940C0
:206480000101880460C00040B165C10155993149168111EC040630FE95A13B65F104609D3A
:2064A0003140B1491C8145EC040630FE95A13B15C601910785EAF0A10B81B140628E150400
:2064C0007470A8009CFA80E0900084799C4202F0AC40626EF1401143F6402B8000400D600E
:2064E0003140914011C02C802C42B143F1401102B4002C4091FA80002C417154188C0B1E0D
:2065000089E800008060900204E40482B17A80048084A1434AE424020CE408500062000293
:2065200073DC00170A8101F205E53CF67C0CCCC1C3DD93FA7C040CEE701EF0A11B006B6595
:20654000390C09848B402C42668A85A50B60046C1D4C118191402B81A102C58C0B0511EFBF
:20656000FC7268A1AB80ABC000105868046EA880AB8C0BE440108AC0000D680D38A1AB0CD2
:2065800029C000402B6C1DE00042B668047E2854B68C0B230BE0000C7881819DA5C00040BD
:2065A000A6230B4C01E004C02B6C1D031182256FD88C0B80ABEFFC0DC8A1AB00C6C000020A
:2065C000F060080155E44045868181EC040000FE95A10B81013E6E81017E0E657112601752
:2065E0000640B07C0EE00489558171788112099511400114048E6B9E096190E68642AA016A
:206600000A820380F5E630E13403468414841482F5B71B03363E040F36E0080029E008C010
:206620002B6C1DE804796800C6230B8805E00806D5A16BDC004E6004F02418160AE440800B
:206640002361405EA588160E06000C5EA5800082C5800881717E04FA800004FB8040A2FC18
:2066600004FE0EFA800004FA8040A216B0FC0E82916C04EE75A1BB17463E6487E5E1347A24
:206680008002845FB88C0BA10BE800AC0480B5B90B800440628C55951170A06B5100091275
:2066A00004C02C9E096190E686549A150A80A380B5E6308004AC0482D5B90B6C1D0C29035B
:2066C00036402B7458E0088C0B680414C6A30B0F36400800F080089F11644080169403FC58
:2066E00014FE04FA8000047B804092FA80021440927E0EFC0EFA84100A8281F035E0808E93
:20670000AB217BFC048CF5FA8000047E04C407E4100E007A80120467188C0BC4976800807B
:20672000AB03D588D5A1AB61A140F681114000420A81B5902B60805C001029E44006F082D5
:20674000110233020A8C26FC95E230901B0C0BE80461084F7600ABA1ABE00002948275044E
:20676000747A8006F0FA808C0B6440E8485BE8140B80ABE6701EF0F27C0C0CC1C3DD93FA6B
:206780007C040CEC301EF0828B009B0C907C2EC0AF6471F0A05462E2801419E80055088077
:2067A0007B428767C000A03C6E9063654512903E0EC0B101A181B105558181FC248161F8FE
:2067C000041209440AA418D007E08048005F680E0FA20FFB8002648245830B10840311148A
:2067E000A4FA80B71F7B80828122AF3FBB806B1E0582B1849100048000408180001E05801E
:206800000040A3E040160A0101F6750C0C98F1DD93F27CFA7C040CEC301EF0829B006B6CC5
:20682000410C0983A1402B6C390C19A19B402B1690048BFC0EE4246C490C093E0EC02B4C6E
:2068400003810140166551E080008665594C03910140166AA94CA14C01C02CC02C6AB96A1A
:20686000AD4CA14C01C02CC02C6ABD00908265827B6C046A914CA10404402C01B5FA8021A1
:206880001B81110285827B4CA18101402C6A9181218111903B0C0BE8004688170A83014C34
:2068A000A1F430002C0A958428129004940445FC149A80422ABE2404B46686C517FA8002A5
:2068C000108E13C51DEC044CA19025C02C6A958C0B0311680044A80080903B010AE41C82D1
:2068E000B5F4206A994CA10080402C0604E42085117A808E2B0C0BE800438882A5A18B6A15
:206900009D4CA10080402C0604EC0487117A808E2B0C0BE80042A864854CA100604026C077
:20692000B26691891101B514A441280210FA8084A3EC0464854CA1A11BC0268191FCD598A7
:20694000F1120BF27C0C0CA10BDD930C29F0F5402B6C1DE00C027668045FC812768C0BA3C0
:206960000BE00CFDD5EE75FA7C040CEC301EF0847B008B708440820029866B402C6AA1402A
:2069800071C6174026649566A106004061C0B2402664B5232B81A17C1E912104168311023F
:2069A000864000BE3EC00064D540214011C026C02664F59003FC0487B5BC0E00747C9442E6
:2069C00060E0905602F03C900B79847A8002B4435894936E38E800A111684C618C02943EA4
:2069E000198E99101383310229B33F402C6B41486A9D413C34E6924221A62F402C6B41146F
:206A0000338E43464182A1C02C6AC16B5146B14601C02CC02C6BD18008BE04E004004A62C9
:206A200000000CE004001A6200001C80738063F0B5B1AB0C0C98F1DD93F27C61900414442B
:206A40002AA9310614668E8E39E1848121040381310603000001E5C09C678170140049E0BD
:206A600080420AC1900844254F9E49A83F8821E040040A5D93FC95FB800034E47C030A04F3
:206A80001482B58E19618C00098403C02C6B41E484404AE200000C5D93DD93C1C38101E5C4
:206AA0007C030A041482B58E19618C00098403C02C65C1E484404AE200000C5D93DD93C1C7
:206AC000C38101FA00004C64710000041440AF000BE08480137C08E5000219684C6608D0D7
:206AE000078211F200084CC1C3DD93FA7C044C6C590019829B402B887B0A6B84AB068B81DD
:206B000011231BA19B8825A1AB80A5A18B806500298295402B6C1DE0084296680451A8E082
:206B20000856968445A30BE022407AE122427AE02A400AE026421AE6A2400AE026400A0295
:206B40000282031816EFFC960B81B1F27C0C4CC1C3DD93FA7C044C6C59001982AB402B8844
:206B60007B0A6B849B068B8111231BA1AB86E5A19B80A5A18B806500298295402B6C1DE068
:206B800008429668044E68E00856968405A30BE022407AE122427AE126400AE12A421AE6CF
:206BA000AA400A020282031816EFFC960B81B1F27C0C4CC1C3DD939F21011181310395682E
:206BC000840824FB800634E34F804F618C0A44E184184484C902591844385F4647E084388F
:206BE0005F88C9A85F90498811235F020AAA3FF8F5E04000345D93C1C3FB80FA7C040CEC53
:206C0000701EF09D8100AB81911E0B9D1101550210419CA11BEC0400A0FE9540B165F18158
:206C2000459D110210419CA11BEC0485C5FE9570A44CA2FA800E946EF10CB9940B402B6F2E
:206C4000FC7308000A8E1B86B5F0046CE914090C19C02CC02C62B1FA800004FA80021484C7
:206C600035830B73C040B047079E1B022B9EB983317C008013373FA62F940B8E1B042CE835
:206C8000004248120A8291F475E140648D00E69E1B40209D2101650420453AC13CEC04FE0F
:206CA00075A12B648D40A69E1B4020452A8155EC041080A18BC12C7738FE75940B68440C4C
:206CC0000CB8F1DD93F27C833100136EF102190414C02B9E19618CA33F3C29002B8403C080
:206CE0001662F94033A43FC01662F9C1C3DD93FA7C040CECD01EF002F0009B5BB8E4C00410
:206D0000F0680C1239E4B0C02B6C496C4112091219C02BC02B6C456C4D12891229C02BC0DC
:206D20002B6C39403A8D3E1239E682C02B6C3D6686548AE188020452019101402664810F7F
:206D40002EC5A75221920BC02664915231893EC02664B112B98B1EC02B6C516C55126952BF
:206D600011C02B402664D1E4A002F064F152A16778C026807BE80C80C5A17BE8F10E0BF2C5
:206D80007C0C0C45B7DD93E1880664A1BB7CBEA13B8065122982F5402B6C1DE008429686DD
:206DA0006B120B68007D68E0084E968C3B230B0D04F8C57C14C587E00C4BF6600E488AC561
:206DC0000781B1E006440A8B148F04BC4EBE2E424A02030924E68AEC04000084A3FE0E6C61
:206DE0000400A08D0E81A1653D52118BE5C02CF0AC4C926EF10C094C51C02BC02C62B163F9
:206E0000F14C514200C02CC51DF03C8D4492D59275C81DC9077E1490F5C20DC30D8F14005B
:206E2000B4909544B0618C3E09F01C12038341E888044465C10019868B402C7A8008A4E46E
:206E4000900AF058127C140B34F988FA80043465C140C1920B402CFA8002146FFC6488FA2B
:206E6000800634A17B807B3E04E255E4800AF0E0901E49E0A01E3902043C044C41FA80C0AF
:206E80002C63F17A8004046658920B807BEFFCDCB5A17B60801E09103B82A1E00C4BF6627E
:206EA000B14C018924C02C170A82B1E825E53C68004108807B920BD835A17B60B01E291ED2
:206EC00019920B4A78E0C06B95EFFCC1C3807BFA1C040CEC301EF08181006B6C590C09A3F6
:206EE0000BC02B02F08A858C0B6420E80C5C6888D5A10B6FDC018680088191E080404A0465
:206F0000F100600060C0AD80AD04F90315800AFB800E047A800284E41008F08C0B0121686D
:206F20000042887C0A8E3BFB80129480938281C18DFC044C93FC15C016629998F18101F2F5
:206F40001C0C0CC1C3DD9382F5FC1D021483318211FA80F438030A081482150834FA808080
:206F60004FE890FC85A14B81010816C1C3DD93FA7C040CF80010FCECF01EF0805B029B63FA
:206F8000FC120AFC2E8101900CBE4E80000BA810504937C0B066B10E503C3EC0B06431818D
:206FA000A101B181617E5E0E098585930BE3C0FC04883580F5A30B6CE90A09A018C02C86EC
:206FC00015830B7A8002B456B88A0B000AEFFC1E55F00482D5C00C02A41C0804F0E0888294
:206FE000A1645082237E54806370AD804588BE02B1819582718281E53C170AA1ABF4E50A8A
:207000008BA005C0156A7DC987BC14FB8000146A810A0BD10D40159C005010FB800284C0E5
:207020001DC907DC005000EC18510A3E148465E090006400F0040C0195E45041249F11ECFE
:207040000414A044118A23C02C6171FE15A1AB81318B850034850502F060880215E45000B4
:2070600014FC008A03E0846E39002B810140158285A12B444A81014420E08040FF13F9C4B0
:2070800004000004247E350A13C18442018231C02C6171F815953B947B210683A3A143E8F6
:2070A0000012CCEC204E8A12F08A25FFB16450D5BD82B1246488456471005004F0C0AF0255
:2070C00064E44080636084FC04000BE5000C19EFFC73C888912108E5000C190260830B40AA
:2070E000010501DB800E7440004201C4040E704E8A7E54F6B5EC203E04C1C3807CC877F889
:20710000F10101F00018FCF27C0C0CC1C3DD93FA00040C0246026B0414E12884348321655D
:207120007500190045C01BC0066D49657900098231401BA111232F880B212FEFE85B68812E
:2071400001180EF2000C0CC1C3DD93FA7C040CEC501EF0887B008B650D1009826B402B6069
:20716000880274101384AB230B81214225869BC00B61A5A70B8225100B8C7540156A799158
:207180000C81B13E5E8505669100107C0EC0B142B8900B8E1B680002F049073C1EE440FB28
:2071A00080160464300AF00C1B900B123B942B43B8964B7E14E800FC24A10B8435881EBE9A
:2071C00054910AFB8006040416973B408040004270DC0048505C006CB8DC008101CFFC0C74
:2071E0000CA8F1DD93F27CFA1C044C807B026B81810191407283250009F0A4C02C63F1E390
:20720000FC000A8D0B8225029480F58E0B7A80EFFC45A882918083E140120A900BFAB5F224
:207220001C0C4CC1C3DD93FA7C040CEC501EF04006006B0004E118191482BB088B8A7B0066
:2072400008869B7E1E84AB4B189111002BEFE8E44000F00A843E0E3C7EE09064E10660165A
:207260000BC0AD6DD8941B924B6FB4A17B807B0C298265402B6C1D56B88C0B8E1B68008144
:2072800001230B090480E5C90781716FFD00027E14C0FF040CA8F10C0C8E0BDD93F27CFA9A
:2072A0007C040CEC301EF00200026BC0B0657116007C1EC0AF66F181913E0E7FF44E0E01BF
:2072C000A19D8103A58101AC188131703C4410442AC9178223E6A282B58D2B1619FC04B402
:2072E00003E2807881000B82114001E84865888301003B6C0814A08FAB82B1A10BF8F5BE89
:207300008486354E8283450E09F0A4C02C6AC182958D0B7A8002947B18900B86AB6FF8A12E
:207320000B143B0BD10E398291C02CE080120A0034FA7598F160A0F27C0C0CC1C3DD93FAB5
:2073400000040C0206006B5A98E28043F6E8480586600C4878E0108C0B6FAC457601110CBB
:207360000BE0000C0C8C3B3AD8F200C1C3E040FA9C040C4096006B4C01E004402B6C1D028D
:2073800006827B8C0B6280E84858A8E4400E8A0C2982D5402B6C1DE00042B668004DA85080
:2073A000B68C0B230BE0008C858171618800740609919104948311A11F69804022C827813A
:2073C000117984441281A5044AF91C4462F80C82115084C0004401E040020A0111FCB50CAF
:2073E0000B9F2164588C3B808BE8408455A18B6AA90C09A30BC02B00608435408B66B1E06B
:20740000100206411E8145EC041290FE95A19B900B8181F29C0C0C0C0BDD930C0C8C1B1530
:2074200078F29CC1C3E03CFA00040C61004C46E004453640219814C02B6C1D442084288435
:2074400026F3EC84289814F3F84420434604265EF8E01C8321684480189804F3F442100CB2
:207460000C8016DD93F200FA80000C4186003B0004E148E00409466C1D46418048C02BFC61
:207480009C084441C600468004E148830100166C2546218111402B6FF05EA8080C862B331E
:2074A00098F280C1C3FFECFA3C040C8101006B6814482881818111682865081286807BA46C
:2074C00004E13C421080188016F3BCE8306848951103A18C0B0321E8445AC8E11041468445
:2074E00086801480A680048018A4040016E01979B88C0B00C6EFFC8004E12C421080180085
:2075000016F3F8E118410600868004E114410680188004F2FC4210414600160004E11400F2
:20752000868311E1144186008C8004E118000600868004E118004600868004E11800C60054
:207540008680040C0C8E0B0358F23CC1C3E014FA3C040C816102AB807B21AB419C0CA4E066
:207560000401166C1D4E01849B402B50044C6042188101811168144256008B57D8E0008EE4
:207580000B68140106216B4E01E004C02B6C1D012688A5941B60046C1D4E018E0B402B6F78
:2075A000FC764841C6922B402072FD600102068004FFC00206020FC02072C1FCC4000401E1
:2075C000C6040E8004E1988475A30B72C102068E0B4020EFEC5AA8013681F5941B60046CF2
:2075E0001D4E018E0B402B6FFC74088195922B6800416842968E0B8E0B6000E81453E8604F
:2076000000426653988E0B0311E8147D38900B8C0BE810F23C0C0CC1C3DD93FA84040C0C7B
:207620000B806BC0156E0972F940004C03C0FF40156E094C018101C02B64D5E80078888C1C
:207640000B007BE8185928680077A842D88C0BA17BE80C4A1886258C0B680068004188019D
:20766000468C0B42466FDC421EE00402168311E01C4346F8084015EFF04F280C0C8C0B0586
:2076800058F2840C0CE00CDD93F284634900198121402D6E514021A131402C6809402340EC
:2076A00023C00A400A680D4025E019400A611D4021AF2140286491E00C45F667C9402104AE
:2076C00006402D4023E0084013698540119121402D6349601102264021C0C040276315E056
:2076E000100586656540314033C01BC0146241698140334031C01340276311E08C06066398
:207700002940150256400BC001600169914023458640134033E00040136995E000468664F7
:207720000140158B114005633140218921402763354031003BC027C00A693168114013832E
:2077400011400A6C614021852140226C6540219D214022681540134011C00A40226545E06F
:207760000803066FB14021043440224011FCA8C01B656D654D40114011C022402864894070
:20778000119511C028648D6FB540114023C022C00A6931C1C3DD93F81C040C53C601C14008
:2077A000C1E00440156205E0080E06636D40C159F6402DC02072FD6E814091B791402C64B8
:2077C000E140C54986400B40C5EFF0400B64E50B86BDC10DC660244091E05C402C6E89E07B
:2077E0000C108663A940C1AB91402D020E0DC1C0BB63C16B194043070640154053E07C401C
:20780000156B1D4063994140156DB1F9000A066DB540830CD640154091E0CC402C6E95EFDB
:20782000FC51F663D140C112C6402D4071E00C40296E2172BD59F64071C02040296E2940A7
:20784000718521402C6E9D4015B57140056459E00803066AE14033A3314015664140410815
:207860000E402B4055FFC0400A6D95E0400A066DB940634C6640154083E00040156DC1E0E9
:207880000C51F6634940911386402D4071E060C02D6329633940714071C02DC02D63D96430
:2078A0000940710E66402DC020680164F940C540C5C00B400B64FD600118064011C0204016
:2078C000296E2540318311402B65C940459131400A6D9940558941400A6D9D40618B514047
:2078E0002B6B9540938F61401669A940818791C02C6CFD636940811056402DC020700165EE
:207900000540C540C5C00B400B65094075B9C1C00B6511651540759371400B6511401140DF
:2079200021C02BC02B653165CD40314011C02BC02B65D1668140114011C02BC02B66856A06
:20794000A140514041C02BC02B6AA56B8940414011C02BC02B6B8D6B9140114061C02BC062
:207960002C6D516D6140114061C02CC02C6E596E5D40114011C02CC02C6E616E6540414016
:2079800041C02CC02C6E696E8540314021C02CC02C6E8D6E9140114011C02CC02C6E996E71
:2079A000A540314051C02CC02D6325633140114051C02DC02D6335634140214051C02DC094
:2079C0002D6345635940914051C02DC02D635D636140414051C02DC02D63656371409140BD
:2079E00051C02DC02D63A163A540514085C02DC00B64ED64F140854051C00BC02D63D564F2
:207A00000140614051C02DC02D6405643140314051C02DC02D6435643940C14071C02DC0EA
:207A20002D64616465405140C1C02DC02D6469653140614061C02DC02D65356811404140CC
:207A400011C02DC02D681D69D940114011C02DC02D69DD6A3140214031C02DC02D6A356A62
:207A60003940914041C02DC02D6A716A7D40110C0CC02DDD93F01CF83C044C614C4446E46E
:207A8000500A0091C10A140C864834C00061954E860844C0006195E686443A61900644E479
:207AA000100800558A8355EC0418C0C987D19266A2502AE1F41494508A86A99493600EFBE4
:207AC000001294508A8597D99EE686A1CBDD8E0012FA75619904860202C000619906C68839
:207AE0001EC0000C4C8C0EDD93F03C04C60002C0006199840D88245A005C08C00000066172
:207B00009504868834C0004486870DC0000195C000042504358EB5870DE01C019904460439
:207B20002580008C858000833101A5FA8008340845C447804DFC08823180B5F418070A06CB
:207B400030FCC50A34EC040850FA80C45764047C080A350825C447A623FC080605A12B8092
:207B600000040661955886460240000A55F18C0845FC30AA43FC30E17C18449843F5C7469B
:207B80003A8D47443AE692CC27E08A04148A23619906868C34C000FA004032E682400AE0BB
:207BA00082402AE40042CAE200000CC1C3DD93FA7C040CEC501EF0828B7C2E866B621875A0
:207BC000B8BE1E6008EFFC81A19181E100000A104609157C14C000000496038013FA80EC45
:207BE0000002198885C3AD400ABE149403E686FA800E0460840074E08802747C040C15006B
:207C0000038C03C0016C01619C0414E43002F0C5077E2E00F0110C7698E440A10BEFFC50EB
:207C2000984E72C00000E60C014E018291C004FA800094F415D10D8211BC14FA80001456D7
:207C40000AD10D120646A25E15C000FC35C000BE0482A17C7581ABC00002060C0CA8F1DDC0
:207C600093F27CF87C04CCE45DC258400898958F5E81416100000A0B959101C0000046108D
:207C80007498734E12FA800E99F0A0D34DEC00508A8E858883E696FA801084F0A054226C54
:207CA0000114B9BDBBC004214B8C1564010E708A15C00388D5A59B64041280640014A05663
:207CC00022C013068470A416B9E08440046C018483C487169428B61420E084400E640114F4
:207CE0005BC49786A37C2C0455A85C205EFC2464010A200A8BC00C86537C2C8F54948C0688
:207D0000909C989C36EC040E648261C17DFA808D34EE1518348231C1CDFA80468258CAC05B
:207D2000000C06C0185E358241FC357C958B4BC0000606F07C0CCCC1C3DD93E114424684E6
:207D40001884146BF14011DD93C02BE14C000680088004E000004AE200000CC1C3DD9361BF
:207D60004C000680048111DD93801661484186E19805C683310004C2198018883E8016C199
:207D8000C3DD9361484186E19805C681310004421080188016F3F8DD93883EE14841868035
:207DA00000800441C6A10D00058148001980004210800040119C04DD938000E14841868000
:207DC00000800441C6A10D00058148001980004210800040119C08DD938000E148418680DC
:207DE00000800441C6A10D000581480019800042108000401193F4DD938000E148418680D9
:207E000000800441C6A10D00058148001980004210800040119C10DD938000E14841868093
:207E200000800441C6A10D000581480019800042108000401193ECDD938000FAFC040C8189
:207E400001006B680C7B8881818111613456862C04807BE14C1306832103A1A4048086A42F
:207E6000048086A40480A60C158086C00B69F94006A11B00158FDC8C0B0000E8404F48837B
:207E8000112C04404600A68004E134A40480A6A4048086A40480A68C0B0086E81067688E20
:207EA0000B0311E80C788867CD0C09A409C02D8275A50B6C210C09A70BC02B8C0B80D5F208
:207EC000FC0C0CE02C0C88F2FC0C0CC1C3DD93FA7C040CED501EF09711006BE8104CE8EFF5
:207EE000DC03C6400084088406F3F862650C09404AC01521B8E08C0C098000C02D6B852189
:207F000058A10B0660800040B667A1E0040006645004F08145811100004916A10BEC04197B
:207F200021FE953E3E81511B488101000AE0001B48F000525AC0008693E68AE02012A9125B
:207F400049A1AB15F8802812B98000B1AB602CE0281249E18400B440407C0E890EF0FCACEF
:207F600005FE4E1E05B3AB400280100049909880150F4180000BA88EE5B5AB1E05B7AB403C
:207F80000280100041909880150E410C09AAC54015621189C4B9ABE68240CA9A80000490E5
:207FA0009840020E410049A6E5801AA425BBAB8A45BDAB81413FAB140AA6050C45E040805E
:207FC0000D0859140AA2850C45E044800D085D140AA0C50C49E04880360185140AA0C58642
:207FE00085E04CE050140A890488158C03C40768E500458F35C00DC2078904004B8C03C0EB
:208000000A6DA189048F2500418C03C0156E416D4100010D35C0158904A0438C03C40768BB
:208020006500458BB5C00D080409243C5EFA808C2389016F410439812140150E248545889B
:2080400073FA800E708C73C06B6641110A988B0635F41CC40404207010000AE40418801C49
:2080600058FCD5FA80108410898C83C02E67C1FA800A54FA801084FA35915B93C1040B891E
:20808000217BF5F40C448A18067675000AC00004047010A215FA80E080561AA0000858061F
:2080A000F07C040944E450BC548321E080400A5C100629F09040324420BE348026D004898B
:2080C0000495058C03C40764D100458175C005C407890400458C03C00565D1600100068164
:2080E0004BFC00800008F8E02412098445AB0B8465A30B8865A50B8885A70B8A85A90BA0C5
:2081000015A10B814DA404A60490358265804DA40487D5814B0395814DA404A60480958CDC
:2081200085804D04F07C048944E4506080400A040983010735DC10D004400001E5A404A64D
:2081400004804D09C4804DE45000F00029FC348265FC30A404831509C4814BE45000F00027
:2081600029FC348205FC30464A7E440406E080018580007E44843BE080460A46208331984E
:2081800003D004BE3480367C0481D5E45004F0404A894481016080DC10040988237E44073C
:2081A000158806BC549921564A845582E5E08006F07C0409C4E450FE448121E080404A5C71
:2081C000300629F0B04032FBE58026010A3E3484F5F40C8685AFAB8A85A5AB8C25A7AB8C5F
:2081E000C5A9AB8E85ABAB9025ADAB8235A3ABC227882304438C23400C6D21EF559921FE8B
:2082000044992172004040094582510823CF07664100600624C05880236084640104298664
:208220000340046C010043BE34C0010705C827882384438C23C427689104458585C005C4B8
:2082400027882304458C23C0066091882385158C23C2276921044B9921400C8823E96504E4
:20826000498C23401A6A41E7F5992100600823C0586641608406240429802340046001009E
:20828000438603C0016C01C827BE346575A4430B0A992124C8E4FC4C159FFC400B69ED4CBE
:2082A000158101400B69E985A58121645006F0EC8008107C040639FB904A12647C030AEC11
:2082C0007C08526C00104406CBA853180682110EC4800081C168909C0058306F9006C446CC
:2082E00082A9CFB80F788C0652267F4C05EC04400B69E9AE2FA77F69ED4C25020AC00BF449
:20830000B5E10003C6240F0408EFDC0425A10B93F840008406C2096E0D0C09A30BC036804B
:2083200000001603114C0181458038C20984081EF084060C0CE550DD93F27CEFDC01C6801C
:208340002880180419C217F3F444208026A22FC1C3DD93EFDC0206E0700229E084440A9A17
:20836000005C0864D50029A72BC02B800002299C20442080004221FFFC1628FA00040C6C1D
:208380005100190029C02BC0156141E08406146686422AFA8004346C494031060A402B427D
:2083A0001AF0004011E00AC02B6C41810180A5F2000C0C0029DD93402B6C1DE00842966F73
:2083C000F84C88E0084C960C06A30B8C0BC000F2000C0CC1C3DD93FA00040C6C550019000E
:2083E00029C02BC0156145E08406146686422AFA8004346C4D4031060A402B421AF0004035
:2084000011E00AC02B6C45810180A5F2000C0C0029DD93402B6C1DE00842966FF849A8E08F
:20842000084C960C06A30B8C0BC000F2000C0CC1C3DD93FA04044C0C09806BC0156145EC88
:20844000040200F41C030A0C1982D5C0156141EC040410F424050A400A80D5008AE68684C2
:2084600035E5446C1D0C290FF6402B03F6E0088C0B6008EFF846E80D78A30B0C198000C0E3
:2084800015614161510C0904144015440AFA80050AE68A8295E4A061450C290C39C015C05A
:2084A000156155E68A443AE484048A0C298495402B6C1DE0084E766008427644988C0BA3E9
:2084C0000BEFF880000B2861410C190C09C015C01561517A800214FA80040461490C3942FC
:2084E0002AC0158613E686E4A0030A0C198415C015614561550C290C39C015C015614DE640
:2085000086422A028A86138415E4846C1D0C294E76402B4276E0088C0B6008EFF841A8A047
:2085200065A30B61510C09000AC01586D5F01061550C09A90BC0150C098635C0156141E0AC
:2085400080404A0C0980E5C0156145E080400A0C2982A5402B6C1DE0084E06600842067FB7
:20856000788C0BA30BEFF40C099805C0156149F80C004A0C098465C015614DF80C004A0C01
:208580000982A5C0156151F80C004A0C0980E5C0156155F80C000A0C2982A5402B6C1DE093
:2085A000084E16600842167D388C0BA30BEFF40C098E85C015614188B5A30B61450C09A3CA
:2085C0000BC0150C098815C0156151EC100000F430010A0C0982554015615500008171006E
:2085E0008AEC108835F4346C1D0C294E36402B4236E0088C0B6008EFF47AC80355A30BC019
:20860000000E0661510C09B10BC015A90B82050C098415C0156155A90B016561550C09B1E4
:208620000BC015817100D50C4C8E0BDD93F2046C1D0C294E26402B4226E0088C0B6008EF61
:20864000F478880E06A30B8E0BC000F2040C4CC1C3DD936C5100190029C02BC02B6C5561D2
:2086600088061440118311402B6C59E1880824E692443A6C414031040AC02B892160406CEB
:208680004940214021C02BC02B6C4D6C4540414011C02BC02C6C790C6940214021802B809F
:2086A0002B0C6D0C814011DD93802CFA0004CC8101006B66350C1B9906C016424A910642C9
:2086C0000660804C11E004C02B6C1D80000C986FFC6B28A10B8C0BC0000C3861410C0904DB
:2086E000F040150C19E420C01561456682401AE43002F063094C018C0B4015E8004BC86148
:20870000490C099918C015614D0C291138C0150C09C507401561414C118013402B6C39E1BB
:2087200088082461510C198643401561550C29A30B401561450C394C41C015C02B6C3D6C55
:20874000514C114C21C02BC02B6C55060A821580B5F0046FFC78088F258C0BF40C070A4C04
:20876000218455402B6C4D4C31EA0DC02B6C4560588C258C0B6FFC9C55A10B6C410C09857C
:20878000E5C02BF010060A680D86154C218931C02B6C4D6C454C318685C02B6FFC5F08A187
:2087A0000B8C0B0C0996B5C02B6C418615AB0B6FFC6148FD158C0B6FFC6108A10B8C0B0CEE
:2087C0000992F5C0156141F495E80D6C510C194C11C02BC02B6C496C414C010C19C02B4000
:2087E0002B6C45FA8000046C4D0C39401AC02B0C19E682C02B6C556C510C09000A402B0458
:2088000016E0404C218000802C0C816C490C294C11C02B002B0C6DFA8002140C694C014490
:208820003A802B401AE68A402AE6824C01E002402C6C79FA80020466314C134498C0168C83
:208840000B68008295A10B6FF06548A10B8C0B6CD880F58C0B682468304BA821118C0B4C17
:20886000118321C01B656165414C210CCCC022DD93F200681100490039C0274027681508A5
:208880008A81010844E54000408188068A0C500406E500063481010034818800009A80889C
:2088A000068C40A13B8438C4080630C1880634C0004231C0000409FBFC000ADA800004C4A6
:2088C000080000C188000440004401DD938101FA00040C680040C8A10B806B0C0C8085DDC1
:2088E00093F2000C0C8C0B8B55F200FA04044C0C19806BC02B6C516C550C09441AC02BA1AC
:208900002BE5020C398605C02B6C4D6C490C490C59C02BC02B6C456C410CC9464AC02B4896
:20892000CAE50E464AE516443AE50E0365E00AEFFC04226C1D0C294E56402B4256E0088C42
:208940000B6008EFF460688805A30B6C510C198121402B6C550C090424C02BC2077A80041F
:208960002201714C01ED00401B63054C11C217401B6301E004000663094C014C21C01BC0C6
:208980001B630D63114C718E0BC01BF2040C4CC1C3DD93FA7C040CEC301EF08101006B6365
:2089A0000D0C7902F0401B0C99E420C02B6C516C550CA9FC0EC02B3C06890645188C0BA1B6
:2089C0000BE800C000100600081E859095A10B641002F074F89E2B8C0B6FFC8E65A18B6C2A
:2089E0003D0C390290402B3C48EC04EC0404A06C390C5981C1402BA8338908608C08346441
:208A0000200660A053C06DC6570545124402C151CDFA80F0945412790046A1F0A4562282C0
:208A2000258CB66C510C990A54402BC297FA80925301D56C550C4981C1402B6C390C59C287
:208A400047C02B924320530E70C65782316C04F6B5A17B98F18101F27C0C0CC1C3DD936C26
:208A6000510039824B402B6C4900290019C02BC02B6C41C1C38725FA04040CEC301EF081D1
:208A800001007B826B7C0E02F03E0E7E98E4208E0B6FFC8415A10B641002F041188E0BA149
:208AA0000BE800FC048235401ABE140002E682180EEFFC98F18101F2040C0CC1C3DD936CEC
:208AC000550039824B402B6C4D00290019C02BC02B6C45C1C38125FA00040C8285A13BE552
:208AE0000A401AE00E400AEFFC00028101100EF2000C0C0029DD93402B6C1DE00842566FC7
:208B0000F45288E0084C560C06A30B8C0BC000F2000C0CC1C3DD93FA045E65EC100CF074BB
:208B20001C5E60BC6E8861FE8003FCF804170CEC301EF08193818341C6C18343266148808D
:208B400004E00C418600168004E148021480188016FC9CEFE07E086F9C72C8C1C38101FA25
:208B600000004C614841C6E00C433600168004601100060004C020E148438680188404FC91
:208B80009C02147C7880167138EFE081016F9CFA00004C614841C6E00C434600168004602F
:208BA0001100060004C020E148438680188404FC9C02147AF880166FB8EFE081016F9CFA75
:208BC00000004C614841C6E00C437600168004601100060004C020E148438680188404FCF1
:208BE0009C0214797880166E38EFE081016F9CFA00004C614841C6E00C4396001680046085
:208C00001100060004C020E148438680188404FC9C021477F880166CB8EFE081016F9CFA1A
:208C200000004C614841C6E00C43A600168004601100060004C020E148438680188404FC60
:208C40009C0214767880166B38EFE081016F9CFA00004C614841C6E00C43E60016800460DA
:208C60001100060004C020E148438680188404FC9C021474F8801669B8EFE081016F9CFAC0
:208C800000004CE2C0002C614841C6E00C43F600168004E148418680188004FC9C0214731E
:208CA0009880166858EFE081016F9CFA1C040CEC301EF06FF844C8807B806B9625A17B8169
:208CC0009105016C1D4C010006402B009EE194641D106066D8C0AFA10BEFE88701826543D0
:208CE000F8A0064438EFF87158EFF86678EFE00111EFE8EE1045066F9C7B6800068C0B81D8
:208D0000116FDC6F9C7B08E00044C6600C00864C058B11C00E60CD60D14C054C05C00E40C4
:208D20000E60D5E03C408660D94C050006400EC07D600160DD4C158311400E6D494C05010A
:208D4000E6400A4C11E050402C6E91E400020667394C03401640164C13E0004016673D60CB
:208D60000902764C03C020C0156E018305849661940006641C10608014C0AF8311231B6C31
:208D80001D4C110206402B4015C0004498C00018F0EFE48C0B6410E8105EE8A10BBE04FCA7
:208DA00094825580E5A19BE13401468004800488B5A30B680C5DA820288C0BE00810B660F2
:208DC0000802B67C588C0B4B58EFF08C0B6838680450C8A18B8C0B6FF47C489C005000EF66
:208DE000F47C68EFE06988831101016FE45408100B8C2B0C0C98F1DD93F21C680C790800B0
:208E00008B8C0BA18B8C0B4C788085FBE5EFF4E8145E08A18B808B7918F6358C0B6FF4E8AA
:208E20000044488AA5A17B6FF44B8842F88C0B8C0B6FF46FDC0146E00442468311421E4325
:208E40004602164015E01C5098F80846F8EFE48C0B6800614C00C6000497110016A39BE117
:208E60004C00469D11000482758016680C7348008B8C0B45F88C0BA18BE8388145EA556843
:208E80003845A80C0B8C0B59D88E1B8E2B6FE8A18B808B0111E6D503319F214FB88C0B730C
:208EA00075E834C1C3808B612000C680048111010600168004E120014600168004E12001B0
:208EC0008600168004E12001C600168004E120400600168004E120404600168004E12040CD
:208EE0008600168004E12040C600168004E120410600168004E120414600168004E120416B
:208F00008600168004E12041C600168004E120000600168004E124004600168004E1240004
:208F20008600168004E124DD93801662650009024640150414E14C880981314420842820E1
:208F40002FF3ECE13440868311042600168004E134404600168004E14C010688368024887D
:208F600016802400368004E134400600168004E14C0086430600048016E000C1C3DD9368B6
:208F800005001B002BC00AC00A68016815003B004BC00A400A6809002BE017400A680D0020
:208FA0005BA41F400A6811801EE037282FE027822EAA3FDD93C03EFA045E65EC100CF07489
:208FC0001C5E60BC6E8861FE8407FCF804170CEC501EF0819381830161C183E03C41F66F36
:208FE000A067A8010681114F066198001AE14CE138440688449C34001CC2194601A1014075
:209000002B6C1D101683118804831141F600666618E03C7638EFA01C04E8144D188111A893
:20902000F1E808F0041F0CF6840FFCFD64BCF4C1C3C153FA045E65EC100CF0741C5E60BC3F
:209040006E8861FE8003FCF804170CEC301EF0819381830106C18345066198001AE14CE124
:209060003846868C548844001CC4194801A301402B6C1D141683118C0481118804801667FD
:20908000CD0019C819C02D67CD40118311402DE80849881F0C98F10BFCF004BCF4F680C13F
:2090A00053FD64FA045E65EC100CF0741C5E60BC6E8861FE8407FCF804170CEC501EF08173
:2090C00093818341F6C1838111603CEFA06048614C4D069804A5116C1D40118511402BE804
:2090E000084708E1384F4680189C04E080420A0106864545066198801AE138C81988348C95
:2091000008801C8C06C20980188804F3F8421098048016E8347728022618044518E0109CD3
:2091200004E808400A800884C5E08461980106E13845068834801A801CD019C4098C088894
:20914000048C06421080180016F3F4E02002264378980441F6E8088311603CEFA05BC81FEB
:209160000CA8F10FFCF004BCF4F684C153FD64FA045E65EC100CF0741C5E60BC6E8861FE94
:209180008407FCF804170CEC501EF08193818341F6C1838111603CEFA059E8614C4D0698B6
:2091A00004A7116C1D40118711402BE80840A8E13C0E4680189C04E080420A010684E50475
:2091C000066198801AE13CE01988348C08801C8C06C20980188804F3F84210023600169850
:2091E00004E010E8047EE880189C04E084420A0106860504066198801AE13C0214883480A3
:209200001CFC94C4098C0888048C06421080180016F3F4E02002367D3898049C04E80440E7
:209220000A80088A05E08861980106E13C04068834801AFC9802148C08801C8C06C809806B
:20924000188804F3EC421041C600168004E138421080188016F3EC001B9804C0156E09FC21
:209260009802146E094013023640157A98E0407518E80441F6EFDC8311603CEFA052C81F44
:209280000CA8F10FFCF004BCF4F684C153FD64FA045E65EC100CF0741C5E60BC6E8861FE73
:2092A0008407FCF804170CEC501EF08193818341F6C1838111603CEFA050E8614C4D06989E
:2092C00004A9116C1D40118911402BE80477A8E13C0F0680189C04E080420A010686A5049A
:2092E000C66198801AE13C02148834801CFC9CC2098C0888048C06421080180016F3F8E0AA
:2093000010024675D898041804E804E00C4296E8044C6880189C04E084420A010686A50482
:20932000C66198801AE13C02148834801CFCA0C4098C0888048C06421080180016F3F4E067
:209340000C42A64AB898041804E804E0200246E804738880189C04E088420A010686A50422
:20936000C66198801AE13C02148834801CFCA4C8098C0888048C06421080180016F3ECE027
:209380000C42B648B898041804E804E0400246E804718880189C04E08C420A010686A504B2
:2093A000C66198801AE13C02148834801CFCA8D0098C0888048C06421080180016F3DCE0EB
:2093C0008002466FD898041804E804E00C42C6E804466880189C04E090420A010686A50422
:2093E000C66198801AE13C02148834801CFCACE0098C0888048C06421080180016F3BCE1B6
:209400000002466DD898041804E804E00C42D6E804446880189C04E094420A010686C50431
:20942000C66198801AE13C02148834801CFCB000048C088C06FC9480188804F37C421002FB
:209440004600169804E200E8046BC842E618044258E00C9C04E804420A801886C5E09861B5
:20946000980106E13C04C68834801AFCB402148C08801CFC98000488048C0642108018007A
:2094800016F2FCE400024669B898041804E804E00C42F6E804404800009C04820DFF110000
:2094A000C686B58014E13C042484288426FC9C80188004F1FC421003060016842AE198043F
:2094C000249804042CFCB8E8000246E80467A8430618047F98E00C41F6E8008311603CEF17
:2094E0009C7FA81F0CA8F10FFCF004BCF4F684C153FD64FA045E65EC100CF0741C5E60BC84
:209500006E8861FE8407FCF804170CEC501EF0819381830161C183E03C41F66F9C7DC84F56
:209520000681110306614C1C04E198E13C4646AB41042A40418C54C02B6C1D7CBC0024044C
:209540000C832194268B1180668C0463989C049C04E804EFE05C48603C41F67BB88311A8B3
:20956000F1EF9CF0041F0CF6840FFCFD64BCF4C1C3C153FA045E65EC100CF0741C5E60BC5F
:209580006E8861FE8C07FCF804170CEC401EF0819381830161C183E03C41F66F9C79C84FE2
:2095A000068111AD01614C83811C146C1D42018301402BEFE45D68E13C41C604868014806F
:2095C000048D119C048066E8045FC8603C41F678188311A0F1EF9CF0041F0CF68C0FFCFD94
:2095E00064BCF4C1C3C153FA045E65EC100CF0741C5E60BC6E8861FE8407FCF804170CEC15
:20960000501EF08193818341F6C1838111603C6F9C76284F068161AF01614C42019C1440BB
:209620002B6C1D59D881011C04EFE45C988F110006E8048018EFDCF8C0020A801880E5F036
:20964000C04210E080020A9C1482B56C150219420AC02B0019E0848018C070F3DC42109CD0
:209660000480166C150019420AC02B8445E08468045A88E010027653B89C049C04EFE46E10
:2096800009001B4210C015C0FD73FD6E0940130146C015831161400016800400668311E0C3
:2096A0003C41F6EF9C71881F0CA8F10FFCF004BCF4F684C153FD64FA045E65EC100CF07424
:2096C0001C5E60BC6E8861FE8003FCF804170CEC301EF081938183001CC1834000E2C0027B
:2096E000067F00840EE19CE340001C614C4106E14042C6B1310004834104246C1D403108A6
:2097000046C02B8414812191110426E80455A81F0C98F10BFCF004BCF4F680C153FD64FAE5
:20972000045E65EC100CF0741C5E60BC6E8861FE8407FCF804170CEC501EF0819381830003
:209740001CC1834000E2C002067F00840EE19CE340001C614C4F06E13442C6B3211C044D92
:20976000C604144021E198C02B6C1D18168418527893119808E80482E5A70B84A5A30B8683
:2097800065A50B8855A10B02961C045198E010C183E8048385C11302961C045118E080C14C
:2097A00083E8048305C71302961C045098E020C183E8048185C31302961C045018E040C12B
:2097C00083E8048101C5130046980683116144812100048016A8F11F0C80260FFCF004BC42
:2097E000F4F684C153FD64FA04044C68005EE8A10B806BC0001D4863290C39404E402DC042
:20980000106CB963210C190C29C02DC02D6325618408346678823982496F9C1BF8A10B0C78
:2098200039C000402D63396CC1400E0C19C010C02D633163350C290834C02D823961846F30
:209840009C6528A10B8249C0001AA863490C39010E402DC0106CC963410C190C29C02DC0C9
:209860002D63456184083463D8823982496F9C1958A10B0C3BC000401669A96CD501CE0C7E
:2098800019C010C02D6359635D0C290834C02D823961846F9C6288A10B8249C000180863C9
:2098A000710C3941CE402DC0106CE563610C190C29C02DC02D63656184083461388239829E
:2098C000496F9C16B8A10B0C39C000402D63A96D0D400E0C19C010C02D63A163A50C290849
:2098E00034C02D823961846F9C5FE8A10B8249C000156863D90C39400E402DC0106D1563B0
:20990000D10C190C29C02DC02D63D5618408345E98823982496F9C1418A10B0C39C0004045
:209920002D64096D1D014E0C19C010C02D640164050C290834C02D823961846F9C5D48A1B5
:209940000B8249C00012C864390C39404E402DC0106D2964310C190C29C02DC02D64355C96
:20996000188239864B6F9C1198A10B0C39C000402D64696D3100CE0C19C010C02D6461642D
:20998000650C290834C02D823961846F9C5AC8A10B8249C00010486F9C614841F6810183B8
:2099A00011603CEF9C598863290C0903C6402D8414E1388209C707424604060C09E138C02D
:2099C0002D6339C707841404068209E13840C60C298014C02D6349C927843846308229A4D1
:2099E0003FF3F88004843663490C198028C02D8419C917F3F444200026A22FE13841C60CAE
:209A00002B8014C01669A9CB27843846308229A43FF3F88014843669A90C2B8438C0168455
:209A200029CB27F3F446308436A43F0C1B8004C01669A9CB17802844208819A22FF3EC003F
:209A40008600260C19E13CC02D636900168004E13C014664E10C158004C00B0186001E0CFB
:209A600015E13CC00B64E5001E8004E13C03C663A90C098414C02D8209C507420604060CBD
:209A800009E13CC02D63A9C707841404068209E13C40C664ED0C158004C00B4106001E0C57
:209AA00015E13CC00B64F1001E8004E13C434663D90C098414C02D8209C507438604060C00
:209AC00009E13CC02D63D9C707841404068209E140004664F90C158004C00B0086001E0C58
:209AE00015E140C00B64FD001E8004E14002C664090C098414C02D8209C507030604060CFC
:209B000009E140C02D6409C707841404068209E14001C665050C158004C00B4006001E0C94
:209B200015E140C00B6509001E8004E140424664390C098414C02D8209C507428604060CFF
:209B400009E140C02D6439C707841404068209E140414665110C158004C00B4186001E0CD7
:209B600015E140C00B6515001E8004E14043C664690C098414C02D8209C507020604060CC2
:209B800009E144C02D6469C707841404068209E1340146800480048455BF0B6C1D0C290E0F
:209BA000A6402B02A6E0088C0B6008EFEC4D280E06A30B8E0BC000F2040C4C8101DD93F268
:209BC000040C4CC1C3DD93FA00040C0C09806BC02D632163250C194CD8C02DA10BEF9C0CB9
:209BE000099435C02D633163350C194C38C02DA10BEF9C0C0990F5C02D634163450C194B6A
:209C000098C02DA10BEF9C0C098EB5C02D6359635D0C194AF8C02DA10BEF9C0C098C75C066
:209C20002D636163650C194A58C02DA10BEF9C0C098A35C02D63A163A50C1949B8C02DA1FF
:209C40000BEF9C0C0986F5C02D63D163D50C194918C02DA10BEF9C0C0984B5C02D640164D7
:209C6000050C194878C02DA10BEF9C0C098275C02D643164350C1947D8C02DA10BEF9C0C3B
:209C80000C8085DD93F20064610C090C19C02DC02D6465F2000C0CFF9C06E8FA80000C6C2A
:209CA0001D00294558C02BA30BEFEC41F682558111603CEF9C4108F280080CFFD822C8F204
:209CC00080080CC1C3DD93FA0C040C0C0B806BC0156E09E080400A0C298235402B6C1D0C02
:209CE0000C8C0B0358F20C0FC6FFEC0E09EFDCC209F810F8104E016C210C09A70BC02B421B
:209D0000368CF58C0B6000E8005B886004424658F883218C0B683081811C08F3F840009CCE
:209D2000089C06F3F440004E819C060C0BE030C0156E0973FD40004C03C0FD40156E097F67
:209D4000588C0B7B18E81C8C0B6FE8614400C6E000424600868004E14401860086800458A4
:209D6000B88C0B0C0CE8001D58F20C4256FFD88C0B6000E80058286E090C0B02064015FF69
:209D8000C06001FC9800046E094C0341C64015C02072FD020F800472C102060004C02004E1
:209DA0000EFCC472C102068C0BC020F20C0C0CFFD81BC8FA00040C8225A11B6F9878C8405F
:209DC0000683110C0CFA02DD93F2007A024C06E03C41F66F9878088C0B8111F2000C0CC1D7
:209DE000C3DD93FA7C044C1206006B14C6E008574661141086E1108101613C817109956C71
:209E00001D4C918C0B402BE80044881415A10B0219C0008E75C000680048C828148C0B8450
:209E200018A10B420A8C958C25E0848E1B0C0BE8004D08E0C8000A5CD88AB52C04E81C8303
:209E40002181119511001668304F482C048C0B801683118008A804E084404A40001605C036
:209E6000000206C00040118018A004F3DC4210A0048016421080180016F3BCE11000C6804C
:209E80001880040016C219E0004126E87D82710C4CEE05DD93F27CFA0C040C6FEC7B080E6B
:209EA00016806B42C660084C71E010402B6C1D4BF881218C0B6830614400C6E1245086A096
:209EC00014800484388028E080464A444A8465FE25E08CEFEC7A486C1D0C290216402B733F
:209EE00078E0088C0B6FE88095A30BE830510850D88195A004E830400A800880D5E0848ECD
:209F00000B8171F20C0C0C7898DD930C29EFEC402B6C1DE0080E266008022671988C0BA3BB
:209F20000BEFE8C0000E060C0C8E0BDD93F20CFA0C040C6FEC76480026806B428660084C90
:209F400001E03C402B6C1D473881218C0B6830614400C6E1245046A014800484388028E01E
:209F600080464A444A84A5FE25E08CEFEC75886C1D0C290E46402B0246E0088C0B6008EF18
:209F8000E86E888095A30BE8304C284BF88375A004E830400A800882E5E084EFEC74086C3D
:209FA0001D0C290E56402B0256E0088C0B6008EFE86D088045A30B008681718004E13CD099
:209FC0001980188E0B0016F20C0C0CC1C3DD93FA1C044C806B027BEFEC712860080036E057
:209FE0000442266C1D4C018121402B6830422800C68C0B52C661448004E1248028A41446C7
:20A000004A843884A5E080E08C444A7078FE250C29EFEC402B6C1DE0081066600802666911
:20A02000788C0BA30BEFE84718809581E5E830E83046E88008A404E084400A100600E56912
:20A040007D8000E0005126900B80A5F21C0C4C6E58DD930C29EFEC402B6C1DE0080E766080
:20A0600008027667588C0BA30BEFE8C0000E060C4C8E0BDD93F21C6FA50025A12BC00B9AD8
:20A08000005C08E06C020A04CD00259AA580050025A51B800B0A0D840404200A0D40259803
:20A0A000C5800B0025A71B800B0A15840404200A1540259685800B0025A91B800B0A1184D6
:20A0C0000404200A1140259445800B0025AB1B800B0A19840404200A1940259205800B0085
:20A0E00025AD1B800B0A1D840404200A1D40258EC5800B0025AF1B800B0A21840404200A50
:20A100002140258C85800B0025B11B800B0A25840404200A2540258A45800B0025B31B8065
:20A120000B0A29840404200A2940258805800B86C5B51B0025B71B800B0A2D840404200AFB
:20A140002D40258485800B0025A31B800B0A09840404200A0940258245800BFC044410E0AE
:20A1600074040A832180B56A3140250025C00B400B6A0164010600C627C0BA4486043346C5
:20A1800015E0004206E0344615FC060015E038C00B6A01441A82114015E10AC00B6A010047
:20A1A00015A12B000B0A05800004060A0140250210800B40158404800B0A05C1C3DD936F33
:20A1C000A50025A12BC00B9A005C086B7500250600400BC0BB65D1E0004A868623C627468D
:20A1E00006C81E0045FC06C00B6B7598214A3E4A4A82414045E116C00B6B750035A15B0091
:20A200000B0B79800008060B7540450630800B40358404000B0B79F024020A020A98A588DE
:20A22000C5F004F008020A020A9A658A85F00CF010020A020A9C259E45F014F018020A0275
:20A240000A8AE58E05F01CF020020A020A90255C08F0000015DA00C00B6CBD821188246C27
:20A26000BD40154025C00BC00B6CE50015DD93C00B6CC140158211C00B6CC140158814C072
:20A280000B6CE90015DD93C00B6CC940158211C00B6CC940158814C00B6CF10015DD93C093
:20A2A0000B6CD5821188246CD540154025C00BC00B6CFD0015DD93C00B6CD940158211C0DC
:20A2C0000B6CD940158814C00B6D010015DD93C00B6CDD821188246CDD40154025C00BC09E
:20A2E0000B6D050015DD93C00B6CE140158211C00B6CE140158814C00B6D090015DD93C0CD
:20A300000B6CC5821188246CC540154025C00BC00B6CED0015DD93C00B6CCD821188246CB4
:20A32000CD40154025C00BC00B6CF50035DD93400B6CD16015020A8231C0086CD14035883C
:20A3400034C00B6CF940358445C00B6015020A5C08C0040015DA00C00B6D0D821188246D07
:20A360000D40154025C00BC00B6D150015DD93C00B6D1140158211C00B6D1140158814C04E
:20A380000B6D19C1C3DD936FA50025A12BC00B9A005C086D1D00350800400BC0BD64716D99
:20A3A000250025C637C00B864302216D254025A921400B4206D21E4815FC060015E010C037
:20A3C0000B6D1D441A82114015E10AC00B6D1D0015A12B000B0D21800004060D1D4025022D
:20A3E00010800B40158404800B0D21C1C3DD93FA04044C0C05806BC00B6FA58AA5A10B6DC7
:20A40000E90C05A921400B668A440AE0880604F08C4E6200208C2340BD67C17C38A921409F
:20A4200006EF904E05FC06C00B6DC96DE90C058201C00B6DE94C05004A400B0C05F81C40EB
:20A440000B0DEDC00002060DE94C150000C00B4C05C404C00B0DEDF2040C4CC1C3DD936F7E
:20A46000A50025A12BC00B9A005C086EB10025863AC00BF008024B1824065A041AE08C0043
:20A48000C3C42758538023C0176D7D6D7958135833C017C0176D756D7158434206C01744B7
:20A4A00015FC06C00B6E916EB100158211C00B6EB14015024A400B0015F81C400B0EB5C027
:20A4C0000004060EB140250210C00B4015C404C00B0EB5C1C3DD936FA50025A12BC00B9A68
:20A4E000005C086F190025C634C00B609008240043C42748358023C00B6F2D4835C434C080
:20A500000B6F2948358634C00B6F2548158414C00B6F21FC0642066EF944150015C00BC008
:20A520000B6F1940158211400B6F19F81C024A0F1D00150406400B4025C000C00B0F19C4FB
:20A540000402100F1D4015DD93C00BFA0C040C614C4D06E1980346812118046E104706E1E7
:20A56000000AC60386040C042EE198E19803C60286042E4025E1A4400B6FA9E10000460453
:20A5800086001E083EE10066A108100210C0BF40B967F1E1000506944E98047878881E18D7
:20A5A00004EFF04071B571C02B6C1DEFF44EA842C61804840EE198E82C4B6845861814881F
:20A5C0000EE198682C4B484286820B040EE198E03C41F66F947808001C81115006E2C0C0B1
:20A5E0000061990046200E6818E19CA004EF94E340001C603C41F676D8831183816F94438B
:20A60000861804C480601569FD40150396400BD98463096C1D40714015C02BC00B6FA16FB3
:20A62000A540854058C00B9804E800C1C3FFD5FA0C040C41F6007B74D8E03C81116F9409A3
:20A640000181614E01B711402B6C194E118E0B402B6C1D511883110E0BEFFCC0156E09E0F7
:20A6600098404A0E1982E5C02B64C58AF5A71BEFDC0206420A84188A25E080E080400A055C
:20A680001188C54F988E0B59D8EFFCA10BE80859F880B58E0B68080E0B806B40156E094085
:20A6A000008311C0FF72FD6E094E0341F640157118E03CA16BEF940711A4D54DD88E0B5BA6
:20A6C000D8EFFC8E0B6FD4806B11E58E0B0911EFFC4D4864D50E09A70BC02B100692D5A0BD
:20A6E00008EFDCF8C0000AA00880E5F0C04000E080000A0E0B9055C0156E09E080400A0E5C
:20A70000098E05C02B6C218C75A70B404AA0088AE5E08C8E0B1B11EFFC4B086FD47FE81D9B
:20A72000118E0B4A988E0B7A78EFFC8E0B681864CD0E05E214C00586E5C20DC809A0088EBE
:20A740000B2006E8187D886E090E0B83114015FC9800046E094E0341F640156BB8E03C0B14
:20A7600011EF9448988E0B7B98EFFC8155E8088E0B1F11EFFC4828603C41F66AB883110E4D
:20A7800009EF94C02B6C11E098404A11118A8547388E0B0E05EFFCC00E60F5400685054E3B
:20A7A00005FC06400E60FD69B88E0B5118E8088E0B6808FC06400660F90E250E15C00EC046
:20A7C0000E60F561014E058221C00E60F94E250010400E4E05EC04C00E60F5F815A10BC3E4
:20A7E00013C183603C41F6675883110064EF940C0CFA80DD93F20C6C194011DD93C02B6E56
:20A800000D0019A31BC036DA005C0863110019A31BC038002B82F540156E09E14C03C64435
:20A82000208414C0FF72F16E09402307D8C015DD93FFD4FA84040C4106006B0004E11483B1
:20A84000218371C4198018410600160004E12800768511E1284006007680047E988C0B40C2
:20A8600046E828BD116128832100048C0B0076F2840C0CE0283DE8FA7C044C4186008B00A3
:20A8800004E1280311827B5672866B154670888016E13440868D2583116128812100044167
:20A8A000C600768004E128020600167C18E010900B6828614400C6E12C02468414800480A6
:20A8C00038A824A14B8448884480858475A54BE08C460A88348085FC95A53B6C1D10290250
:20A8E000C6402B6358E008900B6FE4E00812C68CD5A10B612C0086000481118004812141B9
:20A90000C6180E8004E128020600167918E010900B6828614400C6E12C0246841480048098
:20A9200038A824A34B8448884480858475A74BE08C460A88348085FC95A73B6C1D102902E9
:20A94000C6402B6058E008900B6FE4E00812C680D5A10B82710861E6C5D67D920B8191F27C
:20A960007C0C4CC1C3DD93FA00040C61284246041481610466832175B883114006E8288055
:20A9800004E128410600668004E114421080188016F3F4F2000C0CC1C3DD93E0180015E032
:20A9A0005000256127E017700142104025C300C0096E09E0500025FB8004240406241FC370
:20A9C000C060016E0D40150015C009ED17E054F3F04210684140110015C027DD17E054F32A
:20A9E000F04210684540110015C0274011E058C0386315E05800150406041FC30060018103
:20AA000021051B8000022603154011020000388395E57088210434C63BF1376211423184C9
:20AA200034C027C63BE137621542318434C027C63BD13762194231C534C0274231C63BC04E
:20AA400027620D6061048AF8B5C00165D1020081214001463B837542318821C0266D71E14E
:20AA60003784344231C63BC0266D75D13784344231C63BC0266D79C63BC5346D6D42310460
:20AA800034C026E040048AF13778F5680140310015C027E117E184680540110015C027F17B
:20AAA00017E188681140110015C027E117E188681540110015C027FF17E18C67F1401100F9
:20AAC00015C027F117E18CF0FC421067E140110015C0270025E18CE917E18C9E194727A46A
:20AAE0001FA02967ED40110015C0270025E18CE117E18C9E194527A41FA02967E940110086
:20AB000015C0270025E18CD117E18C44203E19241FF080E004040667E540110015C027401D
:20AB200015E190C00A6EE9E1FC00154013E117C0136C29E1FC00156C2D40130015C013D132
:20AB400017E200686540110015C0274011E200C0276869E20400154011F117C027686DE205
:20AB60000400154011E117C0276871E20400154011D117C0276875E204001568794011008E
:20AB800015C027F117E208687D401102004027C002643145348175EC0404206C294235A1A1
:20ABA0002BC0090200FE354003643181B58121842104344233E137C01368594233C534C090
:20ABC000136855E500048A0200FC954003673181758921042045344235EC04C00A6B1DFED0
:20ABE00035A12B677100009311400341248175EC040210603D4025A11BC0055D93FE35C1D1
:20AC0000C38101FA00040CEF4C022980B5A12BEF3C02299625A12BF93101218151074158E3
:20AC20005283854C52780C82C3F890FC1818C991C1582F440A81B5C227609C73F9442018AC
:20AC4000C040014420EC04A1CBD8748251FCB5E1400A0A0706F8F5040A61380C34FBFC9FB7
:20AC6000F8059EFA80042402398C2E872BEF4C074680F58C34E134AF3B8C34021986F5835B
:20AC80002BEF3C034680F58414E134AF1B8414024684B50CE661948638E0086C1D0029844D
:20ACA00066C02BF3F046300636C439E00802E6EFE445088255A10B005681858018E194F3E2
:20ACC000F042108016C2198C0B8161F2000C0CC1C3DD93FA00040C0206006B4DF8E2805ACC
:20ACE00098E82C8C0B6FFC45F601110C0BE00C5C388C3BA10BEFFC637882D58C0B6FFC8CA4
:20AD00001B0C0BEFFC780880B5A10B6FFC648881018C0BF2000C0CC1C3DD93FA0C040CB978
:20AD200011006B682C4BC8E4100E60812129118E3B0C0BEFFC5A28A17B807B615880C58CC4
:20AD40000B6FFCE0001E08642010600921851159388C0B903B6FFC8C0B007BEFFC60681D83
:20AD600018A17B2014C000E1080E0604149C04D11761C07A800614FA800424A1391F2968AD
:20AD8000005C681C048911E114034684148008830B8418C0001AE8E1340146800480041A6D
:20ADA00078A90B5A148000E1444F0604149C04F11761C07A800624F87C4410788046305A6A
:20ADC000588B111C04E800E14842C684148008830B8418C00018E84F465A149C04E1446113
:20ADE000A00414FA8002147A800424F88046108B113F29E80058C843061C048008E1488471
:20AE00001884141758830B0C45C000028660108404E148E1E0044444200038C43DFBFCE14D
:20AE20004780D5FA8004448065C53D84048026038600088414E148830B8418C00015A8E0C6
:20AE4000100C05E0B8400A02468485D50761488609042404048806E14803C684148008CBEF
:20AE6000178418830B8619C0001448E0100C05E0B4400A02068485D10761488609042404AA
:20AE8000048806E14803C684148008C7178418830B8619C00012E8E0100C05E0B0400A438F
:20AEA000C684458E0961448806842403C604048008E14884188414830B8E19C00011A8E04D
:20AEC000100C05E094400A42068405C70761088609042404048806E114038684148008831D
:20AEE0000B8418C0001068E0140C05E0F8400A02C68445F10761489E09042404048806E1D4
:20AF000048420684148008830B8418C0000F28E0140C05E0F4400A03068445E90761489E34
:20AF200009042404048806E148424684148008830B8418C0000DE8E0140C05E0F0400A0378
:20AF4000468445E10761489E09042404048806E148428684148008830B8418C0000CA8E05D
:20AF6000140C05E0B4400A43868625C90761008409042446308838A03FF3F404048836E1D1
:20AF80001403C6841480088418C307C01FCD17E080424A0C05AAC5400AE0148605E0B06165
:20AFA0000043860424C90788388209F3F846308836A03F03C604048008E11484188414C045
:20AFC0001FCB17E080424A0C05A485400AE0148625E0AC610043460424C50788388409F3B7
:20AFE000F446308836A03F03C604048008E114C3078414C7178418424AC01F9E25E080E0B2
:20B00000140C05E0A8400A43468605C50761008209042446308838A03FF3F804048836E19E
:20B020001403C684148008C5178418424AC01F96E5E080E0140C05E0A4400A430684C5846C
:20B0400009610088388424F3F446308836A03F03C604048008E11484188414424AC01F90A7
:20B06000E5E084E0140C05E0A0400A430684858209610088388424F3F846308836A03F0311
:20B08000C604048008E11484188414420AC01F8AF5E080E0180C05E0F4400A02468605EB42
:20B0A00007610487310414788C460284288609F3F044200426A62FE1144206841884148690
:20B0C00019CB1784B5811BE0180C05E0071A14700140008171430061C00414FB8002146E64
:20B0E000094C25A20F40096E0D4C0581B5C0096C1D0C294E66402B4266E00C8C0B600CEFAE
:20B10000E062880C0C8E0BDD93F20C69840824E9840A3418440048B85FE0840425A75BE94F
:20B120008402448625A35B86A5A55B5C08A15BC44DDA00A11B8065A11B848581858635827D
:20B14000E5A11B5C08A31BC44DDA00C74D82559A005C08DD9380368205C44D80D5A11BDDAC
:20B1600093802680168111C74DDD93A31B8065DD93FC45FA1C044C986B008BEFF875C86717
:20B18000C10E80434640AE0121E00C7758900B8E3B6FF8A10B81911C1482357FFD45FE439A
:20B1A0004AC03F120CE408980EE2000C4C9A9EDD93F21CFA84040C61984F061C6E806BE174
:20B1C000000206E82866C88C0B1C14E80040888C0B1C14F2840C0CC1C38765FA84040C80DF
:20B1E0007B026B60084026655002704E01C089402B6C1D641100600921C01168B881310044
:20B2000060E81840116421650102702921C089681881310060E8184011647165610270217C
:20B2200021C089677881310060E818401164B165A102704506C08989316018F2840C0CE0A1
:20B240001826A8FA7C040CECF01EF082BB006B6E050C09A30BC03616099675C00464A1E3EE
:20B26000FC000A0C0994A540386321E19C4E0A001A81810B38E000C0002001600C00564C7B
:20B2800001967B402B6C1D66B112601460C0BF40C06521641100B002B0C01140146461667F
:20B2A0002116600460C0AE40AE65A165E1187009BEC01F64C106607ECEC0AD652108607C0F
:20B2C0002EC0AD65410A603E1EC0543C0E941B7F98920B8E2B6FC063210C094E0A40380055
:20B2E0001AE19C07B8E000C0002001600C0066656006604C01C0D8402B6C1D141B920B771E
:20B30000F88E2B964B6FBC4E0A0DA54046E19C434660084C01E14C402B6C1D641104B018C3
:20B3200060C01140AE65A1640110B00E60C010409F67616611086014B0C0AD401365B167FE
:20B340009112B017BEC010662116600404C0AE66D102600FBEC0546451066019BEC09E0DAB
:20B360009E8EBB66710A608B8EC0A2FECE89AE186013CEC0A364A108607C4EC06C6701960A
:20B380004B3E4EBCCE9B8E9D2E951EEFB473E8A18B808B405688750A606008C0A164706C6A
:20B3A0001D4C014146402B1734E14C9924964B023080044014646165E10E30892EC01FFC36
:20B3C0001EFE7E9B249D14861B3E1E923B3CAEEFB07A08A18B808BA18B8A456E890C051044
:20B3E00056400A0C15C00CC00A6E8D6E910C250C35C00AC00A6E95693D4C034060400A4CC8
:20B4000013DC00400A6941C00C025669454C234C33C00AC00A69490C1D0C294998C02B1009
:20B420000BCFE00C0CF8F1DD93F27C60084266E14C41466C1D4C110260402BC0B667010A14
:20B44000601924C0A366E19B3480048E2B7C2E9514BE1EBC1E934453B89D1417B4EFB4A1EE
:20B460008B808B9FFC30184E0A77A5C1C3E99CFA7C044C4106008B008EE198E100020668E6
:20B480002850E80191900BE6D45406836117B1817109C56E19101B00644015801FE8A49079
:20B4A00005A11BE13443868428841480A5A12B801F84188CC5A11BF0A44C8268810C090010
:20B4C0000AC01B410663FC8014E198049480E5900B7A80E800432868188145900B6FFC683B
:20B4E000810C090606401B0C14E138EC0404B0000A83611005E3FC1009DC28002707E55010
:20B5000005A17BC00A6E698255842CE1984106900B0014EFFC6988613806068C04807B0265
:20B520009180BC84B188A1E040120A8E0BEC95F27C0C4CC1C3DD93FA0C040C808B027B60D2
:20B540000840365001846B402B6C1D641100700280C011406D65714DD88921813168186419
:20B5600021007002804011C06D652181312921E8184D2860880064658002800225C06D82BA
:20B58000037C0089310C13611D4E250025C0014E25E04040016121E0184506E0800005611D
:20B5A000254E050209C0014E01E300C00464A163400209E0184306E686426A64A54E01826B
:20B5C00083400464B1007002804011C06E6501F20C0C0CE0180A08FA3C040C15C6006B10FC
:20B5E00060E1A0405466D165411260286EC05467610E60100BC0AE0C2B921B53188E3BA165
:20B600000BEFCC28248455121B900B54F88E3BA10BEFCC000014259C0040801C0042909CDC
:20B620000046708FCC51C86E890C15A10B400A6E8D0C250E06400A0C358000C00A6E916E50
:20B64000950C454C13C00AC00A693D69414C234C33C00AC00A694569494C438265C00A6C33
:20B660001D0C290E56402B0256E00C8C0B600CEFDC77080C0C8E0BDD93F23CF87C040CEC59
:20B68000601EF06141001915C640150029E01040156145422A81B10029E686C0156211FAC8
:20B6A00080021404000B2EC066664904007E2EC058665104007C2EC06B664597C5BE2EF0A7
:20B6C0008C44026F410479E57DC0158B2482D5E68A483AF09044026E410429F02DC01A544F
:20B6E0004A80D58075E48882B1157569910029A52BC02B40880444C0000A16D08044220801
:20B7000091049586B5C00560840444802383516D2104630454C00CCF2DFA808088084490E9
:20B720008048420891089588058005825108238023C2276D2104238D2DC00CFB55FAA5FA09
:20B740008004540844CF2D48428084086B9080800C0D2108238265C427825104258023C0A2
:20B76000056891FAA5D22D0B24F905FCC4D5974A2A899EFE24E68E60840654E08808549809
:20B78000433EC404640433FB27FB00985306291064846383617B00858709C5F02D942854CD
:20B7A0004A80959025E48818248C2286C9E1F4042498238527FB005822102412C0F1A0134D
:20B7C0000AEDB0C0046475D52702E56D4018C0E004524660A658CA89948221EC0818C0E0AD
:20B7E0000A449A099483D5190A8221C0026045600A449AC00013E6402658CAC00413065881
:20B800009202F59F91D1B066A658CAE00452466EC118C058CAC00418C0E0A6D82DEC14C034
:20B820000004D6C0004A218431026182510841ECB5CF6D06B4EBA5C33DFA800101D0550CFB
:20B840000CB0F1DD93F07CF804040C61410019FB3140156145002981414015E686422A62F7
:20B8600011002909F5C015FA800214668A4A7A66400C005862C05818C9F094C0046C011845
:20B88000062BCB8675E0800E798073C0156F4184A5A17BE084185481C118636C010C63871D
:20B8A0006DC0010CC480C58CC3E1FC83C701F5600D0D0A59F6402082C5E07CE17C0CC48C4A
:20B8C000C3F96718C089C70053E5C84AC18241C01A6241186483850D0A61F4C003607C8CB7
:20B8E000C386C9FB0018C485C776E5617D0D0AF8B5C009E17C0CC48CC3FB677D6587C7E55A
:20B900003018C0FA800E44EC35C37D0C0C8101DD93F004FA9C040C5106006B206EE198671E
:20B920000112600315C0940C0B8171C01666356080404AE01000065C004060DC004270CFF5
:20B94000DC4B088271650EE2300E0A2014FAF50C0C8C0B8115F29CFA04040CEC301EF000FA
:20B9600006006B4C01E00C402B6C1DE14C414664810E6018604099C08B646104603E7EC0E1
:20B98000AE66A106600004C09F6761652108600A6040A2C0A366E15098BCCEA10BEFC80E9A
:20B9A0000602A50C298000402B6C1DE00C0E56600C02565CD88C0B0E0BEFDC0C0C98F1DDF0
:20B9C00093F204E10400068008800482095D93FA7C040CEC301EF08101008B6FF05EC881A9
:20B9E000718111600447C61005806B40096E0D656104801015C0ADC00A6D496C1D50314A5F
:20BA0000D8C02B809BEFC482C5A19B6C1D1029900B402B6FDC59E80311921B5CB88C0B153D
:20BA200075EFF07C6E927BE10401466D5910158004C00A1005801EC00A6D596E0D10154A29
:20BA400078C0090000EFC4C0806401E1C012046FCC5548100B920B5C98921B100BEFCC5639
:20BA600098921B100BEFCC5958921B0146EFCC028661188004E1188424800804048806E126
:20BA8000040386102B8008C016673950018414402B657DE10401C68321042C673D101B80DB
:20BAA00004C01641C6001C8004E100C2198018004600168004E104D0198018900B0016605A
:20BAC000CD10156B58C00E1009E82040386315E1041406A50B83210E9110194106402C0004
:20BAE00005C1104011C000891140000016A8041015900BC00E60D1E82069C88F61280400AF
:20BB00006683211015900BC00E60D5E82069281676280400B6E0044C58900B5075E8004041
:20BB20000E60ED5075A10BC00E60E960F150758885C00E0346FC640186E11883A1611880EB
:20BB4000A6800480088404409A82015003E002C0156E01EFE05348E11800C680A68004E81A
:20BB6000206D68EFC87D888C0B0311EFF0524898F10E0BF27C0C0C1015DD93C00E60E560C0
:20BB8000DD10058211C00E60E55015A10B400E50158311C00E60ED60F150159685C00E8378
:20BBA000913E9EA8048905421080188016F3EC8018A804F2FC4210A804801642108018804F
:20BBC00016F3F48018A804F3F84210A80480168321002660D11015900B400EE82062A88307
:20BBE000212804900B006660D510156218C00EA804E820900B00B6E80045689015A10B600A
:20BC0000E510058291400E60ED10158201C00E60E550058211400E60DD10055015C00EC046
:20BC20000E60ED89210201EED5C19D6C1D10290236402B48D8E008900B6FDCE0080E3683D9
:20BC40001100AB4B78FC0421ABEFF03E94806B80000E061029EF15402B6C1DE00802366FA9
:20BC6000DC47880E36900B00ABE008FC048311EFF04A28806B21AB0E066BF51005800040C2
:20BC80000E6105E118034660E150955095C00EC00E60E9D30D7C6401055095BE94C00EC172
:20BCA000C3E9D5FA00040C60D900158121400E68205C0800C68161038661448004E1008014
:20BCC000288414464A843800C5E09080000C16E08C444A8C0BFCE5F2000C0CC1C3DD93FA17
:20BCE0001C044C8101006B6FF04668818181110186007B0004E118E00443D66C1D4C111256
:20BD000086402B8086E13C6E0D0C05A414C0098201D9076E014C038408C015F37C400000D1
:20BD20000604068014E104442084288426F3EC84288014F2FC44208014842644208428847D
:20BD400026F3F480188004F3F8421041C600168004E100421080180016F3F8E10400468065
:20BD6000188004F3DC421043988016A404EFE0021480188016FC94EFC86CE88E0B0311EFA3
:20BD8000F041A8E11800C680868004F21C0C4CC1C3DD93FA04044C4326006B0C01E004C054
:20BDA0002B65B56C1D4C11400AC02B0C09E084C02B05A942868C958418EFDC80B5A31B6668
:20BDC000E90C0985B5C026F700008A0C1980D5C02666EDFCA5A11BE098404A0C1980C5C088
:20BDE0002C6CFD8265A11B820DFF110C198215C02666ED0465A11B80004046E094400A0589
:20BE0000A90C090260002B80AD05B1044102608418C09E08450C098203C027E10042868458
:20BE2000068414A10B8408840880A5E504008A404680958406E00061004E469C0483214288
:20BE40001080188016F3DC80189C040016C2194EF887118C0B682083211C04C419801899DD
:20BE600011001668204E689C048C0BC81980180C4C8016DD93F204E10441C68018800480D1
:20BE800016C219C1C3DD93FA04044C4246007B4CF8E0048121682000C681610386614480C4
:20BEA00004E10080288414464A84388425E098E08C444A0E29FE25402B6C1DE0080C8660CE
:20BEC00008028674588E0BA30BEFD8C0000C06E82051E80C4C8C0BDD93F204FA00040C4145
:20BEE000F601616F78E03C81116F88E14441C680668004EFDC7488EFDC7728EFDC790860EB
:20BF00003C41F66E7883110C0CEF8821D8F200C1C3FFC8FA00040C40C6006B4C01E008C0FF
:20BF20002B6C1D6D490C054C05C006C00B668566850C0565F8C00B0004EFC04C05FB80C056
:20BF40000B668965390C094C01C02BC02D6A35653D0C094C01C02BC02D6A39F2000C0CC126
:20BF6000C3DD93FA00040C40D6006B4C01E008402B6C1D0C059111C008695966794C050C61
:20BF800009C00BC02B65CDEFC061286A054C010C05C02DC00B637D667D4C050C0CC00BDD1F
:20BFA00093F200FA0C040CC417006B600840E64C018C13402B6C1D0205847BC0066D616632
:20BFC000794C050C09C00BC02C6E316D0D0C09A30B402C404A84150060E08C00AD054D0590
:20BFE000A10260006080B340AD05490591026081C5C0B3608C404A65C002600060C0B3806F
:20C00000AD0545054100608008C0AD91110484EFC05CE86A054C01A37B402D03890C854CC1
:20C0200085800BC00B667DF20C0C0CC1C3DD93600848F640418231C02B6C1D66710045A12D
:20C040004BC00B06710045463AC00B4035C012C00B6669666900350045C00BC00B666DE14F
:20C0600092463A666940354021C00BC02D69D169D54011DD93C02D6008430640118921C0BF
:20C080002B6C1D6A7140210019C02DC02B65514015D617C00B66916D5100154015C006C057
:20C0A0000B669569D10019A51BC02D031184D540118121C02D6A7565F500154015C00BC0FF
:20C0C0000B669965F900154015C00BC00B66A166B14025DD93C00B681500198121402D6A2B
:20C0E0007540110015C02DC00B65FD669940150200400BC0B666C168150039872DC02D9A1C
:20C10000005C0878A80235024582210055F898C00B6669E692485A424586430235F810C290
:20C1200037F810F8104235F810023569D50049C247C02D084B8043C0146669E012463AF862
:20C14000104235F81002354235C3370235F8100245F8880055F878C00B6669E692485A84A5
:20C160004E8643C23784348434843E69D50049C247C02D084B8043C0146551E092463A84EA
:20C1800034843EC53E8337C1C3F785667D00154015C00BC00869456A0500194011C02DC0D8
:20C1A000226549C1C3DD93667D00154015C00BC0066D4D6A0500194011C02DC01B6569C1F3
:20C1C000C3DD93E0280225E02C0215695D402545F640084015E02CC008696162C94023DDCE
:20C1E00093C011FA9C040C808B046B608800645282827B433670805011E008402B6C1D6692
:20C200008100900270C06D892164A06810684800908131406D6781E4B0027081310921E8F7
:20C220001067A860184106E4C002706682406AE024040680838531650100800C0CC06E265F
:20C2400098F29CC1C3E010FA0C040C826B007B6CFD0E3943F6402C6EB8E00C85216FFC6FDF
:20C26000FC70C867F88E0B8E0B6FFC600840A665E002704E01C0B6402B6C1DE14C41460418
:20C28000700004C0B6664164A0086049F88C3B008BEF98E00841266C1D4E010070402BC0C5
:20C2A0008965A164C00260E024040668106348900B8531F20C0C0CC1C3DD93FA1C044C86F1
:20C2C0006B008B708852821219827B401B688110398321C02C6CFDEFFC6AC86FFC6CE81200
:20C2E00019900B401B688165D8900B8C2B6FFC600840B665E002805001C0B6402B6C1DE18B
:20C300004C414604800004C0B6664164A0087045D88E3B1229EF98401B6881100B806B76C1
:20C32000188E1B8C0BEFFCF21C0C4CC1C3DD93613000C6E1300306054600040786E13009F9
:20C34000C661304A06E130584661308004E1308414841400138824E13040868C3488248CA3
:20C360003484138613904494549044945488138A13B0C48004B0C48004981382035D93FA9F
:20C3800000040C0146006B0004E124E12445466E090C158008C009C507882444000834550C
:20C3A00018F00C8C0B68206CFD0C198121402C64B54C054C21C005C01562E162E94C214CF6
:20C3C00011C015C01562EDF2000C0CC1C3DD93E118420684188414655D4011DD93C022E19A
:20C3E00018420684188414657D4011DD93C01BFA00040C0046006B0004E128E1184206849E
:20C400001480044C058201C008694591110408EFBC7CE865494C010C0CC022DD93F200FA2C
:20C4200000040C0046006B0004E128E1184206841480044C058201C0066D4D91110408EFE0
:20C44000BC7B686D010C194C01C02CC01B6569655D4C110C0CC01BDD93F200FA00040C0149
:20C46000C6006B0004E13480048B3165490C290C19C022C0226559695D4C054878C0084CBD
:20C4800005EFC040086961E00C43F665914C110C0CC022DD93F200FA0C040C682075284285
:20C4A00078806B8C0B6800668100600206406DC02063416004040652D881310E60E81040AA
:20C4C0006D678181F5A18178400E050C298B31C01B656965790C194598C01B5D0EEFC0EC49
:20C4E000041080FC35A18BF20C0C0CC1C3DD93FA9C040C0206006B4D18E0040E60E8204029
:20C500006E64810195A1815D188C9B66D88C0B650EEFD4EC041080FE15A18B658100600460
:20C5200006406D0131E0040C0C8C1B0F38F29CC1C3E01065A1000002064089C020631D6093
:20C540002404060E788731C1C3E010650100000206406EC0206101624004060DB88731C1B3
:20C56000C3E010FA7C040C6D911EF0006BC004E13041466C6D0C2942C640220C39E13040A1
:20C58000226FBD4C41854140226C69000481714C21822140226C6D4C31823140226FBD6460
:20C5A000D104F00414C002E41006F095511D41818101C112C4836582C17A80E112529A66AA
:20C5C00096549A120CBB9B10A3E20014A49283C4A7FA80FC2800B502A5C9BECDAEFC28E294
:20C5E00030180A0060FA354090658164D102F04506C00281316020E81048E866410060020D
:20C60000F040924506E41081316020E8104848613000C6E130024604C600040414E138664A
:20C620003106600824C08B83658141700C4A4018548241A75B608462000A0C18C48EC38AF8
:20C64000737A80C4C708CEFC300065F8204665FC3002C5B14BCDCE1EF0FA55C0046591F225
:20C660007C0C0CC1C3DD93E1184206841884146CAD4011DD93C022E1184206841884146F1D
:20C68000FD4011DD93C022638500154015C00BC0086B21C1C3DD93638500154015C00BC0B8
:20C6A000086BF5C1C3DD93FA1C044C8101008B6FE87828816181110006007B0004E110E0EA
:20C6C0000443166C1D50118391402B004600968004E108C2198018008600168004E108C20D
:20C6E0001980187C9880167CF8EFF8900B6FF882E5A10B6C1D10290C86402B0286E00890B0
:20C700000B6008EFD472680B45A30BC0000C06EFD874686FF874084558900B900B68006117
:20C72000144106E0044566801880040016C219E1044086435600040096E004E118004650B1
:20C74000118004C02B6C1D00C600968004E118010600961019E10CC02C6E5D50218004C0D8
:20C760002B6C1D00C600161019E10CC02C6E6500168004E10840866E6110198004C02C4063
:20C780004600161019E108C02C6E6900168004E14441866E5910198004C02C417600165065
:20C7A00001E004402B6C1DEFFC41F668004908031181116FF88E0B8C0BEFE8F21C0C4CC18A
:20C7C000C3DD936E8100290346402C8414E110038604260029E110C02C6E8504268414E181
:20C7E0001042C66E8900298414C02C420604260029E110C02C6E5104268414E11005C66B5D
:20C80000AD00198824C02BF0FC421043C608160029E110C02C6EA18426841463150019A5C9
:20C820001BC0380EA500290246402C0215C1140416C000430680000215811004268000E193
:20C840001402066E5500298414C02C028604260029E114C02C6E8D842684146EA900192102
:20C860001BC02CE11043868425842408168111E11045468816882463150029A52BC03803C4
:20C880000684E5832161108375841408168311E11045468816882463150029A52BC0384162
:20C8A000100306C0000406C0000215050680D58824E1148125881600098426402C6E9DE16E
:20C8C00010024684068414C1C3DD93E11C04C608168824E11C050608168824E11C05460837
:20C8E000168824E11C058608168824E11C05C608168824E11C440608168824E11C444608F2
:20C90000168824E11C448608168824E11C44C608168824E11C450608168824E11C45460851
:20C92000168824E11C458608168824E11C45C608168824E120040608168824E120044608A9
:20C94000168824E120048608168824E1144386840C8414C1C3DD93612401C680048111DDA7
:20C96000938016FA0C040C0046006B0014E118E00804C66C1D4C218121402B11C6037104B6
:20C9800026E124E12C43060426841480048511A00480768C0B0026E81859A8027620044CFA
:20C9A00011E008C02B6C1D0C0C8076DD93F20CFA0C040C827B043B861B0121681873A800DE
:20C9C000068161434661280004E12CE14404C68131041480C8882484488458500A88880489
:20C9E00005E08C80080D56C75745C7C44702C9A6CF0459AACF084946C2A8CF877BF81C7832
:20CA000058FA758C0BE818F20C0C0CC1C3DD930286022B4011E008402B6C1DF9958F11FAA4
:20CA200084040C0046007B4E01E008402B6C1D7998826B8E0B6FFC600800864E018F114057
:20CA40002B6C1D8C2B8E0BF2840C0CC1C3F725FA7C044C613811462004806B700102560E08
:20CA600086F7AB1246613C0321E114801E8BA180189C04F3F44210891100160016A4046D6A
:20CA8000788B118C0B6818E11416C68008AC046080400AA60599016FA90C15A31BC00B0130
:20CAA000C6A4658004E100404A80089B016084A51BA2650B11A2256BB883218C0B6818E147
:20CAC000104046800880046090404A9E859F016FA90C15A71BC00B24049CE583218B118C3C
:20CAE0000B00A6E8186A688008AC046080404A9A45A1016FA90C15A91BC00B01C698A58044
:20CB000004E100400A8008A30160842B1B96A5E10015C60B11962568B883218C0B6818E106
:20CB2000104046800880046090404A9285A5016FA90C15AF1BC00B240490E5832185118BEC
:20CB400011001668186768AC048C0B404A8008A70160800C158E25400B6FA9E11044468C40
:20CB600045B11B8008A8046084400A8A85A9018A45B31B61004106800485118804801640C8
:20CB80004A80089D0160900C1586E5C00B6FA98645AD1B81B1240483210B11E1105446414D
:20CBA0000600B68004E1108C0B00B6E81864288008A8046090404A80C597016FA90C15B5F2
:20CBC0001BC00B20148295700104760604F7AB80BB7A804C35842EC00B6FA961104106008A
:20CBE00004831100168321E100410681110004911100160016A40461B88D118C0B681802DF
:20CC0000662004F7AB70019C04801EC41980189C1480164400840800B47C408426FA80F228
:20CC20007C0C4CC1C3DD93FA7C040CEC501EF0613853062404806BE00402066C1D4C115431
:20CC4000C6402B5106E1388018E1348016C2198018A404F3F84210A804801642108018006C
:20CC600016F3F8E00402164C11A004C02B6C1D8C0B0016E81C42C86D150C09807B402CE0A9
:20CC800084404A400A824582E5E0886D210C19420AC02C8225E08861380046800489110CA3
:20CCA000098016C02C6D15F81C004A01758095E99C4E0A6D110C19A11BC02CE0000E1A202E
:20CCC000010258400AC000400AE99C86C5E99CE094404A0C098865C02D631186D5A10B02E6
:20CCE0002620044C11E004402B6C1DE1101646A31100160016AC0464788C0B0C09E8004028
:20CD00002C6E9DAC14807BA17B8406000680E587116138801C800440469B958014E1004450
:20CD20002084280426F3ECE13C028684288414FC9C042480048426C81980180C098016C063
:20CD40002C6D15E080400A0C0980C5C02D63119AA5A10B61380006800487110C09801CC0A9
:20CD60002C6D15E084400A0C0980E5C02C6D21E084400A0C098E75C02C6D1128C5A10B801A
:20CD8000000E06026620044C11E004402B6C1DA121A1B100600016C06E648102F001754178
:20CDA00038E410EC040420A12BC5366C98FE758C0B681C8C1B0C0BE80443680060007BC0EA
:20CDC0006E648102F001754528E410EC0416B0A1BBC1260C09FE75C02D67C99CD5A50B6810
:20CDE0000074880F258C0B2004807BE00402466C1D4C110016C02BE1380046851100048CB5
:20CE00000B001668007B68807B8C1B8C05A17B61380006801489210336042C0004E0084CD9
:20CE2000118B21C02B6C1D8B05802C023620044C11E004C02B6C1D004600160004E13800FB
:20CE40001683114BB88C0B0C09E81C402D67C9A10B807B70D880B58C0B68000006807BA113
:20CE60007B6138871100048C15801C6B18EF958C0B6FF863110C09400AC02D8275E0806F3A
:20CE8000F875A86B588C0B8C0B6FF86FF86E8881858C0B6FF857C80C0B8C0B59388C1B16A9
:20CEA00006EFF889116138001CAC04E00801366C1D4C018C0B402BEFF057E8807B2C048BBB
:20CEC00011217B11E8801C280480008018A17B8016C2198018A4048016C2198018A404F35B
:20CEE000F8421092C58016A17B2404C2198018A4048016421080188016F3F88018A804F364
:20CF0000F842108A9580166FF863C820048C0BE00402B66C1D4C118016C02BEFFC51E8613D
:20CF20003C10862004839180188321F3BC421000C600168004E110421080180016F3F84727
:20CF40007895118C0B6818611041468014812180048426A0048096E0198018000680164217
:20CF6000E661380004E000001CA8F1E13C008680188004F1FC42108E0B0016F27C0C0C0C5A
:20CF800009DD93C02C6D15E088400A0C198C25C02C6D21E088420A20048A65E00402766C19
:20CFA0001D4C110016C02BE1380046871100048C0B0016E8007BE867C90C098171402D80DF
:20CFC000B5A70B68006568807B8C0B63110C09404AC02D80E5E0806FFC4C687F588C0B8C45
:20CFE0000B6814E035A17B6D150C09400AC02C8645E08C028620044C11E004C02B6C1D8C88
:20D000000B0016E8007A0867C90C09807B402D80B5A90B680062E8807B8C0BD8B5A17B6D95
:20D02000150C09400AC02C8425E0906FD4752820048C0BE00402966C1D4C110016C02B6C0D
:20D04000788C0B0C09EFC4C02C6D156088400AD26581716D210C09400AC02CD0A5E0880278
:20D06000A620044C11E004C02B6C1D0C098016C02D6311E080404A70F884258C0B6FF86FBD
:20D08000F870486F188C0B8C0B6FF86FF86F6879588C0B8C0B6800553883358C0B681C6F50
:20D0A000F8628801958C0B013181010C1B8C0B50588E2B8271EFF8E0400E0A210BFCF5312E
:20D0C00038807B7C78DFFC8C0B680066350C0B81714016E080404A9FFC30886FF858280C25
:20D0E000098C0BC02D6311E080400A62F88EB58C0B6FF86FF859685CF88C0B8C0B6FF80CCD
:20D10000098765C02D67C98215A30B68005B28807B8C0B2DA8A17B2004DFFCE00402566CA3
:20D120001D4C118016C02B6C810C090200C02CE51DEC0440C682C58311610400168004E151
:20D140000C018602060004801EE800FFFC215840C6A10B0206010400058000401180002001
:20D16000A880004218FFFC8C0B6FF843B620044C11E008C02B6C1D8311001668007B8857F2
:20D18000358C0BC1C3807BFA7C040CEC301EF00486006B0C09E13CC03863150C19A50B40E8
:20D1A0002C0E99C1140106C0000005800002068110010680000005410600168004E114E0A0
:20D1C00019801888048016421080188016F3DC80188804F3BC421000C600168004E110C2F5
:20D1E0001980188C0B0016EFE45FE881013E0E50863C0E0391E124E1244E46612454C6A157
:20D20000B5810100067C0E4C01E008C02B6C1DEFD45F6860080016E01042C66C1D4C018147
:20D2200021402B6814706800C68C0B8004E144819580B8EFD45F48632D4C914C91C038C04E
:20D240003863298008A004E080400A0C0980C5C03863298245A10BE08C560A0C09FA85C0C3
:20D26000386329F8F5A10B7518FD15A004E814404A800880C5E08463290C09A10BC0385CB6
:20D28000D880C54C91EFD4C0386329EFC04448EFD45B6860080026E03C42866C1D4C0181C3
:20D2A00021402B68146C6800C68C0B8004E144816580B8EFD45B4863294C919C04C03840C7
:20D2C0004A80088245E080E08C560A0C09FC85C0386329FAF5A10B7198FD959C04E814405D
:20D2E0004A800880C5E08463290C09A10BC038595882850086EFD48004E13CD01980184CFF
:20D30000918016C0386329E13C0086801880048016D019EFC040086EA90C09A30BC02C81E6
:20D32000100106800000058000409100C69E258004E114400A80089AA5E084EFD456086008
:20D34000080036E00442266C1D4C018121402B6814670800C68C0B8004E144816580B8EF62
:20D36000D455E863294C91A804C038404A80088245E080E08C560A0C09FC85C0386329FA76
:20D38000F5A10B6C38FD95A804E814404A800880C5E08463290C09A10BC038FC04922590C7
:20D3A00025E90DEFBC7B88611000C6E110574683210004421080180016F3F8AC0481119575
:20D3C000110016681463682C048C0BE1104346E13C048600C600968004E114404A8008020E
:20D3E00005E084020640004011C0008804C000421080188016F3DC80188804F3BC421000AB
:20D40000C600168004E110C219801841F60016BE0EE00C8201FC042F58E80DBE049FFC8166
:20D4200085BC0EEFD44FC863294C917738C0380C09EFBC40386315E1144F068215A50B6F03
:20D44000F87088BC0E8C0B63294C010086C0388004E13CE01980189C048016421080188052
:20D4600016F3BC98F13C04F27C0C0CC1C3DD93FA7C040CEC301EF00809804BC02D67CDE017
:20D480008C400A080B96D540166BE1668112401440C0B540B56541BC4E817173F1400088D1
:20D4A00003C0FF6401100000404028C0B366B100407C0EC09C674187B5BE0E7C04A80A7388
:20D4C000F14C0028BAC0FF816B886374B880F5880B6810A10B3C44BE048C1580F5816B6893
:20D4E0001072483C44880B88F5A10BA10BA40A240A86A5A41AE0B7210B9E0973C1441020A3
:20D50000BFC0FF0016C917A4BF0000E686400A4507E1BE0165902B5934801BEC040210A1A7
:20D520001BC93EC407FE7504918083827184A1E49C0F0A8101F0850C0C98F1DD93F27C6C60
:20D540001D08294000402B4801F3F4402D67CDE00C0E36600C02367FB8880B230BEFCC0E6C
:20D560000698F18E0BC000F27C0C0CC1C3DD93FA0C040C827B006B6D210C098181402CE0DA
:20D5800084400A40C68AE585316104834100048C0B0086637D0C154098C00B822B68186314
:20D5A000110C09404AC02D82C5E0806FF85DC84F388C0B8C0B6814794102068C0B5DCDEFF8
:20D5C000F862880C0B815563F88E1B008BEFF44D588C0B0C09E814C02C6D01653D4C0190E4
:20D5E0000BC022F20C0C0CC1C3DD936C8100090200C02CE51DEC0440C682A5831161040038
:20D60000168004E10C018602060004801EE800A10BDD93DA005C08610440C680048111DDB2
:20D62000938016FA7C044C826B007B6D390E098181402CE080400A0E099CE5C02D63116D58
:20D64000414E81404AC02C4070E0805E38DC001406C80091B161380E098BF5C02D6311E02D
:20D6600080400A120604750206C0005DCD79415D788E0B01D5EFF80331808B0C1B8E0B6118
:20D68000D8922B008BEFF4120A8291FCD5E0406D410E09A10BC02C00001405800002668089
:20D6A0000040130D410E09000A802C1405F00440B38000A18B000001118AF551788E0B0E4F
:20D6C00009E800402C6D41A10B808B0000140580000276800040130D410E09000A802C1475
:20D6E00005F0040296000040138000A18B00000E1B8295401666350E298E0BC02C6D096FC8
:20D70000C471A8808B82196D410E098201C02C6D414E010E09C02CC02C6D416D110E19C350
:20D720000DC02C900BE675F27C0C4CC1C3DD93638100158531400B638500258141400BE04C
:20D74000143368FA00040C0C09806BC02C6D516080400A82858101680056880C198C0BC0F1
:20D760002D67C94060AB1B68389C000C198FFCC02C6D51E084420A67B882858C0B6FEC6721
:20D78000C90C19B11BC02D9C0040608FFC67286D510C19420AC02C82A5E088680056280CF0
:20D7A000198C0BC02D67C980B5B31B0C0C8C0BCBF5F200F2000C0CC1C3DD93FA84040C0CA0
:20D7C00009806BC02D6531E080404A0C0980E5C02D6535E080400A0D118C85794104064EFC
:20D7E00078DDCD8C0B6FF88085A10BF2840C0C6B98DD938C0B6FF46AAD0C090C79C02BC001
:20D800002C6CFD1E79A30B9C004060081072C89A8002746D510C09400AC02C8425E08C6191
:20D82000344106E00845A6027400044C21FA80C02B6C1D8C0B0026E8004D68F4F5A10B04D2
:20D84000060F11DDCD79410C0C8C0B0B18F284C1C3FFF8FA04044C8101006B6FE06AC800BF
:20D860007B8111E148418680088004E090400A0C098CC5C02D67CDE084400A0C098C05C04A
:20D880002C6D15E090404A0C0980C5C02C6CFD88B5A10B603C41F661D883114206EF7C8C69
:20D8A0000B6000EFE07EA861380106E00C43F60C298004C02D67CDE088444AC0004015421C
:20D8C00016FE358C0B6000EFE07D8867CD0C094000C02D4C01F3ECC02D67CD8E0B0311EFD5
:20D8E000E066A80C4C8101DD93F204FE7C040CEC601EF0806B3E1E650D0C098111402B81CA
:20D90000A10B1E002A911C810160040098FE0EC0004001645002F07FB88C0B80ABEFC86025
:20D920004802066BB88C0B0060E81440096401610112067C0EC020E6E41006817109156E91
:20D94000190C0B400AC0158C65E49CF09C4062688100B9160AC01B8A65E3FC40010178BEF6
:20D9600004C0000406A10B061600244060800042901C0042629C00450650A00646C0184000
:20D980006040006C78DC000B34E804E4400AF08C1B0C0B964B7C24EFC87DA8A1AB80AB7ECE
:20D9A0001484B5910A81A1FB800214FE0E820312900271C002650166C11080FE7DC001FE0D
:20D9C00004F00562994C03140BC0160C0CB0F1DD93F67CE11000C680188004F3F84210DD87
:20D9E000938016FA84040C807B026BEFEC794882B5A10B66350E1B420AC01680E5E0808C52
:20DA00001B0E0BF2840C0CE0101E08F2840C0CC1C3DD93638900158531400B041083411CB6
:20DA200058EC28C1C3E014FA00040C0C09806BC02D67C98235AD0B6FFC51C8A10B8C0B0C99
:20DA40000982B5C02D67C9701C000A80D581010C0C8C0B10D8F2000C0CFFFCDD93F200FA04
:20DA60000C040C8181006B6D150C09400AC02C9C65E0906FEC5B2860188C0B8C0B6FEC649C
:20DA8000B10C09807B40388E55A10B600101460306407DC00A600161094C050006400EC056
:20DAA000036001610D4C0540C6400EC064600161154C05A101400E61114C154306400EC188
:20DAC0002D604962414C034C03C01C401C6245E020000661194C154C83C00EC01C623962F9
:20DAE0003D4C834C03C01CC01C6249624D4C034C03C01CC01C625162554C830C09C01CC079
:20DB00003864B50060A10B00E1042107010260046080540054074106410660449880580CF7
:20DB2000098FD0C03864B90060A10B00540701074102604978805404600FD08058064063FD
:20DB4000210C09A10BC038507002058C0B9C00F20C0C0CFFEC27A80C0C900BDD93F20CFA06
:20DB60000C040C0A06006B0C09EFDCC02C6D0D6D150C190C2BC02CC01666316CED0C794073
:20DB80004A402C0C89E080C02C6C716CF10C494210402C0214DC20400A1C0C0660E090C087
:20DBA000B30531053506608C3880B36D114C314610402C4C31FC10C02C6D154A0A945804ED
:20DBC00024E0840424C084854BFA80DC1002341C504210E08C404A6D154C114010402C4C4A
:20DBE0000193F0802C0D15543880858C0B680463110C09400AC02D0C09E080C02C0D15D329
:20DC0000F840000D154C01100A402C8465FFFC7A800084FA8002740C09811B002C0D158006
:20DC20000002060D114C114000802C4C0193E0802C0D150C0C8101DD93F20CFA00040C686D
:20DC40000043084858806B8C0B680C6C110C09400AC02B8465E094EFDC0186400A80088219
:20DC6000B5E0806C210C09A70BC02B4BF882B58C0B6FFC68046AC881458C0B6FD45188A11C
:20DC80000B8C0B575882558C0B680080B5A10B680044E881018C0BF2000C0CC1C3DD936C65
:20DCA00021001945C6402B4021E008C02B6C1D4226A31B40118000802B0C1DA71B8A45A5F6
:20DCC0001B8205800042360C1D40118515802BE00042466C1D40110206402B8428EFDCF0CF
:20DCE000C04420E040040A842880E5F0C04420E080040A842880B5F3DC442000298426C098
:20DD00002B6C11E094440AC0000416C0A042216E09001BC419C0156E094013000640158013
:20DD200018EFDCF3F84210DD938016FA9C040C8101007B6FE04408818181116C210E0980C7
:20DD40006B402BE00843D66C1D4E11A50BC02BA70B88450E0BA275C0156E09737540000046
:20DD600004C0FF4E03FC9440156E094D588E0B4838EFBC8E0B680064D50E09A70BC02BA537
:20DD80000B8605000608C5A30B8FDC03D588F5EFDC00066E090E0B4000C015C0FF7371FC97
:20DDA0009400046E094E030C0CC015DD93F29CEFDC0006424A801880E5E08C6C150E194268
:20DDC0000AC02B80A5E08401558008FC080004C8098008EFDC0206513884068E0B6FE4EFC5
:20DDE000DC1206400AA40882B5E080400AA40882F5E0888E0B3D11EFE0540868004968871B
:20DE0000258E0B8E0B3F11F29C0C0CFFE013686E090E0502064009C0FA6001E002401A64C5
:20DE2000CD0E150404C005D017E184C20D8413C00000460002401AE14C0386040E84140EA3
:20DE40000B9511C0156E09FC9800046E094E038E0B4015EFE05128603C41F673B88311435A
:20DE6000D8EF785281EFF00311E0A00C0C8C0B3A18F29CC1C3FFDCFA00040C0146006B0073
:20DE800004E124E00843E66C1D4C114546402B0C15E124C0096E09882480080834C507F0FA
:20DEA0000C440068107D0802068C0B48866FDC860EE03CC424860468B10C3B480AC00A00BF
:20DEC0000E6692C3D06400600E400A8823C9474002C50D020991884000C0004201DC040077
:20DEE0000640004C05C000C00564CDF2000C0CC1C3DD936E09001504064009C0FA60016479
:20DF0000CD0005422AC005D007E006E1840414C01D8403C00000460006400AE14C038684D0
:20DF20000E8414C1C3DD93FA00040C41F6006B4C01E008402B6C1D49F8B7118C0B6FE0641F
:20DF4000CD0C15028AC00580F5E5948C0B0121F2000C0CE0100A288C0B3B11EFE048E8606D
:20DF60000442468C0B8121F2000C0CE0100968FA7C044C0006006B0004E13800BC83B1E14C
:20DF8000940046A1AB80A80C298265402B6C1D6DF88C0B941B6FC80E08A10B0E60C0004011
:20DFA000B3645162588C0B8E1B6FE067CD0C090204C02D420AE1908219608006314C134066
:20DFC0000A40168625E0846C110C19424AC02B8465E09461380306E00C45F6404A8414422F
:20DFE00025E0880C09C000C02D07CD4000FE354C01F3ECC02D67CD64D10060106040B3C086
:20E00000AF641181A10F0E819113A5FBFC160A1311A60543188C0B120AEFE041067BFC4C06
:20E0200001E000C02B6C1D41269CA54C01E000402B6C1D5D988C0B0F14E80064D88C0B193F
:20E0400011EFE041988C0B4166EFE04C01E000402B6C1D6EF88C0B80ABE80098F5A1ABE010
:20E060000041366C1D4C018C0B402BE8105CC8A1AB80AB414696954C01E000402B6C1D4D9E
:20E08000D88C0B80ABE8149435A1AB6D090C090C1BC02CC01666356C040400E00041566C6F
:20E0A0001D4C019E29402B8C0B0219EFC06448A1AB80AB41768E954C01E000402B6C1D54F1
:20E0C000F88C0B80ABEFFC8C35A1AB61380006E00043864C118004402B6C1D001C85115A65
:20E0E000388C0B80ABEFF48835A1AB6C710C094396402C4C11E000C02B6C1DE3FC000A0C5D
:20E100001980E5C02C6CED1606811B01F58000411681A14C01E000402B6C1D42388C0B0063
:20E12000ABE800A1AB83918391E4258E1B0C0BEFE05608901B0C0BEFE05948D8E5A1AB6C3B
:20E14000910C09210BC02CE00041A66C1D4C014060402B5A989C00940B8FC8F27C0C4CC14E
:20E16000C3DD93FA04040CEC501EF00306006B0C0BE008C0156E096C1D4C118311402B6D03
:20E18000094C11404AC02C810160940D0D0C194C03C02CC01666716CE94C014210C02C4CDA
:20E1A00011DC40C02C0D0D69650C150C29C00DC02C6D0DE000021AA0000038442080C54C0C
:20E1C00021F3DCC02C6D0D66350C1B442040164C01F3E0402C6CED4C21C229402C6D0DE06A
:20E1E0000C45F66CF14C21420A402C4C03E09440160681E088420A0CF94C21420A402C4C8C
:20E2000001E08C402C0CFDE090420A03354C05420A400B4C21E09CC02C6CF5645880E58C5D
:20E220000B6FF066350C1B420AC0168625E0A067F10C598C0B402767ED0C490C39C027C015
:20E240002767E967E50C290C19C027C02767E1E8044148A17B807B0C1B9E75C0166635E074
:20E26000A4420A031182857AD881218C0B6FBCA17B807B0C1B9AB5C0166635E0B8420A7F7C
:20E280005880E58C0B680CA17B807B0C099835C02D6311E080400ADC004060CFEC63C865EB
:20E2A000510C094346402B8414E104EC04000004068E09E008420663150C094C11C038C024
:20E2C0002B6C1D0285A50B80000A760205A30B80000A660A26A10B0A46C0000260800040A0
:20E2E000546541641104600860C09E40A26671E43000F006F0215663B8E410A10BEF840C21
:20E300001D0C290206402B84B5C00460084416645000604C21C09E402B6C1D64A102605CE3
:20E3200078C0A3A10BEF840C298605402B6C1DE00402166E8D4C150E56400A4C05E00C40AC
:20E340000A6E89E00C02566FC850480E0B8C0B0C0CA8F1DD93F20469650C05A10BC00D0C7E
:20E360000980E5C02B6C11E094404A414684E54BE6614C0004E00C66D106600C29C05440E5
:20E3800015630D66E108600C19C0A3C01563096C1D4C514EB8C02B0C09EFA0C02B6C1160FD
:20E3A00094404AE00C00466C1D4C018645C02B66B10060026040BFC0C0652164C104600614
:20E3C0006040ADC0AD65216FAC5D48662008600060C0AE40D865614458811104C66F747751
:20E3E00065E010C1C38171F87C04CC6D0D00C90316402C4011E008402B6C1DEFDC09866C53
:20E400007900190079C02C402C6C75FC0010C46D0D408100ABC02CC016663100198D1EC025
:20E420002C6D09631500B50069C00BC02C6CF900198F1EC02C6CF56635005B0099C016C050
:20E440002C6CF1F8600829E084440A0F1B865506108331020A44040616E3FC120A0000407E
:20E4600031E3FC402C6CF5808583210490959B4021C404402C6CF182CFF111C4C9076563B1
:20E48000FC020A1654964B832161B483310245E0840674FA8006348331071BC40406106CC3
:20E4A000F54031120A402C80E5E3FC02A4C2A7839BFA80C40404906CF14021560A402C801D
:20E4C000A5E080FA80023480F5CE1DE080564A464A80E58085E0805880015558C0FC18086B
:20E4E000BBF3E0EFDC09866D0D40C1580A402C82C5E084FA80026483110F1B44040260F305
:20E50000FC0C0A800002166CF940110029C02C402C6CFDFFF8020EFFF80C0EE3FC040A4468
:20E52000040220E0B44A0A6CFD40118855C02C42C2911118C4788422CFFC0C40C1A11BC056
:20E540002C6D0D8D149015020A8F3480E5FBFC7A800214FA80043484F5832B6CED001983C6
:20E5600021402C6D094021020AC02C88D5E3F08D148575020A8F3482A5FBFC7A800214FA7D
:20E5800080043480E5832BE40402306D0940118395C02C6CED00199121402C788844C2FC39
:20E5A0000C18C4832124CF6D094021020A402C40C1E3F0C02C6D0D0C1080654061E404C009
:20E5C0002C6CED6CED0019A11BC02C42C082C54011F3BCC02C6D0D421090189016F3F86DF5
:20E5E0000D00C98315C02CE08C584A00198225C02B6C11E094424A58C000B558C0DC40404A
:20E60000C1F3BCC02C6D0DE08C584A00158405C00B63158265A11B633500258311400B02F4
:20E6200020972B4015C404C00B6335F07C0CCCC1C3DD93FA04044C680C4A280E01807B40C2
:20E640002C6D01008A816182D5E1B86C1D0E290C46402B0246E00C8E0B600CEFC477A80C30
:20E6600006A10B8C0B8000F2040C4CC1C3DD93FA00040C0C09806BC02C6CFD80F5A10B6CA3
:20E680006D0C09404AC02C8265E08C63350C05A10BC00B0C158265C00B631580D5830B6D74
:20E6A000150C090555C02C0C09C609C02C6C6DE090400A0C098625C02C6C898485A10B68C9
:20E6C0000C45E80C118C0BC02C6D056C890C290C01C02CC02C6D01F188461282F5870D8412
:20E6E0000D82230C098295C02C6D15F3F040006D154C010C0CC02CDD93F2006D150C194C83
:20E7000001C02CC02C6D054C11C619C02C6D15C1C3FF3582C5A93B02A5A33B8188042484E7
:20E7200085A53B8485A73B5C08A13B23B8DA008975FF705C08A12B45349A00EC0404207B55
:20E74000FD4630C13EDFFF8131FF6583318145DD938125F81C040C900145274BFE0141C057
:20E760003F7FFD048485950674A33BC4C48841A01146641BFD50804E709FFF1FFF1BFD12AC
:20E78000748A8F58C060E09FFF1BFC1BFD4C60B09F1FFF10C4517761C7E0C0FB800E741835
:20E7A000C450672E8FFA804095B86F4085F8084065F804C54DF00C0C0CF4F5DD93F01CF8C2
:20E7C0001C040C9001452749FE0131C03F7FFD7FF10A0E180E403FC03F7001026583D5863A
:20E7E00031700CF8080275F8040285781052624095F167127478080A9FE0A02C9FE177E0D7
:20E80000C00C84780440952E6F986F4065D1874085F010C53DF80C0C0CF875DD93F01CECFE
:20E82000401EF06018002900498131BE3EE010C5277C3EA72B7E3E668A464A0A2683411842
:20E84000060000826580008151252B814103C1A32B80C5015180F5814181C1FCCEBE5EC01F
:20E8600008FE4E0034001301B5FA80484A81310AF0610A8231E4100A45C447C546FC10FA12
:20E88000800834FC95C14DA0F10101C1C3DD93EC401EF0601C002900498131855160147CF6
:20E8A0003EBE3E272BC527E68A484A18167E3E8205800081C1252BA32B80A5015180D5BE03
:20E8C0005E81C1FECEFC3E813142080044001381A5FA80610A484AE4100AF0C4478231FCFA
:20E8E000100A450834C546C14DFA800101FC95DD93A0F1F81C040C610C07C6E10C49064676
:20E90000060CC40C64E10CE10C46864F8610540C44E10C1C348B81E4600E001C988175EC51
:20E92000041080DD98F196A18BD9961800FE358961647471788155EC040C60A16BD5761D10
:20E9400051FE75815580CB0A507168D166EC04FE75A15B95411C0141588155EC040840A1CE
:20E960004BCD560020FE7583316C0468800034080081C100346C040A00E88881016C04817B
:20E980006103450E54E92D000448B08255DB80E8B00E44006000730034E4300E7468800EAB
:20E9A00003FB8086C18261FAB58D1B610442066BFC010A0414C0FFDB8000040401000004FA
:20E9C0000CC0800C0C8101DD93F01CFA04044C4216006B6638E0000C09E80C402B6C45E140
:20E9E0000C42460E600414C0AF6431000CA90B0406E20071588E0B8C1B6FFC643802607467
:20EA0000788E0B0C19EFFC402B6C39E46000606C410C298131402B0C498185A14BFC04419A
:20EA200016807582118231FE15C53D6C3D0C090260402B0C39E474402B6C454462814101C3
:20EA400095F08088589C218075A15B8241450682210201FE15C74D6C450C298C0B402B6CF4
:20EA6000410C197478C02B4638EFFC8C0B68100C4C8101DD93F204FE7C040CED401EF0409C
:20EA800016006B089BE0044C0186AB402B6C1D010184BB5EB1828B8A7B613061205EA1E2A7
:20EAA000800206E1105E919F0EA10E5E019D0E5E01E0D05E01E0C08C0B60B0E80C5F089FD9
:20EAC0002101118C3B0C0BE8046D4860900084E18C028440000D8E4E09F1C0E0040E6A716D
:20EAE000845002937E8F0100B8958E80004001FA800084150E90015E0191019F0160B04070
:20EB0000A20F0EB20FF9AC9AA5A10B4F761E89118EE000F0AC50A2928307656C1D0C2943EA
:20EB200076402B5158E0008C0B6FC45EB1A10B5EA1C1305E91C1201548C110160AC0008197
:20EB4000017000440400B0F000164A6200020CF000144A6200040C141A8283811170002473
:20EB60000502A0848340007000124A060C8121121A62000490F00040002405049B86838084
:20EB8000BB82ABF265E88D5EB193045EA1E1301104E1205E91A30B5E07E1101504E03CE4E9
:20EBA000200E001E75897E160A40201074FBFCB003FA8044000C251504F07CE080500AA110
:20EBC0002B8875A001888560D05E01F3C0420065C4028A02808E0B0080043C5E118C0483C9
:20EBE0008580D06C1D0C294376402B4B18E0008C0B6FC4E0004F760F48A10B9BA1C000E1CC
:20EC0000205EA1A12BF1458440000060D05E015E018E0B00F0E0C016F065003E0EE4D0E4A9
:20EC2000C008F004F00B2E3CBEE530E4B00AF08C0B011168004DE81EA98C3B140A60C086BA
:20EC400005FBFCE0804E0A443C0270CC040070C0D05E118B0482B5E040000AC0281E05C410
:20EC600040000080281E0560D05E015E018E0B00F0E0C004F064F03E0EE520E4C008F00A33
:20EC8000F03CBE0311E4B04B388C0B8C3B680060C01E99FBFC120A504A86A50E70E0805EAE
:20ECA00071CC048495C0D0A10B8B0480281E0580D05E01950482A55E01A001420060D00281
:20ECC0008AF3C00E80E5C45E718C085E7180D000F0E0C004F064E03E0EE510E4C008F00A8F
:20ECE000F03CBE0511E4B048388C0B8C3B6800807B858196D5A17B8C3B13141E198F04A159
:20ED00001B60C040101E25FA800004FB8040A27B804092FA80021440205E25FB8042120437
:20ED20000491048C0B7A80E8045A48A17B807B0C0B90354CD88C1B1E07E80040C6603C00AE
:20ED400004E10801218511020681710016C000E1084106022C80040026E200E108414600E4
:20ED6000168004E1084186020C80040026E200E10841C600168004E10C000683110004009A
:20ED80004600168004E10C008600868004E10C8D3480269F14A1044C319D24C02767E16796
:20EDA000E54C014C11C027C02767E967ED4C214C71C027402767F51304A9319F248B411DE1
:20EDC00004A1144616A10B08F64000442AC000D017668EE692400A8023822369594C250EE0
:20EDE0000BC008E5401EF0F67C0C0CC1C3DD93FA7C044C93348F3E8B759164948890989468
:20EE0000F5D19D500218A81079F0A44027634156A283C110B4F1A44E7061901684FBFC166A
:20EE2000C4FA80967FE8AC8675A17B108A0FC40EB6F410161600004E7280000E7491A01868
:20EE4000799A8016B47C249893889CA476B67F0E7088788876EC0482718C7498A88C7E7AF4
:20EE60008012A4EC040E106480149098A6E57DA11B8455148A865584F5F6000E904AA750CA
:20EE8000A0ED44B073F08090789876EC040E7081B59076F3FC150A0E9082159876ED880E7A
:20EEA0007090789076EC08A18B888881C5EA156C1D00294366402B74B8E0084D666FC0A102
:20EEC0000BE008816180550C4C8C0BDD93F27CF87C040CEC401EF066B104009131408B81D4
:20EEE0004101550630494EA13BEC040121FE95015181318B95814110447C2E7E1EFA80F43F
:20EF000008088A8881042881913E4E0C2488AB0E2461940469E19CE18418240E242E6F0898
:20EF200079E18C2E6F90C9386F9E294867A9C1800058168B612C2F00000CF6FA800E244E3D
:20EF40000A85758665E4A47A8008A4F000065A7000060A041C98BB025462004447FA80DCB8
:20EF60000056604402051B0415F09040086BAD8010160644159613C0086BAD600C121A0A4C
:20EF80000A829154807BFC0A0CBC00B19BE2007C24F635BE4483397C0C040A020C82217EBB
:20EFA00014E20082118243F43C050A0101E8C50C0CA0F1DD93F07CFA7C040CEC301EF040A0
:20EFC00056006B4C01E000402B6C1D7C0E810171788C0B0C09E800C02B65F9E080400A05CE
:20EFE0000100600206409B63D8C00004064F6C0C09C018C02B6C2188F5AB0B6D210C094092
:20F0000000C02CC209F3F06D214C018C0B402CEFF47B086D210C09807B402C4286217B8321
:20F0200021EFDC40000426C409F3F06D214C018265C02C6C1D0C298C0B402B6FC068A8A17C
:20F040000B8E1BC0000C388111017181A1135512B43E34D09DFA80004A9C359AC5FBFC706A
:20F0600000060A0111960B84058121F004060A000000069C0042B004060225060A800082C7
:20F08000B5F008811101014C01962BC02767E567E94C114C21C027C02767ED80F5A17B6FB2
:20F0A000F47688807B8C0B8245A17B6C1D0C298C0B402B6FC064E8A10B8E1B02F0A0F58C46
:20F0C0000B6420E8004E88807B7C0465F90C194486402B400AE03C420AE00ACF07E080845A
:20F0E00005FC0E7A8002A4650004600614C09B0433E0888C0E8223E40044B14411BC140C3B
:20F100001BE50040156AF9C30D82A1D19D862507F50C0916B04027E675C4046AF50C1BC183
:20F120001DC0150C1B8205C0156AF143F6430D8855E00C415603C5BC14E000160A83D543E3
:20F14000F670148615E00C020ABC148495F00C6AF50C1BC11DC0150C1B8205C0156AF14363
:20F16000F6430D8215E00CE000414667F54C0143F64027030AE00C86D5F40C67F50C090051
:20F180004AC0278605FBFC67E10C298C0B402782113E1E02143C1E41D8FA80808BE8001646
:20F1A00056EB8D00060000D4658000E000413667F54C014CA1C02740266CF160988C0B405C
:20F1C00086EFB481116FDC0E0B80160C0C98F1DD93F27CF81C04CC67F10059A71B40271825
:20F1E000240131153CE18C05418F6180040F5602160485251B8000E0084EA6000002068017
:20F20000001006231B82650295814103568111834160048111291612F08381B09FE45038B5
:20F2200063A476FBFC0A4A701C58200A648121FF617A8000000486E8B01864084405554C08
:20F2400012FA8010F070880063E4500C798B1B40276341E1FC0C140C6482634C12FC0010A1
:20F2600069F1984E727C180C7F9830A17B816150045070C1840E744C627E750634D0A08849
:20F28000137A808A1D8C330034F6A50CCCFA80DD93F01CFA0C040C827B006B6D590C059178
:20F2A00021400A6E0D0C154978C0090C29EFA8402B6551E118434683510414841884486397
:20F2C0007D0C359E49C00B8E19C9170224235F4EB8E09004546FA842B8E890808B6FE86076
:20F2E0001002065058902B8E3B6FA8A17B807B0C2982E5402B6C1D52B88C0B8E1B6FC00E85
:20F3000006A30B8E0BC000F20C0C0C8101DD93F20C0C0CC1C3DD9364C100390216402B40AD
:20F3200011E00C402B6C1D00198341C01562196635002B0059C016C02B650D6C754011002B
:20F3400019C02C402B6C11700544204031C080402C6C7D7EF944200039C079C02B650960DB
:20F3600094424A40118511C02265956D3140110206402C4041C000C02C6C8D6C854051405F
:20F3800023C02CC01666356D3540314011C02CC02C0C810E1940134011C015C02B0C59C173
:20F3A000C3DD93E01402296635003B8444C016063482294045FC00400B63154033A43F40C8
:20F3C000166635EFDC080660240229FC0C0634C22790584A500429A45FF3F402299056C659
:20F3E00027E028A62F902966354023042440160239FC10C837E02CA43FA039663540334672
:20F40000304016C0FF737DE03002294420CA270029F080402B64C54033A43FC0166635E053
:20F420001002394031A72BC02C6C71002980F5C02B6C11E094444A022982650239E01840E8
:20F4400021E020C02C6C79663140330229C0160039E03CC02C6D216D3900598229C02CFC4E
:20F46000000634601C02294031A43F402C6D21FC04063460400249F3F84A506C8940210459
:20F4800000402CC06E64C18449C2474041A64F402C6D21F3EC4840E0440239A65F82396D74
:20F4A0003940510239C02CC437E048A64F88396D2140410239C02C0049E04CC02C6D154623
:20F4C00030CA3748407080A64FF37C6D1540410239C02C0049E050C02C6D5108448239A625
:20F4E0004FFC006D5140410844402C0239FC04C237E054A83F84396D5140310634402C02E7
:20F5000049FC08C447E058A83F88496D5140314630402C0249F3DCC647E05CA83F90496D02
:20F520005140319F31402C0249816506306034C946EC04FE55A13BE038022968FD40210299
:20F5400019C01B4011E034C0226FB9C1C3DD93FA00040CEC601EF00C05806BC00A6D6562F6
:20F56000190C190C29C015C02B6C2165B90C393C0EC02B111681010F3683118B06A32B82D0
:20F58000258D168285A72B5E11A52B042600248085800045F613060345E00C0C4B833140E5
:20F5A000156E090C25FD51C00D6965212BCB47060C8521C84B6200041613364642C0000C63
:20F5C00049F994C02B65B58B21092600162706C040701182490B0E8C0B1536993697369DB2
:20F5E000269B16A1169F46A516A316EFFC69688C0B1E1BEFFC6D880C0CB0F1DD93F200FAA3
:20F6000000040CEC601EF070000216E00404068101006B83113E1E8B2111269B16BC0E9F30
:20F62000069D26A306A116A706A506AB16A916AF06AD168C0B13069716951666D899161E3E
:20F640001BEFFC6AF88C0BB0F1EFFCF2000C0CC1C3DD93FA00040CEC601EF08321006B614D
:20F66000D10C190C39C015C01562196D650C058916C00A65B90C191136C02B3C0E89318FD6
:20F6800016810165B50C191B36C02B8B068F3182190D2602161F16C0407011A1269D36A52B
:20F6A00026A3261306A7068B1E8C0B97269526633899261E1BEFFC67588C0BB0F1EFFCF28B
:20F6C000000C0CC1C3DD93FA00040CEC601EF08321006B61D10C190C39C015C01562196D7D
:20F6E000650C058916C00A65B90C191136C02B3C0E87318F16810165B50C191B36C02B8B87
:20F70000068D3182190D2602161F16C0407011A1269D36A526A3261306A7068B1E8C0B97BE
:20F720002695265F9899261E1BEFFC63B88C0BB0F1EFFCF2000C0CC1C3DD93FA00040CECDC
:20F74000601EF08321006B65B50C098141402B62190C390A164015BC4EF000618C0204119D
:20F76000368209F88842128B311F068C0B3E5E9D369B26A346A146A716A546AB46A926AF65
:20F7800046AD269526934699269726EFFC5C688C0B1E1BEFFC60880C0CB0F1DD93F200FAD9
:20F7A00000040CEC601EF00416006BC00460116C210C09A131402B83213E2E8B31113660D3
:20F7C00034004A020C8101BC0EE2009D369B26A1069F06A526A306A926A7161306AB06AD18
:20F7E000268C0B9526AF2699269726EFFC59688C0B1E1BEFFC5D880C0CB0F1DD93F200FADF
:20F800000C040C0206006B7498E2804046E8040F8660044C01E010402B6C1D81958C8B63BF
:20F8200081100940F8C0276106E800EC040E70FCF5A17B457601110C0BE0000C0C8C3BA9F9
:20F8400015F20C61840404E18C020470804420F03C480060840604282FA0194630C607A28A
:20F860002F7100720040005D93A62FC1C3A40F60044826640C4B064041C020402B6C1D64EE
:20F880000D48068135C020D1C6CDC8FEB58B4B81158531FA7C044C4106006B0004E11447BE
:20F8A00086867B524660044C31E12C402B6C1D0038AD7BE03981B1000600360004E118E083
:20F8C0000447966C1D4C318331402BA4048036868580B68A05A37B8CC5A57B9025A77B92FC
:20F8E000E5A97B8445AB7B96B5A17B612C010680049F11014600B68004E12CA404801642D3
:20F900001080188016F3E401868BA58004E12C01C600168004E12CA4048026421080188064
:20F9200016FD80010689C59F11612C00B68004E12C0146801680048018A404F3E442108011
:20F9400016C419010687C58004E12C014600168004E12CA4048026CC19801885F5801661A6
:20F960002C0186E000437600B68004E12C01C6801680048018A404F27C421083F5801661A4
:20F980002C0186E000437600B68004E12C01C6801680048018A404F27C4210FC94021481CC
:20F9A000D580166C1D0C2911A6402B03A6E0088C0B6008EFBC5CE89A85A30BE12C54C68009
:20F9C00008A80480F5A10BE13401468004800482B5B10B6C1D0C2911A6402B03A6E0088CFE
:20F9E0000B6008EFBC5B689485A30BE47D240488D5801881214219428600167198E03C8C55
:20FA00000B6800614400C6E1340546A814800480388824480A84488085E080B54B8844466F
:20FA20000A8E158085E08CB53B88340C29FC75402B6C1DE00811B603B605756019E008001F
:20FA4000168121E03C428668006F4800C68C0B054661448004E1348824A81484488038E039
:20FA600090480A884480858475B34BE08C460A88348085FC75B33B6C1D0C2911C6402B03FD
:20FA8000C6E0085658E0088C0B6FBC8045A30B73D881812404E800E00802F6410600B68033
:20FAA00004E1146C1D4C118018C02BF3BC4210000600168004E118900B00B6F27C0C4CC172
:20FAC000C3DD936004485664200B864041C020402B6C1D641108068135C020D1C6CDC8FE44
:20FAE000B58B4BDB758D31643149064BC64020C0206439CDC881358B4BD1C68B31FEB5C1B3
:20FB0000C3D9A5E00444766C1D402141C6402BC020643905C60165C020643DC136C538FE89
:20FB2000B5850B81015D93FA1C044C8111007B81310121EFFC6B080E70006BC09A66F1646B
:20FB40000D5106A1914020E1088175EFFC67C812905D06A19BEC048C0BFE35F21C0C4CC194
:20FB6000C3DD93FA1C044C8111007B87310121EFFC69280E70006BC0B366B16421118613E7
:20FB80008640208175E01065D8E1085D06EFFCEC041290FE35A19B0C4C8C0BDD93F21CFABD
:20FBA0007C044C0046006B0004E118E00442366C1D4C1183B1402B613055C600B68191E195
:20FBC0003410C60096A804E134000684288014F3C04420800484269E198018FF4042100059
:20FBE0008600168004E134A0048096A10B8008014680F58004E134BB0B80040C2982B54097
:20FC00002B6C1DE0080FA6600803A64A188C0BA30BEFBC28048A45E03C428600B681216099
:20FC2000788C0B00C6E800054661448004E1348824A014844880388085A14BBD4B8844468F
:20FC40000A84758085E08CBD3B88340C29FC95402B6C1DE0080FC6600803C647988C0BA3BB
:20FC60000BEFBC81718045E80065280096A804E1180046009680040C4C8E0BDD93F27C0038
:20FC800025A11B000B0521812C43C68000021580004225A31B80C5A51B8085836582256562
:20FCA0003100250206400B8414E1300025842E400B6521E12C43C6042E8414E130020665EC
:20FCC0003100058414C00BDD93840EF80C044C611804460834A51B8C468141A31B88254334
:20FCE000061025A11B812C00399A35402D6531E12C43064BB6041489C1E00C84488239F336
:20FD0000F848408731264F437604460049E00C402D65316531000007D5C0B50049C2474082
:20FD20002D6531E12C4306824984344A508C58A85FF3F884348C56653100498C58C02D88E5
:20FD400049C247F3EC4A508C56A85F00498434C02D6531C2478C584A509049A85FF3DC0431
:20FD6000148C56E0084BF6653500391806402D8448E004A039C837F3BC48408F31264F43CF
:20FD8000F604460049E004402D653565350000CA47C0B5612C4D061874984FFA8006348A3E
:20FDA0008F9C889C86A88F80089844C5079058270F8209A05F825F0804905680168311F072
:20FDC0000C0C4CC1C3DD93F80C044C61880414E198478686190C546090082464B00600A259
:20FDE0004FC08B0A43C44781D5815118C05D844C85EC04A1CBF0102031FE5508408251C084
:20FE00000164011846A55B4C4040007C95DC00DC004E3061984686E0004B866516442A6448
:20FE20000000000C34C08CE00C48068151033565124C5AF0B04E12006584638C737C308856
:20FE4000C144779C6E8673E0E0180A7001FC55B55B825118067E558101C000F00C0C4CC154
:20FE6000C3DD93F83C044C61880614E0080B069321061966964A3AE0900834668A581A6509
:20FE8000B00C00A24FC08B81C118530E608375898164408AAB089B59AE8185EC04108060E4
:20FEA0001C4C958891C8A1FE15A18B0A5002C1C002650165000840A5CB8E6B4B86FA350821
:20FEC000006000C09065806516463AE00C40068151035565024E5AF098501270985242861B
:20FEE0007388614E8A8E83A47EE68AE2305285E0E00C0A0251FC15B55B984B44E01840C0D9
:20FF0000000C068101FCD5F03C0C4CC1C3DD93FA00040C6FFC44688C0B806BF2000C0CFF58
:20FF2000F0028800005D93C028654100005D93C02B66116108038684149D210306042604F8
:20FF400024E10808168311E1144506883888240836C839600106060025C040C00A6EF1A19B
:20FF600021472D08050029014600278004E128010600268004E128DD938016E128038684E5
:20FF8000288414872B84380220FEB54011ED5CC02C6D01C1C3DD9360084356E12805866C75
:20FFA0001D40118814C02B84388428FEB5872BED5C02206D0140114011C02CC0156131654C
:20FFC000394011DD93C02260084366E12805866C1D40118814C02B84388428FEB5872BED85
:20FFE0005C02206D0140114011C02CC015613165594011DD93C01B60084396E12805866C85
:02000004800377
:200000001D40118814C02B84388428FEB5872BED5C02206D0140114011C02CC015613562EA
:20002000F140114011C015C01B655DC1C3DD936E01000B070640150C34E1448721A12BE62C
:2000400086400A00C60C0E8014E1445C08842680049A00424A8018FEA5E08C80168111C1EF
:20006000C3DD936E01000B07C640150C34E1448721A12BE686400A01860C0E8014E1445C6C
:2000800008842680049A00424A8018FEA5E08C80168111C1C3DD93F800044C61384BC6143B
:2000A0003485618C48A12BF3EC484048460C4610C4E144B0368131B06690C4303690C4E1A9
:2000C0004458866E01000BB0C4C0156686400AB00E871100169004E13C000684C88014847E
:2000E000C6C8C980188004F3EC421094048016C819801880E5801680189004E08C424A8016
:2001000036FEA5F0000C4CC1C3DD93614400C680048111DD938016FA9C040C43E6029B08CF
:200120006BE0044011867B402B6C1D41B8848B4206E800C2676118846904144246049684A5
:2001400014E118428604868414E118420604768414E11044208428AC2FF3F40C0C8426834D
:20016000F5F29C61144106E11447868141001484188428CB278C3482190429A41F0C5A803D
:20018000348C4C8C48E057F3F8484000348C46F984405242408C488C16F2FCC1C3DD936185
:2001A000144386E1C0040448000414CA07F004F10040004306042C8424E11446308838A86F
:2001C0003FF3F88414883644208428A02FF2FCDD938426FA9C040C41F6009B066BE0045299
:2001E00001847B402B6C1D7BD8828B1229EFFC402C6E95E11C0246C887041471C04880046D
:20020000269E79E118434688388424F23C46308836A83F84288414F3C044200426AE2FE12B
:200220001C028684668414F29C0C0CC1C3F7A5FA84040C826B007B65350E390E29C02BC019
:200240002B6539653D0E197C58C02B0E0BEFFC66B88C1BA10BE8000C0C8085DD93F2848C61
:200260001B0E0BF2840C0CE00027E8FA3C040C41A6006B4C01E004402B6C1DE00443A66FD4
:20028000FC7D88807B8C0BA4D5A17B653D0C290C19C02BC02B653965350C094BD8C02B0009
:2002A0008BEFA0E1040146902B00040CA58094C0096E0D65410C39920BC02B6FA04BA84C6F
:2002C00005941B400B636D0C39920B402B65494AF8941B902B6FA063654C05920B400B6533
:2002E000450C39941B402B6FA04A484C05902B400B63710C39920B402B654D4998941B906F
:200300002B6FA06D590C159121400A63694C05020BC00B4618941B4C05EFA040066D49E101
:200320001C02864C058414C00869416B1D4C054C05C008C0086BF14C018408C01B65714CD2
:20034000018408C02265514C018408C0226CA1434604088414E1186FF14C018408C0224C23
:20036000019E09C01B65759E09840865554C018408C0224C019E09C0226CA59E0984086FEF
:20038000F54C018408C0228E09C90765794C018408C01B8E09C90765594C018408C0228E46
:2003A00009C9076CA94C018408C0228E09C9076FF94C014078C0228C0B68000C0C8E0BDD51
:2003C00093F23C68B1001B060E400AC3D06401E18404146C7900398623402CE006422AE1EF
:2003E000840434422A8223002BE00EC00A68B50206C41D421280004015D188C00B6375C161
:20040000C3DD93FA9C040C0C19806BC02B64C165510C990C79C02BC02B65C9EC040010C738
:2004200097650D810102150C09A71BC02C0E31830180B56E314C010C09C02C402C6D0DF09C
:2004400004000A8E930275E08C404A054D006001C580AD05490060404AC0AD0060E08C806A
:20046000AD0545054100608088C0AD6F9C75280294900B81417A806102461A101B8C0B64EC
:20048000B88E2B0C09EFFCC02B65516C1D0C19C807C02B6AA94C034C03C00DC01162996632
:2004A000494C034C03C011401167F152188C0BA10BE8000C0C8085DD93F29C6C1D0C198CF1
:2004C0000B402BF29C0C0CC1C39F85F804040C6E3100190019C02C402C6D0D8245A11BE046
:2004E0008C424A05A1040001C580B305910400424AC0B30400E08C80B305C105B104000085
:2005000069C0B3C02B64CD005B8824C0156AD16AE1004BA36B401568C900CB003BC00AC012
:200520000A68CD0461006584C580050065A56B8005045D00758425400B63750285A76B9C13
:20054000004C70645D0065CC7DC005046100654C628005424A9A9CD8C7608C026402E558BC
:2005600057E0B04A5AD847484AE00A4055E00AC00B6379637D4045481AC00BD81D600A42FC
:200580001258374045D1B0400B6381481A8141423AC00A4045E00AC00B6385638940158137
:2005A00001400BF0040C0CC1C3DD93FA3C040C00B6008B5001E008402B6C1D067B88AB7512
:2005C00038849B820B6F9C6F9C7688210B806B0206FF11A3AB0000820302E58295D30D84BF
:2005E000A5A37B5095A17BC00B052150958415C00B6521A37B8335A17B82C5052150058241
:2006000035C00B652150058185C00B653150958145C00B65315005100BC00B73188E1B5AC3
:2006200018EFF80E646FFC4386E1A08414E11843C604768414E1180C0C84661B18F23CC1CB
:20064000C3FFFCFA04044C866B4227042484210624FA808233E184600A4E3A0029C62D405B
:200660002B0C1DC0084296CFB477486001000681317D09E01E400AE51A420AE59A440A64E1
:200680008100104222C7A1040E728CC00374246F6044C80C4C8131DD93F204FA00040C6CD1
:2006A000010C12811140286F606DE88C0B8C2BF2000C0CC1C3DD93FA00040C4206022B042E
:2006C00014E118E1244786841881618C388C348245871B60080366E0080D66EFB473A80CDA
:2006E00006A10B8C0B8000F2000C0CC1C3DD93FA00040C4286022B0414E118E12447C6848D
:200700001881618C388C348245871B60080376E0080D76EFB471E80C06A10B8C0B8000F2E3
:20072000000C0CC1C3DD93FA00040C02C6022B0414E128E1184746841881618C388C348E77
:2007400039C9378245871B60080386E0080D86EFB470080C06A10B8C0B8000F2000C0CC1D0
:20076000C3DD93FA00040C0286022B0414E128E1184746841881618C388C34871B9E390362
:200780009682450D9660086E38E008A10BEFB480000C060C0C8C0BDD93F2006C80041281EE
:2007A0003181114800C53D000450044212C18406305090FCF5C404820B5D93FA00040C0CD9
:2007C00009806BC02B65B5E084400A05A90C194086402B0005C1004011C0008495C0006D51
:2007E000210C09400AC02C82C5E08063790C158531400B8C0B03416FFC6DA88C0B822BF257
:20080000000C0C81018165F2000C0CC1C3DD93FA7C044C0086006B8004E13C421080188098
:2008200016F1FC65B50C09404AC02B0004609880C5FA006CFD0C19A11BC02CFF1182858207
:2008400035820D66ED0C19A11BC02602600285809906E5E094400A044502600260C09E8024
:20086000AD05A953F604180C39E000C02B65AD70844432050AA613161264FC1224E0004086
:200880000A1A800060E090409906F1C00002064F605EA8C018040615860FBE0101E10089E1
:2008A00075817161004086E0084206832100048C0B00B6EFF87BE8603C42864B188C0B00DD
:2008C0007BEFE075B88C0B0C09EFF8402C6D01F0A04462A17B28146BF144018408C0264152
:2008E000F682658111603CEF645F68600C43065EB88C0B51D8EFC80C19EFDCC02B65B5E0BC
:2009000090420A0284826504606088C09966F09023041344B1840E0C15E400C00A6D6102A3
:2009200006C20D4C11C000C02606ED82B180D5FA8010B4ECE5D28D65B50C198291402BE059
:2009400090420AC01C1E25D188448206E14C21938B40260C0984F5402666E5E1004286833A
:2009600021041466ED4C210406C026E03C41F66F645B28430681118C0B600CEFC85A68424C
:200980000A8595448660940824E100044102604CB1C09E402666E505B10260841880AD02D2
:2009A0001290138816ECFC6C6D0C294C11C02CC02666E969B54C05440AC0098245E0906F44
:2009C000F86DE80C098C0BC02C6D016D054C014046C02C8014E100442084280426F3ECE124
:2009E0003C028684288414FC9C042480048426C81980188E0B0016F27C0C4CC1C3DD93FA25
:200A000000040C40A6006B4C01E000402B6C1D69588C0B6AD8EFF48C0B6FE80C19A10B8098
:200A20002C0D15937C42100D154C118111002C6C214C110C0CC02BDD93F200FA1C044C8194
:200A400071006B66350C0B43F640164C73EFFCC0166671E080404A0C199885C02B6C496CEA
:200A6000510C890C29C02BC02B6C556C4D0C39C517402BC527C587482A45374A3AE6A20647
:200A800044E6860854FA80893BFA8080000016888C0004020010C50C398C04402C6D09E076
:200AA00084400A6686442AFA800814815101116C040030400283310009D098C02C0CA16C88
:200AC000E94C018305C02C8425A18B7A801884E89412346032584AFB8002144C13B21FC08A
:200AE000166671855D98538345FC156C1D0C294296402B52D8E0088C0B6FB4E0084E966664
:200B0000710C1BA30B40166CE90C090E06402C0004C00002147A80400AFB80A11FE6A26608
:200B2000714C138E0B4016F21C0C4CC1C3DD93E1044206841A84146E194013DD93C015F822
:200B40007C040CECA01EF06C4100698791402B6C4900298F31402B6C5100498581402B8DC9
:200B6000911396669A422A15968B71421A939189B1601299911796BE1EBD366C4D00191F65
:200B800036C02B5E919B313C1EE0906031020E0D1EC241E04002166C4500A91D1CC02B1911
:200BA00096951100C98391402B6C55BF16A9AB9711211691911B96E0805E819F812586E02B
:200BC000945E319D312336E08C5E1181112B16E0845E71E0885E91120629965E31C0005E0F
:200BE00081E0982F86E09CC00010069116AD36A7769DB6017192158395819164600AF00AF0
:200C00003982B18033FC0C688146718271401B6C4100690A64C02B06B47A809453FA80FA41
:200C2000B5CB3D6C4500B98291402BF42C528AC088069413F154307AD5C003DC0056A06C59
:200C4000810039A33BC02CDFFC51EE68BD40818575C01B64200AF00A3982B18033FC0C6824
:200C60008146818281401B6C4100690A64C02B06B47A809453FA80FAB5CB3D6C4500A982B7
:200C800091402BF428528ADA800694C69E543A56A07AF547E6DC004031E00CC01B68BDBCF3
:200CA00054BE34E012442AFA8006346032485A64800A008725C06E6E1900CB580AC01559FC
:200CC000E6E4844C50000C88A59C006C7900C9E5CDC02C94C888356C4100690079C02BC0B6
:200CE0002C6CE9E01A50CAE00A527AE11A58CAE692508AE10A4C7A58CA10930E94E68A5062
:200D0000027A804E7AF0848CC3668E64810C808EC3C06E021198C6020A8251F2B5E0400C45
:200D20000CD0F1DD93F07C00001014004349380000092C00001A24004353480000002000B1
:200D400000194400000000000000E0000000000080020000800201000000000080021100BE
:200D600080021200000000008002160080021700800218008002190080021A0080021B0040
:200D80000000000080021D0080021E0080022000800224008002260080022C000000000076
:200DA00080022F00800246000000000080024A000000000080024C0080024D0080024E0081
:200DC0008002510000000000800253000000000080025700000000008002590080025A00DB
:200DE00080025F0080026000800261008002620080026300800264008002650080026600CF
:200E0000800267008002680080027300000000008002780080027C00800281008002860007
:200E20008002870000000000800295000000000080029900000000008002A3008002A80028
:200E4000000000008002AA008002AB008002AC008002AD008002AE008002B1008002B20045
:200E6000000000008002B6008002B7008002B8008002B9008002BA008002BB008002BC00D5
:200E80008002BD008002BE008002BF008002C2008002C3008002C4008002C50080400000BC
:200EA0000000000080400200804003008040040080400600000000008040090080400A0090
:200EC00080400B0080400C000000000080400E0080400F0000000000804013008040140037
:200EE00080401500000000008040190080401E0080401F00804020000000000080402400C3
:200F00008040250080403C0080403D0080403E0080403F00804040008040410080404200F3
:200F20008040430080404400804045008040460080404700804048008040490080404A007D
:200F400080404B0080404C0080404D0080404E0080404F008040500080405100804052001D
:200F60008040530080405400804055008040560080405700804058008040590080405A00BD
:200F800080405B0080405C000000000080405E0000000000804060000000000080406900B3
:200FA00080406A0080406B000000000080407400804078008040790080407A0080407C00C1
:200FC0008040840080408500804088008040890080408E0000000000804090008040910008
:200FE000804099000000000080409F00000000008040A1008040A200000000008040A8000E
:201000008040B0008040B6008040D0008040D1008040D4008040D500000000008040DD0003
:20102000000000008040DF008043DC008043DD00000000008043E400804404008044280077
:20104000000000008044480080444C0080445000804454008044580080445C0080446000E8
:2010600080446400804468000000000080469800000000008048C8008048C900000000009D
:201080008048CB008048CC000000000080491C000000000080343C00808000008080010053
:2010A00080800200808006008080070000000000808009000000000080800E0080801000FA
:2010C00000000000808014008080180080801C000000000080802D0080802E00808031003C
:2010E00080803200808035008080360080803700000000008080390080803A0080803B006E
:2011000080803C0080803D0080803E008080400080804400808048008080490080804A00B9
:201120000000000080804C00808050008080540080805500808056000000000080805800BC
:2011400080805C0080806000808061008080620000000000808064008080680080806C00D8
:2011600080806D0080806E00000000008080700080807400808078008080790080807A0045
:201180000000000080807C0080808000000000008080880080808C000000000080809400AB
:2011A000808098000000000080008000800081008000820080008300800084008000850088
:2011C0008000860080008700800088008000890080008A0080008B0080008C0080008D00C3
:2011E00080008E0080008F00800090000000000080010100800102008001030080010400B4
:2012000080010500800106008001070080010A0080010C00812C0000812FFC00000D0000BB
:201220000000640000BB8000001A480000FB78000000000000000000000000000017EC0037
:20124000001854000018BC000000000000000000000000000000000000000000000000004E
:20126000000000000000000000000000001A3F000000000000000000000000000000000015
:2012800000000000000000000000000000000000000000000000000000000000000000004E
:2012A00000000000000000000000000000000000000000000000000000000000000000002E
:2012C00000000000000000000000000000000000000000000000000000000000000000000E
:2012E00000000100000000ABCD330EE66D12340005DEEC0000000B000000000000000000C1
:201300000000000000000000000000000000000000000000000000000000000000000000CD
:201320000000000000000000000000000000000000000000000000000000000000000000AD
:2013400000000000000000000000000000000000000000000000000000000000000000008D
:2013600000000000000000000000000000000000000000000000000000000000000000006D
:2013800000000000000000000000000000000000000000000000000000000000000000004D
:2013A00000000000000000000000000000000000000000000000000000000000000000002D
:2013C00000000000000000000000000000000000000000000000000000000000000000000D
:2013E0000000000000000000000000000000000000000000000000000000000000000000ED
:2014000000000000000000000000000000000000000000540000409E1400C09E2001409E29
:1B1420003400409E3804049F3804029FB801009FC801000000000F020200248B
:20143C0000000000009E016000000000000000000000000000000000000000000000000091
:20145C00002D310100E001AF00000000E803000030000000FFFFFFFF00000000000000006A
:20147C0000000000FFFFFFFFFFFFFFFFFFFFFFFFFFFFFFFF0A000000AAAAAAAA00000000AE
:20149C00000000000000000000000000000000000000000000000000000000000000000030
:2014BC00000000000000000000000000000000000101010101000000FF000000000070009C
:1A14DC0059B30000000000000000000000000000000064B81E799B47E186EE
:2014F800010000000040006054140380040000000100000004400060C8140380010000003F
:201518000100000008400060581403800800000001000000104000603C1403800800000087
:201538000100000018400060C914038001000000010000001C4000606014038008000000BD
:201558000100000024400060CA140380010000000100000028400060CB1403800100000020
:20157800010000002C400060CC140380010000000100000030400060CD14038004000000E9
:201598000100000034400060681403800C0000000100000040400060441403800400000093
:2015B800010000004440006074140380040000000100000048400060D114038001000000CD
:2015D800010000004C40006078140380080000000100000054400060D21403800100000090
:2015F80001000000584000608014038014000000010000006C400060D31403800100000037
:201618000100000070400060D41403800100000001000000744000609414038004000000F1
:201638000100000078400060D514038001000000010000007C40006048140380040000000C
:201658000100000080400060981403803000000001000000B04000604C14038008000000B6
:2016780002000000B8400060000000002A00000002000000E4400060000000000100000047
:2016980002000000E8400060000000001D00000002000000084100600000000001000000DF
:2016B800020000000C4100600000000049040000020000005845006000000000DD0000003A
:2016D8000200000038460060000000005D8000000200000098C60060000000000200000073
:2016F800020000009CC60060000000000100000002000000A0C6006000000000090000003C
:2017180002000000ACC60060000000001700000002000000C4C60060000000008F0000004B
:201738000200000054C7006000000000010000000200000058C70060000000000900000089
:201758000200000064C700600000000035030000020000009CCA00600000000001000000E3
:2017780002000000A0CA0060000000000100000002000000A4CA006000000000B1040000FF
:201798000200000058CF006000000000190000000200000074CF00600000000001000000E9
:2017B8000200000078CF006000000000050000000200000080CF00600000000001000000B1
:2017D8000200000084CF0060000000004100000002000000C8CF0060000000000100000001
:2017F80002000000CCCF006000000000D302000002000000A0D20060000000009301000097
:201818000200000034D40060000000007101000002000000A8D500600000000001000000F4
:2018380002000000ACD50060000000001D09000002000000CCDE0060000000000900000072
:2018580002000000D8DE0060000000000D01000002000000E8DF0060000000000100000020
:2018780002000000ECDF006000000000860200000200000074E200600000000001000000E2
:201898000200000078E2006000000000850100000200000000E4006000000000920900000D
:2018B8000000000000000000000000000000000002000000803F007000000000800000005F
:2018D8000000000000000000000000000000000002000000803F006000000000800000004F
:2018F8000000000000000000000000000000000002000000803F005000000000800000003F
:1019180000000000000000000000000000000000BF
:02000004801F5B
:0A402000911000E8D9EE2C45DC0EEB
:0A404000911000E8D9EE3A85DC0E7D
:0A408000912000E8D9EEEA88DC0E7A
:0A40C000911000E8D9EE96E6DC0E40
:0A410000912000E8D9EEC098DC0E13
:0A412000911000E8D9EE80E6DC0EF5
:0A414000911000E8D9EEB496DC0EF1
:0A416000911000E8D9EE1E02DC0EFB
:0A418000912000E8D9EED488DC0E8F
:0A41C000911000E8D9EE0802DC0EB1
:0A41E000911000E8D9EEDCF1DC0ECE
:0A420000911000E8D9EE3831DC0E11
:0A422000911000E8D9EE2C41DC0EED
:0A424000911000E8D9EE2051DC0EC9
:0A426000911000E8D9EE1461DC0EA5
:0A428000911000E8D9EE0871DC0E81
:0A42A000911000E8D9EE3C71DC0E2D
:0A42C000911000E8D9EE3081DC0E09
:0A42E000911000E8D9EE2491DC0EE5
:0A430000911000E8D9EEF6E1DC0EA2
:20600000911000F8D9FF3CCA0D00000202F4DC0F0000000000000000000000000000000019
:20602000911000F8D9FF38BA0D00000202F4DC0F000000000000000000000000000000000D
:20604000911000F8D9FF34AA0D00000202F4DC0F0000000000000000000000000000000001
:20606000911000F8D9FF349A02F4DC0F000000000000000000000000000000000000000000
:20608000911000F8D9FF308A0D00000202F4DC0F00000000000000000000000000000000E5
:2060A000911000F8D9FF2C7A0D00000202F4DC0F00000000000000000000000000000000D9
:2060C000911000F8D9FF600A0D00000202F4DC0F00000000000000000000000000000000F5
:1260E000911000F8D9FF00EA0D00000202F4DC0F0090D3
:20620000911000F8D9FF3CCA0D00000202F4DC0F0000000000000000000000000000000017
:20622000911000F8D9FF38BA0D00000202F4DC0F000000000000000000000000000000000B
:20624000911000F8D9FF34AA0D00000202F4DC0F00000000000000000000000000000000FF
:20626000911000F8D9FF349A02F4DC0F0000000000000000000000000000000000000000FE
:20628000911000F8D9FF308A0D00000202F4DC0F00000000000000000000000000000000E3
:2062A000911000F8D9FF2C7A0D00000202F4DC0F00000000000000000000000000000000D7
:2062C000911000F8D9FF600A0D00000202F4DC0F00000000000000000000000000000000F3
:1262E000911000F8D9FF00EA0D00000202F4DC0F0090D1
:0400000580008020D7
:00000001FF
