:0200000480007A
:2080000000000000700059B30000000000000000000000000000000064B81E799B47E186E8
:14802000911000F8D9FF72F9DC0F00900000000000A03CFF1A
:1280380073646820737468A0036568CA0BC300300090C0
:208050003256FF0626003B00FEFF3FF617000F6510308B0602601745802600903256FF0613
:2080700018003B00FEFF3FF60F000F6500308B060260174580260090A2F63705C13F0F65EB
:2080900010200090A2F682030F6500200090DA207FF60700174580360F6400200090A2F68C
:2080B00082020F6400300090FFFFFFFFFFFFFF7F000600F000B403F00100000000000000E3
:2080D000000600F000B403F00000000090000000000600F000000000000700F00100000075
:2080F000000800F002000000000900F003000000911000F8D9FF02CA0D00000202F4DC0F4D
:2081100000000000000000000000000000000000911000F8D9FF3EAA0D00000202F4DC0F06
:2081300000000000000000000000000000000000911000F8D9FF3A9A0D00000202F4DC0FFA
:2081500000000000000000000000000000000000911000F8D9FF3A8A02F4DC0F00000000F9
:2081700000000000000000000000000000000000911000F8D9FF367A0D00000202F4DC0FDE
:2081900000000000000000000000000000000000911000F8D9FF326A0D00000202F4DC0FD2
:2081B00000000000000000000000000000000000911000F8D9FF08EA0D00000202F4DC0F5C
:2081D00000000000000000000000000000000000911000F8D9FF06DA0D00000202F4DC0F4E
:0281F0000090FD
:2081F800820C822D3C130757FFCF8755BFDFCE57460546048B1480408B05A050CE7746070A
:2082180046068B1680608B07A07082028203820082013A260B2700F26E023C4F0B6430F1BA
:208238000B7500F20B75A0F26E04024002513C453A640B7500F26E0382123C3F3B0004E06B
:208258000B6030F10B7100F20B71A0F2DE1087559FFF06116701801F8B1FE0060248025943
:2082780006156745805F0614C2FE3CEB0284029506F067101F0006F1C21E82087AE86E1D48
:2082980087559FFF06116701801F8B1FE0060B60C0A00B71D0B007BB9FFF06156745805FD1
:2082B800061406136723803F8B1FE0266E0302A002B1C2183FE8E67F76C7460346028B12E3
:2082D80080208B03A030DF2D0B00071DE0FF76F7460146008B1080008B01A01000906D0020
:2082F800453100900D0000036D002628BB00805F02246D0056266D001F28022F02F46D00A4
:208318006E2602F46D0038286D002A2802246D0002276D006B766D00A0696D00FB736D0067
:20833800343591000046D94408046D00250991000046D944080482146D000E0A911000481D
:20835800D944ECC76D00417491100048D944F3E76D003B746D005033BC266D004D334024F4
:208378006D0033749140004FD944000A82543B0008506D00B41491100048D9445A089110E3
:208398000058D955FDC73B001040A0068215A0076D00B86D91100048D9446478911000589F
:2083B800D955C4D73B001040A0068215A0076D00A96D6D00376191100048D9447A089110BC
:2083D8000058D955C9D73B002040A0068225A0076D00986D6D00CD6C3C013C000090405F10
:2083F80091100048D944CFD76D00EF7340F46D00EC730D0040036D0073733C0200003CFFCE
:2084180000903C0E914000FFD9FF000ADA019B1F00F0865F6CF13BA00F406D003A6C3CF385
:20843800009020681D00D1006D008627022F02F46D00D52502F46D009F273C0814A449A464
:20845800020A09A541086D00945D49A4000A6D006674DF02F5FF6D0033616D0015356D006B
:208478006B27022F02F46D00BA2502F46D0084276D00666D53122080910000F6D9FF040425
:2084980014FF6E0C910000F6D9FF000454F00B0880003B8038113F10418049A4380A49A5CC
:2084B800101A6D007E32825089A01408DA1889AF1608DA2489AF1508DA003C0810AF10A21C
:2084D8000920780889F01708C21F3B8001003F0FF7FF49A4140A6D004675DA2589AF1508DB
:2084F800DA003C0810AF10A20920501889F01708C21F3B8001003F0FF7FF49A4140A6D0053
:208518003275910000F6D9FF000474F8910000F6D9FF0404DA0134FF6D00756002286D007F
:208538007A6089A21408370848F089AF1508370848F489AF16086D00B6607623DA013C0230
:20855800DA0089AF17086D00576089A218086D00A3607623DA013C02DA0089AF190849A421
:208578001C0A6D008E7409AF6C086E0F8CAE3BA000004B0F010289A015088CAF3BA00000D7
:208598004B0F010289A0160849A4140A6D000F786D008260370848F053AF2040370848F47D
:2085B80053AF205002266D0087776D007560F6266D002260F6236D0076746D0067763BA0BC
:2085D80000406D00666B1DFF31FF00903C036D006C723CFE00900D0000036D00AD26BB00CA
:2085F800805F02246D00DD246D00A626022F02F46D00F52402F46D00BF2691000046D944CE
:2086180008046D00B90791000046D944080482146D00A2086D0021686D00254D6D00A03D3D
:208638006D0057516D007B523C013C0000900D0000036D00812602246D00282591000046EF
:20865800D94408046D00980791000046D944080482146D0081086D00006882046D007846BB
:208678006D00D2526D0015688B4201F06D0011681B421F806D000D681B823E903C1F6D00B2
:20869800C7466D0035536D000468A2F20E278B4F01F06D0030006D0014006D00FA67A28243
:2086B8000E251B481F806D0046456D00F267A2920E251B893E906D00A7003CE200902028CC
:2086D800DA003C0F14A409A5410849A4030A09A642086D00A546F6223C0C6D002974C21F18
:2086F800FF8F088049A4000A6D00F673DF02ECFF009020E849A4142A6D004A7749A4083A93
:208718006D00BF7349A41C2A82043BC002506D00664C6D00BE6789A2202909AF542889AF0B
:20873800242809AF582889AFA6283B2020F0783009AF8C3889AFAC2809AF8E3889AFAE2870
:2087580049A4083A6D004D0089A234296D00917289A2B02809A4F0286D00F22F89A2322845
:2087780049A41C3A49A51E3A49A6203A6D00827609A49C386D00680089A2A82809A49E38D6
:208798006D00620089A2AA2849A4000A6D00D145580E09A03C0942F0580D420F8202BF10EC
:2087B80019806E173B803E107F1F08803B803E10E2104BF011223C083B803E104B1F112201
:2087D8004B2011020202DAFF7F2F04803BF00F2089A23E2849A41C2A6D00674600904C429E
:2087F80082204B0F11024C4382224B2F112242204C428F1F00114C43160126F10B100020CB
:208818003C010090202849A4000A6D003A738CA278058CA3780649A4000A6DFFE2FF89A253
:208838001C0909AF50086E03DA013C02DA00780891100048D944EED749A5140A82446D00FD
:20885800727500902018024849A4000A6D006D768CA7E2F83B803EF04BF801223BF0FFF743
:208878007F2F04003BF0FF273B0000F87FF204003B0000283C010090404F6D005D25022F56
:2088980002F46D00AC2314F0B700010034F002F46D0072250090094F4C18161F3C01820074
:2088B8003E0E82103E0E82203E0F8240BE003B800000BE003B000100BE003C1282023C1274
:2088D8006D008F203C0F6D00D81F3C0C6D00FC1F3C096D00801F3C066D00691F3C0382029A
:2088F8003C013C01009082F282003C17538020F0911000F8D9FF203810FFD4FF7D4F0D8026
:20891800538020F0911000F8D9FF203810FF481F370F48203C04C210BF40EAFF3C010090A8
:20893800404F40F46DFFB9FF09FFD408370F6CF0C21F4B0F41F14BF251203C0100906DFF5E
:20895800D4FF53C220F060FF9140003F30F3D93F002849F2080A3C0100906DFFC6FF53C2D5
:2089780020F060FF9140003F30F3D9320028B0423C0100906DFFB9FF53C220F060FF9140D2
:20899800003F30F3D93200283C010090494F081A3C0554FF345FB015C2F4FF14FCFF0242AF
:2089B8003C0100902018404F0B541088026A89A70C0909FF4C18161F78043C0109FFD40825
:2089D800370F6CF0C21F74AF40F46DFFABFFC2188B4860F3370F68808B1A6003370068F0CA
:2089F80078024B0861014B0941A0DA007801BB0000089BB05B044B0901F016038B0F20F231
:208A18006E08BBA070FD9B3FC2F34BFA41B03C353B0000F59B3F7CF44BF901F0370F61F084
:208A38006E083BF026F19B3FA8F34BFA41B03C253B0040F29B4F97F44BF901F0370F61F0AC
:208A58006E08BB7071FB9B1F8DF34BFA41B03C153B0062F39BEFAFF44BF901F0AE083BD07D
:208A78007BF39B6F58F34BFA41B03C07BBC05AFC9B7F72F34BFA41B04BA251F04B0F711112
:208A9800821CDF0124803C20BF580C80C2F84B0861F14BF941A04BA251F04B0F71113C14BF
:208AB800DA0174AF3B00018040F46DFFF6FE4B0F61F14BF251204B0861F14BF941A04BA23F
:208AD80051F04B0F7111BF11E1FF8F411FF06E3A7B0018044B0941004B0251004B007101A3
:208AF8008F401FF06E1C3C1754A0C21074A08F401FF06E053BF0FF0074A03C1040F46DFF4E
:208B1800CCFE54AF4B0F61F14BF251204BA251F04B0F71118F411FF0EEE83C143C10C218E1
:208B3800DA107F8F05803B0001803C0C4B0861F14BF941A04BA251F04B0F71118F411FF0E9
:208B5800EEEF0219821D82034B0C61F14BF241F04B0161014B0F51006B0031FA82044B4FBB
:208B780001F0AE046B00316A3C056B0031FA67FFBF6F4BB601F016038B0F20F26E03DA01C6
:208B98007801822C3C43DF2C05808214821E3C0773C30A004BD011428B1400E03C324B0C1C
:208BB80061014B024100031C0A744B0761F14BF051706B0731FA82004B0F01F0AE046B07E2
:208BD800310A3C056B0731FA67FFBF0F4B0601F0370F61F16E0C020602CD031C0A943BF01D
:208BF800FFF07F9F04803BF0FF9002434BB601F016038B0F20F26E04DA0178013C06C21438
:208C18003F4E04807FD9CDFFC21C5801EE053BF0FFF07FCFBAFF820440F46D003E0009FF4F
:208C3800E00837097000370F0CF089FFA00809FFE208370D7000370F0CF089FFA20809F0FF
:208C5800D40854AFC2FF370F70F037F00CF0ACFA09FF5608C2F837086800370F04F089FF64
:208C7800160809F05708580237F004F089FF170858036E03DA013C02DA0009F0570837F00C
:208C980081F389FF170840F409A410096D00050082123C010090094F4C18374F05F0894FC5
:208CB8000C18F6493C01094F4F18370FE1F33C01EEFB3C093C01094F4F18370FE1F33C0165
:208CD800DF1FFBFF0090494F041A3C05145F74FFB015C2F4FF14FCFF02423C010090200855
:208CF80034A4DA01ACA149A5000A49A6020A911000F8D9FF382809F440096D00EE033C01B7
:208D18000090CC4288223C013C0100902008F4A4405DD4DFF44F40F46DFFB0FD820440F48F
:208D38006DFFBBFFDA0009F05A0837F002F089FF1A0809DFC80809F0D408C2FF370F70F009
:208D580037F00CF0ACFA09D46C0840F46DFFA5FF09D4040909D54A0809D64D0809D74C081B
:208D780040F46DFF21FE0228820440F46DFF95FF09DF7C086E0382103C028200087F370F3C
:208D980001F22CF709DF56086E03DA013C02DA0009F05B0837F001F389FF1B0809DF540895
:208DB80009F05B0837F081F389FF1B0809DF510809F0590837F083F089FF190809DF5308D8
:208DD80009F05B0837F001F289FF1B0809DF550809F05C0837F004F089FF1C0809D05808B8
:208DF80008CF370F02F32CFC09DF590809F0500837F002F389FF100809DF500809F0D808B2
:208E180037F003F3ACFC09D05A0808DF8BF0200337006800370F04F02CFD09DF5B0809F06F
:208E380051088BFF20F3370F68F037F004F089FF110809DF520809F05A0837F002F089FF8C
:208E58001A0809DCA809BD0C7900D4CEBD0E280009C0040809C95D084CE16E2109E4840929
:208E780009E44808370068506D00390F09E4840909E4480802956D00640FD4E2DA016E03C9
:208E980082103C0282000C27370F81F22C27D4E20CEC0920460837F002F02C2609CE880931
:208EB800BD0E1E0009C00C0809C95D084CE16E1709E4840909E44808370068506D000F0FBA
:208ED80009E4840909E4480802956D003A0FD4E20CEC0920440837F003F02C2409CE900979
:208EF800BD0E150009C5540809C95D0809E4840909E448080CECA6F56D00F10E09E48409E9
:208F180009E4480802956D001C0F09CE9809BD0E150009C55C0809C95D0809E4840909E4A5
:208F380048080CECA6F56D00DA0E09E4840909E4480802956D00050F09D46C0840F46DFF21
:208F5800ACFEDA0089FF001982FF6CFFDA00D4A22C2E09DF6D082E0CDA016E03DA013C0242
:208F7800DA0009F0421837F001F089FF021809DF6D082E1CDA016E03DA013C02DA0009F013
:208F9800421837F001F189FF021809DF6D082E2CDA016E03DA013C02DA0009F0431837F033
:208FB80001F189FF031809DF6D082E3CDA016E03DA013C02DA0009F0431837F081F189FF89
:208FD800031809DF6D082E4CDA016E03DA013C02DA0009F0431837F001F389FF0318DA005C
:208FF8002C2DDA002C2C09DF7D082C2FD20089205409DA006C240C2F82003E0482103E04F1
:209018003C0682193C063BC000903C0382093C014CDC6E0C09D4B00909D4AE0802956D00B8
:209038006B28D4A4894284093C0909D4AE0802956D002028D4A4894284094CDE6E0C09D440
:20905800B80909D4B40802956D005628D4A4894288093C0909D4B40802956D000B28D4A4BB
:209078008942880909D9660809DFE208EE03DF39228040F46DFF73FC09DFE2081420370F54
:2090980068F037F008F0342F0C21379F82F12C210C2396022C23DA016E03DA013C02DA00C6
:2090B80009F0431837F001F289FF03180C2196042C2109DFE008EE03DF39228040F46DFF58
:2090D8005BFC09DFE0081420370F68F037F008F0342F0C21379F82F12C210C2396022C2324
:2090F800DA016E03DA013C02DA0009F0431837F081F389FF03180C2196042C2109DFE4089F
:209118006E2140F46DFF1DFC09DFE4081420370F68F037F008F0342F0C21379F82F12C2104
:209138000C2396022C23DA016E03DA013C02DA0009F0421837F001F089FF02180C219604EE
:209158002C21DA016E03DA013C02DA0009F0500837F081F089FF1008DA016E0382103C02C6
:20917800820008CF370F81F02CFC09FF5008960189FF100808CF96012CFC02823C01009021
:20919800F445DA00894F3C08DA01894F2C08DA01AC447B107EF46C41DA032C4ADA002C4C87
:2091B800DA032C4DDA00894F1008DA01894F1108DA01894F1208DA00894F1308DA00894F5F
:2091D8001608DA00894F1408DA07894F1508DA01894F1808DA01894F1908DA00894F1A083A
:2091F800DA00894F1B08DA00894F1C08DA00894FA208DA00894FA008DA00894FA408DA00BE
:20921800894F2608DAFF894F2D08A00FEC4AA00FEC4EA00FEC4CDA00894FAE08DA00894F7B
:20923800B408DA00894F3D0800902010404F08CFEE2BC8128C223C016E03DA003C02DA01FB
:209258003C01EE22DA012CFC08FF82003E0482103E0A3C14C81449A5000A8214D2066D0002
:2092780070273C0CC81449A5040A3BC00040D2066D0067270CAC34AF3C01D4F449A5000A79
:2092980082146DFF22FD0090D44F09FF760816013C016E0909FF7E08960189FF3E080C4E44
:2092B80096012C4E09FF7608370F61F13C016E0909FF7E08960489FF3E080C4E96022C4E51
:2092D80009FF7708370F61F13C016E0909FF7F08960489FF3F080C4E96042C4E09FF7708B6
:2092F800370FE1F13C016E0909FF7F08960889FF3F080C4E96082C4E09FF7708370F61F3FB
:209318003C016E0909FF7F08964089FF3F080C4E96102C4E00902020404F08FF82003E04A9
:209338008210BE083C56D4F2092F5208161F3C01D4F449A5000A02F46DFF2AFBC82449A540
:20935800000AD20602F46D00FF277623DA012CFD3C403C384DC0E2FF370FE1F78B0F20F245
:209378003C010D00400300003C0185F010008203020285F12C008200A620A6313C0191105E
:209398000028D922382809224009262026316E030D0000033C0189A05009D4F449A5000A21
:2093B80082146DFFF5FA14AF89AF1808C82449A5100A3BC00040D2066D00C6277623DA01B4
:2093D8002CFDD4F2092F5208161F3C01EEC43C0100902018404F4DC0E2FF370FE1F78B0F96
:2093F80020F23C010D00400300003C0185F010008203020285F12C008200A620A6313C016D
:2094180091100028D922382809224009262026316E030D0000033C0189F05409484FC21FF3
:209438006CF4C8128C223C016E03DA003C02DA013C01EE4008FF82003E0582105F0F29002B
:209458003C38DA0089AF1008C8128C223C01370F7000D4F20C2E161F3C0189AF100809AF61
:2094780050088B0F01F1370F70F07FF00380020FC81449A5000A370F5040D2066D006126D1
:20949800D4F449A5000A02F46DFF1FFC3C12C81449A5000A3BC00040D2066D0052260CA8A9
:2094B8002CACD4F449A50C0A82146DFF0EFC3C013C03DA002CFC0090406F0B451068094412
:2094D800880994F46D003D2694FFA22FB4FF8B0200223C010090404F405C406D0B45108838
:2094F800821208CFC81209209408370070A094D0DF003100EE1F94DF7FFA1D00C814370A5C
:20951800504040C50B8910686D001E2740F46DFF8EFEC81401CA005694DFA2AF370F50401D
:209538000B8910686D001027022840F46DFF7FFE3C0CC81494D440C50B8910686D000427E7
:20955800022840F46DFF73FE94DFA28FB4DF8B0800223C01009020088202DA0174AF54A061
:20957800DA0002F14940C00874A054AFEE0282123C0100904DC0E1FFD710210F4940400878
:209598000090404F40F46D002F0082504DC0E1FF16073C013E289110003030F3D933C04F36
:2095B80054313C034D00D01F3701E2F05E1382003C173701E2F0EE13534220F060FF913073
:2095D800003F30F3D93F1436081F16075E1382103C05081F16075E3282203C02825002029D
:2095F8003C010090823282003C17538020F0911000F8D9FF508710FFD4FF7D4F0D805380C4
:2096180020F0911000F8D9FF508710FF481F370F68203C04C210BF30EAFF3C010090DA0005
:20963800744F0090404F024F40F46DFFDDFF02286E031E325E4382093C0282195E23821A56
:209658003C02820ADF194C804DC0E1FF16073C015F8F29006D00841E022F02F46D00E71C60
:2096780040F46DFFC1FF5342200060029130003F3023D9321436142037A00200342002F45C
:209698006D00A11E9110003030F3D933C04F543FB72F82F09110003030F3D933C04F743FCA
:2096B8003C1E6D00491E022F02F46D00981C53482000600F9130003F30F3D93F14365348D2
:2096D800200060029130003F3023D9321436142037A0020034F002F46D004E1E02923C0177
:2096F800009082124DC0E1FF16073C01FF3F0B80538F20F0911000F8D9FF508710FFD4FF02
:209718003C02A00F3C017DF4048082023C109110003030434933088A543F06F4374F9FF04E
:209738009110003030434933088A743F3C010090404FDA0140F46DFFD6FF262F40F46DFF6B
:2097580022FFF626821440F46DFF6EFF262F02F23C0100900248804FB70F1CF07B00000D88
:209778007E0D804FB70F0CFAB77F03FE4DC0E10F7B000011E210A20F3C02804F60FF820951
:209798006D0017199130002F392F3506160F4B0F41F14BF251F03C017BA047044B0F51F014
:2097B8004B0861014B0F41F04B0F710185F110003C09000085FF1000A21F3F0F04808219F8
:2097D8003C0554FF1607DF7FF6FF02923C0100906DFF87F56D009E3C0090913000FFD9FFB5
:2097F800004654FF370F6EF18FFF83813C01912000A7D9AA40890D0080043B0098F0CD4F30
:20981800E00F0D00C0044D00E0FFB70F14F0CD0FE00F0D00C00482117617DA009601CD4F31
:2098380020090D00C0044DC0E1FF8F7F00213C0153C22000600F9130003F30F3D93F004698
:2098580054F037006E018FF083313C0153C22000600F9130003F30F3D93F004654FF2E1BD5
:209878008F2320F0960154F0370070088F002100A6F074F08F2320F0960254F0370070088D
:209898008F002100A60F74FF3C0154FF1601DF1FFE7FDA00761382003C028210370F81F04A
:2098B800CDCF20090D00C00453C220F060FF9130003F30F3D93F004654FF2E1B8F2320F097
:2098D800960154F0370070088F002100A60F74FF86238F3340F154F0370070088F002100CF
:2098F800A60F74FF3C0154FF6F0FFF7F0D00C00482014DC0E1FF8F7F00213C0153C22000BA
:20991800600F9130003F30F3D93F004654F037006E018FF083313C0153C22000600F913080
:20993800003F30F3D93F004654FF2E1B8F2320F0960154F0370070088F002100A6F074F0BD
:209958008F2320F0960254F0370070088F002100A60F74FF3C0154FF1601DF1FFE7FDA00CE
:20997800761382003C028210370F81F0CD0F04090D00C00453C220F060FF9130003F30F3DC
:20999800D93F004654FF2E1B8F2320F0960154F0370070088F002100A60F74FF86238F3326
:2099B80040F154F0370070088F002100A60F74FF3C0154FF6F0FFF7F0D00C004913000FF76
:2099D800D9FF004654FF2E1B8F2820F0960154F0370070088F002100A60F74FF8F2820F0C5
:2099F800960254F0370070088F002100A60F74FF3C0154FF1601DF1FFE7F911000F8D9FF59
:209A1800004880FFCD4FE20F0D00C00491F001F8D9FF000480FFCD0FE20F0D00C004912065
:209A380000F7D9FF80C980FFCD8FE20F0D00C004913000FFD9FF004654FF2E1B8F2820F018
:209A5800960154F0370070088F002100A60F74FF8F2820F0960354F0370070088F00210089
:209A7800A60F74FF3C0154FF6F0FFF7F91000000D900000091000010D91100009100008014
:209A9800D988000091000090D9990000912000F7D9FFC00991200027D922C00B40F48020FF
:209AB80080FFA2F0DA404BF0114282003C1E804FB70F1CF08F4F1F10804FBBF0FF2F06623B
:209AD800262F06AFA6F1F606CD81E30F0D00C0043C0274F19AD47E05CDC1E30F0D00C004DB
:209AF800404F4944001AC2103F40E3FFDA0074FF6D00361C022F02846D00C81A02F46D0070
:209B18000A1B6D00FA3A6DFF65FE6D00F63A02846D00661B02F46D00A91B91100048D9445A
:209B3800A8576D009D179130884F911000F8D9FFAED980F46DFFFEFD9150884F911000F831
:209B5800D9FFD0A980F46DFFF5FD911000F8D9FF3CB8DC0F0090913000FFD9FF0C4654FFAD
:209B7800370F6EF18FFF83113C01912000A6D9AA408B0D0080043B0098F0CD4FE00F0D00B8
:209B9800C0044D00E0FFB70F14F0CD0FE00F0D00C00482127627DA009601CD4F20090D0063
:209BB800C0044DC0E1FF8F7F00313C0153C32000600F9130003F30F3D93F004654F03700BF
:209BD8006E018FF083413C0153C32000600F9130003F30F3D93F004654FF2E1B8F2420F0F9
:209BF800960154F0370070088F002100A6F074F08F2420F0960254F0370070088F0021001B
:209C1800A60F74FF3C0154FF1601DF1FFE7FDA00762382003C028210370F81F0CDCF2009A1
:209C38000D00C00453C320F060FF9130003F30F3D93F004654FF2E1B8F2420F0960154F0FB
:209C5800370070088F002100A60F74FF86248F3440F154F0370070088F002100A60F74FFFC
:209C78003C0154FF6F0FFF7F0D00C00482124DC0E1FF8F7F00313C0153C32000600F91300C
:209C9800003F30F3D93F004654F037006E018FF083413C0153C32000600F9130003F30F3BA
:209CB800D93F004654FF2E1B8F2420F0960154F0370070088F002100A6F074F08F2420F0D8
:209CD800960254F0370070088F002100A60F74FF3C0154FF1601DF1FFE7FDA0076238200F2
:209CF8003C028210370F81F0CD0F04090D00C00453C320F060FF9130003F30F3D93F004605
:209D180054FF2E1B8F2420F0960154F0370070088F002100A60F74FF86248F3440F154F088
:209D3800370070088F002100A60F74FF3C0154FF6F0FFF7F0D00C004913000FFD9FF0C463D
:209D580054FF2E1B8F2120F0960154F0370070088F002100A60F74FF8F2120F0960254F091
:209D7800370070088F002100A60F74FF3C0154FF1601DF1FFE7F91F001F8D9FF008680FFCB
:209D9800CD4FE20F0D00C00491F001F8D9FF000480FFCD0FE20F0D00C004912000F6D9FFDB
:209DB80080CB80FFCD8FE20F0D00C004913000FFD9FF0C4654FF2E1B8F2120F0960154F082
:209DD800370070088F002100A60F74FF86218F3140F154F0370070088F002100A60F74FF81
:209DF8003C0154FF6F0FFF7F91000000D900000091000010D911000091000080D988000058
:209E180091000090D9990000912000F6D9FFC00B91200026D922C00D40F4802080FFA2F0C9
:209E3800DA404BF0114282003C1E804FB70F1CF08F4F1F10804FBBF0FF2F0662262F06AFBE
:209E5800A6F1F606CD81E30F0D00C0043C0274F19AD47E05CDC1E30F0D00C004404F494445
:209E7800001AC2103F40E3FFDA0074FF911000F8D9FF6E78DC0F0090913000FFD9FF184668
:209E980054FF370F6EF18FFF83113C01912000A5D9AA408B0D0080043B0098F0CD4FE00F50
:209EB8000D00C0044D00E0FFB70F14F0CD0FE00F0D00C00482127627DA009601CD4F200940
:209ED8000D00C0044DC0E1FF8F7F00313C0153C32000600F9130003F30F3D93F004654F0C6
:209EF80037006E018FF083413C0153C32000600F9130003F30F3D93F004654FF2E1B8F24AF
:209F180020F0960154F0370070088F002100A6F074F08F2420F0960254F0370070088F0008
:209F38002100A60F74FF3C0154FF1601DF1FFE7FDA00762382003C028210370F81F0CDCF86
:209F580020090D00C00453C320F060FF9130003F30F3D93F004654FF2E1B8F2420F09601F3
:209F780054F0370070088F002100A60F74FF86248F3440F154F0370070088F002100A60F08
:209F980074FF3C0154FF6F0FFF7F0D00C00482124DC0E1FF8F7F00313C0153C32000600F37
:209FB8009130003F30F3D93F004654F037006E018FF083413C0153C32000600F9130003FF9
:209FD80030F3D93F004654FF2E1B8F2420F0960154F0370070088F002100A6F074F08F24A2
:209FF80020F0960254F0370070088F002100A60F74FF3C0154FF1601DF1FFE7FDA00762341
:20A0180082003C028210370F81F0CD0F04090D00C00453C320F060FF9130003F30F3D93FA5
:20A03800004654FF2E1B8F2420F0960154F0370070088F002100A60F74FF86248F3440F163
:20A0580054F0370070088F002100A60F74FF3C0154FF6F0FFF7F0D00C004913000FFD9FF28
:20A07800184654FF2E1B8F2120F0960154F0370070088F002100A60F74FF8F2120F0960254
:20A0980054F0370070088F002100A60F74FF3C0154FF1601DF1FFE7F91F001F8D9FF000663
:20A0B80080FFCD4FE20F0D00C00491F001F8D9FF000480FFCD0FE20F0D00C004912000F512
:20A0D800D9FF80CB80FFCD8FE20F0D00C004913000FFD9FF184654FF2E1B8F2120F09601BF
:20A0F80054F0370070088F002100A60F74FF86218F3140F154F0370070088F002100A60F8D
:20A1180074FF3C0154FF6F0FFF7F91000000D900000091000010D911000091000080D988C1
:20A13800000091000090D9990000912000F5D9FFC00B91200025D922C00D40F4802080FF3A
:20A15800A2F0DA404BF0114282003C1E804FB70F1CF08F4F1F10804FBBF0FF2F0662262FBE
:20A1780006AFA6F1F606CD81E30F0D00C0043C0274F19AD47E05CDC1E30F0D00C004404FFA
:20A198004944001AC2103F40E3FFDA0074FF911000F8D9FF4698DC0F0090200840BF3C0152
:20A1B80080F2370368F4B75F08F037F30834370468F037F308304DC0E1FF16073C01370395
:20A1D800680837F003F037F308383C0189A2400909A0400900A00D004002008000902008A9
:20A1F80040BF3C0180F2370368F4B74F08F037F30834370468F037F308304DC0E1FF1607A0
:20A218003C013703680837F003F037F308383C0189A2400909A0400900A00D0040020080A9
:20A238000090200840BF3C0180F2370368F4B73F08F037F30834370468F037F308304DC0B4
:20A25800E1FF16073C013703680837F003F037F308383C0189A2400909A0400900A00080BB
:20A278000090200840BF3C0180F2370368F4B72F08F037F30834370468F037F308304DC084
:20A29800E1FF16073C013703680837F003F037F308383C0189A2400909A0400900A00D00EE
:20A2B800400200800090200840BF3C0180F2370368F4B71F08F037F30834370468F037F3D7
:20A2D80008304DC0E1FF16073C013703680837F003F037F308383C0189A2400909A0400916
:20A2F80000A00D00400200800090200840BF3C0180F2370368F4B70F08F037F3083437047C
:20A3180068F037F308304DC0E1FF16073C013703680837F003F037F308383C0189A2400945
:20A3380009A0400900A00D00400200800090200840BF3C0180F2370368F4B77F08F037F350
:20A358000834370468F037F308304DC0E1FF16073C013703680837F003F037F308383C0102
:20A3780089A2400909A040090D00400200800090200840BF3C0180F2370368F4B76F08F076
:20A3980037F30834370468F037F308304DC0E1FF16073C013703680837F003F037F30838D5
:20A3B8003C0189A240090CA48FFF0F416D00964B0D00400200800090200840BF3C0180F2C3
:20A3D800370368F4B76F08F037F30834370468F037F308304DC0E1FF16073C013703680865
:20A3F80037F003F037F308383C0189A2400909A040090D00400200800090DA000950DA08AA
:20A41800370F0EF009505C08370F03F809505D08370F81F909505E08370F01FA09505F08A4
:20A43800370F83FA09506108370F01FE09506008370F03FC6C4582010950640837010310F0
:20A458000950650837018111095066083701041409506B083701011A095067083701031209
:20A478000950680837018113095069083701041609506C083701811A09506A083701041854
:20A4980009506D083701011B09506E083701011C09506F083701811C095F70086E038220C6
:20A4B8003C028200095F71086E03DA013C02DA00A6F03701021D095F720837F1041E095FFE
:20A4D800730837F1811B89411009095F06096C42095F0A096C43095F16096C41095F12093C
:20A4F800744F095F6A086E0A095F6A081E17095F6A081E24095F0E096C460090F44500907A
:20A51800404F405CD4C2D42DF4FD09CF04082CF409CF0408530F22F010D2D9220002E8222B
:20A53800C82440C56DFF6BFF820009CF63086E05DA0137F001083C04DA0137F0810809FF26
:20A558000408534F20F010D25920C08109CFF4086E22D4F209FF0408BC21534F20F060FF5D
:20A578009140003F30F3D93F40483C0109C0760809CFF40814F1370F68F037F108F034FFA2
:20A59800081F370F82F12CF1083F96022CF3081F96042CF100902038911000F8D9FF688782
:20A5B80049FF000A49A2000AA0D644FF642FFC6E49AF000A4942000AA0D644FF642FFC6E39
:20A5D800F4450090404F6D00B716022F02F46D00061591A0003030F3D933C04F5430B70048
:20A5F800010091A0003030F3D933C04F743002F46D00C21600906D00DC11913000FF39FFE2
:20A618003506370F64F24B0F41F14BF251203C013C01009037046800DA084BF00102DA0268
:20A6380003F10AF6370F68F0DF15068082220FF210203C0482120FF210203C010090404FC0
:20A65800024F0268820602F46DFFE6FF02201607061F82310FF1001040F2B04202130202F4
:20A6780049224008768749FF080A0213020249F240080090404F024F0268820602F46DFF58
:20A69800CBFF02201607061F82310FF1001049F2100A0213020249224008768749FF140A2D
:20A6B8000213020249F240080090404F024F3B00016002F46DFFB0FF02201607061F8B0FCB
:20A6D8000110DA030F1F00F002F3020249F240080090DA01744F0090BC41DA024BF5010200
:20A6F800534020F053042100600F9140003F30F3D93FC06910F23C010090804F5304280027
:20A71800420F60FF3C01481F375F03F66CF10090804F53042800420F60FF3C0168550090C9
:20A73800804F53042800420F60FF3C0168350090804F53042800420F60FF3C016845009021
:20A75800804F53042800420F60FF3C0168250090804F53042800420F60FF3C01481F375F51
:20A7780002F06CF10090804F53042800420F60FF3C014890DA006CF948BF375F02F06CFB9A
:20A7980068907663DA013C02DA0037F001F0767382103C028200370F81F06CF90090804F0F
:20A7B80053042800420F60FF3C01DF15048082103C028200481F370F81F56CF10090404CAF
:20A7D800405F8218D4F2F4C2084F2CC4084F3B008000E20FD4F21022911000303023D93D30
:20A7F800000D89CD880909FF05082CC549DE001A89CE8C0909FF52085E1709F405088215A2
:20A8180040E46DFF54FF09F4050809F5500840D46DFFC7FF09F40508086540D46DFF9AFF07
:20A83800487F6E08C87409F4600809F561086D00BE0109FF54081E1509FF5508DF1F2780EE
:20A8580009F4050809F5560809F6540809F7550840D46DFF8AFFD4F4084409F505086DFF2E
:20A878003DFF09F0570809FFD8081421370F68F037F108F0342F0C21370F82F12C210C238C
:20A8980096022C230C2196042C2109FF52085E1E09F40508482540D46DFF54FF09F4050873
:20A8B800483540D46DFF3EFF3C0D09F40508482540D46DFF3FFF09F40508483540D46DFFC1
:20A8D80029FF09F405088215820640E46DFFB9FE09F405088215820640E46DFFCDFE09FF3C
:20A8F80053085E1509C48C096DFFF5FE02823C010090F445DA002C44DA002C45DA146C42F6
:20A91800DA0A6C43DA01894F1008DA022C46DA00894F1108DA00894F1208DA01894F13080E
:20A93800DA00894F1408DA00894F1508DA02894F1608DA00894F1708DA00AC4CA00FEC470B
:20A95800DA80894F2008DA00894F21080090594400C00090404F024F025840F402F46D005C
:20A978007100F623DF0853008200BE0182103E0F82203E0D82303E0B82403E0982503E07D3
:20A998008260BE0582705F0F29003C3D40F46D004100534F20F010FF19FF0CC0370F78F0C3
:20A9B800C21F4B0F41F14BF251203C2F19FF24C0EF8F0F8040F46D002D0019FF24C0370FE0
:20A9D80078F0C21F4B0F41F14BF251203C05821440F46D00E7003C1919FF28C0EF8F0F801B
:20A9F80040F46D00170019FF28C0370F78F0C21F4B0F41F14BF251203C05820440F46D0056
:20AA1800D1003C0382023C013C0282023C010090194F08C0370F78F04B0F41F1194004C037
:20AA3800370078004B0041014B0F51F06D0006004BF241203C0100906DFFDFFD3C01009034
:20AA5800194F00C053242000570F62F08B3F00223C010090404F0B54108840F46DFFDAFFAF
:20AA78004B8251007B00F8136B0131004B0071814B0861116B0131007B00F0134B1001F014
:20AA9800370F61F16E02C2186D005614022A02A46D00A512DA00BE90DA013E9EDA023E9C5A
:20AAB800DA033E9ADA043E98DA053E96DA06BE91DA07BE963C1C534920F010F2534920F04C
:20AAD80010FF19FF0CC0378F18F0592F0CC03C1019FF24C0378F18F059FF24C03C0919FF9A
:20AAF80028C0378F18F059FF28C03C023C0102A46D0042140090404F0248028940F46DFFD0
:20AB18009DFF0223821A821B82153C2982044B0561014B03512002563C1D4B0661014B027F
:20AB380041006B003108B700810F4B900110370161F06E0402090B6510A8BBD0CC0C9BC0F9
:20AB5800DC034B0901F0370F61F06E0382143C04C2F6FF16E4FF76423C08C215BBF0FFFFAF
:20AB78009BFF0FF03FF5D4FF6D00E613022802846D00351219FF04C037BF18F059FF04C05D
:20AB980019FF04C037BF18F059FF04C019FF08C037AF18F059FF08C002846D00ED13009036
:20ABB800BC41764182023C010090404F0258481F8FCF1F00481F160F532F2010082F0F1F08
:20ABD80000F082320F12002053402000600291A0013F3023D932F04F542082F1C621261051
:20ABF80026F2A6207420C82408CF09F55008A64502F46D007400C82408C402856D00A100A3
:20AC180000900C41534F2000144F534F20F060FF91A0013F30F3D93FD04FDA0F0F0F001027
:20AC38000C4C0F0F00F054F082F2C612262026F1A61074F0DFF40A00CC410C48370468505E
:20AC580040F402F46D004B000090404F40546D001B00DA003E28DA013E28DA023E28DA031F
:20AC78003E283C0982043C0982143C0782643C0582743C0382043C01821540F46DFF6CFEAD
:20AC98003C0100904C49370FE2283C0100904C4C764382103C028200370F01F076538210E8
:20ACB8003C028200370F01F1766382103C028200370F81F0767382103C028200370F81F1AF
:20ACD8006C4C009009403009DA006C4C4C4E374F02F06C4E894030090090404F0B4510A80B
:20ACF80049FC100A82404B0A01828F3A00F1538F20C09140002FD922000E7D2F15806D0010
:20AD18001B13022F02F46D006A1109F0201982110FA1101082F2C621261089F0201902F410
:20AD38006D002A13534820F010CFDAFF0FCF00F00FCB10B002F302B249F240080090404F3B
:20AD58000B4510886D00F812022A02A46D00471149FF001ADA084BF801028F7800F1534FC1
:20AD78002040534020F010FFDA0F0F4F00F00F49109002F3029249F2400802A46D00FC124D
:20AD980000902020404CDA084BF401826D00370D534920F010A2534920F010CF488F742F87
:20ADB80009CF500816FFC21F4B0F41F14BF25100534920F010AF14FF163FC21F4B0F41F1FB
:20ADD8004BF05100534920F010AF14FF370F62F39211534920F010AF081F160342F1534999
:20ADF80020F010AF081F370F62F142F14B0141F14BF051203C01009020080248405F370535
:20AE18007FF08B0F20F26E01820949A6000A028440F56D003900DA0037F9019014AF37F91D
:20AE380083900CA137F903920CA237F983930CA337F903950CA437F983960CA537F9039895
:20AE580009FF5508EE03DA003C02DA0137F98199DA0037F9019A09FF5108EE03DA003C0238
:20AE7800DA0137F9819ADA0037F9019B09FF5208C2FF370F70F037F9859B3789049E0292DF
:20AE98003C010090405C406D82088209DA084BF40122094F500816FF9210534320F0104FBF
:20AEB80009FF6008163FC21FE2F0534320F0104F09FF6008370F62F39211534320F0104F4A
:20AED80009FF6108160342F1534320F0104F09FF6108370F62F142F173100AA0820B3C4E17
:20AEF800534B20F010CF54FFE2AF4B0F61F17B0000044B0F51C0820D820E3C328210532E93
:20AF180020F00FF010004B0041F14BFC51F07B00F0036B00214F6D00131BFF922180532E5E
:20AF380020F00FF210F04B0F41F14BCF01F016068B0F20F26E09C2F28B0240F3370F689060
:20AF580002E8821D3C0FFF820B809A12C2FF8B0F40F3370F689002E8821D3C04C21EBF8E8B
:20AF7800CFFFF6D382798278532B20F010DF2819532B20F010DF34F8C21BBF3BB3FF0090AD
:20AF9800404F405C7641820854FF6E016D00370C3C0109FF500816FFC21F4B0F41F14BF25F
:20AFB80051F03C017B00F8034BF0513054C03B8000408215024637007F10BA016E037B006E
:20AFD800F8037B00F8134B0151703B0040929B499794024A3C4D4B0A41014B0341004B0762
:20AFF80051107B00F0236B0221114B0131B1DA407FBF05003B0004B03C0973AB0A10FF4174
:20B018000400822B3C034EB2821B4B0B41114B1041006B07311082024B2101F0AE046B078F
:20B0380031003C056B0731F067FFBF0F4B9001F06F2F1E804B9001F0AE264B9001F0AE039A
:20B058006F060580020902A602B56F061180DA004BF001F0AE27DA004BF001F0370F61F0F6
:20B078006E03DA003C02DA016E023C04C2FAFF2AB47F3F5409006F0607006F050580025F1A
:20B09800026502F6DA024BF601229AD2370F4800C2F5370568F037F80680DA024BF601429F
:20B0B8001A52C2FF370F68F037F802838E03020F3C02DA0037F802858E0382323C013702CE
:20B0D80068F037F8028409CF5408EE03DA013C02DA0037F8018609CF5308EE03DA003C0241
:20B0F800DA0137F8818609CF580837F8018702823C0100900248BC416D00810BDA004BF88A
:20B1180001F0AE217B0008F44BF841F04BF251004B0031F14B0F41F16B0F31F07B00F013CC
:20B138004B1F01F0AE244B0031F13C044B0031F1C21F8B1F4013534120F04B0F61F14BF245
:20B1580051F06B0F31F882004B0F01F0AE0A534120F04B0F61F14BF251F06B0F31583C0B56
:20B17800534120F04B0F61F14BF251F06B0F31F867FFBF5F82463C2D4B0661F14BF841F07A
:20B198004BF251F07B00F0036B0021FF4B0F7101F6023C2373600AF04B0F61F14BF25130C6
:20B1B8006B0331F882044B4F01F0AE046B0331383C056B0331F867FFBF3F4B5301F0AE23AA
:20B1D8000235020137057FF0BA0F6E023C06C2163B801FF07F6FD2FFC2F18B0140233C01B7
:20B1F800009082F282003C17538020F0911000F8D9FFA44710FFD4FF7D4F0D80538020F001
:20B21800911000F8D9FFA44710FF481F370F48203C04C210BF40EAFF3C010090494F102AFD
:20B238003C0554FFB45FB025C2F4FF14FC7F0090494F102A3C0554FF745FB045C2F4FF14AF
:20B25800FC7F0090494F102A3C0554FF345FB015C2F4FF14FC7F0090DA084BF40102534181
:20B2780020F0104F49FF241A3C06095FC00874FFB025C2F5FF15FB7F0090DA084BF401020E
:20B29800534120F0104F49FF241A3C05545F74FFB045C2F5FF15FC7F0090DA084BF40102B7
:20B2B800534120F0104F49FF241A3C05145F74FFB015C2F5FF15FC7F0090094F5908EE0480
:20B2D8007B1000003C028210CC420C4C0FF0100068100090094F5908EE0382103C037B1078
:20B2F8000000CC420C4C0FF0100068100090404E405C406D0248D4E46D0025040229DF0937
:20B318003780D4EFF4FE821089E0300889ECBC0989E88018821089E01B0889ED841989E891
:20B33800881809EF4C186E0440E46DFFC8FF09EF5D081E1409EF5D085E3540E46D00E30736
:20B358003C1609EF5D08DE40C812C81F09FFD818C2F837087000370F10F0892F981840E414
:20B378006D00D1073C0440E46D004E0402923C010090D4423C0100908202D44F094F700892
:20B39800EE0348AF6E0282123C0100902008404C405D09D2B809F4C209D2BC09F4A2DA0029
:20B3B80089CF300809DF740889CF1C0809DF750889CF1D084CD96CC44CDA6CC509DF520835
:20B3D8000920510837F001038920110849DE2C0A5E1754EFEE05DA0089CF18083C0E54EFFF
:20B3F8006E08CCDB481F370F68F089CF18083C0509DF600889CF180809C05808DA084BF04C
:20B418000182534920F0D4A4104F029440D56DFFB9FD022F6CF809C4580840D5B04554D54C
:20B43800D4A46DFFEBFC022F6CC1821009CF58080FF000008F00011009DF5708EE03DA0050
:20B458003C02DA0109C458080F4F10F0D4A4494F081A8F000140A640A6F10203021249F25D
:20B4780040080CC7370F64F28F7F00416DFF8BFC4B0271F189CF360954EFEE05DA0089CF0D
:20B498000C183C39D4EF09F2C80989C2C80909DF570889CF190809DF5108EE18DA0189CF16
:20B4B8000C1840C46DFF18FFD4EF09D5700809DA7108DA80C82408C4A6F56DFF10FCC82443
:20B4D80008C402A56DFF3DFC3C16DA0089CF0C18D4EF09D5700809DA7108D4E2092F5008D9
:20B4F800C82408C4A6F56DFFFAFBC82408C402A56DFF27FC09DF560889CF1A0809DF801951
:20B5180009FF5A086E13911000FF09D2801909201908534920F0D4A210224922241A53007A
:20B5380022F010FF802F59FF0C02D4CFF4FC82023C010090DA00744FDA01894F1008DA0196
:20B55800894F1108DA00894F1208DA00894F1308DA00894F1408DA01894F1508DA08894FF1
:20B578001608DA00894F1708DA006C42DA006C43DA006C41DA00894F1808DA00894F190887
:20B59800DA00894F1C08DA00894F1D08DA00894F1E08DA00894F1F08A00FEC4BDA80894F1D
:20B5B8003008DA00894F3108A00FEC4BDA00894F3008DA00894F3408DA02894F350882FF20
:20B5D8006C49DA006C4ACC51EC4F495F080A894F80198945B8090090404D405CBBF0FFFF9A
:20B5F80089DF141909CF56086E44823840D46DFFFAFD538221F060FF9140003F30F3D93FF5
:20B6180010683C0109CF1508370F70F014F0370F68F037F008F034FF081F378F82F12CF151
:20B63800083F96022CF3081F96042CF140D46DFFDAFD538221F060FF9140003F30F3D93F2F
:20B658001068B04F3C0109CF1408370F70F014F0370F68F037F008F034FF081F378F82F130
:20B678002CF1083F96022CF3081F96042CF13C6D09CFDC086E2140D46DFFB5FD538221F0AD
:20B6980060FF9140003F30F3D93F10683C0109C06C0809CFDC0814F1370F68F037F108F077
:20B6B80034FF081F370F82F12CF1083F96022CF3081F96042CF109CFDA086E2240D46DFF9C
:20B6D80092FD538221F060FF9140003F30F3D93F1068B04F3C0109C06C0809CFDA0814F183
:20B6F800370F68F037F108F034FF081F370F82F12CF1083F96022CF3081F96042CF109CF90
:20B71800DE086E2340D46DFF6EFD538221F060FF9140003F30F3D93F106849FF080A3C0110
:20B7380009C06C0809CFDE0814F1370F68F037F108F034FF081F370F82F12CF1083F960224
:20B758002CF3081F96042CF100902040404D405FC81E911000CF6D00EF0D022802846D00DC
:20B778003E0C14EFB70F01F034EF088F6E03DA003C02DA0114E037F081F134EF02846D00EC
:20B79800FB0D820848A440E46DFFB6FC370268F037F80880DA0F37F80485DA0037F8828CD1
:20B7B800089F6E03DA013C02DA0037F8818DDA0737F8048E89E8100948AF6CD9820009FF37
:20B7D800DE086E043BF01FF03C02DA0037F00900820109FFDC08EE0409FF56086E028211AD
:20B7F80037108104820109FFDA08EE0409FF56086E0282113710010508BF37F0020808CF81
:20B8180037F0020909FF580837F0020D09FF590837F0020E89E01409C8446D00D10089DE69
:20B83800840909FF5608DF0F8B00DA0189DF220849A4000A40C56DFF63F649A4040A49A56D
:20B85800000A6DFFAAF609FF150889DF210809DF21082CA8DA0089AF2708DA0189AF34088F
:20B87800DA0089AF0A09DA0089AF2A08DA0089AF2F08DA00ACAFDA0089AF230849E2241A23
:20B89800802F89AF0E09DA0089AF2D08DA0189AF3008DA0089AF2108DA0089AF2208DA00AF
:20B8B80089AF200809FF6C0889AF3A0809FFDC0889AFB80849D4140A49A5040A6DFF22F67B
:20B8D80009FF140889DF200809DF20082CA8DA0089AF2708DA0189AF340849E2102A802F14
:20B8F80089AF0A09DA0089AF2A08DA0189AF2F08DA0089AF0E09DA0089AF2D08DA0089AFD5
:20B918003008DA00ACAFDA0089AF2108DA0089AF2208DA0089AF2308DA0089AF200809FFAC
:20B938006C0889AF3A0809FFDA0889AFB80849D4080A49A5040A6DFFE5F53C04DA0089DF2C
:20B95800220840E440F56DFF49FE09EF5308960189EF13080090DA00344FDA00AC4DDA0082
:20B97800AC4EDA00AC4FDA00894F2C08DA00894FA008A00FEC4989458409DA002C48DA0039
:20B998002C49DA002C4ADA002C4BDA002C4CDA00894F1808DA00894F1908A00FEC4482FF22
:20B9B800894F140882FF894F1508DA00894F1608BB00C2FB9BEFC3F46C4A0090404CBD0CE1
:20B9D8003B00D4CFBCFF0CC409C85508C814088408C5A6F56DFF83F9C814088402856DFFA5
:20B9F800B0F9CCC2BCFF0CCC09C85508C814088408C5A6F56DFF73F9C814088402856DFF34
:20BA1800A0F9CCC4BD0F180009CF140809C85508C8140884370F68506DFF61F9C81408844B
:20BA380002856DFF8EF9D4F2D4F40C4408C0370F03F02C240090404FC812092FC0188FFFAE
:20BA58001FF13C01BBF0FF0F8920141940F46DFF92FC402C911000DF2E04821089C02008A3
:20BA78002E14821089C021082E24821089C022082E74821089C027082E34821089C02308FD
:20BA98002E44821089C024082E54821089C025082E64821089C026086E0D09CF4C186E04C7
:20BAB80040C46DFF0CFCDA0089CF300840F46D00A80009FF62086E3109F02008530022F0AC
:20BAD80010D2392F1E02370F61F18B0F20F25E1C530022F010D2530022F010D4394F1F02ED
:20BAF8009604E92F1F023C0109F02108530022F010DF39FF1E02370F61F18B0F20F25E1C92
:20BB1800530022F010DF530022F010D2392F1F029604E9FF1F023C010090404CD4C46D00E8
:20BB38001B00D4C2D4CF48BFC21F6C2B0090404CD4C46D006900D4C2D4CF48AFC21F6C2AE9
:20BB58000090DA01494F2808EE0382023C0282123C010090404CD4CFC81449CD041A094FEF
:20BB78004218370FE3F13C0109C088180BF080F1370F508054DFEE0A82003C0509411029A0
:20BB98003C01C2103F80FC7F3C2609C05A08FF900B80D4D502846DFF57FBD4DF01F800F60E
:20BBB800F4DF3C1909C05A08DA103F0F0C80D4D502846DFF35FB532820F0D4DF10FFF4DF6B
:20BBD8003C0AD4D502846DFF35FB534820F0D4DF10FFF4DF09CF8818A28F89CF881809CF83
:20BBF8008818EE0D09CF4C186E0440C46DFF74FBDA0089CF3008D4C46D0003000090DA0029
:20BC18006C4A00902008404C49CD3C0AD4CF09FF6208DF0F8802911000EFC814F4A46DFFB9
:20BC3800E2FA538221F03C0109F8210809F920084DC0E2FF370FE1F78B0F20A23C010D00E7
:20BC5800400300003C0109C08018BF20E60009C08018C2F0530822F010EF530822F010E248
:20BC7800B92F140237007000370F0EF0F9FF140209CF5A08FF9F10808200530822F010EF5F
:20BC9800530822F010E2392F1602370F83F2E9FF16023C2109C05A08DA103F0F1080821010
:20BCB800530822F010EF530822F010E2392F1602370F83F2E9FF16023C0E8220530822F00D
:20BCD80010EF530822F010E2392F1602370F83F2E9FF160254DFEE4049CF100A80FFB70FDB
:20BCF8001C007B0000FDFE014DC0E1FF16073C0149CF100A80F0B7000C0AB770030E7B0030
:20BD18000011E21FA2F03C0449CF100A80F0530822F010EF59F008028200821182225308B2
:20BD380022F010EF19F31002370303303713813137230434530822F010EF59F3100253089C
:20BD580022F010EF530822F010E2392F12029610E9FF12023C3A54DFB70F1C007B0000FD3A
:20BD78007E0F4DC0E1FF16073C0154D0B7000C0AB770030E7B000011E21FA2F03C0254D02D
:20BD9800530822F010EF59F00802820082118202530822F010EF19F31002370303303713F2
:20BDB800813137230434530822F010EF59F31002530822F010EF530822F010E2392F120216
:20BDD800B70F01F2E9FF1202D4AF49FF241A530822F010E280FF592F0C0282008211820280
:20BDF800530822F010EF19F31002370303323713813337230436530822F010EF59F31002D6
:20BE1800530822F010EF530822F010E2392F1F029604E9FF1F0209C08018530922F010EF45
:20BE3800530922F010E2B92F140237007000370F0EF0F9FF140209CF5A08FF9F10808200A9
:20BE5800530922F010EF530922F010E2392F1602370F83F2E9FF16023C2109C05A08DA1050
:20BE78003F0F10808210530922F010EF530922F010E2392F1602370F83F2E9FF16023C0EE8
:20BE98008220530922F010EF530922F010E2392F1602370F83F2E9FF160209CF0419EE40BD
:20BEB80049CF140A80FFB70F1C007B0000FDFE014DC0E1FF16073C0149CF140A80F0B700B8
:20BED8000C0AB770030E7B000011E21FA2F03C0449CF140A80F0530922F010EF59F00C0233
:20BEF800820082118222530922F010EF19F31002370303323713813337230436530922F077
:20BF180010EF59F31002530922F010EF530922F010E2392F12029620E9FF12023C3D09CF60
:20BF38000419B70F1C007B0000FDFE004DC0E1FF16073C0109C00419B7000C0AB770030E42
:20BF58007B000011E21FA2F03C0309C00419530922F010EF59F00C028200821182025309CC
:20BF780022F010EF19F31002370303323713813337230436530922F010EF59F31002530952
:20BF980022F010EF530922F010E2392F1202B70F81F2E9FF1202530922F010EF530922F08C
:20BFB80010E2392F1F029604E9FF1F02BBF0FFFFD4A4894F14196DFF16F9538221F060FF65
:20BFD8009140003F30F3D93F10683C01083F96022CF3D4A46DFF07F9538221F060FF914051
:20BFF800003F30F3D93F1068B04F3C01083F96022CF3D4A46DFFF7F8538221F060FF914014
:20C01800003F30F3D93F106849FF080A3C01083F96022CF3530922F010EF530922F010E2B4
:20C03800392F1F029604E9FF1F02534920F010EF534920F010E2392FC2819601E9FFC28106
:20C0580009CF8018BF2F2B00530822F010EF530822F010E2392F1F029604E9FF1F025348AD
:20C0780020F010EF534820F010E2392FC2819601E9FFC28109CF5C08EE094CC18200370F87
:20C0980001F0D4AF89FF20193C084CC18210370F01F0D4AF89FF20193C4054DFEE0C4CC13F
:20C0B8008210370F01F0D4AF89FF20194CC489FF24193C334CC18210370F01F0D4AF89FF36
:20C0D800201909CF5A08FF9F0C80D4DF09CF801810FF09FF7FF8D4AF89FF24193C1E09C08F
:20C0F8005A08DA103F0F0F8009CF8018C2FF532F20F0D4DF10FF09FFC008D4AF89FF241962
:20C118003C0C09CF8018C2FF534F20F0D4DF10FF54FFD4AF89FF241976A30D0000031D0039
:20C13800F10009CF8018BF1FED00C81E0CC7370F644209EF421816073C018B4F000109CFB7
:20C158005B085E12C2F009CF80187E02C2F009CF80180B0F80F1370F5080BF18D30009C01C
:20C178008018A28089C0801809CF8018EE0382113C02820109CF5B08DE12BF28110009CF5C
:20C1980080186E0D4DC0E20F3700E1078B0020923C010D00400300003C013C084DC0E20F0E
:20C1B8003700E1078B0020923C0109CF5B08DE14820089C01B0809CF5C08EE084CC18200F2
:20C1D800370F01F089EF20193C074CC18210370F01F089EF201954DFEE1E09C01009DF0194
:20C1F800130082013C0489E02419C2119AF83FF1FC7F4CC18211371F01F089EF201989E09A
:20C2180024193C08DA003C0489E02419C21F3F8FFD7F3C7409CF5A08FF9F2480DF01180076
:20C23800BF280800D4D59AF840E402F56DFF37F84CC18210370F01F089EF2019D4DF01F8D3
:20C2580000F609FF7FF889EF24193C06D4D540E402856DFF24F8D4DF01F800F6F4DF3C4E7F
:20C2780009C05A08DA103F0F2780DF011A00BF280800D4D59AF840E402F56DFFEFF74CC1FE
:20C298008210370F01F089EF2019C2F8532820F0D4DF10FF09FFC00889EF24193C0BD4D590
:20C2B80040E402856DFFDAF7532820F0D4DF10FFF4DF3C24DF011900BF280800D4D59AF8DB
:20C2D80040E402F56DFFDBF74CC18210370F01F089EF2019C2F8534820F0D4DF10FF54FFEC
:20C2F80089EF24193C0BD4D540E402856DFFC7F7534820F0D4DF10FFF4DF76930D00000353
:20C3180000902008404F49FD3C0AD4FC09FF801882404B0F0102F61909FF801882404B0FD8
:20C338000102370068F03C0909FF801882404B0F0102370068F0C21F370F688009FF5D0844
:20C358009E4B09F08018DA104BF00102F61909F08018DA104BF00102370068F03C0909F08E
:20C378008018DA104BF00102370068F0C21F42F8C2F83708688009CF6208DF0F1702911070
:20C3980000EF09C48409F4A46DFF2DF7538221F03C0109C9210809CA20084DC0E2FF370FC7
:20C3B800E1F78B0F20B23C010D00400300003C01530922F010E2530922F010E4B940140286
:20C3D80037800E00F92014028220530922F010E2530922F010E4394F1602370F83F2E92F7A
:20C3F800160254DFB70F1C007B0000FD7E0F4DC0E1FF16073C0154D0B7000C0AB770030E83
:20C418007B000011E21FA2F03C0254D0530922F010E259200802820082118202530922F099
:20C4380010E219231002370303303713813137230434530922F010E259231002530922F04D
:20C4580010E2530922F010E4394F1202B70F01F2E92F120209FF5D089E4DD4A249221C1A80
:20C47800530922F010E4802F594F0C02820082118202530922F010E2192310023703033227
:20C498003713813337230436530922F010E259231002530922F010E2530922F010E4394FBA
:20C4B8001F029604E92F1F0209FF801882404B0F0102F61909FF801882404B0F01023700AC
:20C4D80068003C0909FF801882404B0F010237006800C210530A22F010E2530A22F010E4A3
:20C4F800B94F140237007000370F0EF0F92F14028220530A22F010E2530A22F010E4394FEF
:20C518001602370F83F2E92F160209FF0419EE4049F2140A802FB70F1C007B0000FDFE014C
:20C538004DC0E1FF16073C0149F2140A8020B7000C0AB770030E7B000011E21FA2F03C043F
:20C5580049F2140A8020530A22F010E259200C02820082118222530A22F010E2192310027A
:20C57800370303323713813337230436530A22F010E259231002530A22F010E2530A22F0E3
:20C5980010E4394F12029620E92F12023C3D09FF0419B70F1C007B0000FDFE004DC0E1FF2E
:20C5B80016073C0109F00419B7000C0AB770030E7B000011E21FA2F03C0309F00419530A1D
:20C5D80022F010E259200C02820082118202530A22F010E219231002370303323713813303
:20C5F80037230436530A22F010E259231002530A22F010E2530A22F010E4394F1202B70F7A
:20C6180081F2E92F1202530A22F010E2530A22F010E4394F1F029604E92F1F02BBF0FFFF7A
:20C63800D4A4894F14196DFFDEF5538221F060F29140003F3023D93210683C010C23960204
:20C658002C23D4A46DFFCFF5538221F060F29140003F3023D9321068B0423C010C239602B7
:20C678002C23D4A46DFFBFF5538221F060F29140003F3023D93210684922080A3C010C23B4
:20C6980096022C23530A22F010E2530A22F010E4394F1F029604E92F1F02534A20F010E2BC
:20C6B800534A20F010E4394FC2819601E92FC28109FF5D08DF3F298009F08018DA103FF026
:20C6D800090009F0C608DA0F37F085F3ACF33C0B09F0C60809FF8018C2FF370F70F037F00F
:20C6F80085F3ACF309F08018DA103FF00700084FB70F01F02CF43C04084F96012CF4086F67
:20C7180096402CF63C2C09FF5D08DE1E09F08018DA103FF0090009F0C608DA0F37F085F336
:20C73800ACF33C0B09F0C60809FF8018C2FF370F70F037F085F3ACF3084F96012CF4086F6A
:20C7580096402CF63C0C084F96012CF4086F96402CF609FFC608B70F85F3ACF3530922F0E3
:20C7780010E2530922F010E4394F1F029604E92F1F02534920F010E2534920F010E4394F0B
:20C79800C2819601E92FC28109FF5D081E46481FD4AF89FF1C193C05481FD4AF89FF2019E8
:20C7B80076B30D0000033C010090913000FFD9FF300654F8370864F0EE0382023C096D0087
:20C7D8001E00370864F04B0F41F14BF251203C010090913000FFD9FF300654F8370864F2DA
:20C7F800EE0382023C096D000A00370864F24B0F41F14BF251203C0100906D00DA0091304C
:20C8180000FF39FF3106370F6402DA003E0CDA01BE0BDA02BE0EDA035F0F2100DA045F0FBE
:20C8380023003C26913000FF39FF0C16160FEE023C0A913000FF39FF0C16160F4B0F41F11B
:20C858004BF251203C177B0017F44BF251203C127B001FF44BF251203C0D7B0027F44BF2E5
:20C8780051203C087B002FF44BF251203C0382023C013C010090910000F6D9FF0C0454FF10
:20C898004B0F61213C010090913000FF39FF3706370F62F2EE06BB00C22B9BE2CB243C11B3
:20C8B800913000FF39FF3706370F62F25E19910000F6D9FF0C0454FF4B0F61213C028202BA
:20C8D8003C010090913000FFD9FF00066DFFDEFF09FF640816015E1A09FF6E08167FC21F95
:20C8F8004B0F41F14BF251203C2409FF6408370FE1F15E1EBB00C20B9BE0CB0409FF6C0830
:20C91800167FC21F4B0F41F14BF051203C1209FF6908370FE5F0C21F4B0F41F14BF2410084
:20C9380009FF6C08167FC21F4B0F41F14BF051203C010090913000FFD9FF00066DFFA6FF39
:20C9580009FF540816015E1A09FF5E08167FC21F4B0F41F14BF251203C2909FF5408370F9F
:20C97800E1F15E1EBB00C20B9BE0CB0409FF5C08167FC21F4B0F41F14BF051203C1709FF0A
:20C998005908370FE7F0C21F4B0F41F14BF2411009FF5C08167F921009FF5B08160FC21FF2
:20C9B800E2F04B0041F14BF151203C010090913000FF39FF3306370F62F282003E04821075
:20C9D8003E083C0ABB00C22B9BE2CB243C013C066DFFB2FF3C0382023C013C0100906DFFCA
:20C9F800E8FF913000FF39FF3106370F6402DA003E0CDA01BE0CDA02BE0FDA035F0F22007E
:20CA1800DA045F0F24003C27913000FF39FF3206160FEE0382023C0A913000FF39FF3206EB
:20CA3800160F4B0F41F14BF251203C177B001FF44BF251203C127B0027F44BF251203C0D15
:20CA58007B002FF44BF251203C087B0037F44BF251203C0382023C013C010090404F8208F4
:20CA780091000026D9220C0409FF1019742F6D00630402296D007404022A02946D00AF0244
:20CA98009130002F392F3046370FE1B19130002F392F304696089130002FE92F3046029458
:20CAB8006D006A0402A46D00C2023C019130002F392F3306370FE1F3EEFA9130002F392F84
:20CAD8003306B70F02F29130002FE92F33069130002F392F330696409130002FE92F330662
:20CAF8009130002F392F180696109130002FE92F18063C019130002F392F3706370FE1F3F0
:20CB1800EEFA9130002F392F3706B71F02F29130002FE92F37069130002F392F3706964006
:20CB38009130002FE92F37066D00C401A62802A46D004904DF08928102A46D0078023C0174
:20CB58009130002F392F1406370FE1F26EFA9130002F39201C0608AF37F007F09130002F9A
:20CB7800E92F1C069130002F39201B06088F37F004F09130002FE92F1B069130002F3920D5
:20CB98001906089F37F087F09130002FE92F19069130002F392F180696409130002FE92F9E
:20CBB80018069130002F392F1A06B70F01F09130002FE92F1A069130002F392F18069620BC
:20CBD8009130002FE92F18069130002F392F1A0696019130002FE92F1A069130002F392F88
:20CBF8001A0696049130002FE92F1A06BB70714B9B1485436D00BB013C019130002F392F1F
:20CC18001406370F61F16EFA9130002F392F1806B70F01F09130002FE92F18063C01913091
:20CC3800002F392F3306370FE1F3EEFA9130002F392F3306B71F02F29130002FE92F33066E
:20CC58003C019130002F392F3306370FE1F3EEFA48346D008C019130002F19203006485F70
:20CC780082F1C61F26F0485F4841261FA6F0DA0137F0020EDA0137F0010F9130002FD92214
:20CC9800300674203C019130002F392F3706370FE1F3EEFA9130002F19203406487F82F141
:20CCB800C61F26F0487F4861261FA6F0DA0137F0020EDA0137F0010F9130002FD9223406CD
:20CCD80074203C019130002F392F0316370FE1F3EEFA9130002F19200016489F82F1C61F7A
:20CCF80026F0489F4881261FA6F0DA0137F0010F9130002FD922001674203C019130002FA7
:20CD1800392F0F16370FE1F3EEFA9130002F19200C1648BF82F1C61F26F048BF48A1261F77
:20CD3800A6F0DA0137F0010F9130002FD9220C1674209130002F1920002648DF82F1C61FC4
:20CD580026F048DF48C1261FA6F09130002FD922002674209130002F1920042648FF82F1E8
:20CD7800C61F26F048FF48E1261FA6F09130002FD922042674209130002F192F082609F04D
:20CD9800041982F1C610260F09F0041909F100192610A60F9130002FD9220826742F02A46A
:20CDB8006D0011039100802F192F140209F00C1982F1C610260F09F00C1982F1C610260F04
:20CDD80009F00C1909F108192610A60F02946D0006019100802FD9221402742F02946D0016
:20CDF800CB02820C3C3702A46D0021013C019130002F392F1406370FE1F26EFA9130002FF8
:20CE180039201C0653CC20F0C8121022142F37F007F09130002FE92F1C0602A46D00D302D1
:20CE380053CC20F0C81210224C226E0953CC20F0C8121022092288092D02000053CC20F065
:20CE5800C8121022092402096D009100C21C370C68C014FF3FFCC9FF02A46D00E80091305D
:20CE780000FF39FF1806B70F01F3913000FFE9FF180602A46D00A70202946D00B000913095
:20CE980000FF39FF2C469608913000FFE9FF2C46913000FF39FF304637BF81F1913000FF83
:20CEB800E9FF304602946D00670202823C0100903B00288082096D003F02022A913000FF37
:20CED80039F01006B7008202913000FFE9F01006913000FF39F01206910000F6D9FF0C04A1
:20CEF80054F13B005AF29B6F02F04BF111229AF2370F68F037F005F0913000FFE9FF1206DD
:20CF1800913000FF39FF10069604913000FFE9FF10063C05C2F8F68382193C0D913000FF7B
:20CF380039FF10066F1FF87F913000FF39FF11066F0FF27F02A46D005200913000FF39FF2B
:20CF58002C469608913000FFE9FF2C46913000FF39FF30469608913000FFE9FF304602A4BF
:20CF78006D000A0202923C01009002486DFF21FD913000FF39FF3506160F4B0F41F14BF2CA
:20CF980051F03C014B8F41F04B0F71F185F110003C0185F01000A2103FF0FDFF00904DC072
:20CFB800E1FF16073C0153CF20F060FF9130003F30F3D93F004654FF2E179601B70F81F0A7
:20CFD800374F0EF174FF96019602375F10F874FF3C0154FF6F0FFF7F00904DC0E1FF1607DB
:20CFF8003C0153CF20F060FF9130003F30F3D93F004654FF2E1B8F2420F0960154F0370059
:20D0180070088F002100A60F74FF86248F2440F154F0370070088F002100A60F74FF3C0112
:20D0380054FF1601DF1FFE7F0090913000FF19FF30366F1F12008F2420F09601913000FF6B
:20D0580019F03036370070088F002100A60F913000FF59FF303686248F2440F1913000FF69
:20D0780019F03036370070088F002100A60F913000FF59FF30363C01913000FF19FF30361C
:20D098001601DF1FFB7F00904DC0E1FF16073C0153CF20F060FF9130003F30F3D93F004600
:20D0B80054FF2E1B8F2420F0960154F0370070088F002100A60F74FF8F2420F0960254F0F8
:20D0D800370070088F002100A60F74FF3C0154FF1601DF1FFE7F084F96082CF454FF2E1BDE
:20D0F8008F2420F0960154F0370070088F002100A60F74FF86248F3440F154F03700700862
:20D118008F002100A60F74FF3C0154FF6F0FFF7F0090913000FF19FF30366F1F12008F2472
:20D1380020F09601913000FF19F03036370070088F002100A60F913000FF59FF30368F24BC
:20D1580020F09602913000FF19F03036370070088F002100A60F913000FF59FF30363C0111
:20D17800913000FF19FF30361601DF1FFB7F913000FF39FF34369608913000FFE9FF3436B8
:20D19800913000FF19FF30366F1F12008F2420F09601913000FF19F03036370070088F00D2
:20D1B8002100A60F913000FF59FF303686248F3440F1913000FF19F03036370070088F00F8
:20D1D8002100A60F913000FF59FF30363C01913000FF19FF30366F0FFC7F00904DC0E1FFF2
:20D1F80016073C0153CF20F060FF9130003F30F3D93F004654FF2E1B8F2420F0960154F071
:20D21800370070088F002100A60F74FF8F2420F0960254F0370070088F002100A60F74FF49
:20D238003C0154FF1601DF1FFE7F084FB70F81F12CF454FF2E1B8F2420F0960154F0370094
:20D2580070088F002100A60F74FF86248F3440F154F0370070088F002100A60F74FF3C01C0
:20D2780054FF6F0FFF7F0090913000FF19FF30366F1F12008F2420F09601913000FF19F0B6
:20D298003036370070088F002100A60F913000FF59FF30368F2420F09602913000FF19F05A
:20D2B8003036370070088F002100A60F913000FF59FF30363C01913000FF19FF30361601CC
:20D2D800DF1FFB7F913000FF39FF3436B70F81F1913000FFE9FF3436913000FF19FF3036D4
:20D2F8006F1F12008F2420F09601913000FF19F03036370070088F002100A60F913000FF19
:20D3180059FF303686248F3440F1913000FF19F03036370070088F002100A60F913000FF96
:20D3380059FF30363C01913000FF19FF30366F0FFC7F00904DC0E1FF16073C0153CF20F09A
:20D3580060FF9130003F30F3D93F004654FF370F6EF18FFF83213C013C010090913000FFE1
:20D37800D9FF303654FF370F6EF18FFF83213C013C0100904DC0E1FF16073C0153CF20F0AA
:20D3980060FF9130003F30F3D93F004654FF2E1B8F2420F0960154F0370070088F002100FC
:20D3B800A60F74FF86248F3440F154F0370070088F002100A60F74FF3C0154FF6F0FFF7F38
:20D3D8000090913000FF19FF30366F1F12008F2420F09601913000FF19F03036370070088F
:20D3F8008F002100A60F913000FF59FF303686248F3440F1913000FF19F0303637007008B6
:20D418008F002100A60F913000FF59FF30363C01913000FF19FF30366F0FFC7F0090404F7E
:20D4380002486DFF9DFF022902946DFF00FEDA207FF80B8009FF082982100F801000A60F3C
:20D4580089FF08293C0B09F00C2982118FF801F10FF11010A61089F00C2902946DFFB3FF42
:20D478000090404F0248025FFF881F803BF0014040F46D001B0082108B0801100F10100017
:20D498005E1709FF0029A60F89FF00293C0809FF002982F1C610260F89FF00293BF0014058
:20D4B80040F46DFFBEFF0090404F02486DFF58FF022902946DFFBBFDDA207FF80D8009FFE0
:20D4D800082982100F80100082F1C610260F89FF08293C0D09F00C2982118FF801F10FF118
:20D4F800101082FFC6F1261089F00C2902946DFF6AFF0090404F6DFF74FA09FF4028161FCF
:20D51800C21F4B0F61F14BF251203C010090404F6DFF67FA09FF41281603C21F4B0F61F178
:20D538004BF251203C010090BF450B80C2C56F0405003B9000403C033B8000403C01DA046A
:20D5580003F40AF5534F20F0911000F8D9FFF48710FF54FF60F23C010090404F09FF0029DE
:20D5780037046800370F02F48210370F81F73BF0014040F46DFF9AFF89FF00293BF00140A2
:20D5980040F46DFF4EFF0090404F09FF002937046800370F05F08210370F81F73BF001409C
:20D5B80040F46DFF83FF89FF00293BF0014040F46DFF37FF0090404F024F6DFF12FA4B0209
:20D5D80071014BF011229AF28B3F20439A144BF0118240F46DFFC3FF02823C010090404FDC
:20D5F800024F6DFFFEF94B0271018F2000104BF111229A2206EFC2FF8BFF21F392114B1064
:20D6180011823B00D0129B1113107F810A80C21F8BFF21F392114B10110202083C013B9047
:20D63800D00306503F0808803B00D0029B1013007F80048082083C0540F402F46DFFA6FF86
:20D6580002823C010090404F09FF0029374F01F78210370F81F73BF0014040F46DFF26FFA2
:20D6780089FF00293BF0014040F46DFFDAFE0090DF0431004C418B8701000F041040A64F61
:20D698006C414C418230534720100F10000082F1C610260F6C414C41534720000F051050B7
:20D6B800A65F6C41766B4C41821053472010C2310F100000A60F6C413C0C4C418210534761
:20D6D8002010C2310F10000082F1C610260F6C413C0B4C4182108B8701100F10000082F1AA
:20D6F800C610260F6C410090404F3BF0014040F46DFFDCFE09FF4328968089FF03283BF0EE
:20D71800014040F46DFF8DFE820082013C0E3B0040F0E21F10F2392F4320370F61F23C0127
:20D738006E0382103C01C211BF81F3FFDF10EE7F0090404C405F8208C852D42D3C01C85279
:20D75800092E84093C01C85289C2840909C284090929480809FA0C0840D402946DFFA6FE13
:20D7780008E0534A20F010E2534A20F010E409414168370181018920016808F0534A20F005
:20D7980010E2534A20F010E4094F4268370F04F0892F026809F05008534A20F010E2534AF3
:20D7B80020F010E4094F4068370F02F2892F006809F05108534A20F010E2534A20F010E461
:20D7D800094F4068370F02F3892F00680810534A20F010E2534A20F010E4094F4168370F37
:20D7F80001F1892F016808D0534A20F010E2534A20F010E4094F4068370F02F0892F00688E
:20D8180009F05308534A20F010E2534A20F010E4094F4168370F02F0892F01680830534A2D
:20D8380020F010E2534A20F010E4094F4268370F81F2892F026814F0534A20F010E2534A10
:20D8580020F010E4094F4268370F01F2892F026809F05208534A20F010E2534A20F010E4BC
:20D87800094F4168370F04F2892F01688B0901F0370F684040D46DFF19FE082FEE084CE2CD
:20D8980082100FA01000A60F6CE23C094CE282100FA0100082F1C610260F6CE28B0901F007
:20D8B800370F684040D46DFFBCFD08B009C2000809E12049DA0F534220300F3F00F082F3CA
:20D8D800C63F26F189E1204909EF2049534220100F101000A60F89EF204909FFC6086E20F2
:20D8F80008B502946DFF22FE09F00C08DA010F0F10F089EF1049089009FFC6081421370F71
:20D9180068F037F108F0342F0C21370F82F12C210C2396022C230C2196042C213C0108FF73
:20D93800FF8F1A8008A008F109E23049DA0F534120300F3F00F082F3C63F26F289E2304921
:20D9580009EF3049534120100F101000A60F89EF30493C1B08A008F109E234493BF00030EA
:20D978009A81534F20F00FF3003082FFC6F3263289E2344909EF3449C281534120100F107B
:20D998001000A60F89EF344909FFC4086E2908A502946DFFCBFD08F0534020F010E45340B1
:20D9B80020F010E5395F03809680E94F0380BBF0FFFF89EF1449088009FFC4081421370F09
:20D9D80068F037F108F0342F0C21370F82F12C210C2396022C230C2196042C213C0140D4A6
:20D9F80002946DFF1EFD08FF2CC109FF0C0834CF02823C010090911000F8D9FFBC6749FFB2
:20DA1800000A4942000AA05644FF642FFC6E894594090090405F8208D4F2D42C084F3B009D
:20DA38004000E20F10C2D92D4020894D8409D4F2D422F44208498949080840C46DFF5CFD14
:20DA5800022A8B0901003700684040C46DFF2EFD09FF6F085E1B821409F5620809F6630813
:20DA7800820740D46DFF06FE3C08820482058206820740D46DFFFEFD09FF70085E1B821415
:20DA980009F55A0809F65B08821740D46DFFF2FD3C08820482058206821740D46DFFEAFDCB
:20DAB80009FF71085E1B821409F56A0809F66B08822740D46DFFDEFD3C08820482058206FF
:20DAD800822740D46DFFD6FD085F5F9F2300085F5389200091100028D922F3D70120002672
:20DAF800102214203C0109DF401882414B100122373F02F089DF001809D10019DA08824269
:20DB18004B2001220F3F00F0A6F189D100193C01DA0014D037F002F034DF09FF6E0814D08E
:20DB380037F002F234DF09FF6F08DF1F5D8049F21C0A09FF61086E2D09DF4428960489DF82
:20DB5800042809FF610809F05F0809D1002982123721811737F182163701041489D1002996
:20DB780009F05F08DA0FFE0409FF5E08821009D1002982123721811B37F1041889D10029F0
:20DB980009DF4428370F02F089DF04283C013C0709DF4428B70F01F189DF042809F05F08CD
:20DBB800DA0FBE0509FF5E0809F0600809D1002982123721811B37F1041889D1002909DF98
:20DBD8004428370F02F089DF04283C01142F6E03DA013C02DA0009D0452837F001F189DF4A
:20DBF80005283C0109FF7008DF1F5D8049F2140A09FF59086E2D09DF6428960489DF242829
:20DC180009FF590809F0570809D1202982123721811737F182163701041489D1202909F0D8
:20DC38005708DA0FFE0409FF5608821009D1202982123721811B37F1041889D1202909DF10
:20DC58006428370F02F089DF24283C013C0709DF6428B70F01F189DF242809F05708DA0F93
:20DC7800BE0509FF560809F0580809D1202982123721811B37F1041889D1202909DF642804
:20DC9800370F02F089DF24283C01142F6E03DA013C02DA0009D0642837F001F289DF242869
:20DCB8003C0109FF7108DF1F578049F2240A09FF69086E2D39CF04809604E9CF048009FFD2
:20DCD800690809F0670819C1008082123721811737F182163701041459C1008009F0670863
:20DCF800DA0FFE0409FF6608821019C1008082123721811B37F1041859C1008039CF0480CD
:20DD1800370F02F0E9CF04803C013C0109F06708DA0FBE0509FF660809F0680819C10080B0
:20DD380082123721811B37F1041859C1008039CF0480370F02F0E9CF04803C01142F6E0374
:20DD5800DA013C02DA0039C0048037F001F2E9CF04803C01085F7E93DA033C02DA0014D057
:20DD780037F002F034DF09F56C0840C402946DFF7AFB82013C36536120F010F209204A083C
:20DD9800534120F010D2534120F010D4094F6108370F03F0892F2108536120F010F2092F84
:20DDB80006094BAF41F04B0F7101C2E0DA1F7F0F0780DA104BF011228BF200008BF02F0313
:20DDD8003C01534120F010D2534120F010D4094F600837006800370F05F0892F2008C21193
:20DDF800BF21CBFF8B0901F0370F684040C46DFF18FB02823C010090911000F8D9FF94779E
:20DE180049FF000A4942000AA0C644FF642FFC6EDA002C44F4450C442C45DA00894F2C0833
:20DE38000090405C8208D4CDF44D6DFF85FA022F02F46DFFD4F8820074D002F46DFF9CFA2A
:20DE580009C45D0840D46DFF00FC4CC54B0F714140D46DFFC6FBF62382123C634CC44B0FE8
:20DE7800714140D46DFFA9FB40D46DFF45FB82013C34536120F010CF0880534120F010D250
:20DE9800534120F010DF09FF6128370F03F0892F2128536120F010CF481F4B2F41F04B0FFD
:20DEB8007101C2E0DA1F7F0F0780DA104BF011428BF400008BF02F033C01534120F010DFB4
:20DED800534120F010D2092F602837006800370F05F089FF2028C211BF21CDFF09CF5C087F
:20DEF800DE1E82093C178B09014040D46DFFDEFA3B0040F0E29F10DFD9FF4020DA0314F00F
:20DF180037F002F034FF8B09014040D46DFF89FAC219BF89EAFF40D46DFFE8FB02823C0195
:20DF38000090404FF4F5BB0068F99B8FB9F46CF540546DFFEEFA68426DFF53F56862DA0083
:20DF58002CF83BD07BF39B6F58F36CF1DA002CFE3BD07BF39B6F58F389FF0A09DA0089FF8B
:20DF78001C08DA0089FF1D080090C2F437045040D44F094FC40810FF14FF345FB015094FB4
:20DF9800C408C21FAC42094FC4080940C6083F0F0480DA00AC42FF14EA7F40523C0100901E
:20DFB800C2F437045040D44F094FC40810FF145F34FFB015094FC408C21FAC42094FC408F0
:20DFD8000940C6083F0F0480DA00AC42FF14EA7F40523C0100904DC0E2FF370FE1F78B0FF7
:20DFF80020023C010D00400300003C018C423C010BF480F1370F50108C4B4BF10122A231F3
:20E0180037015020DA00894F1808A2248C4A0BF480F1894F060976030D0000033C01009025
:20E038004DC0E2FF370FE1F78B0F20023C010D00400300003C01094184083C018C4AA21F8C
:20E058000BF480F1370F50108C4B4BF10122A23137015020DA00894F1908A2248C4A0BF473
:20E0780080F1894F0A0976030D0000033C010090025FC234B7040200370050808BC8010067
:20E098008B8000406D00E81EBC2640240B8F10486D0032003C0100904DC0E2FF370FE1F7FA
:20E0B8008B0F20123C010D00400300003C018C4212508940840809408E088C420BF0A0F1F4
:20E0D800AC47094F06096E0F094F0609A25F894F0609094F06094EF7DA00894F0609DA01BA
:20E0F800894F180876130D000003A254370450203C010090C234B70402F0370F5000DA00F6
:20E11800894F1808DA01894F1908804F8BCF01F0C27FB70F03F0744FDA00AC42DA00AC47AF
:20E13800DA00894F0A09894F0609DA00AC49AC48894094088945960840423C010090200810
:20E15800404F405C02488209DF08D400D4F2F4A288AFACA3888FACA291100028D922382881
:20E17800092040090B0610F10B1780F2EE0891100028D9223828092A40093C264DC0E2FF89
:20E19800370FE1F78B0F20F23C010D00400300003C0185F010008203020285F12C008200A1
:20E1B800A620A6313C0191100028D922382809224009262026316E030D0000033C010B600F
:20E1D80040A00B7150B03C0140F402846DFF05FF022F6E0E49A4000A40C502F46DFFC7FE94
:20E1F800402C40F40B8F10486D0087000228DF09388091100028D9223828092040090B0A0C
:20E2180010F10B1B80F2EE03DA003C284DC0E2FF370FE1F78B0F20F23C010D0040030000D9
:20E238003C0185F010008203020285F12C008200A620A6313C0191100028D922382809222E
:20E258004009262026316E030D0000033C010BA050F10BB100F20B1B90F23C016E05DA0036
:20E2780089FF06093C43DF0840003C0109FF5808EE3791100028D9223828092040090B0AD4
:20E2980010F10B1B80F2EE03DA003C284DC0E2FF370FE1F78B0F20F23C010D004003000059
:20E2B8003C0185F010008203020285F12C008200A620A6313C0191100028D92238280922AE
:20E2D8004009262026316E030D0000033C010BA050F10BB100F20B1B90F23C016EC809FFC5
:20E2F80058088B0F0092DF0871FF09AFC408ACF802823C0100904DC0E2FF370FE1F78B0F04
:20E3180020023C010D00400300003C018C42A25FAC42094F0A096E0F094F0A09A25F894F10
:20E338000A09094F0A094EF7DA00894F0A09DA01894F190876030D000003A254370450203F
:20E358003C0100902008404F405C02488209DF08D400D4F2F4A288AFACA3889FACA29110FD
:20E378000028D9223828092040090B0610F10B1780F2EE0891100028D9223828092A400954
:20E398003C264DC0E2FF370FE1F78B0F20F23C010D00400300003C0185F010008203020273
:20E3B80085F12C008200A620A6313C0191100028D922382809224009262026316E030D0094
:20E3D80000033C010B6040A00B7150B03C0140F402846DFF27FE022F6E0E49A4000A40C5ED
:20E3F80002F46DFFDFFD402C40F40B8F10486DFF55FE0228DF09388091100028D922382888
:20E41800092040090B0A10F10B1B80F2EE03DA003C284DC0E2FF370FE1F78B0F20F23C01A0
:20E438000D00400300003C0185F010008203020285F12C008200A620A6313C019110002862
:20E45800D922382809224009262026316E030D0000033C010BA050F10BB100F20B1B90F238
:20E478003C016E05DA0089FF0A093C43DF0840003C0109FF5908EE3791100028D9223828CA
:20E49800092040090B0A10F10B1B80F2EE03DA003C284DC0E2FF370FE1F78B0F20F23C0120
:20E4B8000D00400300003C0185F010008203020285F12C008200A620A6313C0191100028E2
:20E4D800D922382809224009262026316E030D0000033C010BA050F10BB100F20B1B90F2B8
:20E4F8003C016EC809FF59088B0F0092DF0871FF09AFC408ACF902823C0100908F841EF00A
:20E518008F0F0801B70408FC3704E81BB71F812BDA7F7FF1048082020090DA967F1F0480CA
:20E5380082023C068B6109F1325F0FF200203702502076043252370250200090B70408FCC6
:20E558003704E80BB71F811BDA7F3FF00580DA967F0F0480820200908B6009F1325F0FF1EA
:20E57800001037016820009091200048D94438C81D0002008208404F8209820A820BC81C4D
:20E59800C82D483C09FF1001DF1F238080CF160180D08F100001FE046E04C2FC04DF24CFD2
:20E5B80076CF8F3C00018FEC1FF06E0902F140D2C2F16014442164C1FC4E90DD020CDF0CCB
:20E5D800E07FC2FC60C204DF24CFFC2E3CD9DE2580CF2E03C2FC24C9DF0CD37F8F3C00F1A8
:20E5F80006EC76C5C2FC60C264CAFC2F6EC9C2FF60F224CBFC2F3CC48F0F1F00DF002E006F
:20E618008F3F0001DF102B8080CF8F3F00D180DF1603FEDB76DB02D440C440D56D00540039
:20E6380001CD00C601DD00D6A2DC76CF8F3C00018FEC1FF06E0902F140D2C2F16014442159
:20E6580064C1FC4E90DD020CDF0C9B7F02C440C440D56D0039003C9400901603DF2F91FF17
:20E6780080CF16036E0702F440C46D00160010CCA2FCDF0C867F8F3C004106EC76C5C2FCC7
:20E6980060C264C8FC2FDF047C7F40C46D0005001DFF77FF00903BF00F00804F1603063F0C
:20E6B8000FF0100082FFC6F0C2F4604F804FB70F02F060F2B014542F260F742F7700000424
:20E6D800FCF60090804F16033BF00F008F3F00100F10100082F1C610C2F4604F8041B7014A
:20E6F8000220095101008F3F0030B0140F3110106022C21F542216032602A6127422770084
:20E718000004FDF0ED7F0090910000F6D9FF1404D4F291200056D955C08901240046015479
:20E7380020F4EE0891200056D955C08A014530F4EE0482FF60F20090F4F40090DA034BF4E5
:20E7580011023B40CEF03F0F048082023C113B8006F13FF005803B4006203C0A1BC031FF5A
:20E77800534F26F03B4038004B0F11223C010090207049A4000A9120005F6DFFD4FBDA010F
:20E7980089AF1D0891000046D944043449A5000A6DFF49FB49A4200A91000056D9550434CC
:20E7B8006DFF2CFBDA0089AF2408DA0089AF2508DA0189AF0F18DA0189AF001891000046F5
:20E7D800D944302449A5200A6DFF26F949A4141A91000056D95530246DFF0FF9DA0489AFFF
:20E7F8002018DA0489AF2318DA0189AF171891000046D944282449A5141A6DFF9CF791004A
:20E8180000F6D9FF28248210C81209228409081F534F2010012100F6534F20F01022392F45
:20E838000380370F01F0E9FF0380910000F6D9FF0034DA0074FF910000F6D9FF3C24DA0022
:20E8580074FF910000F6D9FF0834DA00B4FF49A42C1A6D007600DF02230009AFEC183B40B4
:20E87800CE00E20F3BF0FF004B0F1102910000F6D9FF3C2474F0910000F6D9FF083453B069
:20E8980020F03B803E004B0F1102B4F0910000F6D9FF083409F4C0086D00F8410090200888
:20E8B800910000F6D9FF003491000026D9220034542FC21F74FF910000F6D9FF003454F019
:20E8D800DA0A4BF0110276123C3A49A4000A6D003800F6223C3409AFC0083B40CE00E20F12
:20E8F8003BF0FF004B0F1102910000F6D9FF3C2454FFA2F0910000F6D9FF3C24910000264F
:20E91800D9223C24542F86C0420F74FF910000F6D9FF083491000026D9223C24542F53BFB5
:20E9380020F03B803E004B0F1102B4F0910000F6D9FF083409F4C0086D00A84100909100CE
:20E958000026D9222824DA00CC21C81F09200008A6F089F010293B007D00910000F6D9FFF4
:20E978002824C81209228409081F534F20F0102F19F100A03C013C01C2F03701E1FFEE03AA
:20E99800FF10EDFF3701E1FFEE0382023C08370170F0B70F14F6B44F82123C010090405C2B
:20E9B800DA003C0B104F91100028D922F3E710220920000834F0C21F3B8001003F0FF4FFBC
:20E9D800DA00894F17086D001700DA003C0CBC27102F09F00008370068003C02820010CF47
:20E9F80034F0C21F3B8001003F0FF3FFDA0089CF1708009091000028D922C08709200008F1
:20EA1800DA53FE0109200108DA427E0D09200208DA4C7E0909200308DA467E0509200408ED
:20EA3800DA573E03A0023C023C010090145F344F0C512C41DA003C07104F1052092042088E
:20EA58002820C21FBF4FFAFFDA003C07104F1052092006082860C21FBF4FFAFF494F0A0A3D
:20EA780009508A08370070F016FF34FF370070F0868F16FF2C4B494F0C0A09508C083700AA
:20EA980070F016FF34FF370070F0868F16FF2C4D89440E080090DA70344F89440108DA008C
:20EAB8003C07104F1052092000082820C21FBF4FFAFF82003C17534020F0104F49FF060AAA
:20EAD800534020F0106254218FF10FF134FF370168F42CF1370168F82CF2370168FC2CF3BF
:20EAF800C210BF40EAFF894516080090404C405D40D46D00A4007CC382023C54911000582E
:20EB1800D955CEF7824440C46D002A1A762382023C490CC41E1382023C4549C2120A142F5D
:20EB380009C053088F802000A60F3C013B20014040C46D00DA2E3E2382023C34DA003C0CEC
:20EB580010D210CF08608920020810D210CF08A089200608C21FBF4FF5FF49CF0E0A14F08A
:20EB78000CCF8F8F20F0A6F0370050F03C01ACD549CF100A14FF09C051088F802000A60F5E
:20EB9800370F50F03C01ACD640D46D009800F62640D46D00540082023C05DA012CD18212DD
:20EBB8003C010090404C405D91100058D955CEF7824440D46D00E11914CF2CD40CC12CD569
:20EBD800DA003C0710D210CF082089200608C21FBF4FFAFFDA003C0710DF10C20920060863
:20EBF80028A0C21FBF4FFAFF49DF0E0A09C08A08370070F016FF34FF370070F0868F16FF12
:20EC18002CDF49DF100A09C08C08370070F016FF34FF370070F0868F16FF89DF11083B20B6
:20EC3800014040D46D00612E49DF120A8FF20FF134FF868289D213080090DA01344FDA002D
:20EC58002C41DA003C0D104F91100028D922CAF7102214202820104F82102860C21FBF4F12
:20EC7800F4FF3B803EF0AC45DA30AC460090BC43BC527C6382023C21144FBF4F04808202DD
:20EC98003C1C404FB01F14F00C428F8F20F0A6F0370050F03C013B401F007FF004003B4054
:20ECB8001FF03BC0E00F7F0F04003BC0E0FF14403450B46F82123C0100907C4382023C32CA
:20ECD8008C453B4006003F0F07008C453B8038017FF0040082023C268C463BE001003F0F1B
:20ECF80007008C463B800C007FF0040082023C1ADA003C14104F09F00608DF100900104F28
:20ED180009F00608DFF0040082023C0C104F0820BF40048082023C06C21FBF4FEDFF8212F6
:20ED38003C010090BC44BC53DA0C3E4382023C2BDA003C0B105F104214202820105F10426E
:20ED5800092044082860C21FBF4FF6FF494F080A14F00C498F8F20F0A6F0370050F03C013F
:20ED7800AC55494F0A0A14F00C4B8F8F20F0A6F0370050F03C01AC56DA01345F40546DFF8B
:20ED98009EFF3C010090202849A4000A6D00150149A4000A49A5140A6DFFAAFE76289110D9
:20EDB8000048D944D2F76D00103F3C0791100048D944EEF76D00093F49A4140A6D00C743EC
:20EDD800910000F6D9FF3C34DA0034FF910000F6D9FF0C34DA0034FF0090201049A4000ADC
:20EDF8006DFF2DFF49A4000A6D00B1436D003000822449A4000A6D00B60200902028404F45
:20EE1800024F49A4000A6D00904349A2040A49A4140AA03544206440FC5E49A5140A40F4D7
:20EE380002F46DFF81FFF6246D0012003C0FDA0289AF150849A4140A6D0089436D0008000A
:20EE5800821449A4140A6D008E020090203849A4240A6D006A43DA0534AFDA232CA1DA0F6A
:20EE78002CA209AF6908EE0382043C02821449A4030A49A5280A6DFFDBFD49A4000A6D0076
:20EE9800724000906D00D001910000F6D9FF3C3414FFEE023C4D6D000C0276246D004A00B3
:20EEB8003C476D00F633910000F6D9FF3C34485FA2F2CE223C3D910000F6D9FF3C3414FFCC
:20EED8005E2E6D0041007628910000F6D9FF3C34DA0034FF3C036D002D003C2A9100004650
:20EEF800D9443C34B0446D007900762382183C028228910000F6D9FF0C3414FF6E0E9100B9
:20EF18000046D944103402846D004602910000F6D9FF0C34DA0034FFDF180980910000F644
:20EF3800D9FF3C34DA0034FF3C036D0003000090910000F6D9FF3C346D00AB331B421FF09F
:20EF58006CF500906DFFF8F1022F02F46DFF47F002F46DFF11F20D004003BB0000FE9B1F61
:20EF7800F0FA9110F0FAD9FF909A9110F02AD922989A9110F04AD944A8AA9110F05AD955B7
:20EF9800A8AA74FFDA01742FDA80744FDA50745F0D0080046D006900022F0D0000036DFFE8
:20EFB800CBF1022802846DFF1AF002846DFFE4F102F23C010090DA003C0B104FBB00000E86
:20EFD8009B10F00A42F06002142034F0C21F3B4001003F0FF4FF009091000056D9552834E9
:20EFF8006DFFE2FD6DFFA8F1022F02F46DFFF7EF02F46DFFC1F10D004003BB0000FE9B1F59
:20F01800F0FA9110F0FAD9FF909A9110F02AD922989A9110F04AD944A8AA9110F05AD95516
:20F03800A8AA74FFDA01742FDA80744FDA50745F0D0080046D001900022F6E0891000046C6
:20F05800D94428346D002F00022F0D0000036DFF73F1022802846DFFC2EF02846DFF8CF136
:20F0780002F23C0100906D0014338B820C803C106DFF62F1022F02F46DFFB1EF02F46DFFCA
:20F098007BF16D000633A2820E2382023C0A910080FF39FF1002370FE1F0EEEB82123C010C
:20F0B80000902008404C82083C2382003C10DA0803F80A10DA147FF1068001C100F614FF97
:20F0D8003C02DA0001A000F634FFC210BF80F1FFDA08BB00000E9B10F00A03F80A4049A4B3
:20F0F800000A6D001E00F62382023C19C218BF38DEFF82003C0FBB0000FE9B1FF0FA420F48
:20F1180060FF14F101C000F614FF3E1382023C07C210DA143FF0F1FF82123C010090024807
:20F13800404FDA006E019100F02AD9225455DAFA742F0D0080049100F02AD9225455B7087A
:20F1580018007B0000FA7E05DA50742F82003C0EB70818007B00F0FA7E05DA5D742F8200D3
:20F178003C050D00800482103C018B00002276236DFF7BFFDF024C0014F0081F8F8F00F044
:20F19800A6F0082F8F0F01F0A6F0083F8F8F01F0A6F03C0140F2B0421421085F8F8F00F06E
:20F1B800A6F1086F8F0F01F0A6F1087F8F8F01F00FF1A0303C0176819100F0FAD9FF707531
:20F1D8008202820502040F42A0000F53A01089F040090D0080049110F0FAD9FF909A911082
:20F1F800F02AD922989A9110F04AD944A8AA9110F05AD955A8AA74F8DA00742FDAA0744FD5
:20F21800DAAA745F0D0080046DFF2FFFDA006E019100F0FAD9FF5455DAFA74FF0D00800437
:20F238003C0100902018910000F6D9FF0C3414FF6E0E91000046D944103482246D00AC008C
:20F25800910000F6D9FF0C34DA0034FF49A4000A6D00453DF6223C2B0CA1EE2449A4020ACD
:20F278006D005500910000F6D9FF3C3414FFDE14910000F6D9FF103449A2000A49FF000AF6
:20F29800A054442F64FFFC4E910000F6D9FF0C34DA0134FF3C0C49A4000A82246D007C00C7
:20F2B8003C0649A4000A82046D0076000090202849A4000A6D00403F82003C09532020F08F
:20F2D80010AF94FF6E0382123C20C210BF40F8FF49A4200A49A5220A49A6240A6D00CA40D6
:20F2F80009AFA008EE0409AFA2086E0382123C0D49A40C0A6D00C53D8CA6EE038CA76E03BB
:20F3180082123C0382023C0100902028404C49A4000A6D000A4149AF040A49A2140AA0344B
:20F3380044FF642FFC4EDA003C0810AF10C20920000889F01A08C21FBF4FF9FF49A4140A28
:20F358006DFFBDFCF6223C0DDA0189AF150849A4140A6D00FC40821449A4140A6D0003001A
:20F378000090910000F6D9FF3C3434F4910000F6D9FF3C344942000A49FF040AA034442FED
:20F3980064FFFC4E910000F6D9FF3C346D0081316852009020280245DA0534AFDA222CA156
:20F3B800DA172CA249AF030A094441084045B0254046B06640F46DFF70FB49A4000A6D0076
:20F3D800D23D0090404F024F6D003D00022440F402F56D003B0002246D0004003C0100908F
:20F3F80082F2C6423C010090910000F6D9FF544414FF6E023C2682013C1A021082023C0C19
:20F418006F00090006F0BB0032F89B8FDBFEC6F03C0206F0C212BF82F5FF534120F0910056
:20F4380000F6D9FF144410FF74F0C2113B0010F03FF1E5FF910000F6D9FF5444DA0134FFF4
:20F45800009082F23C0100900248404F02596DFFCDFF82003C1101F00026142FC68F16FFC4
:20F47800534F20F091000026D92214441022542F0688C6F8C2103F90F0FF02823C010090D6
:20F49800910000F6D9FF180454FFEE3B91000046D944584491200058D95529086D001601E1
:20F4B800910000F6D9FF584449F4200A91200058D95509186D000A01910000F6D9FF584407
:20F4D80049F4001A91100058D955E8376D00E200910000F6D9FF584449F4201A91000056CF
:20F4F800D9555844910000F6D9FF584449F6200A6D002B01910000F6D9FF1804DA0174FF64
:20F5180091000026D92258443C010090D9AAF02F404F405C406D024FBCF4BCC37CD46E03FD
:20F5380082F23C6949A4000A40F56D00FD03762382F23C6149C4200A91200058D9550908D8
:20F558006D004105F62382F23C56D9A400A06D00712CD9A400A03B00024040C56D007B2CE7
:20F57800D9A400A03B00024040F56D00742CD9A400A040D502F46D006E2CD9A400A0D9A5CD
:20F5980000806D00F82BD9A40090D9A500806D00320549A4002AD9A5009049A6000A6D0009
:20F5B8006C036DFF6FFF49A4004A49C5200A40266D00630349A4002A49A5002A6D002F0374
:20F5D80049A4006A49A5004A49A6002A6D008802D9A4209049A5006A6D008003D9A42090D2
:20F5F8003B00024040C56D00BB14F62382023C0282F23C010090404C820782043C1C53448F
:20F6180020F0105F54FF820102F0534420F0106F54FF820302F20B2040000B31501082030D
:20F6380002720B2040600B315070534420F010CF74F6C214DA083FF4E47FDF0727008205A5
:20F658000274FB6002606DFFEDC454CF820102F00B0240000B13501074C082123C12534234
:20F6780020F010CF54FF820502F4820702160B6440000B755010534220F010CF74F0C212C7
:20F698007614DA083FF2ED7F40C46D00530100903B0002406D0071140090820082023C0CA7
:20F6B800534220F0104F54F1534220F0105F54FFC6F1A610C212DA083FF2F47FF60382122E
:20F6D8003C0282023C01009082013C1F534120F01042534120F0105F14F0534120F0105F85
:20F6F800081F8F8F00F0A6F0534120F0105F082F8F0F01F0A6F0534120F0105F083F8F8F40
:20F7180001F0A6F07420C211DA083FF1E17F6D001101009091100068D966F4B76D00C8003A
:20F738000090820082013C07534120F0104F54FFA6F0C211DA083FF1F97FF60382123C02C5
:20F7580082023C0100902060404C405D406E49A4000A82043B0004506D00411482083C480D
:20F77800D2000B0110A882093C24534820F010DF54F48205534920F010EF54F682076DFF9D
:20F7980051C41A98534F20F010AF54FF820102F00B0240000B1350100BA040000BB150107F
:20F7B8001A98534F20F010AF74F0021A820BC219DA083FF9DC7F8B8800003C12534020F0AD
:20F7D80010AF54FF820302F20BA240200BB35030534020F010AF74F2023A820BC210BA0A14
:20F7F8008B0B00F4EE04DA103FF0EA7FC218DA083FF8B87F8209820A3C228B8A00F0534FAD
:20F8180020F010AF54F48205FB6002606DFF0AC4534A20F010AF54FF820102F00B024000BA
:20F838000B135010820302920B2040800B315090534A20F010AF89F80019C21ADA083FFA15
:20F85800DE7FDF092A0082050294FB6002606DFFE9C35810820102F00B0240000B13501087
:20F8780089A0001982123C14534220F010AF09FF0019820502F4820702160B6440000B7578
:20F898005010534220F010AF89F00019C2127614DA083FF2EB7F49A5001A3B00024040C496
:20F8B8006D006B1340C46D00450000902040404F405C406D820849A4000A91100058D9551F
:20F8D800E8376DFFE7FE49A4200A40C56DFFE2FE82793C273BF001A03C21768749A4000ABD
:20F8F80049A5000A6D009700534920F010D2542F570F61FA6E12768A49A4000A49A5000AB3
:20F9180049A6200A6DFF21FF3C0849A4000A49A5200A6DFFBFFE8218C2FAFF0AE07FC2F935
:20F93800FF09DA7F49A5000A40F46DFFB3FE00902020404C82083C6B8204820082713C241D
:20F95800534120F010CF54F2534120F0911000F8D9FFC84710FF54F37F23048082103C1642
:20F97800534120F010CF54F2534120F0911000F8D9FFC84710FF54F37F32048082003C0633
:20F99800F6128210C2F1FF01DD7FF6023C4282033C33534320F010CF54F0534320F091102C
:20F9B80000F8D9FFC84710FF54F1A210A2408201534320F010CF54F2534320F0911000F8DB
:20F9D800D9FFC84710FF54FF3FF21080764F534320F010CF54F2534320F0911000F8D9FF5E
:20F9F800C84710FF54FF7E2282110214534320F010AF74F0C213DA083FF3CD7F49A5000A3F
:20FA18003B00024040C46D00B812C218BF38967F009040566DFF99FE009020208200820132
:20FA38003C20F6143BA0FD2F3C0282F2534120F010AF534120F01062542F5AF2A20F74FF23
:20FA58008203534120F0106F54FF3FF208807607534120F0106F54FF7E2282130230C211AD
:20FA7800DA083FF1E07F49A6000A6DFFC6FD00902020404C49A4000A6DFF0CFE49A4000A15
:20FA98006DFF58FF82003C27534020F010CF534020F010A2542F34FF534020F010CF534004
:20FAB80020F010A2542F068F2CF1534020F010CF534020F010A2542F8F0F1FF02CF253407F
:20FAD80020F010CF534020F010A2542F8F8F1EF02CF3C210DA083FF0D97F009049AA00BA84
:20FAF800404F405C406D49A4004A49C5200A40C66DFF95FF49A4204A49D5200A40D66DFF80
:20FB18008EFF49A4000A49A5004A49A6204A6DFF1CFE49A4004A49C5200A40C66DFF6DFDE7
:20FB380049A4204A49D5200A40D66DFF66FD49A4200A49A5004A49A6204A6DFF06FE49A424
:20FB5800004A49C5201A49D6201A6DFFFEFD49A4001A49A5004A91100068D966C8376DFF49
:20FB7800F4FD49A4001A49A5001A49A6001A6DFF44FD49A4004A49C5001A49D6001A6DFFB3
:20FB9800E4FD49A4201A49A5004A49A6004A6DFF34FD49A4002A49A5200A49A6000A6DFFA3
:20FBB8003EFF49A4202A49A5201A49A6001A6DFF36FF49A4003A49A5201A49A6001A6DFF23
:20FBD8001CFD49A4203A49A5200A49A6000A6DFF14FD49A5002A49A6202A40F46DFFB5FD7C
:20FBF80049F4200A49A5003A49A6203A6DFFADFD49F4201A49A5002A49A6203A6DFFA5FD19
:20FC180049F4001A49A5202A49A6003A6DFF9DFD009040566DFF64FF00902020404F405C1E
:20FC380049A4000A91100058D955C85740C66DFFF6FE49A5000A40F46DFF2CFD49F4200AE1
:20FC580049C5200A6DFF26FD49F4001A49C5001A6DFF20FD49A4000A91100058D955C85780
:20FC780049C6201A6DFFDBFE49F4201A49A5000A6DFF10FD00902080404D405F406C49A401
:20FC9800000A6D007F01DA1F3C1C82783C1749A4000A49A5000A6DFFBEFF10F214200281E6
:20FCB80032510F1010006F00090049A4000A49A5000A40C66DFF14FFC2F8FF08EA7FC2FFA3
:20FCD800FF0FE57F49AF000A49D2000AC5041F0044FF642FFC4E00902060404F405C49A443
:20FCF800000A49C5001A6DFF17FD49A4200A49A6000A40C56DFF29FD49A4001A49C5200A54
:20FD180049A6000A6DFF21FD49A5001A40F46DFFB1FE09F05F0858081601067FA6F089F086
:20FD38001F08009049AA00BA404C095F5F088F9F3F80820949A4004A3B0002406D001D1125
:20FD580009AF5F48167F89AF1F4849A4000A49A5004A6DFFBBFC82703C21534020F010AFF5
:20FD780054F1534020F0911000F8D9FFC84710FF54FF7F1F048082193C13534020F010AF33
:20FD980054F1534020F0911000F8D9FFC84710FF54FF7FF103803C04C2F0FF00E07F769434
:20FDB80082F21D00EE0049A4001A49A5000A6DFF32FE49A4001A49A5001A91100068D966BA
:20FDD800E8376DFF2CFE49A4201A49A5000A6DFF22FE49A4201A49A5201A91100068D96614
:20FDF800C8376DFFB2FC49A4201A49A5201A91100068D966E8376DFF00FC49A4002A49A5AF
:20FE1800201A6DFF08FE49A4002A49A5002A49A6201A6DFF9AFC49A4202A49A5002A6DFF09
:20FE3800FAFD49A4202A49A5202A49A6201A6DFF8CFC49A4003A49A5001A49A6202A6DFF53
:20FE580084FC49A4200A49A5003A91100068D966D4B76DFF2DFD49A4200A49A5200A49A644
:20FE7800002A6DFF72FC49A4200A49A5200A49A6001A6DFF6AFC49A4203A49A5200A6DFF91
:20FE9800CAFD49A4203A49A5203A49A6201A6DFF5CFC49A4203A49A5001A6DFF00FCDF026F
:20FEB800388049A4204A91100058D955C85749A6001A6DFFB4FD49A4203A49A5204A6DFFA4
:20FED800EEFBDF02240049A4200A49A5200A91100068D966E8476DFF38FC49A4203A49A5A1
:20FEF800200A6DFF98FD49A4203A49A5203A49A6201A6DFF2AFC49A4203A49A5001A6DFFBA
:20FF1800CEFBF62382F23C3C3C0382F23C3949A4200A6DFF08FC7624768382F23C31580878
:20FF38001601BE8149A4204A91100058D955C84749A6200A6DFF73FD49A4200A49A5204A62
:20FF58006DFFA8FB49A5200A40C46DFFA3FB49C4200A49A5000A6DFF9DFB49C4001A911059
:20FF78000058D955E8376DFF95FB49C4201A49A5200A49A6000A6DFFE8FB82023C010090D0
:20FF9800404F91100058D955C85740F46DFF82FB49F4200A91100058D955E8376DFF7AFBC9
:20FFB80049F4001A91100058D955E8376DFF72FB49F4201A91100058D955C8576DFF6AFB25
:20FFD8000090DA1F3C12104F14F0105F14F17F10048082123C0E104F14F0105F14F17F0113
:08FFF800048082023C06C2FFF6
:02000004800179
:20000000FF0FEF7F82023C0100902040404C405D49A4000A82043B0002506D00EC0F3BF0ED
:2000200003803C7F82793C7A820001D800F614F1029232520F2110108F11001182023C1092
:2000400001A200F614FF869F160101A200F601A2002614238613A63034F002F0C212DA20CC
:200060003FF2F07F14AFA6F134A18200DA1F3C1C10AF14F1912000F8D9FF090810FF14F273
:200080007F12048082103C1210AF14F1912000F8D9FF090810FF14F27F21048082003C0618
:2000A000EE028210C2FFFF0FE57FDF0037008200DA003C2710AF14F1912000F8D9FF090860
:2000C00010FF14F2A221A201820210AF14F3912000F8D9FF090810FF14F43F430D80760C21
:2000E00010AF14F0912000F8D9FF090810FF14F35F3003808212022010AF89F12008C21F8B
:200100003B0002103F1FD87F49A4000A49A5200A3B0002406D003D0FC2F9FF09877FC2F815
:20012000FF08827F49A5000A3B00024040C46D00300F0090FF440B80910000F6D9FF2804A9
:2001400001F400F609F200083C0282023C01009082003C0E534020F0104F534020F0910020
:200160000026D92278741022542F74FFC210BF40F3FF0090DA003C078B0F015002F46D008C
:200180005103C21FBF8FFAFF82003C14534020F0910000F6D9FF787410FFDA0074FF534034
:2001A00020F0910000F6D9FF488410FFDA0074FFC210BF40EDFF910000F6D9FF2C043B80A1
:2001C0003EF074FF910000F6D9FF3004DA3074FF910000F6D9FF6084DA0074FF910000F657
:2001E000D9FF6084DA006CF1910000F6D9FF5884DA0074FF910000F6D9FF5884DA006CF112
:20020000910000F6D9FF7474DA0034FF00902018910000F6D9FF608454FF3B803E00E20F42
:20022000910000F6D9FF2C0454F04B0F0102B4A0910000F6D9FF6084481F3B803E00E20FA6
:20024000910000F6D9FF2C0454F04B0F010289A0820894AF3B803E007FF005003B803EF022
:20026000B4AF94AF3B80C10F7F0F05003B80C1FFB4AF8CA13B803E007FF005003B803EF059
:20028000ACA18CA13B80C10F7F0F05003B80C1FFACA1910000F6D9FF608454F46D0068039B
:2002A00089A28408910000F6D9FF608448146D005F0389A28608910000F6D9FF588454FFD2
:2002C0007802910000F6D9FF5884481F7803910000F6D9FF747414FF89AF100849A4000AE6
:2002E0006D00C5350090DA643FF407003B8038F13F4F03003C033B803E40910000F6D9FF43
:200300002C0474F40090FF440380F6523C0C8E53DA013C0282FF910000F6D9FF280401F464
:2003200000F634FF0090DA1E3FF40600DAC83F4F03003C033B000340910000F6D9FF300450
:2003400074F4009020106D00B02982013C27534120F010AF534120F091000026D9227874A4
:2003600010225420534120F091000026D92258641022542FA2F074F0534120F0910000F6EF
:20038000D9FF586410FF534120F091000026D92278741022542F74FFC211BF41DAFF54A0B0
:2003A000580142F0580209A10C091213910000F6D9FF240414FF6E0C910000F6D9FF2404D9
:2003C000820134F1910000F6D9FF707474F2F6027636910000F6D9FF707474F2910000F6F8
:2003E000D9FF747491000026D92270745421A2128B427F1234F1910000F6D9FF1C0414F177
:20040000534120F0910000F6D9FF686410FF74F0910000F6D9FF1C0414F1534120F09100E1
:2004200000F6D9FF487410FF74F3910000F6D9FF1C0491000026D9221C041421C211DA0881
:200440004BF1114234F5910000F6D9FF1C0414FFEE07910000F6D9FF2004DA0134FF91003B
:2004600000F6D9FF200414FF6E043B8000503C06910000F6D9FF1C0414F5820282068201A1
:200480003C16534120F0910000F6D9FF686410FF54F44242534120F0910000F6D9FF4874A1
:2004A00010FF54F44246C211370168103F51EBFFBF153D80BB00007A9B475074910000F66D
:2004C000D9FF300454F14B0141113BB0FD409B9404444B4141404B0241114B0561214B21A4
:2004E00051F04B0641114B0561214B2151107BA047244B2F41F04B7F51F04B4F41F09100E1
:2005000000F6D9FF60844B0F31F174FF7BA047F44BF141F04B7F51F04B4F41F0910000F61A
:20052000D9FF60844B0F31F16CF10E044B0041F13C0432504B0041F1910000F6D9FF68741D
:2005400091000026D922687454206B0F21F074FF0E344B0341013C0432534B0341019100E3
:2005600000F6D9FF687491000026D92268744C216B0021FF6CF1910000F6D9FF300454FF08
:200580004B0F41F13BB0FD009B9004044B0F41F0BB00000A9B4050044B0F5100910000F603
:2005A000D9FF588491000026D9226874542F4B0F41F04B0F71F174FF910000F6D9FF588481
:2005C00091000026D92268744C214B0F41F04B0F71F16CF16DFF1DFE00900D0000029100C5
:2005E00001FFD9FF0001820049F2002A802F80F1A21F80F1030F0AF160FF3C01DA016CFBFE
:20060000820482156D00BB000D00400200800D000002910001FFD9FF0001821049F2002A56
:20062000802F80F1A21F80F1030F0AF160FF3C01DA016CFB821482056D00A1000D00400203
:2006400000800D000002910001FFD9FF0001822049F2002A802F80F1A21F80F1030F0AF13B
:2006600060FF3C01DA016CFB822482156D0087000D00400200800D000002910001FFD9FF24
:200680000001823049F2002A802F80F1A21F80F1030F0AF160FF3C01DA016CFB82348205C8
:2006A0006D006D000D00400200800D000002910001FFD9FF0001824049F2002A802F80F1D1
:2006C000A21F80F1030F0AF160FF3C01DA016CFB824482156D0053000D00400200800D0004
:2006E0000002910001FFD9FF0001825049F2002A802F80F1A21F80F1030F0AF160FF3C015C
:20070000DA016CFB825482056D0039000D00400200800D000002910001FFD9FF000182606A
:2007200049F2002A802F80F1A21F80F1030F0AF160FF3C01DA016CFB826482156D001F000E
:200740000D00400200800D000002910001FFD9FF0001827049F2002A802F80F1A21F80F1A8
:20076000030F0AF160FF3C01DA016CFB827482056D0005000D004002008002488FF83F9030
:2007800076539A183C049AF8370F68F0DF05140002846D00FE00022802F46D00FA00768602
:2007A000762382F03C0282103C05762382103C0282F03C1202F46D00EC00022F02846D0081
:2007C000E80076266E0382103C0282F03C056E0382F03C028210534920F0910000F6D9FFE3
:2007E000787410FF91000026D92228040129002609210008534920F091000026D922787454
:200800001022542F03100AFF74FF534920F0910000F6D9FF488410FF6D00472774F20090DD
:200820000B451088910001FFD9FF000149F2002A802F80F0A20F80F0038F0AF060FF3C0199
:20084000534820F091100028D922E8571022D4243B0001406DFFE3D1489FB72F83F06CF97F
:20086000489FB70F03FC6CF9489FB70F81F66CF9489FB71F01F76CF9489FB70F01F66CF9BB
:20088000489FB73F02F46CF9489FB73F02F56CF9489F96016CF9489FB71F01F86CF9489F02
:2008A000B70F82F86CF9489FB71F01FA6CF9489FB71F01FB6CF99100014F40F56DFFD3D132
:2008C0003BD07BF39B6F60F34BF241F04B0F7101BBF0FFFF9BFF0FF07F0F0680BBF0FF0FF9
:2008E0009BF00F00487F370F18F06CF7488F370F18F06CF8822440F46DFFF2D18214820537
:200900008206820740F46DFFD0D1DA016CFB910001FF19FF3811821053482010C2210F10F2
:200920000000A60F910001FF59FF3811910001FF8200BCF153482010914000FFD9FF40E974
:20094000530022F010FF01F100F63C01821014FF379F08F034FF081F370F82F12CF1083F14
:2009600096022CF3081F96042CF100903BF0FFF77F4F05003BF0FF273C0A3B0000F87FF421
:2009800005003B0000283C0302423C010090534420F0911000F8D9FFE85710FFD4FFC8128C
:2009A000534420F0911000F8D9FFE85710FFD4FF088F09202409570061FF6E0382123C0217
:2009C00082023C013C010090DF1405803BD001803C0282286D0084020229910000F6D9FF20
:2009E0006884DA0034FF820A3C111AA8538F20F0911000F8D9FF609710FF54F402956D00AE
:200A0000A001F62382023C07C21ADA193FFAEFFF82123C010090910000F6D9FF688414FFA0
:200A20006E0409FF6A083E4382023C1309FF020909F00609420F3E5382023C0B40F46D000D
:200A40005802F62382023C05DA0034FF82123C01009091100048D944C8676D00911200901B
:200A60000D004003DA006E019100F0FAD9FF5455DAFA74FF0D008004DF140780BB0000FCD8
:200A80009B1FF0FA3C05BB0000FA9B1FF0FA3C019110F0FAD9FF909A9110F02AD922989A66
:200AA0009110F04AD944A8AA9110F05AD955A8AA74FFDA01742FDA80744FDA50745F0D0069
:200AC00080040D00000382246D008A02DA006E019100F0FAD9FF5455DAFA74FF0D008004C6
:200AE0003C010090DF140780BB00000C9B10F00A3C05BB00000A9B10F00A3C01DA003C073E
:200B0000104F12016012142134F1C21F3F5FFAFF00902008404C0258DF140780BB00009CB0
:200B20009B19F09A3C05BB00009A9B19F09A3C01820A76853B0000027F80058082021D007D
:200B40008B001D00850082003C0D1A0A7F8F06801A0A10CF14FF3C02DAFF01A000F634FFEE
:200B6000C210BF80F4FF0D004003DA006E019100F0FAD9FF5455DAFA74FF0D0080040BA950
:200B800000009100F0FAD9FF5455B70018107B0000FA7E15DA5074FFDA003C0EB7001800E2
:200BA0007B00F0FA7E05DA5D74FFDA003C050D008004DA013C016E050D00000382023C4B51
:200BC00049A4000A6D00F300022B49A4040A6D00EE001AA96E019100F0FAD9FF70750D00C4
:200BE000800474FBB04F0D00800474F20D0080041AA99110F0FAD9FF909A9110F02AD92275
:200C0000989A9110F04AD944A8AA9110F05AD955A8AA74FFDA00742FDAA0744FDAAA745F69
:200C20000D0080040D00000382246D00D901DA006E019100F0FAD9FF5455DAFA74FF0D008D
:200C40008004F62382023C078B8A00A03F8A7DFF82123C010090DF140780BB0000089B00FD
:200C6000020A3C05BB0000089B00000A3C0182013C09014100F61A50421F60F2142F34FFEF
:200C8000C2113F61F8FF82123C0100900258404C0269910000D6D9DD6884FF240F80BB00C2
:200CA00000089BF001003F900980BB0000089BF00100A2907F80048082023C4114DFEE0C56
:200CC000821034D089D42A08B708050089D00209DA0089DF060909DF6A087E4709DF020964
:200CE00009D00609420F3E8382023C2909DF0609EE0AB70805F089DF0209B70805F03E8386
:200D000082023C1D3C1809D00609DA207E0740D46D00EF00F62382023C1209DF060910DFFA
:200D200014CF2CFA09DF0609C21F89DF0609B01CC2F9C218FF19E9FF82123C0100900D008C
:200D40004003DA006E019100F0FAD9FF5455DAFA74FF0D0080049110F0FAD9FF909A911005
:200D6000F02AD922989A9110F04AD944A8AA9110F05AD955A8AA74F4DA01742FDA80744F74
:200D8000DA50745F0D0080040D00000302546D002701DA006E019100F0FAD9FF5455DAFAB1
:200DA00074FF0D0080043C010090144F8F8F01000C418F0F01F0A6F00C428F8F00F0A6F07C
:200DC0000C430FF0A0203C0100900248404C02590D004003DA006E019100F0FAD9FF545572
:200DE000DAFA74FF0D0080049100F0FAD9FF5455B70818007B0000FA7E05DA5074FFDA00D9
:200E00003C0EB70818007B00F0FA7E05DA5D74FFDA003C050D008004DA013C016E050D00DB
:200E2000000382023C5B820A3C1D534A20F010C46DFFBDFF022B534A20F010CF49F4020A04
:200E40006DFFB5FF76819100F0FAD9FF70750D00800474FBB04F0D00800474F20D008004BC
:200E6000C21ABF8AE4FF9110F0FAD9FF909A9110F02AD922989A9110F04AD944A8AA91100A
:200E8000F05AD955A8AA74F8DA00742FDAA0744FDAAA745F0D0080040D00000302946D0067
:200EA0009F00DA006E019100F0FAD9FF5455DAFA74FF0D008004DF02110082003C0B1A0899
:200EC00060FF14F101C000F614FF3E1382023C06C210DA203FF0F5FF3C010090DF14058099
:200EE0003B0001203C033B8000203C010090404C14CF6E0409CF0609EE0382123C353C0BAA
:200F000009CF060910CFDAFF2CFA09CF0609C21F89CF060909C00609DA203FF0F3FF09CF12
:200F20006A085E16BB0000F89B0F02FA3C05BB0000F89B0F00FA3C0109C00209420F09C4AB
:200F40006A086DFFCDFF49C40A0A0BF210486DFF3EFFDA0089CF060909CF02098B0F02F018
:200F600089CF02093C01009085FF10003C01A24F6D0006000BF220213C010090910000F67A
:200F8000D9FF340454FFFF0F2400910000FF3B00B4849BC80480BCF16DFF17DD913000FF05
:200FA00039FF3506160F4B0F41F14BF251F03C013C014B0F31F13B90D00306604B0F010238
:200FC000E2083C01910000F6D9FF340474F8910000F6D9FF340454F23C010090024F85F86F
:200FE00010003C013C0702846DFFC0FF762382023C24910080FF19F0100226F0DF00F5FF1F
:20100000910080FF39FF1102370FE1F1EE08910080FF39FF1102370FE1F26E0DDA006E012F
:201020009100F0FAD9FF5455DAFA74FF0D00800482023C0382123C0100906DFF13FD7623A3
:2010400082123C0282023C0100906DFF4DFD00906DFF61FD762382123C0282023C010090A1
:201060000248A00C8F7800F16E0D8F7800F18B8F00018BF01F110B8130F1EE0342083C0223
:2010800082086D00B526910000F6D9FF380454FFEE0E910000F6D9FF380491000026D92247
:2010A0005494B0728020B70003F074FFBF182C80910000F6D9FF3C0454FF8BF81F010BF056
:2010C00030F1EE21910000F6D9FF3C0454FF428F3B80FF077F0F1880910000F6D9FF38049B
:2010E000D4FF91000026D9223C04542F10FC910000F6D9FF3C0491000026D9223C04542F88
:2011000042F874F86D00F72840C23C0100900090911000F8D9FF2C0854FF6E06C4F22D02ED
:20112000000054FFEEFC0090910000F68210D9FF1004820149F0C008F6056DFFEBFFDA022C
:2011400074FF54FFDF2FFFFF00902048911000F6D9FF609C14F8911000F6D9FF609C485942
:2011600091100046D94478BC82046D000C05022A911000F6D9FF609C09F00829911000F6DB
:20118000D9FF609C09F10C294210911000F6D9FF609C09F124194210911000F6D9FF609C9B
:2011A00048EF42F0911000F6D9FF609C48FF42F0911000F6D9FF609C09FF0E09120B8200B9
:2011C000910000F6D9FF001454FFFE83910000F6D9FF041454FF7E9D910000F6D9FF081468
:2011E00054FF7EA7910000F6D9FF0C1454FF3EB28210910000F6D9FF101491000026D922EE
:201200001014542FC21F74FFF60A910000F6D9FF101454FFFFAF04801D009600910000F691
:20122000D9FF1014DA0074FF910000F6D9FF001474F8910000F6D9FF041474F9910000F61B
:20124000D9FF081474FA910000F6D9FF0C1474FB74A86D00A4207623DA013C02DA007801EC
:2012600089A9080989AA0C09911000F6D9FF609C09FF06097804911000F6D9FF609C09FF72
:201280000A097805911000F6D9FF609C09FF02097806911000F6D9FF609C09FF0E097807B9
:2012A000911000F6D9FF609C09FF04297808911000F6D9FF609C09FF08297809911000F652
:2012C000D9FF609C09FF0C29780A911000F6D9FF609C09FF2419780B911000F6D9FF609CDD
:2012E00048EF780C911000F6D9FF609C48FF780D911000F6D9FF609C489F780E911000F68D
:20130000D9FF609C48AF780F911000F6D9FF609C48CF7810911000F6D9FF609C487F7811B6
:201320008B0B20F26E0691200048D94422283C0591200048D9442B2849A5000A3B200140F3
:201340006D0057300090BC4E911000F6D9FF609C49FF000A4942000AC504240044FF642FEA
:20136000FC4E0090024F91100046D944BC4C82043B4005506D003F0691100046D944609C2E
:2013800082043B4009506D00360691100046D944A06C82043B003F506D002D06911000F6B3
:2013A000D9FF946C820034F0911000F6D9FF9C6C820034F0911000F6D9FF986C820034F079
:2013C00091100046D94450CC6D00CD1B911000F6D9FF5C9C820034F0911000F6D9FF589C28
:2013E000820074F0911000F6D9FF549C820074F0910000F6D9FF1414820034F002F46D0032
:20140000BD1F911000F6D9FF74BC6D004E2174F20090910000F6D9FF141414FF8B1F002219
:201420003C0100906D0080006D003F2102246D00220400900B451088404C026ADAF83FAF3C
:20144000048076A47CC382023C3A911000F6D9FF9C6C14F46D000804022B911000F6D9FF21
:20146000946C14FF7EBE911000F6D9FFBC4C91100026D922BC4C4C26C21F6CF682023C1F48
:20148000911000F6D9FF9C6C14FF53CF2FF0911000F6D9FFA06C10F4344889490108894AD8
:2014A000020876A6B03440C502A46D007205911000F6D9FF9C6C34FB82123C010090205814
:2014C0007C4382023C2F494F000A49A2000AA0A444FF642FFC4E911000F6D9FF906C911057
:2014E0000026D922906C542FC21F74FF911000F6D9FF906C54FF74AF49A4000A49A52C0AFC
:201500003B6002406D008F1BCE2382023C0B82243B00015049A42C0A3B6002606DFF8CFFD2
:201520003C0100906D00C120022F6D00381FF629911000F6D9FF74BC54F05200CE023C4DEE
:20154000911000F6D9FF74BCC22F74FF6D006703F6223C4391100046D94478BC82046D00EF
:2015600012033B1060F49B3FF5F53E2B911000F6D9FF5C9CDA0034FF82046D0016033C2DA1
:2015800091100046D94478BC82446D00FC02022F91100046D94478BC3B8000406D00F3021C
:2015A00002283B0040007F8004803B0040806E0402F46D00C00002846D0006026D00752076
:2015C00091100046D94450CC02246D00F51A6D006C2002246D00D00300902008404F14FF90
:2015E0001E6314FF5E7A14F40835C82409F6C4086D007E0E1D009E0014FF9E10911000F677
:20160000D9FFBC4C91100026D922BC4C092F0019C21F89FF00191D008D00083F9E11083F66
:201620001E3F083F1E4D911000F6D9FFBC4C91100026D922BC4C4C2EC21F6CFE3C7A09FFD7
:20164000C408EE0D911000F6D9FFBC4C91100026D922BC4C4C2DC21F6CFD3C6BC8221428F2
:20166000083FDF1F5D8009FFC4081E5D911000F6D9FFBC4C91100026D922BC4C4C2DC21F5E
:201680006CFD3C57DA207E823C54DA505F8F2280C822B01214200C218F8F20F0A6F03C01FC
:2016A00037005040C82FB03F14F0081F8F8F20F0A6F03C013700505049A4020A6D00B20062
:2016C0003B00014049A4020A82256D0028013C31DA10FE8FC822B01214240C218F8F20F035
:2016E000A6F43C016D00600134A2C82FB03F14F4081F8F8F20F0A6F43C016D00550189A267
:20170000010849A4000A822502846D0008013C11A004820502846D0002013C0BC824B014C1
:2017200009FFC408C2FF370F685002846D00F7000090024A82083B0028F07FAF0F80911015
:2017400000F6D9FFBC4C91100026D922BC4C4C22C21F6CF23B0028A03C483B4010F07FAF0C
:2017600005803B4010F03C0202AFC23FB70F02F0370F70903B4010F07F9F04803B40109043
:20178000C21882448205A00491100056D955B80C821702966D001E1E762F911000F6D9FFA7
:2017A000BC4C91100026D922BC4C092F0C19C21F89FF0C193C1C911000F6D9FFBC4C9110FC
:2017C0000026D922BC4C4C21C21F6CF16D006D1F91100046D944B80C0B9210486D005600BC
:2017E0007F9A03803C04A29AFF1AB9FFBF1819803B8000408205A004A005820682076D0047
:20180000E91D762E911000F6D9FFBC4C91100026D922BC4C092F0C19C21F89FF0C19009062
:20182000534426F03B8025004B0F0102534526F03BC012204B2F0122A220534426F03B801C
:2018400025104B1F0122534526F03BC012104B1F01421A423B4006107F0104003B4006005C
:201860003BC0F91F7F1004003BC0F90F3B4006107FF10300DA643BC0F91F7F1F04003BC0CD
:20188000F9FF34402C4100902010404C0B451088820A3C4191100046D94450CC01CA00F651
:2018A00014F449A5000A02956D005818DA013E27DA02BE2582505F201F003C29911000F649
:2018C000D9FFBC4C91100026D922BC4C4C27C21F6CF749A4000A6DFF82FE3C1A911000F6D7
:2018E000D9FFBC4C91100026D922BC4C4C28C21F6CF83C0E911000F6D9FFBC4C91100026FD
:20190000D922BC4C4C29C21F6CF93C023C01C21A370A70A03F8AC0FF009020180248404F38
:201920000259DA107F9F0E80911000F6D9FFBC4C91100026D922BC4C4C2CC21F6CFC3C3246
:20194000DA327E836D00CB2A34A889A90108769749A4020A40F502946D001B0349A4000AAE
:201960006D00262ADF021480911000F6D9FFBC4C91100026D922BC4C4C2BC21F6CFB912084
:201980000048D94429186D00312D3C0C911000F6D9FFBC4C91100026D922BC4C4C2AC21FF6
:2019A0006CFA009037045020DA647F2F05003B4006203C073BC0F9FF7FF204003BC0F92F26
:2019C0003C010090200802488209820A911000F6D9FF946C14F0911000F6D9FF9C6C14FFB4
:2019E0003E03FFA804801D00C0003C6A911000F6D9FF946C14F053C02FF0911000F6D9FFE4
:201A0000A06C10FF08246D0001193B401000A2907F2003803C61082FB4AF3B4010F0A29F26
:201A2000370F70F0ACA214F491100026D922986C142582060817B03F91100026D922B80C8F
:201A40000129005640F46D000617FF021A00911000F6D9FFBC4C91100026D922BC4C4C257B
:201A6000C21F6CF5911000F6D9FF946C91100026D922946C14246D00F70034F23C21422969
:201A800037097090C21A370A70A0911000F6D9FF986C91100026D922986C142FC21F34FF49
:201AA000911000F6D9FF946C91100026D922946C14246D00D90034F23F8903803C0D91101C
:201AC00000F6D9FF946C14FF911000F6D9FF9C6C14F05F0F8DFFF6923C47823482059110C7
:201AE0000046D944B80CA005820702966D00721C762F911000F6D9FFBC4C91100026D92220
:201B0000BC4C092F0C19C21F89FF0C193C2D911000F6D9FFBC4C91100026D922BC4C4C23B9
:201B2000C21F6CF3911000F6D9FFBC4C91100026D922BC4C4C2442AF6CF482748205A00442
:201B4000A005820682076D00451C762E911000F6D9FFBC4C91100026D922BC4C092F0C19BF
:201B6000C21F89FF0C190090404582248205A0043B80016082176D002D1C8B0200223C019A
:201B80000090014400F614F0081F8F8F00F0A6F0082F8F0F01F0A6F0083F8F8F0120A60221
:201BA0003C013C010090910000F6D9FF141414FF7E423C33910000F6D9FF141434F4DF24A0
:201BC0001880911000F6D9FFBC4C91100026D922BC4C092F1019C21F89FF10196D007F2924
:201BE00091200048D94438186D00002C3C16DF140F8091100046D94450CC6D00B417912009
:201C00000048D94402286D00F12B3C0791200048D9440A286D00EA2B0090911000F6D9FFA0
:201C2000BC4C91100026D922BC4C542FC21F74FF91100046D94478BC6DFF98FFDF0211804E
:201C4000911000F6D9FFBC4C91100026D922BC4C092F0C19C21F89FF0C1982023C03821201
:201C60003C010090C214DA044BF4110202123C0100900248911000F6D9FF609C49F4042A90
:201C80006D006E1B911000F6D9FF609C91000026D9221414142F34FF911000F6D9FF5C9C2C
:201CA00014FF6E08911000F6D9FF549C54FFA2F83C028208911000F6D9FF609C89F8020990
:201CC000911000F6D9FF609C91100046D94478BC82446DFF58FF89F20609911000F6D9FFDF
:201CE000609C91100046D94478BC3B8000406DFF4AFF89F20A09911000F6D9FF609C911066
:201D00000046D94478BC3B0001406DFF3CFF89F20E09911000F6D9FF609C6D001A1B89F2EF
:201D20001208911000F6D9FF609C6D00F81A6852911000F6D9FF609C91100026D922BC4CB0
:201D40004922000A49FF180AC5041400442F64FFFC4E911000F6D9FF609C91100026D9227A
:201D600050CC4922104A49FF2C1AA054442F64FFFC4E0090024891100046D94478BC3BC0D3
:201D800000406DFF00FF911000F6D9FF5C9C14FF6E07911000F6D9FF589C54FFBE22911072
:201DA00000F6D9FF589C74F2911000F6D9FF5C9CDA0134FF911000F6D9FF549C74F83C126D
:201DC000911000F6D9FF549C54FFA2F83B401FF03FF8068082246DFFE8FE3C0482146DFF36
:201DE000E4FE00900942900909458409CC42EC5209458809CC41EC51CC217D4F0580CC42F1
:201E0000EC213C01A00FEC44542FC2FF742F54223C010090494F080AEC4182FF6C42494FD1
:201E2000080AEC43494F080AEC44DA00744F0090A00FEC440090545F5EF3CC443C09494FFA
:201E4000080A3C02C81FC81254207F0FFDFFC812895284090952840989258809EC52E815CF
:201E600089549009544FC21F744F0090C234B70402F06E669249DF096400910000C6D9CC7B
:201E8000242454CFEE1582046DFF4CE4802F325F160392446DFF46E48020DFF05200102FED
:201EA000F4CF91000026B52F2024820074F0D4CD820A3C0410DF49FD3FFA54DF6E036F0F9D
:201EC000FBFFF4CD3C1DB70801F010DF6F08188054FFEE1182046DFF25E449F4040A7D42E9
:201EE0000F80325802846DFF1DE4802F1EF874DA82083C0CAE0442F874D840DF40FD54D831
:201F000076856F08E2FF3F98E0FFDF082680BF19180002946DFF06E4802F9EF249DF040ADA
:201F200001F220F4EE0D012F30F4EE12802F325F1603102F92446DFFF5E3802F5EF3A002F7
:201F4000009001DF2020802F960174DF40FD01D900F674FA3C0A9A493FF8078001D900F606
:201F6000A29874F83C0202898F1940F174DF49D2040A00903C09144F1450C2F43E035202B6
:201F80000090B014B015DF04F8FF82020090DF043000404FBF842780804F8F3F000180513F
:201FA0008F3100115F101F802E06C2F4045F344F494F010A80FF2E16045F24FFC2E4045F7D
:201FC00024FF8F7400018FD41FF06E0B02F14052C2F160160922480189F24801FC6CD0557C
:201FE00002047646C2F46042045F24FFFC2E40420090404FBF852380804F2E05C2F534445E
:20200000494F010A80FF2E1424F4C2E524F48F7500F106D5DF051200D200764A370468008A
:202020008F802010A6108F002110A6100201C2F5605289F04801FC2E02F57655C2F56052B2
:2020400024F4FC2F40420090538422F0911000F6D9FFD06C10FFC86209F05C08DA010F0F08
:2020600010F06C21C88209F06408DA010F0F10F06C2182056D002301009020289100014FCD
:202080006DFFAEC29100014F6DFFE4C402289100014F02846DFF3DC59100014F8204028582
:2020A0006DFFE6C49100014F82249B0408406DFF5CC482091D00D90049A4000A9100015FA7
:2020C0006DFF25C4534920F0911000F8D9FFD47710FFD4FF14FF2CA4534920F0911000F839
:2020E000D9FFD47710FFD4FF09FF01082CA5DA0189AF1208DA0189AF1308534920F0911051
:2021000000F8D9FFD47710FFD4FFF807DA8089AF2008DA0089AF21080CA43B008000E20F72
:2021200060FF9110013F30F3D934000D09A4050882056DFFF0C23B0000F49BCF69F44BF88A
:2021400051F04B0F71F17802DA007803538922F0911000F6D9FFD06C10F449A5000A6DFFB2
:202160003CC3538922F0911000F6D9FFD06C10FF58026CF5538922F0911000F6D9FFD06C64
:2021800010FF530921F091100028D922D46710220922C00989F2D809538922F0911000F6BD
:2021A000D9FFD06C10FF530921F091100028D922D46710220922C80989F2E009530921F091
:2021C000911000F8D9FFD46710FFD4F4530921F0911000F8D9FFD46710FF08443B00085075
:2021E0006DFF89C5530921F0911000F8D9FFD46710FFC824530921F0911000F8D9FFD467F8
:2022000010FF08C43B0008506DFF75C5530921F0911000F8D9FFD46710FFD4F2530921F04F
:20222000911000F8D9FFD46710FF084F7B1000000FF0100089200409530921F0911000F836
:20224000D9FFD46710FFC822530921F0911000F8D9FFD46710FF08CF7B1000000FF01000D9
:2022600089200409C219BF4929FF0090538422F0911000F6D9FFD06C10FF91200028D92296
:20228000342801240026142FC65F6E0382103C037B100000C86209F15C080F101000892002
:2022A00004096E047B1000F03C02DA01C88209F064080F0F10F06C210090538422F0911097
:2022C00000F6D9FFD06C10FFC82409F405086DFF35C2C8346DFF0BC200900B541088BF49C8
:2022E00003803C2C3B803EF07F8F05003B803E803C073B80C1FF7FF804003B80C18FF685BF
:2023000002946D001D003C1A8B18805202946DFFAFFF8E823C023258538922F0911000F6C5
:20232000D9FFD06C10FF485FE2F83B803EF04BF811020B9010486DFFC2FF0090538422F021
:20234000911000F6D9FFD06C10FFC86209F05C087B1000F00F0F10F06C21C88209F0640867
:202360007B1000F00F0F10F06C2182056DFFA7FF0090DA003C0502F46DFFE2FFC21FBF4FC1
:20238000FCFF0090024F0258820402F56DFFA7FF821402F56DFFA3FF822402856DFF9FFFA6
:2023A000823402856DFF9BFF0090201849A4000A6D00C72814AF910000F6D9FF181414F06D
:2023C0007E023C36910000F6D9FF181414AF34FF0CA56E03DA013C02DA00911000F6D9FF06
:2023E000D09C14F0BE02911000F6D9FFD09C34FF6E0691200048D94404483C05912000488F
:20240000D9441E486D00F227DA003C0810AF09F50A0802F46DFF79EFC21FBF4FF9FF09A468
:202420008E086DFF62EF09A490086DFF7EEF0090911000F6D9FFE49CDA00B4FF911000F688
:20244000D9FFE89CDA00B4FF911000F6D9FFE49CDA00ACF1911000F6D9FFE89CDA00ACF1C3
:2024600082046DFFF3FD82146DFFF0FD82246DFFEDFD82346DFFEAFD820482056D004E2896
:202480000090911000F6D9FFF48C14FF6E18911000F6D9FFF48CDA0034FF911000F6D9FFB9
:2024A000F48CDA002CF26DFF66FF82146D00600091200048D9442D386D0098270090201009
:2024C000911000F6D9FFF48C08146DFF39FF49A4000A6DFF3FEE911000F6D9FFF48C081FA7
:2024E000534F20F0911000F6D9FFF48C10F2911000F6D9FFF48C081F534F20F010AF54F06E
:20250000911000F6D9FFF48C482FA2F089200C09911000F6D9FFF48C081F534F20F091109C
:2025200000F6D9FFF48C10FF483FFF0F1300911000F6D9FFF48C08146DFFFEED3252370277
:202540004850911000F6D9FFF48C08146DFFDDEE911000F6D9FFF48CDA022CF2911000F621
:20256000D9FFF48C6D00A11868120090201889A4010882083C1501A800F602846DFFDCED30
:202580002822534820F010A2534820F0911000F6D9FFF48C10FF483F892F0609C218BF48BC
:2025A000ECFF49A4000A6D008A230090201049A4000A6DFFCFED82003C0B534020F0911033
:2025C00000F6D9FFF48C10FFDA006CF3C210BF40F6FF911000F6D9FFF48CDA0134FF911001
:2025E00000F6D9FFF48CDA002CF1911000F6D9FFF48CDA012CF2911000F6D9FFF48C6D0052
:2026000054186812911000F6D9FFF48C54AF6CF26D000E2482046D008E1082146D008B10B6
:202620006DFFA9FE91200048D9443D286D00DE26009020206D0039180228911000F6D9FF74
:20264000F48C082F82005F0F940082103E058220BE091D008E00911000F6D9FFF48C08144B
:202660003B8007506DFF3BFE911000F6D9FFF48C481F0BF88000DAFA3FF004806DFF21FFB7
:202680003C7E911000F6D9FFF48C08146DFF58FE911000F6D9FFF48C481F0BF88000DA50B0
:2026A0003FF06680911000F6D9FFF48C91100026D922F48C0C21C21F2CF1911000F6D9FF3A
:2026C000F48C081FBF4F378082083C16534820F010AF02846DFF30ED74F29A48534F20F03F
:2026E00010A2534820F0911000F6D9FFF48C10FF483F742FC218BF48EBFF91200048D94474
:20270000263849A5000A3B8000406D00182682046DFF2EFF911000F6D9FFF48CDA0034FFA2
:20272000911000F6D9FFF48CDA002CF26DFF23FE3C1E49A4000A6DFF0DED91100026D922AC
:20274000F48C911000F6D9FFF48C081F534F20F010AF54FF6C22911000F6D9FFF48CDA01C7
:202760002CF2911000F6D9FFF48C68183C08911000F6D9FFF48CDA0034FF3C010090201887
:20278000911000C6D9CCE49C911000F6D9FFE49C8814911000F6D9FFE49C94F56D00E0015C
:2027A00089C28208911000C6D9CCE89C911000F6D9FFE89C8814911000F6D9FFE89C94F5A9
:2027C0006D00CE0189C2820849A4000A6D00652309AF50086E09911000F6D9FFD09C14FF87
:2027E0006E03DA013C02DA008204911000F6D9FFE49C881594A602F76D00A90F022882144B
:20280000911000F6D9FFE89C881509A6820802F76D009D0F022F0B8F10486DFFB5FD0B8F02
:2028200010486D007B2649A4000A0B8F10486D00030000902018404C0B4510886D003517E4
:20284000022A911000F6D9FFE49C881FEE14911000F6D9FFE89C881FEE0EF68DF69C94CFA6
:20286000EE0A8CC1EE08911000F6D9FFEC9CDA0034FF3C3991100026D922EC9C142F6E09A0
:20288000911000F6D9FFF08C54FF5AFABF0F2C00911000F6D9FFE49C881F74AF94CF780117
:2028A00089A80809911000F6D9FFE89C881F78038CC1780489A9140991200048D944382833
:2028C00049A5000A82646D003A25911000F6D9FFF08C1B8A3EF074FF911000F6D9FFEC9C26
:2028E000DA0134FF0090911000F6D9FFE49CDA00B4FF911000F6D9FFE89CDA00B4FF91109D
:2029000000F6D9FFE49CDA00ACF1911000F6D9FFE89CDA00ACF1911000F6D9FFDC9CDA00C7
:2029200074FF911000F6D9FFE09C6D00BE1674F2911000F6D9FFF09CDA0034FF911000F6F3
:20294000D9FFEC9CDA0034FF911000F6D9FFF48CDA0034FF911000F6D9FFF48CDA002CF128
:20296000911000F6D9FFF48CDA002CF2911000F6D9FFF48CDA006CF1911000F6D9FFF48C5B
:20298000DA006CF2911000F6D9FFD89CDA0074FF911000F6D9FFD49CDA0074FF910000F61C
:2029A000D9FF1814DAFF34FF911000F6D9FFD09CDA0034FF6D00B00E6DFFE8DE6DFFDBFC7F
:2029C000009020206D007116022849A4000A6D00BF23911000F6D9FFD89C54FF3E2E911080
:2029E00000F6D9FFD89C580274FF911000F6D9FFD49C1BC812F074FF911000F6D9FFD49CB2
:202A000054FFEE0382023C50911000F6D9FFD49C54FFA2F8BF0814006D00480082046D0013
:202A20008A0E82146D00870E6DFFA5FC91200048D94411586D00DA2482023C36820494A5BA
:202A40006DFF4DFC821409A582086DFF48FC822409A584086DFF43FC823409A586086DFF5A
:202A60003EFC94A08CA142F0370050408CA209A08608420F370F50506D00502549A40C0A41
:202A80006D000B2249A40C0A94A08CA142F0370050408CA209A08608420F370F50506DFF37
:202AA000CBFE82123C010090911000F6D9FFD49CDA0074FF6D0037230090200849A4000A4A
:202AC00049A5020A49A6040A6D00E02402286D00EC15911000F6D9FFDC9C54FF3E8B911052
:202AE00000F6D9FFDC9C74F8911000F6D9FFE09C74F2911000F6D9FFF09C0CA434FF911054
:202B000000F6D9FFE09C54FFA2F2DA967F2F0680DA00B4AFDA00ACA1911000F6D9FFE49C8D
:202B200094AFB4FF911000F6D9FFE89C8CA1B4FF00906D00BA15022F3C106D0020006DFF8A
:202B400007D4022802846DFF56D202846DFF20D4C21F02F46D00BF153CF10090A245370578
:202B600050F0BF3F0400DA023C04FFEF030082EF42F4370450203C0100906DFFE5EB6DFF3F
:202B80009CDE6DFF14FC6DFF9AFF911000F6D9FFF09C14FFEE056D009B21DF0215006DFFAE
:202BA00072FC911000F6D9FFD49C54FF6E036DFF7DFF6DFF3FFC82046D00BD0D82146D00B5
:202BC000BA0D3C1C911000F6D9FFF48C14FF6E0A6D002E21762482246DFFCAFC6DFF2BFD9A
:202BE0003C0D6D00252176246DFFE2FC3C076DFFEAFE76223C036DFFC4FD0090911000F831
:202C0000D9FF200880FFBB0000089B0002083F0F048082123C0282023C0100906DFF1BEF62
:202C2000911000F6D9FFC0AC6DFFEAFF34F2911000F6D9FFC0AC91200028D9221A88E812F3
:202C4000911000F6D9FFC0AC91100028D922EC62E822911000F6D9FFC0AC91100028D922DE
:202C6000EEA2E832911000F6D9FFC0AC91100028D922FC62E842911000F6D9FFC0AC911007
:202C80000028D922C0A2E852911000F6D9FFC0AC91100028D922C292E862911000F6D9FFC9
:202CA000C0AC91100028D922FE72E872911000F6D9FFC0AC91100028D922D6A2E8829110F8
:202CC00000F6D9FFC0AC91100028D922D0A2E89291100046D944C0AC6D003303911000F660
:202CE000D9FFF49C6D00E11474F2911000F6D9FFF89CDA0034FF911000F6D9FFFC9CDA00B3
:202D000034FF00902018911000F6D9FFF89C14FF6E023C4C6DFF7FF37627911000F6D9FFC0
:202D2000FC9CDA0134FF911000F6D9FFFC9C14FF6E0D6D00BA14911000F6D9FFF49C54FFCB
:202D4000A2F23B8038F17FF203803C30911000F6D9FFF89CDA0134FF49A4000A6D003800EE
:202D6000F62D91200048D94432686D003F2349A4000A6D000D0176223C1949A4000A6D00EE
:202D8000A000DF02140049A4000A6D000101762891200048D9441A786D0028233C07912046
:202DA0000048D9443F786D00212300906DFF0EEE762382123C0282023C0100906DFF2DEE0B
:202DC000762382123C0282023C010090404F6D00E701762D6D00DE014922000A49FF000A9D
:202DE000A044442F64FFFC4E82123C096DFF08FF40F402246D003A0282023C0100902018F7
:202E0000024F6D00CD01F6223C1C6D00C301492F000A49A2000AA04444F06420FC4E49A43B
:202E2000000A02F46D006E00762C49A4000A6D00AF00762791200048D9441E686D00D62264
:202E400000902018024F49A4000A6DFFC1FF49A4000A02F46D006E00762D49A4000A6D0067
:202E60009700762891200048D9441D586D00BE223C0791200048D94439586D00B722009085
:202E80006DFFEBEE762382123C0282023C0100906DFFD2F20090913000FF39FF20169602AB
:202EA000913000FFE9FF20163C013C0000906DFFEFEE762382123C0282023C010090404F97
:202EC00054FF3B4035049BF0D4047E04088FBF2F048082023C15088F40F402F46D004700B3
:202EE000DF32040082023C0C824540F402F46D003600DA002CFCDAFF2CF982123C010090FC
:202F0000404F024854F03B4035F49BFFD4F47E03BF28048082023C0C820540F402846D0028
:202F20001E00089F7E83DAFF2CF982123C010090404F024854F03B4035F49BFFD4F47E03C8
:202F4000BF28048082023C09822540F402846D000600289882123C010090DF140580894502
:202F60000B083C0389450A080090DF14058009424B083C0309424A083C010090911000F639
:202F8000D9FFE8ACF4F46D005B0100902048911000F6D9FFE8AC54FF6E027C4482021D00F5
:202FA0008300494F000A49A2300AA04444FF642FFC4E3B4035F49BFFD4F4780C911000F6A2
:202FC000D9FFC4BC14FF6E08911000F6D9FFECAC481FC21F3C02DA01780DEE0382023C630F
:202FE000911000F6D9FFC4BC14FF6E09911000F6D9FFC0BC14FF8F1F80F13C02DA00911082
:2030000000F6D9FFE8ACD4FFD4FF02F42D0F0000F62382023C4849A4300A49A5000A6D00C9
:203020008200911000F6D9FFE8ACD4FFC81F49A4000A3B80015002F42D0F0000F62382027F
:203040003C32911000F6D9FFE8ACD4FFC82F49A4180A3B80015002F42D0F000049A4000AF1
:2030600049A5180A3B8001406DFF86F7762382023C1A911000F6D9FFECAC49A2300A49FF74
:20308000000AA044442064F0FC4E911000F6D9FFC0BC34FF911000F6D9FFC4BCDA0134FF25
:2030A00082123C010090404F405C14F0DA547E0D081F3B3004007E09082F3BF004007E05C1
:2030C000083F3BD004003E0382023C2B3B40014040F46DFF85E1022F49F4140A6D00EC00C7
:2030E0003E2382023C1E82043B40015040C46DFF82F73B4035F49BFFD4F474CF40F4B044E5
:203100006D00DA0089C20409088F2CC8089F2CC908AF2CCA08BF2CCB08CF2CCC82123C01DE
:203120000090404C405FDA5434FFDA432CF1DA4F2CF2DA4D2CF340F4B04409C404096D003D
:20314000CA000CC82CF80CC92CF90CCA2CFA0CCB2CFB0CCC2CFC0CCD2CFD0CCE2CFE0CCFD8
:203160002CFFDA0089FF1008DA0089FF1108DA0089FF1208DA0089FF13083B40014040F446
:203180006DFF2EE149F4140A02246D00A400009091100026D922ECAC3C0100902030820891
:2031A0008209911000F6D9FFC4BCDA0034FF911000F6D9FFE8AC54FFEE0382023C3F820AB6
:2031C0003C35911000F6D9FFE8ACD4FFC82F49A4000A3B80015002A42D0F000049A4000AD5
:2031E00049A5180A6DFF61FFF6223C1F769458077FF81C80911000F6D9FFECAC49A2180AF0
:2032000049FF000AA044442F64FFFC4E911000F6D9FFC0BC34FA911000F6D9FFC4BCDA0175
:2032200034FF09A81C098219C21ABF2ACCFF911000F6D9FFC4BC14F23C010090911000F601
:20324000D9FFC4BCDA0034FF911000F6D9FFC0BCDA0034FF91100046D944ECAC82043B4074
:2032600001506DFFC8F60090404F024882043B40015040F46DFFBFF63B4035F49BFFD4F4BD
:2032800074FFDA006CF1DF180480DA013C02DA002CF8DAFF2CF9088FEE03DA043C02DA0076
:2032A0002CFA088F5E13DA043C02DA002CFBDA002CFC009014400C418F8F00F0A6F00C429E
:2032C0008F0F01F0A6F00C438F8F0120A6023C0100908FF40FF1344F370468F42C41370481
:2032E00068F82C42370468FC2C430090911000F6D9FFC8BC91100026D922C8BC4C27C21FD5
:203300006CF7DF641680DA303E56DA313E58DA353E5A3C0C02646D00FF003C0902646D0059
:20332000A7013C056D00E5003C023C013C08DF740780DA347E536D006B023C010090404FA4
:2033400091100046D944C8BC82043B801B506DFF52F691100026D922C8BCF42F911000F685
:20336000D9FFC8BCDA002CF4911000F6D9FFC8BCDAFF2CF5911000F6D9FFC8BCBBF0FFFF6E
:20338000ACFC0090911000F6D9FFC8BC084F1E1C911000F6D9FFC8BC084F5E243B40062004
:2033A0003C0282023C14911000F6D9FFC8BC09FF1209534F26F0911000F6D9FFC8BC09F041
:2033C00006094B0F1102370068203C010090911000F6D9FFC8BC09F40E096DFF0FE09110E2
:2033E00000F6D9FFC8BC09FF0A093E29911000F6D9FFC8BC08546D005C003C59911000F6B5
:20340000D9FFC8BC49F4200A6D00D518DF220A00911000F6D9FFC8BC08546D004A003C47FB
:20342000911000F6D9FFC8BCD4FFC842911000F6D9FFC8BC0854911000F6D9FFC8BC48959D
:203440002D020000DF120A00911000F6D9FFC8BC08546D002E003C2B6D004202F629911080
:2034600000F6D9FFC8BC08546D0023003C20911000F6D9FFC8BCDA022CF4911000F6D9FF54
:20348000C8BCD4FF486F6E0E911000F6D9FFC8BCD4FFC862911000F6D9FFC8BC08542D0234
:2034A000000082243B4006506D0000020090911000F6D9FFC8BCD4FF487F6E09911000F6FB
:2034C000D9FFC8BCD4FFC87F2D0F0000911000F6D9FFC8BCDA002CF4911000F6D9FFC8BC5A
:2034E000DAFF2CF5823482056D00E0010090911000F6D9FFC8BC084FEE06823482056D00CF
:20350000D5013C08911000F6D9FFC8BC08546DFFD0FF0090FF840880823482056D00C601FB
:203520001D00A500911000F6D9FFC8BC084F5E196DFF2AFF821402256D00B8011D009700DC
:2035400014400C418F8F00F0A6F00C428F0F01F0A6F00C438F8F01F00FF0A08009414408A0
:203560000C458F8F00F0A6F10C468F0F01F0A6F10C478F8F01F00FF1A090DA947F8F088047
:20358000BB4009F89BFF01F07F8F0780823482056D008C013C6B911000F6D9FFC8BCD4FF6B
:2035A00014FF5E13DA003C02DA01911000F6D9FFC8BC2CF5911000F6D9FFC8BCD4FFC82FC3
:2035C000370F68402D0F0000DF120A00911000F6D9FFC8BC08546DFF6CFF3C48911000F685
:2035E000D9FFC8BC49F4200A911000F6D9FFC8BCD4FFC8156D00FE17911000F6D9FFC8BCF0
:2036000089F80609911000F6D9FFC8BC89F90A09911000F6D9FFC8BC6DFF21DF89F20E09A1
:20362000911000F6D9FFC8BCDA0089FF1209911000F6D9FFC8BCDA00ACFB911000F6D9FF37
:20364000C8BCBBF0FFFFACFC911000F6D9FFC8BCDA0089FF1A08911000F6D9FFC8BCDA0150
:203660002CF4821482056D0021010090404CFF3404801D00CC0014C00CC18F8F20F00FF0F4
:20368000A0908BE41F807684DAF07F8F0880825502946D00EC001D00BA00911000F6D9FF86
:2036A000C8BC084F1E17823502946D00E0001D00AE0091100026D922C8BC092FD8087E9722
:2036C000820502946D00D3001D00A10091100026D922C8BC092FD6083E9E821502946D00FD
:2036E000C600911000F6D9FFC8BC08546DFFE1FE1D008D00911000F6D9FFC8BC9110002606
:20370000D922C8BC09240E0940C4B02402856DFFA9DE89F20E09911000F6D9FFC8BC49F4D2
:20372000200AB02CA00691100078D977BA0340C502846D00D616DF021600DF121400DF22D6
:203740001200DA097E2382253C02824502946D008E00911000F6D9FFC8BC08546DFFA9FE34
:203760003C55911000F6D9FFC8BC91100026D922C8BC09201209420889F81209911000F6BE
:20378000D9FFC8BCA8C9911000F6D9FFC8BC9A19ACFB820502946D006A00911000F6D9FFAC
:2037A000C8BC09FF1209534F26F0911000F6D9FFC8BC09F006094B0F1102370068509110B2
:2037C00000F6D9FFC8BC09FF5A083E5A911000F6D9FFC8BC89F51A0882146D0067009110F7
:2037E00000F6D9FFC8BC09FF6008DE20911000F6D9FFC8BC09FF1209911000F6D9FFC8BC00
:2038000009F006097E036DFFE4FD0090911000F6D9FFC8BC084F1E223C10911000F6D9FFFD
:20382000C8BCD4FF488F6E09911000F6D9FFC8BCD4FFC88F2D0F00000090024F02569110B0
:2038400000F6D9FFC8BCD4FFC832911000F6D9FFC8BC085402F540542D020000DF120480CB
:2038600082023C0282123C01009020088FF40FF134AF868489A4010889A50208911000F688
:20388000D9FFC8BCD4FF489F6E0F911000F6D9FFC8BCD4FFC89F82743B20035049A4000ACD
:2038A00082362D0F00000090200834A489A50108911000F6D9FFC8BCD4FF489F6E0F911082
:2038C00000F6D9FFC8BCD4FFC89F82743B30035049A4000A82262D0F00000090D9AAF0BE0C
:2038E0008208911000F6D9FFC8BC489FD9A400116D00AC0A3C2552893B0000017F900480A8
:203900003B000091911000F6D9FFC8BCD4FFC852911000F6D9FFC8BC085449A4000A02852E
:2039200002962D020000DF12040082023C22D9A4001149A5000A02946D00990A42983FF8AC
:20394000DCFFD9A40011D9A500016D00200AD9A40001911000F6D9FFC8BC49F5280A3B00CC
:2039600002406DFF09F3F62382123C0282023C0100902008404DF4A5406C8208A00F0D0021
:2039800040030D0080044D80E39F370964F88FCF01F0379F10F360FE3C01BCEB54E854EF7F
:2039A000370F64088FC0010037F010F360FF3C01BCE8BCF754FFCD8FE30F0D00C0043C0337
:2039C0000D0000020D00000382043B00045040F46DFF11F380DF6CF23BF08FF06CF17B00D0
:2039E00002F074FF82043B00045040E46DFF03F380CF6CE8D4AF80FF6CE1B73802FA74EF87
:203A000040D2B0C2DA00742FB0C274293C010090DA1F0D0040034DC0E20FB700080016FFAE
:203A2000A6F0CDC0E20F0D00C0040D000003910000F6D9FF1C1491000026D9221C14542F9D
:203A4000C21F74FF910000F6D9FF1C1454FF5E134D40E0FF0090910000F6D9FF1C149100A3
:203A60000026D9221C14542FC2FF74FF910000F6D9FF1C1454FFEE10DA000D0040034DC027
:203A8000E20FB700080016FFA6F0CDC0E20F0D00C0040D0000030090D44F54FFB70F0C0A8A
:203AA000370064F88FCF01F0370F10F360FF3C013C0E54FFB70F0CFA74FF54FF370F64184E
:203AC0008FC1011037F110F360FF3C0154FFB70F0CFAEEF00D0040030D0080044D80E3FF31
:203AE00074FFCD80E30F0D00C0040D0000030090DA003E423C046D0007003C023C01820296
:203B00003C010090DA020D0080044D00E00F6E19370064188FC1011037011003600F3C019D
:203B200082003C0B54F1370164288FC2012037121013601F3C01C21092F13F10F57F54F0BD
:203B4000370064F88FCF01F0370F10F360FF3C0154FF370F64188FC1011037F110F360FF9E
:203B60003C0191000026D9222414D422482F742FD42FB0CFF42FD42F91000046D9441C1442
:203B8000544F74FFD42FB0CFF42FD42F74F06D003D11DA020D008004910000F6D9FF241444
:203BA000D4FFD4F25420D4F2B042F4F291000026D9221C14D4F454417421D4F2B042F4F2E8
:203BC000EE06CD00E00F0D00C0043C1B4D00E01F370164288FC2012037121013601F3C0163
:203BE00082013C0B54F2370264388FC3013037231023602F3C01C21192F23F21F57F74F075
:203C000000900D0000020D004003DA000D0080044D00E00F6E19370064188FC1011037013B
:203C20001003600F3C0182003C0B54F1370164288FC2012037121013601F3C01C21092F104
:203C40003F10F57F54F0370064F88FCF01F0370F10F360FF3C0154FF370F64188FC1011020
:203C600037F110F360FF3C0191000026D9222414D422482F742FD42FB0CFF42FD42F91004A
:203C80000046D9441C14544F74FFD42FB0CFF42FD42F74F06D00BA10DA000D00800491003C
:203CA00000F6D9FF2414D4FCD4CF54FAD4CFB04FF4CF910000F6D9FF1C14D4CD54D874F810
:203CC000D4CFB04FF4CFEE06CD0AE00F0D00C0043C1B4D00E08F370864988FC901903789FD
:203CE0001083608F3C0182083C0B54F9370964B88FCB01B0379B1093609F3C01C21892F96A
:203D00003F98F57F74FA0D0000030D00400200800D000002911000F8D9FFE877D4F29110C5
:203D200000F8D9FFE877D4FF48CF3B50C3000650420F6C2C911000F8D9FFE877D4FF911099
:203D40000028D922E877D422092F0019960189FF0019911000F8D9FFE877D4FF48CF911007
:203D600000F8D9FFE877D4FF484FDA1F0D0040034DC0E28FB708080016FFA6F0CDC0E20FF3
:203D80000D00C0040D0000033C016D00EC100D004003CDC8E20F0D00C0040D00000382085B
:203DA000914000FF19FF9068370F61FC1E1376228218914000FF19FF90688FA80180A68F50
:203DC000914000FF59FF90680D0080040D00C0040D0040020080911000F8D9FFE877D4FFEF
:203DE000DA1F6CFE911000F8D9FFE877D4F2911000F8D9FFE877D4FF48FFB70F01F16C2F8D
:203E0000DA006E03DA013C02DA00911000F8D9FFEC77D4FF8FBF20F0960274FF911000F8BB
:203E2000D9FFEC77D4FF91100028D922EC77D422542FB71F01F574FF911000F8D9FFE877C5
:203E4000D4F2911000F8D9FFE877D4FF484F6C2C911000F8D9FFE877D4FF91100028D92263
:203E6000E877D422092F0019960189FF0019911000F8D9FFE877D4F2911000F8D9FFE877FE
:203E8000D4FF48FF96016C2F911000F8D9FFE877D4F2911000F8D9FFE877D4FF484F3B507B
:203EA000C3000650420F6C2C911000F8D9FFE877D4FF7B0020F189FF2839DA006E03DA01C2
:203EC0003C02DA00911000F8D9FFE477D4FF8FBF20F0960174FF911000F8D9FFE477D4FF24
:203EE00091100028D922E477D422542FB71F01F574FF0D004003DA000D008004910000F6A9
:203F0000D9FF2414D4FFD4F25420D4F2B042F4F291000026D9221C14D4F454417421D4F24C
:203F2000B042F4F2EE06CD00E00F0D00C0043C1B4D00E01F370164288FC2012037121013E3
:203F4000601F3C0182013C0B54F2370264388FC3013037231023602F3C01C21192F23F212D
:203F6000F57F74F04D40E0FFB70F07F0CD4FE00F0D00C0040D004002008000000000000095
:203F800082023C01009020080248404F025982105F80390082205F803B0082305F80380045
:203FA00082405F80350082505F80320082605F802F00DA075F8F2C00DA085F8F2900DA0981
:203FC0005F8F2600DA105F8F2900DA215F8F3A00DA305F8F3A00DA315F8F3A00DA325F8F4A
:203FE0003A00DA705F8F3A00DA715F8F3A00DA725F8F5B00DA735F8F5B00DA745F8F5D00DE
:204000003C5E6D001D026D00F4023C5A6D00180202846D0024023C546D001202BF290B805D
:2040200014FF370F4840081F370F48506D00B1023C07769614FF370F48406D0090023C40CF
:204040006D00FE013C3D6D0087023C3A6D00C0013C376D00E0013C346D00FC163C31DF39AC
:204060000A8049A5000A49A6020A40F46DFF0DD6F62891200048D9443A886D00B7193C20B1
:204080006D00C602F6246D001303762891200048D94415986D00AA193C1314A409A582087E
:2040A0006D0075183C0D6DFFDFD63C0A40F402946DFFB2D63C056DFF9ED63C023C0100906C
:2040C000094F00196E15CC43094F001910FFEC434C43094008093F0F0580D44FEC433C01E3
:2040E000CC4309440019405440F56DFF52EF0090F653F4553C02F45489543C098955001914
:20410000821440546D0092000090404F6DFF82FC48EFEE03DA013C02DA006DFF9EFC02F258
:204120003C010090404F6DFF75FC09F805183C12489FEE03DA013C02DA00EE0A49F4240AAC
:204140006D00271076246D00D30D3C013C023C04C2F8FF18EF7F82FF89FF05186DFF7DFCCF
:204160006DFF58FC09F804183C12484FEE03DA013C02DA00EE0B49F4100A6D000A10762428
:204180006D00B60D3C01C2F83C023C03FF18EF7F82FF89FF04186DFF60FC0090404F0B459A
:2041A00010886DFF37FC09FF04185EF4DA0089FF041809FF05185EF4DA0089FF05186DFF72
:2041C0004CFC48EFEE0849F4240A0B8910486D00A50D3C0140F46DFFA7FF00900B451088F9
:2041E000026AA00FBF181F8082FF4B8F11023F901A8073980AF03B70FB0F3FF014807398CF
:204200000AF08B8F04406DFF2DE7402FBCFA49F4081A0B89104802A640F56DFF6BFF3C0166
:204220003C0140F23C010090404F02488219BD0F440048FF6E4182F048FF4BF0110209F2C6
:2042400000193F203A806DFFE5FBD4F248FF09F00019E20F1022E822DA006CFED4F2E81290
:20426000D4F248FFC2FF09F00019E20F1022E83282FF89FF041882FF89FF0518DF0812805D
:20428000484FEE03DA013C02DA00EE0A49F4100A6D007F0F7624AD0080003C013C013C09D3
:2042A00049F4100A6DFFB8ED49F4240A6DFFB4ED6DFFD3FB3C02820902923C01009020108A
:2042C000404F405C74A482087CC409FF00196E016D002F0EF62354AF6E013C6C6DFF9AFB63
:2042E00048EF6E1A40F440C56DFFECFEC2FF6CFE484FEE03DA013C02DA00EE0A49F4100A7B
:204300006D00470F7624AD0080003C013C016DFFA4FB82123C5054AFEE056DFF9EFB8202EF
:204320003C4AF68749A4040A6D00D50C82183C016DFF93FB6D005C0D6DFF6CFB09FF041893
:204340005EF4820089F0041809FF05185EF4DA0089FF05186DFF81FB49A4040A49A5000A23
:204360006D00AB0DDF021C8040F46DFFD0FEDF02110049F4240A54A46D00C10C40F46DFFFE
:20438000D3FE6D00B80FF624AD0080003C013C0640F46DFFC9FE6D00AE0F3C0C40F46DFFD9
:2043A000C3FE6D00A80F40F46DFFB1FE762382023C023C950090911000F6D9FF002D282425
:2043C000911000F6D9FF002D28350090911000F6D9FF002D08BFEE023C1C911000F6D9FF3A
:2043E000002DDA002CFA911000F6D9FF002DDA002CFB911000F6D9FF002D6D00AD0D89F2B5
:204400000609820482056DFFD8FF82146D005E010090911000F6D9FF002DDA012CFA91100D
:2044200000F6D9FF002DDA012CFB820482056DFFC4FF3BA000406D0049010090911000F64A
:20444000D9FF002D6D00880D89F20609911000F6D9FF002DDA012CF40090911000F6D9FF35
:20446000002D09F50108911000F6D9FF002D08BF6E023C70DA02BE46DA03BE4BDA045F4F37
:204480002600DA055F4F2D00DA065F4F3600DA075F4F3D00DA085F4F4500DA095F4F4D00F9
:2044A0003C5802546DFF89FF82246D000F013C52025F325F370F48403255370548506DFFE6
:2044C0007CFF82346D0002013C45025F325F370F48406DFF72FF82446D00F8003C3B025F1A
:2044E000325F370F48F0025402F56DFF66FF82546D00EC003C2FDA024BF5010202046DFF64
:204500005CFF82646D00E2003C25DA024BF50102025402056DFF51FF82746D00D7003C1AE2
:20452000025F325F370F48406DFF47FF3B8000406D00CC003C0F025F325F370F48F00254C4
:2045400002F56DFF3AFF3B9000406D00BF003C023C0100906D00720000903BC0F9FF7FF4A8
:2045600005003BC0F94F3C06DA647F4F04003B400640CE4332543C01911000F6D9FF002D70
:204580002814370448F0EE036D00330000900B451088911000F6D9FF002D08BF6E023C272D
:2045A0000B8910486DFF09FFF686F69582146D008D003C1D5F9809808E9382243C02823470
:2045C0006D0084003C14029F325F7E8ACE843B8000403C033B9000406D0078003C087F9889
:2045E000040082643C0282746D0070000090911000F6D9FF002D08BF6E023C08820482050C
:204600006DFFDBFE82146D0061000090911000F6D9FF002D08B23C010090911000F6D9FFCF
:20462000002D09F2C2083C010090911000F6D9FF002D14F23C010090911000F6D9FF002DB0
:20464000DA0034FF911000F6D9FF002DDA322CF1911000F6D9FF002DDA002CF2911000F65D
:20466000D9FF002DDA002CF3911000F6D9FF002DDA002CF4911000F6D9FF002D6D006C0C25
:2046800089F20609911000F6D9FF002DDA002CFA911000F6D9FF002DDA002CFB820482054A
:2046A0006DFF8BFE82146D0011000090911000F6D9FF002D08A23C010090911000F6D9FFDF
:2046C000002D08423C010090911000F6D9FF002D34F400906D00400C911000F6D9FF002DED
:2046E00009FF0609A2F2DA647F2F1580911000F6D9FF002D08BFEE0E911000F6D9FF002D93
:20470000DA002CF4820482056DFF57FE82146DFFDDFF009082003C0B534020F0911000F660
:20472000D9FF0C2D10FFDA0074FFC210BF20F6FF0090FF240B80534420F0911000F6D9FF12
:204740000C2D10FFDA0074FF0090BF24048082023C73534420F0911000F6D9FF0C2D10FF3C
:20476000F675DA0074FF02523C674B0541F14B0641016B00311F7B0004F44BF101F0AE2844
:204780007B0004FC4BF101F0370F61F06E20BBA070FD9B3FC2F354F06BF161F074FF54FF3E
:2047A0007B6039044B0F01F0370F61F16E057B6039F474FF3C0C54FF7B60390C4B0F01F00A
:2047C000370F61F06E047B6039FC74FF4B0541F17B00F803BBD0CC2C9BC2F4234B214110A1
:2047E0006B0F61F154F06B00214F7BA047F44BF401F0370F61F16E047BA047443C0A7BA037
:2048000047FC4BF401F0370F61F06E037BA0474C7B000AF44BF401F0370F61F06E0A7B003C
:204820000AFC4BF401F0370F61F16E0382023C046DFF72CE3C010090DA5A7E49894401082B
:20484000DA01894F8448DA01344F3C036D00CA010090200802490B5610A8027C404C09AD28
:20486000C808405F09A8CC08BCF6DAF83FDF04807CC476D382F23C438BAD00E002D46D0047
:20488000C50174A27F28048082F23C39DA5A34FFDA012CF12829283A284B40F2B0528FFDE3
:2048A0000FF1342F8F8D3FF02CF6287CDA003C0910F210C4144089200808C21F370F70F0FB
:2048C0003FDFF8FF8B8D004040F46D001A0001FD00268F823FF02C288B8D00F010F28FF26D
:2048E0000FF12C2102EF3C0710F282003420C21F370F70F054A23F2FF9FF3C010090404F20
:204900000248BBF0FF4F7CF382023C0FDA003C0910F214256D000B000224C21F370F70F097
:204920003F8FF8FF02423C0100908F852020C64282003C0E6FF209008612370270203B1063
:2049400002F1C6F23C04861237027020C210DA083FF0F27F3C010090404F405CBCF27CC4D1
:2049600082321D00FF0014FF82003E0E8210BE0882205F0F520082305F0F690082405F0F13
:2049800075001D00E300DA5A7E492814DA0189FF844889F50C49DA0134FF1D00E10009FF55
:2049A000C44810F28924010809FFC448C21F89FF844889F50C4909FFC448BF8F2C80082FD2
:2049C0001E1C09FF1C49C21F89FF1C4940F46DFF35FF82421D00C60049F2060A1420087FE1
:2049E0008F8F20F0A6F03C01DAF87F0F0D8009FF1849C21F89FF184940F46DFF1FFF823224
:204A00001D00B00089F086487603DA023C02DA0334FF1D00A50009FFC44810F28924010851
:204A200009FFC448C21F89FF844889F50C4909FFC44809F0C6488B800000370070003F0F3F
:204A40000480DA0334FF1D008B0009FFC44810F28924010809FFC448C21F89FF844889F587
:204A60000C49DA0434FF3C7B09FFC44810F28924010809FFC448C21F89FF844889F50C4931
:204A800049F2060A1420087F8F8F20F00FF0A0903C0101F900260C298F8F20808B8900F05F
:204AA00010F20C22A6F840F4B0148B890000370070406DFF26FF022F40F46D0093003E8879
:204AC00009FF1449C21F89FF144982223C4A09FF49486E1E084409F548486D008C00DF02A8
:204AE000188009FF2049C21F89FF204909FF4A48C21F89FF0A4809FF4A48BF8F0880DA003C
:204B000089FF0948DA0089FF0A4882523C2A084F89FF0848DA0189FF0948DA0089FF0A4837
:204B200009FF1049C21F89FF1049083F34CF084F2CC1085F2CC2088F2CC389C9840849FFC3
:204B4000090AECC282123C0D09FF1849C21F89FF184940F46D00460082323C0382023C01E9
:204B60000090BD042800DA00344FDA00894F8448DA00894F8648DA00894F0848DA00894FAD
:204B80000948DA00894F0A48DA00894F0C49DA00894F1049DA00894F1449DA00894F18498C
:204BA000DA00894F1C49DA00894F2049DA00894F24490090BC43144FEE0382023C11094F98
:204BC0000C49A2F4FF44048082023C0A094F2449C21F894F24496D00050082623C0100904B
:204BE000DA00344FDA00894F8448DA00894F86480090A2543704680082027605DA203F0FEA
:204C0000038082123C010090DAF87F4F048082023C088BA400F0C23FBBC0FF2F26F23C01A6
:204C20000090BC45BC54DA267FF4058082F21D00AD0054408FF00FF1345F370068F42C51E7
:204C4000370068F82C52370068FC2C53405FB04F094004098FF00FF134FF370068F42C556B
:204C6000370068F82C56370068FC2C570C482C58495F090A094FCA088FFF0F0134F0868F69
:204C80002C5A495F0B0A8C46370F70F08FFF0F0134F0868F2C5C495F0D0A8C47370F70F0C2
:204CA0008FFF0F0134F0868F2C5E495F0F0A8C48370F70F08FFF0F0134F0868F895F100881
:204CC000495F110A8C49370F70F08FFF0F0134F0868F895F1208495F130A094FD4088FFF36
:204CE0000F0134F0868F895F1408094F5608895F1508495F160A4C468FFF0F0134F0370F4A
:204D0000680489501708370F680889501808370F68FC895F1908495F1A0A4C478FFF0F01D0
:204D200034F0370F680489501B08370F680889501C08370F68FC895F1D08495F1E0A094F0F
:204D4000E0088FFF0F0134F0868F895F1F08094F6208895F2008495F210A4C498FFF0F01AD
:204D600034F0370F680489502208370F680889502308370F68FC895F2408094F6808895F32
:204D800025083B6002203C0100902018404C405D09C84019DA8034AF912000F8D9FF2A9851
:204DA00049FF000A49A2010AA0F404FF242FFC4E49A5000A821440C46D005900DA0034AF62
:204DC0003C0749A5000A821440C46D00500009C00839DA705F0FF7FF820A3C0F01AA00F611
:204DE000538A20008B8003610B8910486DFF4099370268F02CF9C21ADA083FFAF17F49A50B
:204E0000010A3B00014040C46D00310082083C1982793C14DA088B79000103F80AF010DF74
:204E2000538820F010C209244009538920606DFF1F99370268F034FFC2F9FF09ED7FC218F2
:204E4000DA083FF8E77F0090404F91100058D95588873B00044040F46DFF9BE8D20089F091
:204E60004019DA0089FF08390090404F405C024882050284FB8000606DFFE09809F0401913
:204E80000B0240000B13501089F040193C2509FF08398B0F08F17FF80380028F09F0083973
:204EA00001F000264924081A40C502F46DFF71E809F0083942F089F0083910CCA2F809F0F7
:204EC0000839DA807E0949F5081A40F46D000800DA0089FF0839FF18DCFF0090D9AAD85FC8
:204EE00082043C53538420F010A2538420F0105F14FF82008F8F0110538420F0105F081F6D
:204F000082028F0F0130A620A631538420F0105F082F82028F8F0030A620A631538420F0BE
:204F2000105F08338202A620A631538420F0105F084F820302F27723003C8F820120A620B2
:204F4000A631538420F0105F085F820302F2772300388F020120A620A631538420F0105FCD
:204F6000086F820302F2772300348F820020A620A631538420F0105F087F820302F2A62089
:204F8000A63189204009C214DA103FF4AD7F3B0001601D0099008B161F00538020F010AF75
:204FA00009F040098FF11F307701802F8B161F00538020F010AF09F0400982048FF00150BF
:204FC000A624A6358B161F00538020F010AF09F040098F811F307701002C8B161FF0538FF3
:204FE00020F010AF09F0400982088F8001900F82A0000F93A010C640C6518B161FF0538F44
:2050000020F010AF09F240098F931F507723804CC604C6159AE6538F20F010AF09F040096E
:205020008FD11E30770180269AE6538F20F010AF09F0400982088FD00090A682A6939AE6D7
:20504000538F20F010AF09F0400982098F311E809AE6538F20F010AF09F0400977018011F8
:205060000630A680A691C620C6319AE6538F20F010AF09F240098FA31F907723008D0F80B4
:20508000C0200F91C030538620F010AF8B061FF0538F20F010A2092040090B4040000B515B
:2050A00050109A96538F20F010A2092440090B4040000B5150100B2040000B31501089F07F
:2050C0004009C216DA503FF6687F094040090B011028094048090B011048094050090B01E7
:2050E000106809405809D9A320A089304009094060090B01108809406809D9A300A089306B
:20510000400909407009D9A308A08930400909407809D9A310A089304009DA0078A61D0051
:20512000B0008F291F1077890009820A8F2801B0A6A0A6B18FE91EB0778900A7820C8FE84C
:2051400000D0A6CAA6DBC6A0C6B1820B8F791FA0778980DB8F7801C0A6CAA6DBC60AC61B98
:2051600058A00FF880C058A10FF980D0D2F0C680C69158A226F058A326F1C60CC61D58A46D
:205180000BAF400058A50BBF50100BC040000BD1501058A6538F20F0911000F8D9FF889727
:2051A00010FF09FA40090BA040000BB1501058A6538F20F010AF09FA40090BA040C00BB12B
:2051C00050D08F431E1077230002820A8F4200B00FA0A0E00FB1A0F082018FE31F007723D9
:2051E00000BF8FE201A0A6A0A6B1C60EC61F82018F931F00772380BC8F9201A0A6A0A6B18F
:20520000C60EC61F0F4280000F5380100F6280A00F7380B0C6A0C6B10F6480A00F7580B0AB
:20522000C6A0C6B10B0E40A00B1F50B0D9A308A009304009D9A310A089304009D9A300A07E
:2052400009304009D9A308A089304009D9A300A08938400958A80BCF408058A90BDF50901B
:20526000D9A320A0893640090B4510680B2310480BAC40200BBD503058A6C21F78A6DA5016
:2052800019A018A03FF04F7F094040090B2040000B31501089404009094048090B404000D0
:2052A0000B51501089404809094050090B6040000B715010894050090940580958A80BF028
:2052C000400058A90BF1501089405809094060090B8040000B9150108940600909406809A2
:2052E00058A00BF0400058A10BF15010894068090940700958A20BF0400058A30BF150109E
:20530000894070090940780958A40BF0400058A50BF15010894078090090911000F6D9FFA8
:20532000087D09F236093C010090BF540880911000F8D9FFD4C754F23C0A534420F0911066
:2053400000F8D9FFD4C710FF54F23C010090910000F6D9FF201414F23C010090BC4D9110B0
:2053600000F6D9FF188D49FF000A4942000AA03444FF642FFC4E0090024F91100046D944FA
:20538000188D82043B0001506DFF35E6BF5F0380DA0002F46D0017010090914000FFD9FFA1
:2053A00000CC8200489F570F61F06E03DA013C02DA003C018B0F20223C01009091100046D0
:2053C000D944087D6DFFE6AF8B1200223C010090405C0B6710883B4010003F800B808F385C
:2053E00000F1EE077683F692BC44768676957CC482121D00A1008B380000911000F6D9FF7B
:20540000288D34F4911000F6D9FF288D2815911000F6D9FF288DDA002CF2DA033C117694FE
:205420003BF00F103C04104F09F17DF8911000F6D9FF288D10FF34F1C21F370F70F03F0FE7
:20544000F0FF911000F6D9FF188D482B91100046D944087D91100056D955288D911000666C
:20546000D966142D370050406DFF4FAFDF120F80911000F6D9FF188D91100026D922188D80
:205480004C23C21F6CF382223C56762E911000F6D9FF188D91100026D922188D4C22C21FB9
:2054A0006CF282423C48911000F6D9FF188D91100026D922188D5420C21074F06D00F500BF
:2054C000022A3C1A6D00F100A2A2BFA21680911000F6D9FF188D91100026D922188D4C21C9
:2054E000C21F6CF1910000F6D9FF201414F46D006A0082323C206DFF63FFDF02E5FF9110B8
:2055000000F6D9FF188D482F3EB382423C14DF091100DA003C0C10C2911000F6D9FF142DFF
:2055200010FF08303420C21F370F70F03F8FF5FF82023C0100900D00000291100046D94423
:205540001C6D6DFF86B2911000F6D9FF188D911000C6D9CC188D4CC2C21F6CF20D004002BD
:205560000080204849A4000A91100056D9551C6D6DFFEEAF910000F6D9FF201414F46DFF8E
:20558000D6FE4B0261F174AF911000F8D9FF9047F80BDA8089AF3008DA0089AF3108DA003B
:2055A00089AF3408DA0089AF3508DA0189AF140891100046D944087D49A5000A6DFFF4AE6A
:2055C00000902048024849A4000AC5F5C0C16DFFD0B1DA0034AFBB0068F99B8FB9F4780A38
:2055E000DA06ACAEDA09ACADDA0AACAFDA0289AF2C08911000F8D9FFF07749FF000A49A299
:20560000300AA05444FF642FFC4E49AF300AF80491100046D9441C6D49A5000A6DFFA3B0CA
:205620009140004FD94400CC82043B0001506DFF62AB910000F6D9FF201434F86DFF93FF19
:2056400000900D00000291100046D9441C6D6DFF72B20D00400200800D00000291100046C9
:20566000D9441C6D6DFF71B20D0040020080910000FFBCF16DFFA9B9913000FF39FF3506E8
:20568000160F4B0F41F14BF251F03C013C01911000F6D9FF30CD7BA047044B0F51F04B0F9A
:2056A00071F174FF009085FF1000820102F085F32C0082020F20A0400F31A0503C01911037
:2056C00000F6D9FF30CD54F682076DFF97953C010090024F3C016DFFE8FFA2F2BF02FD7F15
:2056E0000090404F044FEEFF01F420F080F2C2F2009015D0C0E315D0C0F74D40E0FFB72F1A
:2057000002F5CD4FE00F0D00C0044D4020F99601CD4F20090D00C0044D4020F99602CD4F09
:2057200020090D00C004910000F8C5023F0040F4A0358940C103FC5E49FF200AFC294D40CC
:2057400020F96F0FFEFF4D4020F96F1FFAFF85DFC4F3CD4FE00F0D00C00415D0C0FF15D008
:20576000C0EB0D0080040D00C004000000001D0003000090000000A000900B4510889100C3
:2057800000F6D9FF0C2454FA911000F6D9FF34CDD4FC911000F6D9FF38CDD4FD910000F6B1
:2057A000D9FF2414D4F4B0446DFF1EE3DF02198091000026D9223814910000F6D9FF38148D
:2057C00054F08211910000F6D9FF2414D4FF48BF0FF1001082F2C621261074203C01DFF838
:2057E0004380DF094100911000F6D9FF441DC81591000026D9222414D4224922080AF4259A
:2058000091000026D9222414D42249220C0A09548809F4240952880991000046D944241409
:20582000D44FB04FEC21910000F6D9FF2414D4FFB04FEC52910000F6D9FF2414D4FF49FFE0
:20584000140A91100026D922441DF4F2911000F6D9FF441D91100026D922441D542FC21FCA
:2058600074FF3C2B42A8910000F6D9FF2414D4FFB04F74F87FA80C80910000F6D9FF241445
:20588000D4F5B04540D46DFFD8E23C17910000F6D9FF2414D4F5B04540C46DFFCEE29100B7
:2058A00000F6D9FF3C1454FF7FF80880910000F6D9FF3C1474F83C010090404C6DFFAAF0FE
:2058C00091000026D922281491000046D9442814544FC21F742F91000026D9222414542F16
:2058E000EE10910000F6D9FF2414F4FC910000F6D9FF281454FF5E146D0079013C013C184B
:20590000910000F6D9FF082454FFEE12910000F6D9FF2414D4FF48BF09C02C093FF0088083
:20592000910000F6D9FF2414F4FC3C013C01910000F6D9FF341491000026D9223414542F42
:20594000C21F74FF910000F6D9FF381491000026D9223814542082114CCB0FF10010A61066
:2059600074F04CCB534F21F0911000F6D9FF3CCD10FFC81FECC2C82289C28C09C82240C425
:20598000B0448924840940C2B042E8224CCB534F21F0911000F6D9FF3CCD10FFECC54CCBC2
:2059A000534F21F0911000F6D9FF3CCD10FF4CCB534F21F091100026D9223CCD1022542F63
:2059C000C21F74FF6DFF49F0910000F6D9FF082454FF6E0F910000F6D9FF2414D4FF48BF02
:2059E00009C02C097F0F0580AD0080003C013C0100903C286DFF0EF0911000F6D9FF581DAD
:205A0000C83FC83C40C4B0446DFFEEE1910000F6D9FF281491000026D9222814542FC2FF7B
:205A200074FF910000F6D9FF2C1491000026D9222C14542FC2FF74FF6DFF0FF040C46D00CF
:205A40007E00910000F6D9FF2C1454FFEED4009020108212912000F8D9FF2A9849FF000A2B
:205A600049A2000AA0F404FF242FFC4EDA003C1010AF91200028D9223A981022092000080F
:205A800034F010AF09F00008F6023C04C21FBFFFF1FF10AFDA0034FF82083C1891100048C8
:205AA000D94490D549A5000A3B001040A0068205534820F0911000F6D9FF6C0D10F76D00AD
:205AC0002D02DF1203003C04C218BF18E97F3C010090201089A48C0989A588090248406CD6
:205AE0000259407D534820406DFFBCDA402FBD0F14003BC006406DFFB5DA402EBCE982046D
:205B00003BC0065040E46DFF76E2ECEC3C0440F46DFFFFDA3C02A00EBCEEF4AEDA00780130
:205B200009A48C0909A58809028440C6029540D76D00150040E23C010090404F40F46DFF0A
:205B4000ADEFC8C46DFFE5DA40F46DFFE2DA00903C036DFF50FF3CFE00902008F4A4406CD6
:205B60000258407DD802C2F4534420F0C8C210228020B7000300600E89FE8419BD05180055
:205B8000DA003C0D10F210540940000889203408105209200008F6023C06C21F3B0001005C
:205BA0003F0FF2FFDA0089FF03183C01BFA805803B9000803C0168B889F8081940F4B0448E
:205BC0006DFF38E149F4180A6DFF34E1ECF48BA800F16CF6ECF940E4D4A540C66DFFCBEE4D
:205BE000F4F2BCD3F4DF3C01009082083C0B534821F0911000F6D9FF3CCD10F46DFF0CE13E
:205C0000C218BFA8F6FF91100046D944440D6DFF03E191100046D944580D6DFFFDE0911056
:205C20000046D944700D6DFFF7E091100046D944581D6DFFF1E091100046D944441D6DFFBA
:205C4000EBE0911000F6D9FF34CD91100026D922440DF4F2911000F6D9FF38CD91100026D5
:205C6000D922580DF4F20090911000F6D9FF34CDD4FF54FFEE03DA013C02DA006E089100CD
:205C800000F6D9FF3C1482FF74FF3C0D91000026D9223C14911000F6D9FF34CDD4FFC83F5D
:205CA00054FF742F0090024F82026E0F6D00A000910000F6D9FF301454F0820502F46DFF2F
:205CC0005EFD6D0018033C01F624AD0080003C010090910000F6D9FF002454FF744F910066
:205CE00000F6D9FF0C2454FF6C410090910000F6D9FF1024DA0174FF0090024F910000F6CD
:205D0000D9FF2414D4FF49F5180A6DFF96E0821502F46DFF34FD00904045095684099100A2
:205D20000026D9222414D42249221C0AF42691000026D9222414D4224922200A09648809F6
:205D4000F42409628809910000F6D9FF2414D4FF49FF180AEC21910000F6D9FF2414D4FFE4
:205D600049FF180AEC62910000F6D9FF2414D4FF49FF280AF4F5545FC21F745F765282F4F9
:205D80006DFFFDFC00906DFF65FEDF1205806D0077063C01DF122680DA1F0D0040034DC0B5
:205DA000E20FB700080016FFA6F0CDC0E20F0D00C0040D000003910000F6D9FF3C1482FFF9
:205DC00074FF910000F6D9FF0824DA0174FF910000F6D9FF0C24DA0074FF6DFFFEEF3C0105
:205DE000911000F8D9FFE8C754FF0090910000F6D9FF301491000026D9223014542FC21FA3
:205E000074FF0D0080040090910000F6D9FF301454FF6E08910000F6D9FF1024DA0174FFA1
:205E20003C4A910000F6D9FF1024DA0074FF910000F6D9FF2414D4FF54F0910000F6D9FFEF
:205E40002414D4FF48CF3F0F1080910000F6D9FF2414D4FF49F5340A910000F6D9FF2414C5
:205E6000D4F46DFFCA92910000F6D9FF381454FF0F0FB0F18BFF01F1534F21F0911000F60F
:205E8000D9FF3CCD10FFC81209228409E812C81249F4080A7D420480C832E812910000266F
:205EA000D9222414C81FC83FF42F910000F6D9FF241454FF0090404F405C6DFFABED910064
:205EC0000026D9220C245420481F0BF0801054CF5EF3DA003C1D91000026D9220024542218
:205EE00054FF3E28481F3FF00680DA01820074C03C0F54CF7FF10A8054CFA21F74CF40F479
:205F00006DFFE9FEDA003C04DA0074CFDA016DFFA4ED02F23C0100906DFFDDFDBC264024D2
:205F20006DFFCDFC82123C0282F23C010090910000F6D9FF082454FFEE0382123C0A9100DF
:205F400000F6D9FF301454FFEE0382223C0282023C010090910000F6D9FF0C2454F23C01A6
:205F600000908208910000F6D9FF301454FFDF0F0281910000F6D9FF0C2454FF9219910082
:205F800000F6D9FF0C2474F9DF092C80911000F6D9FF34CDD4FF54FFEE023C01911000F6A8
:205FA000D9FF34CDD4FF91100026D92234CD91100046D94438CDD444F42491100026D92277
:205FC00038CDF42F910000F6D9FF002491000026D92200245420C21074F06DFF47FE3C01A8
:205FE000910000F6D9FF3C1454F03F09A9801D00A500911000F6D9FF34CDD4FF54FFEE03F4
:20600000DA013C02DA006E09910000F6D9FF3C1482FF74FF1D009400911000F6D9FF34CD52
:20602000D4FFC83FC83F481F7FF90980910000F6D9FF3C1474FF1D008300C852C824C83552
:2060400089458809C834C825894584090924840940F5B0457D540580C83489248409A00489
:20606000E854542FC2FF742F48AF6E19C8A2C874C88589458809C884C8758945840909241C
:20608000840949F5180A7D540580C88489248409A004E8A4542FC2FF742F3C01910000262C
:2060A000D922381491000046D94438145440821148BF0FF10010A610742048BF534F21F017
:2060C00091100026D9223CCD102209228409E82209248809E8340924880940F5B045894571
:2060E000840940F4B0448924880948BF534F21F091100026D9223CCD1022E85248BF534F13
:2061000021F091100026D9223CCD102248BF534F21F091100046D9443CCD1044544FC21FD2
:20612000742F48B0910000F6D9FF2414D4FF48BF7F0F048082183C011DFF5DFF910000F66B
:20614000D9FF2414D4FF48BF534F21F0911000F6D9FF3CCD10FF54FFBF2F048082183C017F
:20616000910000F6D9FF102454FF6E0382183C013C0C910000F6D9FF042491000026D92270
:206180000424542FC21F74FF02823C010090CC43C83FC8A2C874C88589458809C884C875BE
:2061A000894584090924840949F5180A7D540580C88489248409A004E8A4542FC2FF742F77
:2061C00091000026D9223014542FEE5CC852C824C83589458809C834C82589458409092429
:2061E000840940F5B0457D540580C83489248409A004E854542FC2FF742F91000026D922E3
:20620000381491000046D94438145440821148BF0FF10010A610742048BF534F21F091100F
:206220000026D9223CCD102209228409E82209248809E8340924880940F5B0458945840923
:2062400040F4B0448924880948BF534F21F091100026D9223CCD1022E85248BF534F21F02D
:2062600091100026D9223CCD102248BF534F21F091100046D9443CCD1044544FC21F742FDF
:206280003C2591100026D922700D09228409E87209248809E8840924880949F5180A894536
:2062A000840949F4180A8924880991100026D922700DE8A291100026D922700D91100046C5
:2062C000D944700D544FC21F742F48BF910000F6D9FF2414D4FF48B07FF00A808212910076
:2062E00000F6D9FF1024DA0174FF3C0282023C010090A00F82086DFF8DEB82099100002660
:20630000D9223014542F91000026D922301491000046D9443014544FC2FF742F91000026CF
:20632000D9223014542FDF0FD78091000026D9222814542FBF1FCF801D008F00911000F675
:20634000D9FF700DC83FC83FC8A2C874C88589458809C884C875894584090924840949F5AC
:20636000180A7D540580C88489248409A004E8A4542FC2FF742F0D008004C852C824C83574
:2063800089458809C834C825894584090924840940F5B0457D540580C83489248409A00446
:2063A000E854542FC2FF742F91000026D922381491000046D94438145440821148BF0FF14E
:2063C0000010A610742048BF534F21F091100026D9223CCD102209228409E822092488092C
:2063E000E8340924880940F5B0458945840940F4B0448924880948BF534F21F09110002657
:20640000D9223CCD1022E85248BF534F21F091100026D9223CCD102248BF534F21F09110FA
:206420000046D9443CCD1044544FC21F742F48BF91000026D9222414D42209202C097FF0C1
:206440000C8091000026D9221024534920F01022DA01742F3C0191100026D922700D542F6F
:20646000EE03DA013C02DA00DF0F6A7FBCF36DFFFDFB910000F6D9FF042454FABF1A198007
:206480006DFF71FD762B910000F6D9FF1024534920F010FFDA0174FF3C01C2FAFF1AF2FFE2
:2064A000910000F6D9FF0424DA0074FF3C01910000F6D9FF1024534920F010FF54FF6E0AB2
:2064C0008218910000F6D9FF241454FFAD0080003C013C016DFFC1EA02823C010090404F9A
:2064E000405C0248406D407EBCF37CC77686BCF314F23C0282623C5D14F0BF20048014F280
:206500003C583C5314FFEE2709F004398B4009F17FF80380028F09F0043901F000264924F0
:20652000300A40C502F46DFF34DD09F0043942F089F0043910CCA2F809F00439DA947E0AE9
:2065400040F46D006A0034F214FFBF2F048014F23C303C2B481F09F00839A20F7FF804805F
:20656000028F3C0149F40C3A40C502F46DFF7FF4BCED09F4083940D440C502F52D0E0000BE
:206580007625DA0934FF14F23C1409F0083942F089F0083910CCA2F809F00839481F7E0534
:2065A000DA0234FF76823C03FF18AEFF14F23C0100902040404F7CF382623C1A14FF1E2510
:2065C000DA0834FF14F23C1449F40C3A49A5000A6DFFDDF349A4000A49F5080A3B000240D5
:2065E0006DFFCADC7623DA0734FF14F23C010090404F405C82043B80195040F46DFFFBDCBD
:20660000DA0034FFE8BC009014420C418F8F00F0A6F23C0100902020404F49FC300A912024
:206620000058D9553F98824440C46DFFA5DC762382323C5A09FF74081E1382423C5540C455
:20664000B0646DFFE3FFDA943E2382423C4D49F4380A6DFF31E6022849F43C0A6DFF2CE68F
:20666000022949F4201A6DFF27E6769BBB0000F89BFF01F03F9F0680F6248B4909F03E83A4
:2066800082623C3249A4000A82043B0002506DFFB2DC48BF6E09C8B449A5000A3B00024035
:2066A0006DFF6ADCF62382523C1FC8B449F5042A3B40054040C66DFF37C7762382523C140B
:2066C000681909FF750889FF280849F4080A49F5001A3B0002406DFF5CDC49F40C3A6DFF45
:2066E000B5F382123C0100906DFF94E9910000F6D9FF182454FFEE2B91100046D944741D0C
:206700006DFF8ADB91100046D944482D6DFF84DB911000F6D9FF6C1D91100026D922741D19
:20672000F4F2911000F6D9FF701D91100026D922482DF4F2910000F6D9FF182482543BC0EE
:20674000005082066DFF4CEDF4F23C016DFF85E90090911000F6D9FF6C1DD4FF54FFEE0320
:20676000DA013C02DA00744FEE09911000F6D9FF6C1DD4FFC83F54F23C0282023C010090C5
:20678000820889440409894490093F451380A2654C463FF5048082183C0B911000F6D9FF77
:2067A000701DD4FF4045B04540F46DFF46DB3C117F6506803F64048082183C0B911000F6E8
:2067C000D9FF6C1DD4FF4045B04540F46DFF35DB02823C0100900B451088911000F6D9FFB3
:2067E0006C1DD4FFC83FC83F40F4B0446DFFFCDA09FF64082E2740F40B8910486D00D90096
:206800003C0609FF640816FE89FF2408C88240F42D02000000902010911000F8D9FFC887CD
:2068200049FF000A49A2000AA02444FF642FFC4E3C7C54AFBF0F7A00D802BD0F7700485F66
:20684000EE03DA013C02DA00EE0640F4B0446DFFCBDA3C0149A40C0A6D00BF00022854A09D
:20686000DA01BE07DA02BE0582315F013B0082415F013E0082515F014A00DA063E0ADA07A4
:206880003E08DA085F0F2E00DA095F0F31003C4B09FF6408960189FF240809A40409486FFB
:2068A00042F409A6040940F402856DFF6BFFDF02180009FF64082E2A09A40409486F42F4E9
:2068C00040F402856D0075003C0609FF640816FE89FF2408C88240F42D0200003C013C2453
:2068E00009FF640816FE89FF24083C1E09FF6408960189FF240858016CF6486F128440F407
:20690000028502866DFF3EFF3C0F09FF6408AE1540F46DFFFED33C0609FF640816FE89FF7A
:2069200024083C023C013C01910000F6D9FF1824D4F449A5000A82046DFFC3ECDF027BFF1C
:20694000009020080248025F6DFF52FA49A4000A6D004300022954A0DF002880EE0A3F890F
:2069600009806DFFC8FC0B8910486DFF36FF3C1C6E0B911000F6D9FF701DD4FF54FFEE03ED
:20698000DA013C02DA00910000F6D9FF1824D4F40B98804002F56DFF03EC6DFFACFCF624BE
:2069A000AD0080003C013C036DFFA5FC0090404F0B4510883C07486F42F8C88240F42D0239
:2069C0000000486F128440F4029502866DFFDAFEDF02F3FF0090404F6DFFBEFA022F9100FB
:2069E0000026D922142454207F0F07806D000F00821074F03C03820074F0910000F6D9FFBF
:206A0000142474FF02F23C0100903C0B911000F6D9FF6C1DD4FFC83F54F482F56DFFDDFEEB
:206A2000911000F6D9FF6C1DD4FF54FFEE03DA013C02DA006EEC911000F6D9FF6C1DD4FF2F
:206A400091100026D9226C1D91100046D944701DD444F42491100026D922701DF42F009028
:206A600020083C0B49A4000A6DFF75FE54A502246DFF69FF6DFFD1FE3CF6009082086DFFEB
:206A800035FE910000F6D9FF182454FF6E1691100048D944A09691200058D95504A83B00F7
:206AA0001040A0063B90005091000076D9771C246DFF34FA02283C0102823C0100902008B4
:206AC00091100046D9445C2D6DFF2991BF121300DA01ACA191100046D9445C2D49A5000A72
:206AE00049A6020AD2046DFFF594762414A46D00830000903B50C38006683C089110004697
:206B0000D9445C2D6DFF7394C2F8768E911000F6D9FF5C2DC81F882F3C016E03DA003C0242
:206B2000DA013C016EEC0090206049A4000AC5F540806DFF33937B107EF47801DA0F2CAAFB
:206B4000DA012CACDA082CADDA0889AFA008DA0489AFA208DA0C89AFA408DA0089AF26083B
:206B6000911000F8D9FFD48749FF000A49A2001AA07444FF642FFC4E49AF001AF80A911009
:206B800000F6D9FF5C7DF80C3B0010F089AFAE08911000F6D9FF782DF80E3B0010F089AF94
:206BA000B40891100046D9445C2D49A5000A6DFFBB900090404F3C1009F00008DA0A7E050A
:206BC0003BD000406D00180009FF0008370F68406D001200B01F09FF0008EEEF00906DFFB0
:206BE000EBFF3BD000406D0007003BA000406D000300009091100046D9445C2D6DFF7D90CB
:206C000000900D00000291100046D9445C2D6DFF49930D00400200800D000002911000463B
:206C2000D9445C2D6DFF85930D00400200800D00000291100046D9445C2D6DFFD8930D00DB
:206C4000400200800D00000291100046D94440CD6DFF28930D00400200800D0000029110AC
:206C60000046D94440CD6DFF64930D00400200800D00000291100046D94440CD6DFFB7939C
:206C80000D00400200806D00A102911000F6D9FF5CCD09FFC0086D00B60402F23C010090C5
:206CA000024F6D009302911000F6D9FF5CCDB4FF0D0080046D00A7040090404F7CF23C19AB
:206CC0006D00840291100026D92264CD49FF000A4922000AA05444FF642FFC4E911000F65C
:206CE000D9FF64CDDA0134FF0D0080046D008B040090404F6D006A0291100026D92264CD05
:206D0000142F6E1391100026D92264CD4922000A49FF000AA054442064F0FC4E911000F668
:206D2000D9FF64CD820034F06D006D0402F23C010090404CDA006D004902911000F6D9FF78
:206D40007CCD09F02029911000F6D9FF7CCD09F124295F102800911000F6D9FF7CCD09F061
:206D60002429DA084BF01102534121F0911000F6D9FF7CCD10FF49FF000A49C2000AA044DF
:206D800044FF642FFC4E911000F6D9FF7CCD91100026D9227CCD092F2429C21F89FF2429D5
:206DA000DA016D00300402F23C010090404C82086D000C02911000F6D9FF7CCD09FF2029FC
:206DC000911000F6D9FF7CCD09F02429A20FFF8F2A80911000F6D9FF7CCD09F02029DA08F0
:206DE0004BF01102534121F0911000F6D9FF7CCD10FF49C2000A49FF000AA044442F64FFB8
:206E0000FC4E911000F6D9FF7CCD91100026D9227CCD092F2029C21F89FF20290D008004A1
:206E200082186D00F00302823C0100906D00CE01911000F6D9FF60CD14FF911000F6D9FFAD
:206E400060CD820034F06D00DE0302F23C0100906D00BC01911000F6D9FF60CDDA0134FF7C
:206E60000D0080046D00CF030090404F7CF23C136D00AC0191100026D92264FD49FF000AD7
:206E80004922000AA04444FF642FFC4E0D0080046D00B9030090404F6D00980191100026D3
:206EA000D92264FD4922000A49FF000AA044442F64FFFC4E6D00A7030090911000F6D9FF95
:206EC00078FDDA0034FF0D0080040090911000F6D9FF78FD14F23C010090911000F6D9FFE9
:206EE00078FDDA0134FF0D0080040090404C82086D006C01911000F6D9FF7CFD54FF911022
:206F000000F6D9FFA04D54F0BE09911000F6D9FFA04D54F0DA084BF01102534122F0911094
:206F200000F6D9FF800D10FF49FF000A49C2000AA08444FF642FFC4E82186D00640302824A
:206F40003C0100906D004201911000F6D9FF7CFD54FF911000F6D9FFA04D54F03E0C9110EE
:206F600000F6D9FFA04D91100026D922A04D542FC21F74FF6D0047030090404F8208BCF6BE
:206F8000082F3B0002007FF0048082023C396D001D0191100026D9227CFD542F9110002681
:206FA000D922A04D5420A20FFF8F278091100026D9227CFD5420DA084BF01102534122F00A
:206FC00091100026D922800D102249FF000A4922000AA08444FF642FFC4E911000F6D9FFB6
:206FE0007CFD91100026D9227CFD542FC21F74FF0D00800482186D00060302823C01009014
:2070000091100046D944005E82043BC000506DFFF2D791100046D9443C4E820482456DFFC1
:20702000EAD791100046D94464FD82043B4001506DFFE1D791100046D944205E82048265C5
:207040006DFFD9D791100046D9447CCD82043B800A506DFFD0D791100046D944B84D82048A
:207060003B0080506DFFC7D791100046D94464CD82043B8001506DFFBED791100046D9442F
:20708000A44D82043B8000506DFFB5D791100046D9440C5E82043B4001506DFFACD7911026
:2070A0000046D944800D82043B0012506DFFA3D7911000F6D9FFB04DDA0074FF911000F687
:2070C000D9FF78FDDA0034FF911000F6D9FF60CDDA0034FF911000F6D9FF5CCDDA00B4FF88
:2070E000911000F6D9FF384EDA0074FF911000F6D9FFB44DDA0074FF911000F6D9FFAC4D29
:20710000DA0074FF911000F6D9FF7CFDDA0074FF911000F6D9FFA04DDA0074FF0D008004B3
:2071200000906D00530082003C0B532020F0911000F6D9FFA44D10FFDA00B4FFC210BF40E6
:20714000F6FF0D0080046D005E020090404F6D003D0082003C0E532020F010F2532020F03F
:2071600091100046D944A44D1044944FB42FC210BF40F3FF91100026D922AC4D542F6CF2A1
:207180006D00410202F23C010090024F0258BF4F03803C1A6D001A00532F20F0911000F63C
:2071A000D9FFA44D10FFB4F8911000F6D9FFAC4D91100026D922AC4D542FC21F74FF0D0044
:2071C00080046D00200200903C0191100046D944B04D6DFFCE91DF02FA7F0090404C40C489
:2071E0006DFF81F202283B0010007F8004803B0010806DFFEBFF3B008000911000F6D9FF6D
:20720000384E54F1911000F6D9FFB44D54F2A221A2109A187F0F4380DA003C20911000F6A8
:20722000D9FF384E54F03B0080104B101102911000F6D9FFB84D01F100F610C20920000814
:2072400034F0911000F6D9FF384E91100026D922384E5420C21074F0C21F3F8FE1FF9110F3
:2072600000F6D9FF384E54FF3B0080004B0F1102911000F6D9FFB84D01F100F6DA0A34FFCC
:20728000911000F6D9FF384E91100026D922384E542FC21F74FF0D0080046D00B401009097
:2072A00049AA38BA3C3E82003C24911000F6D9FFB44D54FF3B0080104B1F1122911000F6CB
:2072C000D9FFB84D01F300F609F10008911000F6D9FFB44D91100026D922B44D542FC21F4E
:2072E00074FFDA0A7E123C1401A000F634F1C210911000F6D9FFB44D54F1911000F6D9FFA5
:20730000384E54FF3E153B0010F03FF0D0FF01A000F6DA0034FF760549A4000A6DFF61FC29
:20732000911000F6D9FFB44D54FF911000F6D9FF384E54F05F0FB9FF009049AA30BA405C22
:2073400002488209DA147F8F04803B400180BD0413003C0901A900F6014900260920000882
:2073600034F0C219014900F609FF00086E04DAF33FF9F2FF820A3C2EBCC6534A20F010CF52
:2073800054F43C028204DAF43FF903803C2501A900F6DA2034FFC219CE4A01A900F6DA2D90
:2073A00034FFC219C2143254C2143C0149A40B4A6D001A013C0801A900F6092F000834FF2F
:2073C000C219B01249AF0B4A7DF2F7FFC21A370A68A03F8AD3FF01A900F6DA0034FF49A404
:2073E000000A6DFFFDFE00906DFFFAFE009049AA30BA405C0249820ADA147F9F04803B403D
:207400000190BD0413003C0901AA00F6014A00260920000834F0C21A014A00F609FF00082E
:207420006E04DAF43FFAF2FF82083C24BCC6534820F010CF54F43C02820449A40B4A6D0031
:20744000D300DAF53FFA03803C1701AA00F6DA2034FFC21A3C0801AA00F6092F000834FF79
:20746000C21AB01249AF0B4A7DF2F7FFC218370868803F98DDFF01AA00F6DA0034FF49A46D
:20748000000A6DFFADFE0090404F405C406D6DFF9DFE91100026D922005E942FB4FF911025
:2074A00000F6D9FF005E881FB4CF911000F6D9FF005E084F34DF911000F6D9FF005E09FF6A
:2074C00006096D00A00002F23C0100900248025F02696DFF7BFE911000F6D9FF005EB4F85B
:2074E000911000F6D9FF005EACF1911000F6D9FF005E2849911000F6D9FF005E9110002650
:20750000D922005E092F0609C21F89FF06090D0080046D00780000900248025F6DFF56FEE2
:20752000911000F6D9FF3C4EB4F8911000F6D9FF3C4EACF10D0080046D0065000090404F8E
:207540006DFF44FE91100026D9220C5E4922000A49FF000AA044442F64FFFC4E6D005300C6
:207560000090404F7CF23C1E6DFF30FE91100026D9220C5E49FF000A4922040AA03444FF7C
:20758000642FFC4E911000F6D9FF0C5E91100026D9220C5E142FC21F34FF0D0080046D00B4
:2075A00032000090404F6DFF11FE91100026D922205E0921C4085420A82174F06D00230098
:2075C0000090404C6DFF02FE911000F6D9FF205E09C1C40854C0A82174F00D0080046D0061
:2075E00012000090B0F4DA0A4BF411028B0103F0344FDA0A4BF41142DF04F6FF40423C0100
:20760000009091100046D944B04D6DFF16900090000081F800000000000083F80100000042
:20762000000085F802000000000000000000000000000000000000000000000000000000CB
:2076400000000000000000000000010000010F00010F000000000000000000000000000009
:20766000000000A0FF3F00A0004000A0FF7F00A0008000A0FFBF00A000C000A0FFFF00A012
:20768000000001A0FF3F01A0004001A0FF7F01A0008001A0FFBF01A000C001A0FFFF01A0EA
:2076A000000002A0FF7F02A0008002A0FFFF02A0000003A0FF7F03A0008003A0FFFF03A0BE
:2076C000000004A0FF7F04A0008004A0FFFF04A0000005A0FF7F05A0008005A0FFFF05A08E
:2076E000000006A0FFFF06A0000007A0FFFF07A0000008A0FFFF08A0000009A0FFFF09A056
:2077000000000AA0FFFF0BA000000CA0FFFF0DA000000EA0FFFF0FA0000010A0FFFF13A003
:20772000000014A0FFFF17A0000018A0FFFF1BA000001CA0FFFF1FA0000020A0FF3F20A038
:20774000004020A0FF7F20A0008020A0FFBF20A000C020A0FFFF20A0000021A0FF3F21A02F
:20776000004021A0FF7F21A0008021A0FFBF21A000C021A0FFFF21A0000022A0FF7F22A0C7
:20778000008022A0FFFF22A0000023A0FF7F23A0008023A0FFFF23A0000024A0FF7F24A0D9
:2077A000008024A0FFFF24A0000025A0FF7F25A0008025A0FFFF25A0000026A0FFFF26A029
:2077C000000027A0FFFF27A0000028A0FFFF28A0000029A0FFFF29A000002AA0FFFF2BA06C
:2077E00000002CA0FFFF2DA000002EA0FFFF2FA0000030A0FFFF33A0000034A0FFFF37A00D
:20780000000038A0FFFF3BA000003CA0FFFF3FA0000702001100000000A003F00800000049
:2078200088000000010003000900000000A003F0000000008800000002040200330000005D
:2078400000C103F00000000088000000040103003600000000C103F003000000880000006F
:207860000000000000D303F0040000000A0000000001000000D303F0050000000800000060
:207880000002000000D303F006000000090000000003000000D303F0070000000900000038
:2078A0000004000000D303F000000000060000000005000000D303F0010000000600000026
:2078C0000006000000D303F002000000060000000007000000D303F00300000006000000FE
:2078E000001F00F000D303F00D00000003000000001F00F000D303F00C000000980000002A
:20790000001F00F000D303F00B00000098000000001F00F00500000000C303F00400000021
:2079200098000000001C00F000000000001D00F001000000001E00F002000000001F00F076
:2079400003000000040017B7D138000000000000030017B7D138000000000000020017B79F
:20796000D1380000000000000300000044790180013B050017B7513912011202FF0F3F03AD
:2079800012221402FFFFFF0F020000000F000000010000000F000000000000003F00000031
:2079A000000000003F000000000000003F00000055120000FF7F0000002D31010000000005
:2079C0000000000000000000000000000000000000000000000000000000BD3786350000F8
:2079E000BD37863500000000000000000000010001000000000001000000000000000100D4
:207A0000000000000000000008C9BCF367E6096A3BA7CA8485AE67BB2BF894FE72F36E3CDD
:207A2000F1361D5F3AF54FA5D182E6AD7F520E511F6C3E2B8C68059B6BBD41FBABD9831F58
:207A400079217E1319CDE05B22AE28D7982F8A42CD65EF23914437712F3B4DECCFFBC0B5D5
:207A6000BCDB8981A5DBB5E938B548F35BC2563919D005B6F111F1599B4F19AFA4823F92DA
:207A800018816DDAD55E1CAB420203A398AA07D8BE6F7045015B83128CB2E44EBE85312426
:207AA000E2B4FFD5C37D0C556F897BF2745DBE72B196163BFEB1DE803512C725A706DC9B59
:207AC000942669CF74F19BC1D24AF19EC1699BE4E3254F388647BEEFB5D58C8BC69DC10FC2
:207AE000659CAC77CCA10C2475022B596F2CE92D83E4A66EAA84744AD4FB41BDDCA9B05C54
:207B0000B5531183DA88F976ABDF66EE52513E981032B42D6DC631A83F21FB98C82703B0DD
:207B2000E40EEFBEC77F59BFC28FA83DF30BE0C625A70A934791A7D56F8203E05163CA0659
:207B4000706E0E0A67292914FC2FD246850AB72726C9265C38211B2EED2AC45AFC6D2C4D88
:207B6000DFB3959D130D3853DE63AF8B54730A65A8B2773CBB0A6A76E6AEED472EC9C28131
:207B80003B358214852C72926403F14CA1E8BFA2013042BC4B661AA89197F8D0708B4BC202
:207BA00030BE5406A3516CC71852EFD619E892D110A96555240699D62A20715785350EF4E9
:207BC000B8D1BB3270A06A10C8D0D2B816C1A41953AB4151086C371E99EB8EDF4C77482773
:207BE000A8489BE1B5BCB034635AC9C5B30C1C39CB8A41E34AAAD84E73E363774FCA9C5B92
:207C0000A3B8B2D6F36F2E68FCB2EF5DEE828F74602F17436F63A57872ABF0A11478C884BE
:207C2000EC39641A0802C78C281E6323FAFFBE90E9BD82DEEB6C50A41579C6B2F7A3F9BE89
:207C40002B5372E3F27871C69C6126EACE3E27CA07C2C021C7B886D11EEBE0CDD67DDAEA59
:207C600078D16EEE7F4F7DF5BA6F1772AA67F006A698C8A2C57D630AAE0DF9BE04983F11B1
:207C80001B471C13350B711B847D0423F577DB289324C7407BABCA32BCBEC9150ABE9E3C16
:207CA0004C0D109CC4671D43B6423ECBBED4C54C2A7E65FC9C297F59ECFAD63AAB6FCB5FB0
:207CC0001758474A8C19446CA3785913CA4DEB75ABD841414D0A700098E879777940C78C09
:207CE00073FE6F2BEE6C0352010000000000000000000000000000000000000000000000C9
:207D00000000000000000000EDFFFFFFFFFFFFFFFFFFFFFFFFFFFFFFFFFFFFFFFFFFFFFF8D
:207D2000FFFFFFFFFFFFFF7FB0A00E4A271BEEC478E42FAD0618432FA7D7FB3D99004D2BA0
:207D40000BDFC14F8024832B000000000000000000000000000000000000000000000000D7
:207D6000000000000000000060780180707801808078018090780180A0780180B0780180FD
:207D8000C0780180D07801803A100180501001804A10018000C103F00400000000C103F06E
:207DA0000500000000C103F00200000000C203F00300000000A003F00200000000A003F028
:207DC0000600000000A003F00A00000000A003F00C000000387801804C78018024780180CE
:207DE00010780180908903F0000000F0908403F00079018080000000F07801808000000094
:207E0000E0780180100200000000000000000000000000000000000010000000C0800080A7
:207E2000100000000000000080000000D080008080000000808903F0848903F0888903F062
:207E40008C8903F0908903F0948903F0988903F09C8903F0A08903F0A48903F0A88903F072
:207E6000AC8903F0B08903F0B48903F0B88903F0BC8903F0C08903F0C48903F0C88903F052
:207E8000CC8903F0D08903F0D48903F0D88903F0DC8903F0E08903F0E48903F0E88903F032
:207EA000EC8903F0F08903F0F48903F0F88903F0FC8903F0A08A03F0A48A03F0A88A03F02F
:207EC000AC8A03F0B08A03F0B48A03F0B88A03F0BC8A03F0FDFFFFFFFFFFFFFFFFFFFFFFBB
:207EE000FFFFFFFFFFFFFFFFFFFFFFFFFFFFFFFFFFFFFF0FEBFFFFFFFFFFFFFFFFFFFFFFA6
:207F0000FFFFFFFFFFFFFFFFFFFFFFFFFFFFFFFFFFFFFF7F40420F0080841E00404B4C006B
:207F200080969800002D3101090000005541525420696E697469616C697A656400626C6902
:207F40006E6B79006563686F00726F626F7400464154414C3A20737461636B206F76657256
:207F6000666C6F7720696E207461736B3A005350443D000001020300000000010002030015
:207F80000000000102000300000000010203000000000000000000000102030000000001CE
:207FA0000002030000000001020003000000000102030041505046572074633237355F63DB
:207FC00061722076302E322E3200000203015344433143414C4942524543206C6F616465DD
:207FE000642066726F6D2044464C4153480043414C494252454320696E76616C69642C20EF
:2080000064656661756C747300EDD3F55C1A631258D69CF7A2DEF9DE14000000000000003C
:208020000000000000000000101AD5258F602D56C9B2A7259560C72C695CDCD6FD31E2A450
:20804000C0FE536ECDD3366921586666666666666666666666666666666666666666666625
:208060006666666666666666664C494E4B20636D64712066756C6C004C494E4B206C6F7308
:2080800074004C494E4B207570004C494E4B20646F776E20286E6F2053465F524541445981
:2080A00029004C494E4B4552523D004C494E4B4442473D00000101005352563D00454E43FB
:2080C00043414C2073746172742028776865656C73206D757374206265206F66662067728E
:2080E0006F756E642900454E4343414C00454E4343414C2061626F727465642028657374C0
:208100006F702900534552564F20636C6F7365642D6C6F6F7020656E61626C6564005345C4
:2081200052564F206F70656E2D6C6F6F7020287265636F7264207372633D303B2063616C68
:2081400069627261746520766961203078373029004A4F472074696D656F7574004F544105
:208160003A20736C6F74206D61726B656420444F574E4C4F41444544004F54413A206D653E
:20818000746120636F6D6D6974204641494C45442028646F776E6C6F6164656429004F5467
:2081A000413A20736C6F74206162616E646F6E6564004F54413A20626C616E6B206D6574FA
:2081C000612C20636F6E6669726D2073656564732064656661756C7473004F54413A2073A7
:2081E000656C662D7465737420636F6E6669726D65642C20736C6F742056414C4944004F97
:2082000054413A20636F6E6669726D20636F6D6D6974204641494C45440074510999F74273
:2082200048144463958ABFBDD6FC559F9AB247C311FB58F74C5D6D468B5F4A4F472072650C
:208240006A65637465642028626164207061796C6F616429004A4F472072656A656374652B
:208260006420286661756C7429000000000000000000000000000000000049444C4500549B
:2082800043465700546D72205376630000000000009E016000000000000000000000000080
:2082A000000000000000000000000000002D310100000000E803000030000000FFFFFFFF48
:2082C00000000000FFFFFFFFFFFFFFFFFFFFFFFFFFFFFFFF0A000000AAAAAAAA00000000FC
:2082E00000000000000000000000000000000000000000000000000000000000000000007E
:17830000000000000000000000000000000000010101010100FF0062
:2083180000000000700059B30000000000000000000000000000000064B81E799B47E186CD
:208338000100000000400060A48201800400000001000000044000600C8301800100000023
:208358000100000008400060A88201800800000001000000104000608C8201800800000061
:208378000100000018400060B082018004000000010000001C4000600D83018001000000A6
:2083980001000000204000600E8301800100000001000000244000600F8301800100000018
:2083B80001000000284000601083018004000000010000002C400060B48201800C00000034
:2083D80001000000384000609482018004000000010000003C400060C08201801800000059
:2083F800010000005440006014830180010000000100000058400060158301800100000044
:20841800010000005C400060D882018004000000010000006040006016830180010000004C
:20843800010000006440006098820180040000000100000068400060DC8201803000000068
:2084580001000000984000609C8201800800000002000000A0400060000000002A000000B8
:2084780002000000CC400060000000000100000002000000D04000600000000045040000BA
:20849800020000001845006000000000DD00000002000000F84500600000000065800000A4
:2084B8000200000060C6006000000000350300000200000098C90060000000000100000020
:2084D800020000009CC90060000000000100000002000000A0C9006000000000B10400003C
:2084F8000200000054CE006000000000190000000200000070CE0060000000000100000026
:208518000200000074CE00600000000005000000020000007CCE00600000000001000000ED
:208538000200000080CE0060000000004100000002000000C4CE006000000000010000003D
:2085580002000000C8CE006000000000D3020000020000009CD100600000000093010000D3
:208578000200000030D3006000000000EE0300000200000020D70060000000000100000033
:208598000200000024D7006000000000D500000002000000FCD70060000000006A090000E9
:2085B8000000000000000000000000000000000002000000803F00700000000080000000F2
:2085D8000000000000000000000000000000000002000000803F00600000000080000000E2
:2085F8000000000000000000000000000000000002000000803F00500000000080000000D2
:108618000000000000000000000000000000000052
:02000004801F5B
:0A402000911000E8D9EEC203DC0E97
:0A404000911000E8D9EED043DC0E29
:0A408000911000E8D9EED806DC0E1E
:0A40A000911000E8D9EEDA16DC0EEC
:0A40C000911000E8D9EE5895DC0ECF
:0A40E000911000E8D9EEF016DC0E96
:0A410000911000E8D9EEEE06DC0E87
:0A412000911000E8D9EE4295DC0E84
:0A414000911000E8D9EE7645DC0E80
:0A418000911000E8D9EEC206DC0E33
:0A41A000911000E8D9EEC416DC0E01
:0A420000911000E8D9EE5A70DC0EB0
:0A422000911000E8D9EE4E80DC0E8C
:0A424000911000E8D9EE4290DC0E68
:0A426000911000E8D9EE7690DC0E14
:0A428000911000E8D9EE6AA0DC0EF0
:0A42A000911000E8D9EE5EB0DC0ECC
:0A42C000911000E8D9EE52C0DC0EA8
:0A42E000911000E8D9EE46D0DC0E84
:20600000911000F8D9FF02CA0D00000202F4DC0F0000000000000000000000000000000053
:20602000911000F8D9FF3EAA0D00000202F4DC0F0000000000000000000000000000000017
:20604000911000F8D9FF3A9A0D00000202F4DC0F000000000000000000000000000000000B
:20606000911000F8D9FF3A8A02F4DC0F00000000000000000000000000000000000000000A
:20608000911000F8D9FF367A0D00000202F4DC0F00000000000000000000000000000000EF
:2060A000911000F8D9FF326A0D00000202F4DC0F00000000000000000000000000000000E3
:2060C000911000F8D9FF10FA0D00000202F4DC0F0000000000000000000000000000000055
:1260E000911000F8D9FF06DA0D00000202F4DC0F0090DD
:20620000911000F8D9FF02CA0D00000202F4DC0F0000000000000000000000000000000051
:20622000911000F8D9FF3EAA0D00000202F4DC0F0000000000000000000000000000000015
:20624000911000F8D9FF3A9A0D00000202F4DC0F0000000000000000000000000000000009
:20626000911000F8D9FF3A8A02F4DC0F000000000000000000000000000000000000000008
:20628000911000F8D9FF367A0D00000202F4DC0F00000000000000000000000000000000ED
:2062A000911000F8D9FF326A0D00000202F4DC0F00000000000000000000000000000000E1
:2062C000911000F8D9FF10FA0D00000202F4DC0F0000000000000000000000000000000053
:1262E000911000F8D9FF06DA0D00000202F4DC0F0090DB
:0400000580008020D7
:00000001FF
