:0200000480007A
:2000000000000000700059B30000000000000000000000000000000064B81E799B47E18668
:20002000910000F8D9FF7E30DC0F0090FFFFFFFFFFFFFF7F040017B7D138000000000000E3
:20004000030017B7D138000000000000020017B7D138000000000000030000003400008036
:20006000013B050017B7513912011202FF0F3F0312221402FFFFFF0F020000000F00000009
:20008000010000000F000000000000003F000000000000003F000000000000003F00000093
:2000A000D5140000FF7F0000002D3101DA1A0080F01A0080EA1A0080002D3101FFFFFFFF9D
:20010000910000F8D9FFA2600D00000202F4DC0F000000000000000000000000000000008C
:20012000910000F8D9FF9E500D00000202F4DC0F0000000000000000000000000000000080
:20014000910000F8D9FF9A400D00000202F4DC0F0000000000000000000000000000000074
:20016000910000F8D9FF963002F4DC0F000000000000000000000000000000000000000077
:20018000910000F8D9FF92200D00000202F4DC0F000000000000000000000000000000005C
:2001A000910000F8D9FF8E100D00000202F4DC0F0000000000000000000000000000000050
:2001C000910000F8D9FFA8800D00000202F4DC0F00000000000000000000000000000000A6
:1201E000910000F8D9FFA6700D00000202F4DC0F009016
:20020000910000F8D9FFA2600D00000202F4DC0F000000000000000000000000000000008B
:20022000910000F8D9FF9E500D00000202F4DC0F000000000000000000000000000000007F
:20024000910000F8D9FF9A400D00000202F4DC0F0000000000000000000000000000000073
:20026000910000F8D9FF963002F4DC0F000000000000000000000000000000000000000076
:20028000910000F8D9FF92200D00000202F4DC0F000000000000000000000000000000005B
:2002A000910000F8D9FF8E100D00000202F4DC0F000000000000000000000000000000004F
:2002C000910000F8D9FFA8800D00000202F4DC0F00000000000000000000000000000000A5
:1202E000910000F8D9FFA6700D00000202F4DC0F009015
:20030000910000F8D9FFA2600D00000202F4DC0F000000000000000000000000000000008A
:20032000910000F8D9FF9E500D00000202F4DC0F000000000000000000000000000000007E
:20034000910000F8D9FF9A400D00000202F4DC0F0000000000000000000000000000000072
:20036000910000F8D9FF963002F4DC0F000000000000000000000000000000000000000075
:20038000910000F8D9FF92200D00000202F4DC0F000000000000000000000000000000005A
:2003A000910000F8D9FF8E100D00000202F4DC0F000000000000000000000000000000004E
:2003C000910000F8D9FFA8800D00000202F4DC0F00000000000000000000000000000000A4
:2003E000910000F8D9FFA6700D00000202F4DC0F0090910000F8D9FF2C0009F040090B0428
:2004000010F10B1580F2EE08910000F8D9FF2C0009F240093C274DC0E2FF370FE1F78B0F79
:2004200020F23C010D00400300003C013C0185F010008203020285F12C008200A620A631D4
:200440003C01910000F8D9FF2C0009F24009262026316E030D0000033C010B4040200B512C
:2004600050303C013C01910000F8D9FF2C0009F040090B0210F10B1380F2EE03DA003C29E5
:200480004DC0E2FF370FE1F78B0F20F23C010D00400300003C013C0185F01000820502048B
:2004A00085F12C008200A640A6513C01910000F8D9FF2C0009F44009264026516E030D00D0
:2004C00000033C010B2050F10B3100F20B1390F23C016ECA00906D00320800906D00BA0738
:2004E00002246D0061066D00C90702246D00A1066D004A0E6D00800D82123C0100909130AA
:2005000000FFD9FF004654FF370F6EF18FFF83813C01912000A7D9AA408A0D0080043B0086
:2005200098F0CD4FE00F0D00C0044D00E0FFB70F14F0CD0FE00F0D00C00482117617DA00CB
:200540009601CD4F20090D00C0044DC0E1FF8F7F00213C0153C22000600F9130003F30F3CE
:20056000D93F004654F037006E018FF083313C0153C22000600F9130003F30F3D93F00469E
:2005800054FF2E1B8F2320F0960154F0370070088F002100A6F074F08F2320F0960254F02B
:2005A000370070088F002100A60F74FF3C0154FF1601DF1FFE7FDA00761382003C028210DD
:2005C000370F81F0CDCF20090D00C00453C220F060FF9130003F30F3D93F004654FF2E1B2D
:2005E0008F2320F0960154F0370070088F002100A60F74FF86238F3340F154F03700700848
:200600008F002100A60F74FF3C0154FF6F0FFF7F0D00C00482014DC0E1FF8F7F00213C01C9
:2006200053C22000600F9130003F30F3D93F004654F037006E018FF083313C0153C2200006
:20064000600F9130003F30F3D93F004654FF2E1B8F2320F0960154F0370070088F00210012
:20066000A6F074F08F2320F0960254F0370070088F002100A60F74FF3C0154FF1601DF1FB6
:20068000FE7FDA00761382003C028210370F81F0CD0F04090D00C00453C220F060FF913072
:2006A000003F30F3D93F004654FF2E1B8F2320F0960154F0370070088F002100A60F74FFBA
:2006C00086238F3340F154F0370070088F002100A60F74FF3C0154FF6F0FFF7F0D00C00456
:2006E000913000FFD9FF004654FF2E1B8F2820F0960154F0370070088F002100A60F74FF57
:200700008F2820F0960254F0370070088F002100A60F74FF3C0154FF1601DF1FFE7F9100FC
:2007200000F8D9FF004080FFCD4FE20F0D00C004910000F8D9FF400080FFCD0FE20F0D0052
:20074000C004912000F7D9FF80CA80FFCD8FE20F0D00C004913000FFD9FF004654FF2E1BF4
:200760008F2820F0960154F0370070088F002100A60F74FF8F2820F0960354F037007008FD
:200780008F002100A60F74FF3C0154FF6F0FFF7F91000000D900000091000010D911000000
:2007A00091000080D988000091000090D9990000912000F7D9FFC00A91200027D922C00B4C
:2007C000A004802080FFA2F0DA404BF0114282003C1E80FFB70F1CF08F4F1F1080FFBBF0B8
:2007E000FF2F0662262F06AFA6F1F606CD81E30F0D00C0043C0274419AD47E05CDC1E30F51
:200800000D00C00440F449FF001AC2103F40E3FFDA00744F6D003206022F02846D00C40410
:2008200002F46D0006056DFF58FE02846D00660502F46D00A90591000048D94418106D008E
:20084000BB01910000F8D9FF5C30DC0F0090200840BF3C0180F2370368F4B75F08F037F3D0
:200860000834370468F037F308304DC0E1FF16073C013703680837F003F037F308383C0195
:2008800089A2400909A0400900A00D00400200800090200840BF3C0180F2370368F4B74F81
:2008A00008F037F30834370468F037F308304DC0E1FF16073C013703680837F003F037F3B0
:2008C00008383C0189A2400909A0400900A00D00400200800090200840BF3C0180F2370326
:2008E00068F4B73F08F037F30834370468F037F308304DC0E1FF16073C013703680837F03B
:2009000003F037F308383C0189A2400909A0400900A00D00400200800090200840BF3C0174
:2009200080F2370368F4B72F08F037F30834370468F037F308304DC0E1FF16073C013703F5
:20094000680837F003F037F308383C0189A2400909A0400900A00D004002008000902008D9
:2009600040BF3C0180F2370368F4B71F08F037F30834370468F037F308304DC0E1FF160700
:200980003C013703680837F003F037F308383C0189A2400909A0400900A00D0040020080DA
:2009A0000090200840BF3C0180F2370368F4B70F08F037F30834370468F037F308304DC015
:2009C000E1FF16073C013703680837F003F037F308383C0189A2400909A0400900A00D005F
:2009E000400200800090200840BF3C0180F2370368F4B77F08F037F30834370468F037F3E8
:200A000008304DC0E1FF16073C013703680837F003F037F308383C0189A2400909A0400986
:200A20000D00400200800090200840BF3C0180F2370368F4B76F08F037F30834370468F0D4
:200A400037F308304DC0E1FF16073C013703680837F003F037F308383C0189A2400909A065
:200A600040090D00400200800090404F0B4510A849FC100A82404B0A01828F3A00F1538FA2
:200A800020C09140002FD922000E7D2F15806D00E104022F02F46D00300309F0201982114E
:200AA0000FA1101082F2C621261089F0201902F46D00F004534820F010CFDAFF0FCF00F09B
:200AC0000FCB10B002F302B249F240080090913000FF39FF3706370F62F2EE06BB00C22B55
:200AE0009BE2CB243C11913000FF39FF3706370F62F25E19910000F7D9FF000054FF4B0FEA
:200B000061213C0282023C010090913000FFD9FF00066DFFDEFF09FF540816015E1A09FFE2
:200B20005E08167FC21F4B0F41F14BF251203C2909FF5408370FE1F15E1EBB00C20B9BE03F
:200B4000CB0409FF5C08167FC21F4B0F41F14BF051203C1709FF5908370FE7F0C21F4B0F98
:200B600041F14BF2411009FF5C08167F921009FF5B08160FC21FE2F04B0041F14BF15120A5
:200B80003C010090913000FF39FF3306370F62F282003E0482103E083C0ABB00C22B9BE2B6
:200BA000CB243C013C066DFFB2FF3C0382023C013C010090404F820891000027D922000011
:200BC00009FF1019742F6D00450402296D005604022A02946D0091029130002F392F304609
:200BE000370FE1B19130002F392F304696089130002FE92F304602946D004C0402A46D00CD
:200C0000A4023C019130002F392F3306370FE1F3EEFA9130002F392F3306B70F02F2913052
:200C2000002FE92F33069130002F392F330696409130002FE92F33069130002F392F180616
:200C400096109130002FE92F18063C019130002F392F3306370FE1F3EEFA9130002F392FA0
:200C60003706B71F02F29130002FE92F37069130002F392F370696409130002FE92F370678
:200C80006D00C401A62802A46D002B04DF08928102A46D005A023C019130002F392F1406FA
:200CA000370FE1F26EFA9130002F39201C0608AF37F007F09130002FE92F1C069130002F59
:200CC00039201B06088F37F004F09130002FE92F1B069130002F39201906089F37F087F012
:200CE0009130002FE92F19069130002F392F180696409130002FE92F18069130002F392F03
:200D00001A06B70F01F09130002FE92F1A069130002F392F180696209130002FE92F180682
:200D20009130002F392F1A0696019130002FE92F1A069130002F392F1A0696049130002F7A
:200D4000E92F1A06BB70714B9B1485436D00BB013C019130002F392F1406370F61F16EFA25
:200D60009130002F392F1806B70F01F09130002FE92F18063C019130002F392F3306370F0C
:200D8000E1F3EEFA9130002F392F3306B71F02F29130002FE92F33063C019130002F392F66
:200DA0003306370FE1F3EEFA48346D008C019130002F19203006485F82F1C61F26F0485F67
:200DC0004841261FA6F0DA0137F0020EDA0137F0010F9130002FD922300674203C019130D8
:200DE000002F392F3706370FE1F3EEFA9130002F19203406487F82F1C61F26F0487F486115
:200E0000261FA6F0DA0137F0020EDA0137F0010F9130002FD922340674203C019130002FED
:200E2000392F0316370FE1F3EEFA9130002F19200016489F82F1C61F26F0489F4881261FA6
:200E4000A6F0DA0137F0010F9130002FD922001674203C019130002F392F0F16370FE1F381
:200E6000EEFA9130002F19200C1648BF82F1C61F26F048BF48A1261FA6F0DA0137F0010FED
:200E80009130002FD9220C1674209130002F1920002648DF82F1C61F26F048DF48C1261F58
:200EA000A6F09130002FD922002674209130002F1920042648FF82F1C61F26F048FF48E17F
:200EC000261FA6F09130002FD922042674209130002F192F082609F0041982F1C610260F94
:200EE00009F0041909F100192610A60F9130002FD9220826742F02A46D00F3029100802FDA
:200F0000192F140209F00C1982F1C610260F09F00C1982F1C610260F09F00C1909F1081902
:200F20002610A60F02946D00E8009100802FD9221402742F02946D00AD02820C3C3702A48E
:200F40006D0003013C019130002F392F1406370FE1F26EFA9130002F39201C0653CC20F056
:200F6000C8121022142F37F007F09130002FE92F1C0602A46D00B50253CC20F0C8121022D5
:200F80004C226E0953CC20F0C8121022092288092D02000053CC20F0C812102209240209D3
:200FA0006D009100C21C370C68C014FF3FFCC9FF02A46D00CA00913000FF39FF1806B70F1B
:200FC00001F3913000FFE9FF180602A46D00890202946D009200913000FF39FF2C4696081C
:200FE000913000FFE9FF2C46913000FF39FF304637BF81F1913000FFE9FF304602946D00E0
:20100000490202823C0100903B00288082096D002102022A913000FF39F01006B7008202D0
:20102000913000FFE9F01006913000FF39F01206910000F7D9FF000054F13B005AF29B6FCA
:2010400002F04BF111229AF2370F68F037F005F0913000FFE9FF1206913000FF39FF10061B
:201060009604913000FFE9FF10063C05C2F8F68382193C0D913000FF39FF10066F1FF87FAD
:20108000913000FF39FF11066F0FF27F02A46D003400913000FF39FF2C469608913000FF43
:2010A000E9FF2C46913000FF39FF30469608913000FFE9FF304602A46D00EC0102923C01DB
:2010C000009002486DFF60FD913000FF39FF3506160F4B0F41F14BF251F03C014B8F41F0C3
:2010E0004B0F71F185F110003C0185F01000A2103FF0FDFF00904DC0E1FF16073C0153CF16
:2011000020F060FF9130003F30F3D93F004654FF2E1B8F2420F0960154F0370070088F0067
:201120002100A60F74FF86248F2440F154F0370070088F002100A60F74FF3C0154FF160166
:20114000DF1FFE7F0090913000FF19FF30366F1F12008F2420F09601913000FF19F030361D
:20116000370070088F002100A60F913000FF59FF303686248F2440F1913000FF19F0303620
:20118000370070088F002100A60F913000FF59FF30363C01913000FF19FF30361601DF1F2D
:2011A000FB7F00904DC0E1FF16073C0153CF20F060FF9130003F30F3D93F004654FF2E1B30
:2011C0008F2420F0960154F0370070088F002100A60F74FF8F2420F0960254F0370070089C
:2011E0008F002100A60F74FF3C0154FF1601DF1FFE7F084F96082CF454FF2E1B8F2420F081
:20120000960154F0370070088F002100A60F74FF86248F3440F154F0370070088F0021002B
:20122000A60F74FF3C0154FF6F0FFF7F0090913000FF19FF30366F1F12008F2420F0960132
:20124000913000FF19F03036370070088F002100A60F913000FF59FF30368F2420F0960272
:20126000913000FF19F03036370070088F002100A60F913000FF59FF30363C01913000FFB0
:2012800019FF30361601DF1FFB7F913000FF39FF34369608913000FFE9FF3436913000FF6F
:2012A00019FF30366F1F12008F2420F09601913000FF19F03036370070088F002100A60F73
:2012C000913000FF59FF303686248F3440F1913000FF19F03036370070088F002100A60FAF
:2012E000913000FF59FF30363C01913000FF19FF30366F0FFC7F00904DC0E1FF16073C0125
:2013000053CF20F060FF9130003F30F3D93F004654FF2E1B8F2420F0960154F037007008D2
:201320008F002100A60F74FF8F2420F0960254F0370070088F002100A60F74FF3C0154FF1F
:201340001601DF1FFE7F084FB70F81F12CF454FF2E1B8F2420F0960154F0370070088F00D4
:201360002100A60F74FF86248F3440F154F0370070088F002100A60F74FF3C0154FF6F0FAD
:20138000FF7F0090913000FF19FF30366F1F12008F2420F09601913000FF19F030363700A1
:2013A00070088F002100A60F913000FF59FF30368F2420F09602913000FF19F03036370011
:2013C00070088F002100A60F913000FF59FF30363C01913000FF19FF30361601DF1FFB7FA8
:2013E000913000FF39FF3436B70F81F1913000FFE9FF3436913000FF19FF30366F1F120063
:201400008F2420F09601913000FF19F03036370070088F002100A60F913000FF59FF3036B1
:2014200086248F3440F1913000FF19F03036370070088F002100A60F913000FF59FF30364D
:201440003C01913000FF19FF30366F0FFC7F00904DC0E1FF16073C0153CF20F060FF9130EF
:20146000003F30F3D93F004654FF370F6EF18FFF83213C013C010090913000FFD9FF30367A
:2014800054FF370F6EF18FFF83213C013C0100904DC0E1FF16073C0153CF20F060FF91307F
:2014A000003F30F3D93F004654FF2E1B8F2420F0960154F0370070088F002100A60F74FFAB
:2014C00086248F3440F154F0370070088F002100A60F74FF3C0154FF6F0FFF7F00909130C6
:2014E00000FF19FF30366F1F12008F2420F09601913000FF19F03036370070088F002100E7
:20150000A60F913000FF59FF303686248F3440F1913000FF19F03036370070088F0021006C
:20152000A60F913000FF59FF30363C01913000FF19FF30366F0FFC7F009091000048D9447E
:2015400038821D0002008208404F8209820A820BC81CC82D483C09FF1001DF1F238080CF8F
:20156000160180D08F100001FE046E04C2FC04DF24CF76CF8F3C00018FEC1FF06E0902F157
:2015800040D2C2F16014442164C1FC4E90DD020CDF0CE07FC2FC60C204DF24CFFC2E3CD984
:2015A000DE2580CF2E03C2FC24C9DF0CD37F8F3C00F106EC76C5C2FC60C264CAFC2F6EC967
:2015C000C2FF60F224CBFC2F3CC48F0F1F00DF002E008F3F0001DF102B8080CF8F3F00D1BD
:2015E00080DF1603FEDB76DB02D440C440D56D00530001CD00C601DD00D6A2DC76CF8F3CC4
:2016000000018FEC1FF06E0902F140D2C2F16014442164C1FC4E90DD020CDF0C9B7F02C482
:2016200040C440D56D0038003C9400901603DF2F91FF80CF16036E0702F440C46D0015007C
:2016400010CCA2FCDF0C867F8F3C004106EC76C5C2FC60C264C8FC2FDF047C7F40C46D0061
:2016600004001DFF77FF3BF00F00804F1603063F0FF0100082FFC6F0C2F4604F804FB70F2D
:2016800002F060F2B014542F260F742F77000004FCF60090804F16033BF00F008F3F0010EA
:2016A0000F10100082F1C610C2F4604F8041B7010220095101008F3F0030B0140F31101035
:2016C0006022C21F542216032602A612742277000004FDF0ED7F0090404F024F6D003D00B4
:2016E000022440F402F56D003B0002246D0004003C01009082F2C6423C010090910000F7BC
:20170000D9FF480014FF6E023C2682013C1A021082023C0C6F00090006F0BB0032F89B8F90
:20172000DBFEC6F03C0206F0C212BF82F5FF534120F0910000F7D9FF080010FF74F0C2118B
:201740003B0010F03FF1E5FF910000F7D9FF4800DA0134FF009082F23C0100900248404FDA
:2017600002596DFFCDFF82003C1101F00026142FC68F16FF534F20F091000027D9220800D6
:201780001022542F0688C6F8C2103F90F0FF02823C01009091000048D9442C206D00740242
:2017A00000900D004003DA006E019100F0FAD9FF5455DAFA74FF0D008004DF140780BB00F7
:2017C00000FC9B1FF0FA3C05BB0000FA9B1FF0FA3C019110F0FAD9FF909A9110F02AD9224F
:2017E000989A9110F04AD944A8AA9110F05AD955A8AA74FFDA01742FDA80744FDA50745FF7
:201800000D0080040D00000382246D003901DA006E019100F0FAD9FF5455DAFA74FF0D0041
:2018200080043C010090DF140780BB00000C9B10F00A3C05BB00000A9B10F00A3C01DA00AF
:201840003C07104F12016012142134F1C21F3F5FFAFF00902008404C0258DF140780BB00BC
:20186000009C9B19F09A3C05BB00009A9B19F09A3C01820A76853B0000027F8005808202B1
:201880001D0087001D00810082003C0D1A0A7F8F06801A0A10CF14FF3C02DAFF01A000F6BF
:2018A00034FFC210BF80F4FF0D004003DA006E019100F0FAD9FF5455DAFA74FF0D00800484
:2018C0000BA900009100F0FAD9FF5455B70018107B0000FA7E15DA5074FFDA003C0EB700F9
:2018E00018007B00F0FA7E05DA5D74FFDA003C050D008004DA013C016E050D000003820273
:201900003C4749A4000A6D007100022B49A4040A6D006C001AA96E019100F0FAD9FF707504
:2019200074FBB04F74F20D0080041AA99110F0FAD9FF909A9110F02AD922989A9110F04A2F
:20194000D944A8AA9110F05AD955A8AA74FFDA00742FDAA0744FDAAA745F0D0080040D008B
:20196000000382246D008C00DA006E019100F0FAD9FF5455DAFA74FF0D008004F62382020B
:201980003C078B8A00A03F8A81FF82123C0100902008DF140780BB0000F89B0F02FA3C0569
:2019A000BB0000F89B0F00FA3C018B0F020082013C0B534120F010AFDA0403F10AF060F2AC
:2019C000542F74FFC211BF21F6FF54AF5EF558015EF382023C0954AFEE055801EE038202DC
:2019E0003C0382123C010090144F8F8F01000C418F0F01F0A6F00C428F8F00F0A6F00C4312
:201A00000FF0A0203C01009085FF10003C01A24F6D0006000BF220213C010090910000F772
:201A2000D9FF040054FFFF0F2400910000FF3B00B4849BC80480BCF16DFFA6F8913000FFE4
:201A400039FF3506160F4B0F41F14BF251F03C013C014B0F31F13B90D00306604B0F01028D
:201A6000E2083C01910000F7D9FF040074F8910000F7D9FF040054F23C010090024F85F82A
:201A800010003C013C0702846DFFC0FF762382023C24910080FF19F0100226F0DF00F5FF74
:201AA000910080FF39FF1102370FE1F1EE08910080FF39FF1102370FE1F26E0DDA006E0185
:201AC0009100F0FAD9FF5455DAFA74FF0D00800482023C0382123C0100906DFF64FE7623A7
:201AE00082123C0282023C0100906DFF9EFE00906DFFB2FE762382123C0282023C01009053
:201B00003C09144F1450C2F43E0352020090B014B015DF04F8FF82020090404FBF852380F1
:201B2000804F2E05C2F53444494F010A80FF2E1424F4C2E524F48F7500F106D5DF05120073
:201B4000D200764A370468008F802010A6108F002110A6100201C2F5605289F04801FC2E8D
:201B600002F57655C2F5605224F4FC2F40420090404F405C54FF3B4035049BF0D4043E080A
:201B80007643DA003C02DA0234CF82023C630898FF28188040F402846D006D00DF221280EC
:201BA0002888DAFF2CF9DA002CFC823540F402846D00590002846D004F0034C282123C4AEC
:201BC0000888BF280680DA0234CF82023C4340F402846D005000DF321F8008CFBF3F1C808E
:201BE0008F188091825540F402846D003C0040F402946D004000DF420B802889DA002CFC1D
:201C000002946D00290034C282123C24DA0234CF82123C2040F402846D002D00DF320B80EF
:201C200008CFC21F2CFC02846D00160034C282123C1140F402846D001E00DF420880028470
:201C40006D000A0034C282023C05DA0234CF82023C010090DF14048082123C0282023C0118
:201C60000090DF14058089450B083C0389450A080090DF14058009424B083C0309424A08DA
:201C80003C010090910000F7D9FF4C00F4F46D005B0100902048910000F7D9FF4C0054FF23
:201CA0006E027C4482021D008300494F000A49A2300AA04444FF642FFC4E3B4035F49BFFC7
:201CC000D4F4780C910000F7D9FF680014FF6E08910000F7D9FF5000481FC21F3C02DA0156
:201CE000780DEE0382023C63910000F7D9FF680014FF6E09910000F7D9FF640014FF8F1F74
:201D000080F13C02DA00910000F7D9FF4C00D4FFD4FF02F42D0F0000F62382023C4849A4A8
:201D2000300A49A5000A6D008200910000F7D9FF4C00D4FFC81F49A4000A3B80015002F423
:201D40002D0F0000F62382023C32910000F7D9FF4C00D4FFC82F49A4180A3B80015002F4B5
:201D60002D0F000049A4000A49A5180A3B8001406DFFC8FE762382023C1A910000F7D9FF1F
:201D8000500049A2300A49FF000AA044442064F0FC4E910000F7D9FF640034FF910000F717
:201DA000D9FF6800DA0134FF82123C010090404F405C14F0DA547E0D081F3B3004007E096F
:201DC000082F3BF004007E05083F3BD004003E0382023C2B3B40014040F46DFF7FFC022F90
:201DE00049F4140A6D00EC003E2382023C1E82043B40015040C46DFF92FE3B4035F49BFF60
:201E0000D4F474CF40F4B0446D00DA0089C20409088F2CC8089F2CC908AF2CCA08BF2CCB5E
:201E200008CF2CCC82123C010090404C405FDA5434FFDA432CF1DA4F2CF2DA4D2CF340F4EB
:201E4000B04409C404096D00CA000CC82CF80CC92CF90CCA2CFA0CCB2CFB0CCC2CFC0CCDB8
:201E60002CFD0CCE2CFE0CCF2CFFDA0089FF1008DA0089FF1108DA0089FF1208DA0089FF5C
:201E800013083B40014040F46DFF28FC49F4140A02246D00A400009091000027D922500082
:201EA0003C010090203082088209910000F7D9FF6800DA0034FF910000F7D9FF4C0054FF1C
:201EC000EE0382023C3F820A3C35910000F7D9FF4C00D4FFC82F49A4000A3B80015002A4F6
:201EE0002D0F000049A4000A49A5180A6DFF61FFF6223C1F769458077FF81C80910000F75C
:201F0000D9FF500049A2180A49FF000AA044442F64FFFC4E910000F7D9FF640034FA9100B3
:201F200000F7D9FF6800DA0134FF09A81C098219C21ABF2ACCFF910000F7D9FF680014F28D
:201F40003C010090910000F7D9FF6800DA0034FF910000F7D9FF6400DA0034FF9100004736
:201F6000D944500082043B4001506DFFD8FD0090404F024882043B40015040F46DFFCFFD3A
:201F80003B4035F49BFFD4F474FFDA006CF1DF180480DA013C02DA002CF8DAFF2CF9088F6A
:201FA000EE03DA043C02DA002CFA088F5E13DA043C02DA002CFBDA002CFC009014400C41BC
:201FC0008F8F00F0A6F00C428F0F01F0A6F00C438F8F0120A6023C0100908FF40FF1344FE1
:201FE000370468F42C41370468F82C42370468FC2C4300902018DA006DFFCEFB49A4000AF8
:2020000082043B4001506DFF8AFD6DFF4DFFF62B82046DFFBFFC022F49A4000A82046DFFDB
:20202000A9FF3C0B6DFF3AFF492F000A49A2000AA04444F06420FC4E49A4000A49A5140AAC
:2020400002F46DFF97FD762849A4000A6DFF24FEF6236D00910009AF540882003E068210E4
:202060003E0D8220BE043C1382143B800C506D002C0082046D0010003C0D82243B800C5013
:202080006D00230082146D0007003C046D0074003C010090DF140780BB0000F89B0F02F8E7
:2020A0003C05BB0000F89B0F00F83C018B0F02F03C0160FF0D0040030D0080042D0F000008
:2020C0006D005A0000900248025A82093C51914000FFD9FF000A82507B1000F00F0F10F0CE
:2020E0006CF1910000FFBCF16DFF4EF5913000FF39FF3506160F4B0F41F14BF251F03C01F8
:202100003C014B0F31F13B803E004B0F010273A00AF03C010BF000486DFF6DF1914000FF89
:20212000D9FF000A8250DA010F0F10F06CF1910000FFBCF16DFF28F5913000FF39FF35069C
:20214000160F4B0F41F14BF251F03C013C014B0F31F13B803E004B0F0102538027F03C01DD
:202160000BF000486DFF47F1C219370968903F89B0FF00903C0682143B0005506DFFA5FFE6
:202180003CFB00909140004FD944000A8254DA803B000850A6F56DFF6AF4914000FFD9FF61
:2021A000000A8250DA010F0F10F06CF1009015D0C0E315D0C0F74D40E0FFB72F02F5CD4FD4
:2021C000E00F0D00C0044D4020F99601CD4F20090D00C0044D4020F99602CD4F20090D005C
:2021E000C004910000F8C5023F0040F4A0358940C103FC5E49FF200AFC294D4020F96F0FE1
:20220000FEFF4D4020F96F1FFAFF85DFC4F3CD4FE00F0D00C00415D0C0FF15D0C0EB0D005C
:1622200080040D00C004000000001D0003000090000000A0009073
:202238000100000000000070B8000080080000000200000008000070000000000104000056
:20225800020000000C0400700000000019000000020000002804007000000000010000002C
:202278000000000000000000000000000000000002000000803F0070000000008000000095
:202298000000000000000000000000000000000002000000803F0060000000008000000085
:2022B8000000000000000000000000000000000002000000803F0050000000008000000075
:1022D80000000000000000000000000000000000F6
:2080000000000000700059B30000000000000000000000000000000064B81E799B47E186E8
:14802000911000F8D9FF68C9DC0F00900000000000A03CFF54
:1280380073646820737468A0036568CA0BC300300090C0
:208050003256FF0626003B00FEFF3FF617000F6510308B0602601745802600903256FF0613
:2080700018003B00FEFF3FF60F000F6500308B060260174580260090A2F63705C13F0F65EB
:2080900010200090A2F682030F6500200090DA207FF60700174580360F6400200090A2F68C
:2080B00082020F6400300090000600F000B403F00100000000000000000600F000B403F0BE
:2080D0000000000090000000000600F000000000000700F001000000000800F00200000018
:0880F000000900F0030000008C
:20810000911000F8D9FF148A0D00000202F4DC0F0000000000000000000000000000000060
:20812000911000F8D9FF107A0D00000202F4DC0F0000000000000000000000000000000054
:20814000911000F8D9FF0C6A0D00000202F4DC0F0000000000000000000000000000000048
:20816000911000F8D9FF0C5A02F4DC0F000000000000000000000000000000000000000047
:20818000911000F8D9FF084A0D00000202F4DC0F000000000000000000000000000000002C
:2081A000911000F8D9FF043A0D00000202F4DC0F0000000000000000000000000000000020
:2081C000911000F8D9FF1AAA0D00000202F4DC0F000000000000000000000000000000007A
:1281E000911000F8D9FF189A0D00000202F4DC0F0090EA
:2081F800820C822D3C130757FFCF8755BFDFCE57460546048B1480408B05A050CE7746070A
:2082180046068B1680608B07A07082028203820082013A260B2700F26E023C4F0B6430F1BA
:208238000B7500F20B75A0F26E04024002513C453A640B7500F26E0382123C3F3B0004E06B
:208258000B6030F10B7100F20B71A0F2DE1087559FFF06116701801F8B1FE0060248025943
:2082780006156745805F0614C2FE3CEB0284029506F067101F0006F1C21E82087AE86E1D48
:2082980087559FFF06116701801F8B1FE0060B60C0A00B71D0B007BB9FFF06156745805FD1
:2082B800061406136723803F8B1FE0266E0302A002B1C2183FE8E67F76C7460346028B12E3
:2082D80080208B03A030DF2D0B00071DE0FF76F7460146008B1080008B01A01000906D0020
:2082F800BF3000900D0000036D00A027BB00805F02246D00D3256D009927022F02F46D00BD
:20831800EA2502F46D00B2276D00A42702246D007D266D00F4756D0029696D0084736D00E6
:20833800673491000046D94400046D00C30891000046D944000482146D00A90991100048C4
:20835800D944C8976D00CA739140004FD944000A82543B0008506D004A1491100048D9445E
:208378003EF891100058D955D9973B001040A0068215A0076D004F6D91100048D9445C48D6
:2083980091100058D955E0973B001040A0068215A0076D00406D6D00CE6091100048D944FD
:2083B8005E0891100058D955E5973B002040A0068225A0076D002F6D6D00646C3C013C004E
:2083D8000090405F91100048D944EB976D00867340F46D0083730D0040036D000A733C0259
:2083F80000003CFF00903C0E914000FFD9FF000ADA019B1F00F0865F6CF13BA00F406D0040
:20841800D16B3CF3009020303C7C6D000F27022F02F46D00602502F46D0028273C0814A4D7
:2084380049A4020A09A541086D002C5D49A4000A6D00FE73DF02F5FF6D00CB606D00573404
:208458006D00F426022F02F46D00452502F46D000D276D00616002286D00666089A2140816
:20847800370848F089AF1508370848F489AF16086D00A2607623DA013C02DA0089AF1708F5
:208498006D00436089A218086D008F607623DA013C02DA0089AF190849A41C0A6D007A74BA
:2084B80009AF6C086E0F8CAE3BA000004B0F010289A015088CAF3BA000004B0F010289A0A7
:2084D800160849A4140A6D00FB776D006E60370848F053AF2040370848F453AF2050022653
:2084F8006D0073776D006160F6266D000E60F6236D0062746D0053763BA000406D00526B11
:208518003C8500903C036D0059723CFE00900D0000036D008B26BB00805F02246D00BE2474
:208538006D008426022F02F46D00D52402F46D009D2691000046D94400046D00BB079100A1
:208558000046D944000482146D00A1086D000E686D001C4D6D00373D6D0044516D0068522D
:208578003C013C0000900D0000036D005F2602246D00082591000046D94400046D009A0712
:2085980091000046D944000482146D0080086D00ED6782046D006F466D00BF526D00026882
:2085B8008B4201F06D00FE671B421F806D00FA671B823E903C1F6D00BE466D0022536D00C3
:2085D800F167A2F20E278B4F01F06D0030006D0014006D00E767A2820E251B481F806D00F8
:2085F8003D456D00DF67A2920E251B893E906D00A9003CE200902028DA003C0F14A409A5BE
:20861800410849A4030A09A642086D009C46F6223C0C6D001674C21FFF8F088049A4000A72
:208638006D00E373DF02ECFF009020E849A4142A6D00377749A4083A6D00AC7349A41C2AC7
:2086580082043BC002506D005D4C6D00AB6789A2202909AF542889AF242809AF582889AFFE
:20867800A6283B0020F09B1F00F0783009AF8C3889AFAC2809AF8E3889AFAE2849A4083A34
:208698006D004D0089A234296D007C7289A2B02809A4F0286D00CE2F89A2322849A41C3A2B
:2086B80049A51E3A49A6203A6D006D7609A49C386D00680089A2A82809A49E386D00620020
:2086D80089A2AA2849A4000A6D00C645580E09A03C0942F0580D420F8202BF1019806E1769
:2086F8003B803E107F1F08803B803E10E2104BF011223C083B803E104B1F11224B20110262
:208718000202DAFF7F2F04803BF00F2089A23E2849A41C2A6D005C4600904C4282204B0FEB
:2087380011024C4382224B2F112242204C428F1F00114C43160126F10B1000203C010090BA
:20875800202849A4000A6D0025738CA278058CA3780649A4000A6DFFE2FF89A21C0909AF19
:2087780050086E03DA013C02DA00780891100048D944CAA749A5140A82446D005D7500908D
:208798002018024849A4000A6D0058768CA7E2F83B803EF04BF801223BF0FFF77F2F0400DE
:2087B8003BF0FF273B0000F87FF204003B0000283C010090404F6D003925022F02F46D008A
:2087D8008A2314F0B700010034F002F46D004E250090094F4C18161F3C0182003E0E821000
:2087F8003E0E82203E0F8240BE003B800000BE003B000100BE003C1282023C126D006E2018
:208818003C0F6D00B71F3C0C6D00DB1F3C096D005F1F3C066D00481F3C0382023C013C0180
:20883800009082F282003C17538020F0911000F8D9FF183810FFD4FF7D4F0D80538020F085
:20885800911000F8D9FF183810FF481F370F48203C04C210BF40EAFF3C010090404F40F491
:208878006DFFB9FF09FFD408370F6CF0C21F4B0F41F14BF251203C0100906DFFD4FF53C2FA
:2088980020F060FF9140003F30F3D93F002849F2080A3C0100906DFFC6FF53C220F060FF0F
:2088B8009140003F30F3D9320028B0423C0100906DFFB9FF53C220F060FF9140003F30F3A0
:2088D800D93200283C010090494F081A3C0554FF345FB015C2F4FF14FCFF02423C01009005
:2088F8002018404F0B541088026A89A70C0909FF4C18161F78043C0109FFD408370F6CF011
:20891800C21F74AF40F46DFFABFFC2188B4860F3370F68808B1A6003370068F078024B085F
:2089380061014B0941A0DA007801BB0000089BB05B044B0901F016038B0F20F26E08BBA0ED
:2089580070FD9B3FC2F34BFA41B03C353B0000F59B3F7CF44BF901F0370F61F06E083BF075
:2089780026F19B3FA8F34BFA41B03C253B0040F29B4F97F44BF901F0370F61F06E08BB706D
:2089980071FB9B1F8DF34BFA41B03C153B0062F39BEFAFF44BF901F0AE083BD07BF39B6F67
:2089B80058F34BFA41B03C07BBC05AFC9B7F72F34BFA41B04BA251F04B0F7111821CDF01CD
:2089D80024803C20BF580C80C2F84B0861F14BF941A04BA251F04B0F71113C14DA0174AF00
:2089F8003B00018040F46DFFF6FE4B0F61F14BF251204B0861F14BF941A04BA251F04B0F63
:208A18007111BF11E1FF8F411FF06E3A7B0018044B0941004B0251004B0071018F401FF020
:208A38006E1C3C1754A0C21074A08F401FF06E053BF0FF0074A03C1040F46DFFCCFE54AF1F
:208A58004B0F61F14BF251204BA251F04B0F71118F411FF0EEE83C143C10C218DA107F8F77
:208A780005803B0001803C0C4B0861F14BF941A04BA251F04B0F71118F411FF0EEEF0219AA
:208A9800821D82034B0C61F14BF241F04B0161014B0F51006B0031FA82044B4F01F0AE04D1
:208AB8006B00316A3C056B0031FA67FFBF6F4BB601F016038B0F20F26E03DA017801822C03
:208AD8003C43DF2C05808214821E3C0773C30A004BD011428B1400E03C324B0C61014B0255
:208AF8004100031C0A744B0761F14BF051706B0731FA82004B0F01F0AE046B07310A3C05D6
:208B18006B0731FA67FFBF0F4B0601F0370F61F16E0C020602CD031C0A943BF0FFF07F9F4C
:208B380004803BF0FF9002434BB601F016038B0F20F26E04DA0178013C06C2143F4E0480F4
:208B58007FD9CDFFC21C5801EE053BF0FFF07FCFBAFF820440F46D003E0009FFE0083709F9
:208B78007000370F0CF089FFA00809FFE208370D7000370F0CF089FFA20809F0D40854AF09
:208B9800C2FF370F70F037F00CF0ACFA09FF5608C2F837086800370F04F089FF160809F0ED
:208BB8005708580237F004F089FF170858036E03DA013C02DA0009F0570837F081F389FFE8
:208BD800170840F409A410096D00050082123C010090094F4C18374F05F0894F0C18F6491F
:208BF8003C01094F4F18370FE1F33C01EEFB3C093C01094F4F18370FE1F33C01DF1FFBFF91
:208C18000090494F041A3C05145F74FFB015C2F4FF14FCFF02423C010090200834A4DA015A
:208C3800ACA149A5000A49A6020A911000F8D9FF903709F440096D00EE033C010090CC4225
:208C580088223C013C0100902008F4A4405DD4DFF44F40F46DFFB0FD820440F46DFFBBFFC8
:208C7800DA0009F05A0837F002F089FF1A0809DFC80809F0D408C2FF370F70F037F00CF0CD
:208C9800ACFA09D46C0840F46DFFA5FF09D4040909D54A0809D64D0809D74C0840F46DFF5F
:208CB80021FE0228820440F46DFF95FF09DF7C086E0382103C028200087F370F01F22CF787
:208CD80009DF56086E03DA013C02DA0009F05B0837F001F389FF1B0809DF540809F05B0810
:208CF80037F081F389FF1B0809DF510809F0590837F083F089FF190809DF530809F05B0899
:208D180037F001F289FF1B0809DF550809F05C0837F004F089FF1C0809D0580808CF370FB7
:208D380002F32CFC09DF590809F0500837F002F389FF100809DF500809F0D80837F003F372
:208D5800ACFC09D05A0808DF8BF0200337006800370F04F02CFD09DF5B0809F051088BFF6A
:208D780020F3370F68F037F004F089FF110809DF520809F05A0837F002F089FF1A0809DC29
:208D9800A809BD0C7900D4CEBD0E280009C0040809C95D084CE16E2109E4840909E44808B4
:208DB800370068506D00230F09E4840909E4480802956D004E0FD4E2DA016E0382103C0223
:208DD80082000C27370F81F22C27D4E20CEC0920460837F002F02C2609CE8809BD0E1E00D9
:208DF80009C00C0809C95D084CE16E1709E4840909E44808370068506D00F90E09E4840901
:208E180009E4480802956D00240FD4E20CEC0920440837F003F02C2409CE9009BD0E1500E9
:208E380009C5540809C95D0809E4840909E448080CECA6F56D00DB0E09E4840909E4480862
:208E580002956D00060F09CE9809BD0E150009C55C0809C95D0809E4840909E448080CEC71
:208E7800A6F56D00C40E09E4840909E4480802956D00EF0E09D46C0840F46DFFACFEDA00D3
:208E980089FF001982FF6CFFDA00D4A22C2E09DF6D082E0CDA016E03DA013C02DA0009F0B4
:208EB800421837F001F089FF021809DF6D082E1CDA016E03DA013C02DA0009F0421837F026
:208ED80001F189FF021809DF6D082E2CDA016E03DA013C02DA0009F0431837F001F189FFFB
:208EF800031809DF6D082E3CDA016E03DA013C02DA0009F0431837F081F189FF031809DFC1
:208F18006D082E4CDA016E03DA013C02DA0009F0431837F001F389FF0318DA002C2DDA00EC
:208F38002C2C09DF7D082C2FD20089205409DA006C240C2F82003E0482103E043C06821907
:208F58003C063BC000903C0382093C014CDC6E0C09D4B00909D4AE0802956D004728D4A46F
:208F7800894284093C0909D4AE0802956D00FC27D4A4894284094CDE6E0C09D4B80909D493
:208F9800B40802956D003228D4A4894288093C0909D4B40802956D00E727D4A48942880907
:208FB80009D9660809DFE208EE03DF39228040F46DFF73FC09DFE2081420370F68F037F0F2
:208FD80008F0342F0C21379F82F12C210C2396022C23DA016E03DA013C02DA0009F04318B2
:208FF80037F001F289FF03180C2196042C2109DFE008EE03DF39228040F46DFF5BFC09DF2E
:20901800E0081420370F68F037F008F0342F0C21379F82F12C210C2396022C23DA016E03D7
:20903800DA013C02DA0009F0431837F081F389FF03180C2196042C2109DFE4086E2140F4E8
:209058006DFF1DFC09DFE4081420370F68F037F008F0342F0C21379F82F12C210C239602C1
:209078002C23DA016E03DA013C02DA0009F0421837F001F089FF02180C2196042C21DA014E
:209098006E03DA013C02DA0009F0500837F081F089FF1008DA016E0382103C02820008CF56
:2090B800370F81F02CFC09FF5008960189FF100808CF96012CFC02823C010090F445DA0028
:2090D800894F3C08DA01894F2C08DA01AC447B107EF46C41DA032C4ADA002C4CDA032C4D05
:2090F800DA00894F1008DA01894F1108DA01894F1208DA00894F1308DA00894F1608DA007E
:20911800894F1408DA07894F1508DA01894F1808DA01894F1908DA00894F1A08DA00894F40
:209138001B08DA00894F1C08DA00894FA208DA00894FA008DA00894FA408DA00894F26082A
:20915800DAFF894F2D08A00FEC4AA00FEC4EA00FEC4CDA00894FAE08DA00894FB408DA00AC
:20917800894F3D0800902010404F08CFEE2BC8128C223C016E03DA003C02DA013C01EE2205
:20919800DA012CFC08FF82003E0482103E0A3C14C81449A5000A8214D2066D004C273C0C55
:2091B800C81449A5040A3BC00040D2066D0043270CAC34AF3C01D4F449A5000A82146DFF3B
:2091D80022FD0090D44F09FF760816013C016E0909FF7E08960189FF3E080C4E96012C4EF6
:2091F80009FF7608370F61F13C016E0909FF7E08960489FF3E080C4E96022C4E09FF77089C
:20921800370F61F13C016E0909FF7F08960489FF3F080C4E96042C4E09FF7708370FE1F1E5
:209238003C016E0909FF7F08960889FF3F080C4E96082C4E09FF7708370F61F33C016E091F
:2092580009FF7F08964089FF3F080C4E96102C4E00902020404F08FF82003E048210BE08C6
:209278003C56D4F2092F5208161F3C01D4F449A5000A02F46DFF2AFBC82449A5000AD20677
:2092980002F46D00DB277623DA012CFD3C403C384DC0E2FF370FE1F78B0F20F23C010D00C2
:2092B800400300003C0185F010008203020285F12C008200A620A6313C0191100028D92246
:2092D800903709224009262026316E030D0000033C0189A05009D4F449A5000A82146DFF9C
:2092F800F5FA14AF89AF1808C82449A5100A3BC00040D2066D00A2277623DA012CFDD4F2AC
:20931800092F5208161F3C01EEC43C0100902018404F4DC0E2FF370FE1F78B0F20F23C01F6
:209338000D00400300003C0185F010008203020285F12C008200A620A6313C0191100028B3
:20935800D922903709224009262026316E030D0000033C0189F05409484FC21F6CF4C812DC
:209378008C223C016E03DA003C02DA013C01EE4008FF82003E0582105F0F29003C38DA00D8
:2093980089AF1008C8128C223C01370F7000D4F20C2E161F3C0189AF100809AF50088B0F7E
:2093B80001F1370F70F07FF00380020FC81449A5000A370F5040D2066D003D26D4F449A5F2
:2093D800000A02F46DFF1FFC3C12C81449A5000A3BC00040D2066D002E260CA82CACD4F4A4
:2093F80049A50C0A82146DFF0EFC3C013C03DA002CFC0090406F0B4510680944880994F45A
:209418006D00192694FFA22FB4FF8B0200223C010090404F405C406D0B451088821208CFCA
:20943800C81209209408370070A094D0DF003100EE1F94DF7FFA1D00C814370A504040C5F2
:209458000B8910686D00FA2640F46DFF8EFEC81401CA005694DFA2AF370F50400B8910688C
:209478006D00EC26022840F46DFF7FFE3C0CC81494D440C50B8910686D00E026022840F4A0
:209498006DFF73FE94DFA28FB4DF8B0800223C01009020088202DA0174AF54A0DA0002F1B3
:2094B8004940C00874A054AFEE0282123C0100904DC0E1FFD710210F494040080090404FE7
:2094D80040F46D002F0082504DC0E1FF16073C013E289110003030F3D933C04F54313C0352
:2094F8004D00D01F3701E2F05E1382003C173701E2F0EE13534220F060FF9130003F30F396
:20951800D93F1436081F16075E1382103C05081F16075E3282203C02825002023C010090F2
:20953800823282003C17538020F0911000F8D9FF644710FFD4FF7D4F0D80538020F09110CC
:2095580000F8D9FF644710FF481F370F68203C04C210BF30EAFF3C010090DA00744F009050
:20957800404F024F40F46DFFDDFF02286E031E325E4382093C0282195E23821A3C02820AA0
:20959800DF1949804DC0E1FF16073C015F8F28006D00601E022802846D00C51C913000CF1C
:2095B800D9CC143640F46DFFBDFF534220F010C2142F37AF02F0342F02846D007E1E911023
:2095D800003030F3D933C04F543FB72F82F09110003030F3D933C04F743F3C1C6D00261E4F
:2095F800022B02B46D00771C913000FFD9FF1436534820F010FF9130002FD9221436534804
:2096180020F01022142F37AF02F034FF02B46D002D1E02923C01009082124DC0E1FF160735
:209638003C01FF3F0B80538F20F0911000F8D9FF644710FFD4FF3C02A00F3C017DF40480FD
:2096580082023C109110003030434933088A543F06F4374F9FF09110003030434933088ADC
:20967800743F3C010090404FDA0140F46DFFD6FF262F40F46DFF25FFF626821440F46DFF08
:2096980071FF262F02F23C0100900248804FB70F1CF07B00000D7E0D804FB70F0CFAB77F5D
:2096B80003FE4DC0E10F7B000011E210A20F3C02804F60FF82096D00F9189130002F392F98
:2096D8003506160F4B0F41F14BF251F03C017BA047044B0F51F04B0861014B0F41F04B0F30
:2096F800710185F110003C09000085FF1000A21F3F0F048082193C0554FF1607DF7FF6FF4F
:2097180002923C0100906DFFECF56D00963C0090913000FFD9FF004654FF370F6EF18FFF50
:2097380083813C01912000A7D9AA40890D0080043B0098F0CD4FE00F0D00C0044D00E0FFD0
:20975800B70F14F0CD0FE00F0D00C00482117617DA009601CD4F20090D00C0044DC0E1FFF7
:209778008F7F00213C01913000FFD9FF004653C220F010FF54F037006E018FF083313C01F9
:20979800913000FFD9FF004653C220F010FF54FF2E1B8F2320F0960154F0370070088F0028
:2097B8002100A6F074F08F2320F0960254F0370070088F002100A60F74FF3C0154FF1601AA
:2097D800DF1FFE7FDA00761382003C028210370F81F0CDCF20090D00C004913000FFD9FF5C
:2097F800004653C220F010FF54FF2E1B8F2320F0960154F0370070088F002100A60F74FF17
:2098180086238F3340F154F0370070088F002100A60F74FF3C0154FF6F0FFF7F0D00C0046C
:2098380082014DC0E1FF8F7F00213C01913000FFD9FF004653C220F010FF54F037006E0138
:209858008FF083313C01913000FFD9FF004653C220F010FF54FF2E1B8F2320F0960154F035
:20987800370070088F002100A6F074F08F2320F0960254F0370070088F002100A60F74FF52
:209898003C0154FF1601DF1FFE7FDA00761382003C028210370F81F0CD0F04090D00C00468
:2098B800913000FFD9FF004653C220F010FF54FF2E1B8F2320F0960154F0370070088F0007
:2098D8002100A60F74FF86238F3340F154F0370070088F002100A60F74FF3C0154FF6F0FB2
:2098F800FF7F0D00C004913000FFD9FF004654FF2E1B8F2820F0960154F0370070088F00A7
:209918002100A60F74FF8F2820F0960254F0370070088F002100A60F74FF3C0154FF160115
:20993800DF1FFE7F911000F8D9FF004880FFCD4FE20F0D00C00491F001F8D9FF000480FFA9
:20995800CD0FE20F0D00C004912000F7D9FF80C980FFCD8FE20F0D00C004913000FFD9FF53
:20997800004654FF2E1B8F2820F0960154F0370070088F002100A60F74FF8F2820F0960364
:2099980054F0370070088F002100A60F74FF3C0154FF6F0FFF7F91000000D900000091005D
:2099B8000010D911000091000080D988000091000090D9990000912000F7D9FFC009912096
:2099D8000027D922C00B40F4802080FFA2F0DA404BF0114282003C1E804FB70F1CF08F4F9A
:2099F8001F10804FBBF0FF2F0662262F06AFA6F1F606CD81E30F0D00C0043C0274F19AD451
:209A18007E05CDC1E30F0D00C004404F4944001AC2103F40E3FFDA0074FF6D001B1C022FCF
:209A380002846D00AF1A02F46D00F01A6D00F83A6DFF6BFE6D00F43A02846D004C1B02F486
:209A58006D008E1B91100048D944BC176D0085179130884F911000F8D9FF98A980F46DFFCC
:209A780004FE9150884F911000F8D9FFEE6980F46DFFFBFD911000F8D9FF3CB8DC0F009094
:209A9800913000FFD9FF0C4654FF370F6EF18FFF83113C01912000A6D9AA408B0D00800437
:209AB8003B0098F0CD4FE00F0D00C0044D00E0FFB70F14F0CD0FE00F0D00C004821276272C
:209AD800DA009601CD4F20090D00C0044DC0E1FF8F7F00313C01913000FFD9FF004653C38A
:209AF80020F010FF54F037006E018FF083413C01913000FFD9FF004653C320F010FF54FF5F
:209B18002E1B8F2420F0960154F0370070088F002100A6F074F08F2420F0960254F0370017
:209B380070088F002100A60F74FF3C0154FF1601DF1FFE7FDA00762382003C028210370F90
:209B580081F0CDCF20090D00C004913000FFD9FF004653C320F010FF54FF2E1B8F2420F074
:209B7800960154F0370070088F002100A60F74FF86248F3440F154F0370070088F0021002A
:209B9800A60F74FF3C0154FF6F0FFF7F0D00C00482124DC0E1FF8F7F00313C01913000FF6B
:209BB800D9FF004653C320F010FF54F037006E018FF083413C01913000FFD9FF004653C3DC
:209BD80020F010FF54FF2E1B8F2420F0960154F0370070088F002100A6F074F08F2420F0F8
:209BF800960254F0370070088F002100A60F74FF3C0154FF1601DF1FFE7FDA0076238200D3
:209C18003C028210370F81F0CD0F04090D00C004913000FFD9FF004653C320F010FF54FF85
:209C38002E1B8F2420F0960154F0370070088F002100A60F74FF86248F3440F154F0370085
:209C580070088F002100A60F74FF3C0154FF6F0FFF7F0D00C004913000FFD9FF0C4654FF02
:209C78002E1B8F2120F0960154F0370070088F002100A60F74FF8F2120F0960254F037008E
:209C980070088F002100A60F74FF3C0154FF1601DF1FFE7F91F001F8D9FF008680FFCD4FC7
:209CB800E20F0D00C00491F001F8D9FF000480FFCD0FE20F0D00C004912000F6D9FF80CB8D
:209CD80080FFCD8FE20F0D00C004913000FFD9FF0C4654FF2E1B8F2120F0960154F0370077
:209CF80070088F002100A60F74FF86218F3140F154F0370070088F002100A60F74FF3C015C
:209D180054FF6F0FFF7F91000000D900000091000010D911000091000080D98800009100E4
:209D38000090D9990000912000F6D9FFC00B91200026D922C00D40F4802080FFA2F0DA4021
:209D58004BF0114282003C1E804FB70F1CF08F4F1F10804FBBF0FF2F0662262F06AFA6F122
:209D7800F606CD81E30F0D00C0043C0274F19AD47E05CDC1E30F0D00C004404F4944001AA3
:209D9800C2103F40E3FFDA0074FF911000F8D9FF6648DC0F0090913000FFD9FF184654FF48
:209DB800370F6EF18FFF83113C01912000A5D9AA408B0D0080043B0098F0CD4FE00F0D0077
:209DD800C0044D00E0FFB70F14F0CD0FE00F0D00C00482127627DA009601CD4F20090D0021
:209DF800C0044DC0E1FF8F7F00313C01913000FFD9FF004653C320F010FF54F037006E0121
:209E18008FF083413C01913000FFD9FF004653C320F010FF54FF2E1B8F2420F0960154F05D
:209E3800370070088F002100A6F074F08F2420F0960254F0370070088F002100A60F74FF8B
:209E58003C0154FF1601DF1FFE7FDA00762382003C028210370F81F0CDCF20090D00C004B6
:209E7800913000FFD9FF004653C320F010FF54FF2E1B8F2420F0960154F0370070088F003F
:209E98002100A60F74FF86248F3440F154F0370070088F002100A60F74FF3C0154FF6F0FEA
:209EB800FF7F0D00C00482124DC0E1FF8F7F00313C01913000FFD9FF004653C320F010FF2B
:209ED80054F037006E018FF083413C01913000FFD9FF004653C320F010FF54FF2E1B8F249E
:209EF80020F0960154F0370070088F002100A6F074F08F2420F0960254F0370070088F0029
:209F18002100A60F74FF3C0154FF1601DF1FFE7FDA00762382003C028210370F81F0CD0F66
:209F380004090D00C004913000FFD9FF004653C320F010FF54FF2E1B8F2420F0960154F0DE
:209F5800370070088F002100A60F74FF86248F3440F154F0370070088F002100A60F74FFF9
:209F78003C0154FF6F0FFF7F0D00C004913000FFD9FF184654FF2E1B8F2120F0960154F03F
:209F9800370070088F002100A60F74FF8F2120F0960254F0370070088F002100A60F74FFFF
:209FB8003C0154FF1601DF1FFE7F91F001F8D9FF000680FFCD4FE20F0D00C00491F001F838
:209FD800D9FF000480FFCD0FE20F0D00C004912000F5D9FF80CB80FFCD8FE20F0D00C0040A
:209FF800913000FFD9FF184654FF2E1B8F2120F0960154F0370070088F002100A60F74FF95
:20A0180086218F3140F154F0370070088F002100A60F74FF3C0154FF6F0FFF7F91000000A8
:20A03800D900000091000010D911000091000080D988000091000090D9990000912000F5F9
:20A05800D9FFC00B91200025D922C00D40F4802080FFA2F0DA404BF0114282003C1E804F6F
:20A07800B70F1CF08F4F1F10804FBBF0FF2F0662262F06AFA6F1F606CD81E30F0D00C0042B
:20A098003C0274F19AD47E05CDC1E30F0D00C004404F4944001AC2103F40E3FFDA0074FF0D
:20A0B800911000F8D9FF7E58DC0F0090200840BF3C0180F2370368F4B75F08F037F30834E6
:20A0D800370468F037F308304DC0E1FF16073C013703680837F003F037F308383C0189A296
:20A0F800400909A0400900A00D00400200800090200840BF3C0180F2370368F4B74F08F0A4
:20A1180037F30834370468F037F308304DC0E1FF16073C013703680837F003F037F3083857
:20A138003C0189A2400909A0400900A00D00400200800090200840BF3C0180F2370368F4F9
:20A15800B73F08F037F30834370468F037F308304DC0E1FF16073C013703680837F003F093
:20A1780037F308383C0189A2400909A0400900A000800090200840BF3C0180F2370368F49E
:20A19800B72F08F037F30834370468F037F308304DC0E1FF16073C013703680837F003F063
:20A1B80037F308383C0189A2400909A0400900A00D00400200800090200840BF3C0180F2A5
:20A1D800370368F4B71F08F037F30834370468F037F308304DC0E1FF16073C0137036808B7
:20A1F80037F003F037F308383C0189A2400909A0400900A00D00400200800090200840BFFA
:20A218003C0180F2370368F4B70F08F037F30834370468F037F308304DC0E1FF16073C0181
:20A238003703680837F003F037F308383C0189A2400909A0400900A00D0040020080009036
:20A25800200840BF3C0180F2370368F4B77F08F037F30834370468F037F308304DC0E1FF04
:20A2780016073C013703680837F003F037F308383C0189A2400909A040090D0040020080CC
:20A298000090200840BF3C0180F2370368F4B76F08F037F30834370468F037F308304DC024
:20A2B800E1FF16073C013703680837F003F037F308383C0189A240090CA48FFF0F416D0072
:20A2D800964B0D00400200800090200840BF3C0180F2370368F4B76F08F037F308343704FB
:20A2F80068F037F308304DC0E1FF16073C013703680837F003F037F308383C0189A2400966
:20A3180009A040090D00400200800090DA000950DA08370F0EF009505C08370F03F8095024
:20A338005D08370F81F909505E08370F01FA09505F08370F83FA09506108370F01FE0950FD
:20A358006008370F03FC6C4582010950640837010310095065083701811109506608370165
:20A37800041409506B083701011A09506708370103120950680837018113095069083701E2
:20A39800041609506C083701811A09506A083701041809506D083701011B09506E083701A3
:20A3B800011C09506F083701811C095F70086E0382203C028200095F71086E03DA013C02A5
:20A3D800DA00A6F03701021D095F720837F1041E095F730837F1811B89411009095F060971
:20A3F8006C42095F0A096C43095F16096C41095F1209744F095F6A086E0A095F6A081E1792
:20A41800095F6A081E24095F0E096C460090F4450090404F405CD4C2D42DF4FD09CF0408E7
:20A438002CF409CF0408530F22F010D2D9220002E822C82440C56DFF6BFF820009CF630817
:20A458006E05DA0137F001083C04DA0137F0810809FF0408534F20F010D25920C08109CF61
:20A47800F4086E22D4F209FF0408BC21534F20F060FF9140003F30F3D93F40483C0109C097
:20A49800760809CFF40814F1370F68F037F108F034FF081F370F82F12CF1083F96022CF361
:20A4B800081F96042CF100902038911000F8D9FF7C4749FF000A49A2000AA0D644FF642FF7
:20A4D800FC6E49AF000A4942000AA0D644FF642FFC6EF4450090404F6D00A816022F02F403
:20A4F8006D00F91491A0003030F3D933C04F5430B700010091A0003030F3D933C04F7430AC
:20A5180002F46D00B31600906D00D011913000FF39FF3506370F64F24B0F41F14BF2512010
:20A538003C013C01009037046800DA084BF00102DA0203F10AF6370F68F0DF1506808222AA
:20A558000FF210203C0482120FF210203C010090404F024F0268820602F46DFFE6FF0220A5
:20A578001607061F82310FF1001040F2B0420213020249224008768749FF080A021302025E
:20A5980049F240080090404F024F0268820602F46DFFCBFF02201607061F82310FF100106B
:20A5B80049F2100A0213020249224008768749FF140A0213020249F240080090404F024FF3
:20A5D8003B00016002F46DFFB0FF02201607061F8B0F0110DA030F1F00F002F3020249F278
:20A5F80040080090DA01744F0090BC41DA024BF50102534020F053042100600F9140003F87
:20A6180030F3D93FC06910F23C010090804F53042800420F60FF3C01481F375F03F66CF161
:20A638000090804F53042800420F60FF3C0168550090804F53042800420F60FF3C01683512
:20A658000090804F53042800420F60FF3C0168450090804F53042800420F60FF3C01682512
:20A678000090804F53042800420F60FF3C01481F375F02F06CF10090804F53042800420F7C
:20A6980060FF3C014890DA006CF948BF375F02F06CFB68907663DA013C02DA0037F001F01D
:20A6B800767382103C028200370F81F06CF90090804F53042800420F60FF3C01DF150480E8
:20A6D80082103C028200481F370F81F56CF10090404C405F8218D4F2F4C2084F2CC4084F21
:20A6F8003B008000E20FD4F21022911000303023D93D000D89CD880909FF05082CC549DE43
:20A71800001A89CE8C0909FF52085E1709F40508821540E46DFF54FF09F4050809F5500860
:20A7380040D46DFFC7FF09F40508086540D46DFF9AFF487F6E08C87409F4600809F56108E6
:20A758006D00BE0109FF54081E1509FF5508DF1F278009F4050809F5560809F6540809F753
:20A77800550840D46DFF8AFFD4F4084409F505086DFF3DFF09F0570809FFD8081421370FD9
:20A7980068F037F108F0342F0C21370F82F12C210C2396022C230C2196042C2109FF520807
:20A7B8005E1E09F40508482540D46DFF54FF09F40508483540D46DFF3EFF3C0D09F4050824
:20A7D800482540D46DFF3FFF09F40508483540D46DFF29FF09F405088215820640E46DFF4E
:20A7F800B9FE09F405088215820640E46DFFCDFE09FF53085E1509C48C096DFFF5FE0282EB
:20A818003C010090F445DA002C44DA002C45DA146C42DA0A6C43DA01894F1008DA022C463D
:20A83800DA00894F1108DA00894F1208DA01894F1308DA00894F1408DA00894F1508DA0222
:20A85800894F1608DA00894F1708DA00AC4CA00FEC47DA80894F2008DA00894F21080090A0
:20A87800594400C00090404F024F025840F402F46D007100F623DF0853008200BE0182106B
:20A898003E0F82203E0D82303E0B82403E0982503E078260BE0582705F0F29003C3D40F470
:20A8B8006D004100534F20F010FF19FF0CC0370F78F0C21F4B0F41F14BF251203C2F19FFE1
:20A8D80024C0EF8F0F8040F46D002D0019FF24C0370F78F0C21F4B0F41F14BF251203C059B
:20A8F800821440F46D00E7003C1919FF28C0EF8F0F8040F46D00170019FF28C0370F78F05A
:20A91800C21F4B0F41F14BF251203C05820440F46D00D1003C0382023C013C0282023C01CC
:20A938000090194F08C0370F78F04B0F41F1194004C0370078004B0041014B0F51F06D00A4
:20A9580006004BF241203C0100906DFFDFFD3C010090194F00C053242000570F62F08B3F18
:20A9780000223C010090404F0B54108840F46DFFDAFF4B8251007B00F8136B0131004B0045
:20A9980071814B0861116B0131007B00F0134B1001F0370F61F16E02C2186D004714022AAB
:20A9B80002A46D009812DA00BE90DA013E9EDA023E9CDA033E9ADA043E98DA053E96DA0631
:20A9D800BE91DA07BE963C1C534920F010F2534920F010FF19FF0CC0378F18F0592F0CC014
:20A9F8003C1019FF24C0378F18F059FF24C03C0919FF28C0378F18F059FF28C03C023C011F
:20AA180002A46D0033140090404F0248028940F46DFF9DFF0223821A821B82153C298204B4
:20AA38004B0561014B03512002563C1D4B0661014B0241006B003108B700810F4B900110C4
:20AA5800370161F06E0402090B6510A8BBD0CC0C9BC0DC034B0901F0370F61F06E03821430
:20AA78003C04C2F6FF16E4FF76423C08C215BBF0FFFF9BFF0FF03FF5D4FF6D00D713022831
:20AA980002846D00281219FF04C037BF18F059FF04C019FF04C037BF18F059FF04C019FF6D
:20AAB80008C037AF18F059FF08C002846D00DE130090BC41764182023C010090404F025846
:20AAD800481F8FCF1F00481F160F532F2020082F0F2F001082330F23003091A0012FD92234
:20AAF800F04F534020F01022542F82F0C630260F2631A61F742FC82408CF09F55008A64547
:20AB180002F46D007400C82408C402856D00A10000900C41534F2000144F534F20F060FFE6
:20AB380091A0013F30F3D93FD04FDA0F0F0F00100C4C0F0F00F054F082F2C612262026F1C8
:20AB5800A61074F0DFF40A00CC410C483704685040F402F46D004B000090404F40546D0090
:20AB78001B00DA003E28DA013E28DA023E28DA033E283C0982043C0982143C0782643C058C
:20AB980082743C0382043C01821540F46DFF6DFE3C0100904C49370FE2283C0100904C4CEC
:20ABB800764382103C028200370F01F0765382103C028200370F01F1766382103C028200BD
:20ABD800370F81F0767382103C028200370F81F16C4C009009403009DA006C4C4C4E374F37
:20ABF80002F06C4E894030090090404F0B4510A849FC100A82404B0A01828F3A00F1538FD3
:20AC180020C09140002FD922000E7D2F15806D000D13022F02F46D005E1109F0201982119D
:20AC38000FA1101082F2C621261089F0201902F46D001C13534820F010CFDAFF0FCF00F026
:20AC58000FCB10B002F302B249F240080090404F0B4510886D00EA12022A02A46D003B111B
:20AC780049FF001ADA084BF801028F7800F1534F2040534020F010FFDA0F0F4F00F00F49F7
:20AC9800109002F3029249F2400802A46D00EE1200902020404CDA084BF401826D002C0D37
:20ACB800534920F010A2534920F010CF488F742F09CF500816FFC21F4B0F41F14BF25100D9
:20ACD800534920F010AF14FF163FC21F4B0F41F14BF05100534920F010AF14FF370F62F377
:20ACF8009211534920F010AF081F160342F1534920F010AF081F370F62F142F14B0141F1DF
:20AD18004BF051203C01009020080248405F3705E8FB8B0F20F26E01820949A6000A02844D
:20AD380040F56D003900DA0037F9019014AF37F983900CA137F903920CA237F983930CA36A
:20AD580037F903950CA437F983960CA537F9039809FF5508EE03DA003C02DA0137F981990B
:20AD7800DA0037F9019A09FF5108EE03DA003C02DA0137F9819ADA0037F9019B09FF52087E
:20AD9800C2FF370F70F037F9859B3789049E02923C010090405C406D82088209DA084BF4A2
:20ADB8000122094F500816FF9210534320F0104F09FF6008163FC21FE2F0534320F0104F6F
:20ADD80009FF6008370F62F39211534320F0104F09FF6108160342F1534320F0104F09FFDE
:20ADF8006108370F62F142F173100AA0820B3C4E534B20F010CF54FFE2AF4B0F61F17B002A
:20AE180000044B0F51C0820D820E3C328210532E20F00FF010004B0041F14BFC51F07B006C
:20AE3800F0036B00214F6D00051BFF922180532E20F00FF210F04B0F41F14BCF01F0160628
:20AE58008B0F20F26E09C2F28B0240F3370F689002E8821D3C0FFF820B809A12C2FF8B0F1E
:20AE780040F3370F689002E8821D3C04C21EBF8ECFFFF6D382798278532B20F010DF281909
:20AE9800532B20F010DF34F8C21BBF3BB3FF0090404F405C7641820854FF6E016D002C0C05
:20AEB8003C0109FF500816FFC21F4B0F41F14BF251F03C017B00F8034BF0513054C03B809F
:20AED8000040821502463700E81BBA016E037B00F8037B00F8134B0151703B0040929B49DB
:20AEF8009794024A3C4D4B0A41014B0341004B0751107B00F0236B0221114B0131B1DA40EC
:20AF18007FBF05003B0004B03C0973AB0A10FF410400822B3C034EB2821B4B0B41114B109A
:20AF380041006B07311082024B2101F0AE046B0731003C056B0731F067FFBF0F4B9001F0FB
:20AF58006F2F1E804B9001F0AE264B9001F0AE036F060580020902A602B56F061180DA003C
:20AF78004BF001F0AE27DA004BF001F0370F61F06E03DA003C02DA016E023C04C2FAFF2A22
:20AF9800B47F3F5409006F0607006F050580025F026502F6DA024BF601229AD2370F48005B
:20AFB800C2F5370568F037F80680DA024BF601421A52C2FF370F68F037F802838E03020FF8
:20AFD8003C02DA0037F802858E0382323C01370268F037F8028409CF5408EE03DA013C0285
:20AFF800DA0037F8018609CF5308EE03DA003C02DA0137F8818609CF580837F801870282E9
:20B018003C0100900248BC416D00760BDA004BF801F0AE217B0008F44BF841F04BF25100C0
:20B038004B0031F14B0F41F16B0F31F07B00F0134B1F01F0AE244B0031F13C044B0031F19F
:20B05800C21F8B1F4013534120F04B0F61F14BF251F06B0F31F882004B0F01F0AE0A534170
:20B0780020F04B0F61F14BF251F06B0F31583C0B534120F04B0F61F14BF251F06B0F31F8C3
:20B0980067FFBF5F82463C2D4B0661F14BF841F04BF251F07B00F0036B0021FF4B0F710189
:20B0B800F6023C2373600AF04B0F61F14BF251306B0331F882044B4F01F0AE046B033138B9
:20B0D8003C056B0331F867FFBF3F4B5301F0AE23023502013705E8FBBA0F6E023C06C21610
:20B0F8003B801FF07F6FD2FFC2F18B0140233C01009082F282003C17538020F0911000F87B
:20B11800D9FFB80710FFD4FF7D4F0D80538020F0911000F8D9FFB80710FF481F370F48200E
:20B138003C04C210BF40EAFF3C010090494F102A3C0554FFB45FB025C2F4FF14FC7F00900E
:20B15800494F102A3C0554FF745FB045C2F4FF14FC7F0090494F102A3C0554FF345FB01517
:20B17800C2F4FF14FC7F0090DA084BF40102534120F0104F49FF241A3C06095FC00874FF51
:20B19800B025C2F5FF15FB7F0090DA084BF40102534120F0104F49FF241A3C05545F74FFD9
:20B1B800B045C2F5FF15FC7F0090DA084BF40102534120F0104F49FF241A3C05145F74FFD8
:20B1D800B015C2F5FF15FC7F0090094F5908EE047B1000003C028210CC420C4C0FF0100041
:20B1F80068100090094F5908EE0382103C037B100000CC420C4C0FF0100068100090404E1E
:20B21800405C406D0248D4E46D0020040229DF093780D4EFF4FE821089E0300889ECBC094E
:20B2380089E88018821089E01B0889ED841989E8881809EF4C186E0440E46DFFC8FF09EF8E
:20B258005D081E1409EF5D085E3540E46D00DB073C1609EF5D08DE40C812C81F09FFD81856
:20B27800C2F837087000370F10F0892F981840E46D00C9073C0440E46D00490402923C014F
:20B298000090D4423C0100908202D44F094F7008EE0348AF6E0282123C0100902008404C3F
:20B2B800405D09D2B809F4C209D2BC09F4A2DA0089CF300809DF740889CF1C0809DF7508A2
:20B2D80089CF1D084CD96CC44CDA6CC509DF52080920510837F001038920110849DE2C0A1F
:20B2F8005E1754EFEE05DA0089CF18083C0E54EF6E08CCDB481F370F68F089CF18083C05D1
:20B3180009DF600889CF180809C05808DA084BF00182534920F0D4A4104F029440D56DFFEA
:20B33800B9FD022F6CF809C4580840D5B04554D5D4A46DFFEBFC022F6CC1821009CF580857
:20B358000FF000008F00011009DF5708EE03DA003C02DA0109C458080F4F10F0D4A4494F70
:20B37800081A8F000140A640A6F10203021249F240080CC7370F64F28F7F00416DFF8BFCF9
:20B398004B0271F189CF360954EFEE05DA0089CF0C183C39D4EF09F2C80989C2C80909DFBB
:20B3B800570889CF190809DF5108EE18DA0189CF0C1840C46DFF18FFD4EF09D5700809DA7C
:20B3D8007108DA80C82408C4A6F56DFF10FCC82408C402A56DFF3DFC3C16DA0089CF0C180B
:20B3F800D4EF09D5700809DA7108D4E2092F5008C82408C4A6F56DFFFAFBC82408C402A567
:20B418006DFF27FC09DF560889CF1A0809DF801909FF5A086E13911000FF09D2801909201C
:20B438001908534920F0D4A210224922241A530022F010FF802F59FF0C02D4CFF4FC820236
:20B458003C010090DA00744FDA01894F1008DA01894F1108DA00894F1208DA00894F13083A
:20B47800DA00894F1408DA01894F1508DA08894F1608DA00894F1708DA006C42DA006C435C
:20B49800DA006C41DA00894F1808DA00894F1908DA00894F1C08DA00894F1D08DA00894F09
:20B4B8001E08DA00894F1F08A00FEC4BDA80894F3008DA00894F3108A00FEC4BDA00894FA2
:20B4D8003008DA00894F3408DA02894F350882FF6C49DA006C4ACC51EC4F495F080A894F8D
:20B4F80080198945B8090090404D405CBBF0FFFF89DF141909CF56086E42823840D46DFFF5
:20B51800FAFD914000FFD9FF1068538221F010FF3C0109CF1508370F70F014F0370F68F08D
:20B5380037F008F034FF081F378F82F12CF1083F96022CF3081F96042CF140D46DFFDBFDF0
:20B55800914000FFD9FF1068538221F010FFB04F3C0109CF1408370F70F014F0370F68F046
:20B5780037F008F034FF081F378F82F12CF1083F96022CF3081F96042CF13C6A09CFDC08A6
:20B598006E2040D46DFFB7FD914000FFD9FF1068538221F010FF3C0109C06C0809CFDC0886
:20B5B80014F1370F68F037F108F034FF081F370F82F12CF1083F96022CF3081F96042CF1A4
:20B5D80009CFDA086E2140D46DFF95FD914000FFD9FF1068538221F010FFB04F3C0109C0DE
:20B5F8006C0809CFDA0814F1370F68F037F108F034FF081F370F82F12CF1083F96022CF314
:20B61800081F96042CF109CFDE086E2240D46DFF72FD914000FFD9FF1068538221F010FFE2
:20B6380049FF080A3C0109C06C0809CFDE0814F1370F68F037F108F034FF081F370F82F18A
:20B658002CF1083F96022CF3081F96042CF100902040404D405FC81E911000CF6D00E60D07
:20B67800022802846D00370C14EFB70F01F034EF088F6E03DA003C02DA0114E037F081F1ED
:20B6980034EF02846D00F20D820848A440E46DFFBBFC370268F037F80880DA0F37F80485D7
:20B6B800DA0037F8828C089F6E03DA013C02DA0037F8818DDA0737F8048E89E8100948AFF0
:20B6D8006CD9820009FFDE086E043BF01FF03C02DA0037F00900820109FFDC08EE0409FF40
:20B6F80056086E02821137108104820109FFDA08EE0409FF56086E0282113710010508BF29
:20B7180037F0020808CF37F0020909FF580837F0020D09FF590837F0020E89E01409C84407
:20B738006D00D10089DE840909FF5608DF0F8B00DA0189DF220849A4000A40C56DFF69F6AC
:20B7580049A4040A49A5000A6DFFB0F609FF150889DF210809DF21082CA8DA0089AF2708F0
:20B77800DA0189AF3408DA0089AF0A09DA0089AF2A08DA0089AF2F08DA00ACAFDA0089AF69
:20B79800230849E2241A802F89AF0E09DA0089AF2D08DA0189AF3008DA0089AF2108DA0058
:20B7B80089AF2208DA0089AF200809FF6C0889AF3A0809FFDC0889AFB80849D4140A49A5D2
:20B7D800040A6DFF28F609FF140889DF200809DF20082CA8DA0089AF2708DA0189AF340891
:20B7F80049E2102A802F89AF0A09DA0089AF2A08DA0189AF2F08DA0089AF0E09DA0089AF09
:20B818002D08DA0089AF3008DA00ACAFDA0089AF2108DA0089AF2208DA0089AF2308DA00CE
:20B8380089AF200809FF6C0889AF3A0809FFDA0889AFB80849D4080A49A5040A6DFFEBF541
:20B858003C04DA0089DF220840E440F56DFF4EFE09EF5308960189EF13080090DA00344FA9
:20B87800DA00AC4DDA00AC4EDA00AC4FDA00894F2C08DA00894FA008A00FEC4989458409B5
:20B89800DA002C48DA002C49DA002C4ADA002C4BDA002C4CDA00894F1808DA00894F19085B
:20B8B800A00FEC4482FF894F140882FF894F1508DA00894F1608BB00C2FB9BEFC3F46C4A67
:20B8D8000090404CBD0C3B00D4CFBCFF0CC409C85508C814088408C5A6F56DFF88F9C8143B
:20B8F800088402856DFFB5F9CCC2BCFF0CCC09C85508C814088408C5A6F56DFF78F9C8142B
:20B91800088402856DFFA5F9CCC4BD0F180009CF140809C85508C8140884370F68506DFF8A
:20B9380066F9C814088402856DFF93F9D4F2D4F40C4408C0370F03F02C240090404FC81281
:20B95800092FC0188FFF1FF13C01BBF0FF0F8920141940F46DFF97FC402C911000DF2E0404
:20B97800821089C020082E14821089C021082E24821089C022082E74821089C027082E3401
:20B99800821089C023082E44821089C024082E54821089C025082E64821089C026086E0D70
:20B9B80009CF4C186E0440C46DFF11FCDA0089CF300840F46D00A80009FF62086E3109F087
:20B9D8002008530022F010D2392F1E02370F61F18B0F20F25E1C530022F010D2530022F0EE
:20B9F80010D4394F1F029604E92F1F023C0109F02108530022F010DF39FF1E02370F61F12C
:20BA18008B0F20F25E1C530022F010DF530022F010D2392F1F029604E9FF1F023C01009054
:20BA3800404CD4C46D001B00D4C2D4CF48BFC21F6C2B0090404CD4C46D006900D4C2D4CFC7
:20BA580048AFC21F6C2A0090DA01494F2808EE0382023C0282123C010090404CD4CFC8140E
:20BA780049CD041A094F4218370FE3F13C0109C088180BF080F1370F508054DFEE0A8200D9
:20BA98003C05094110293C01C2103F80FC7F3C2609C05A08FF900B80D4D502846DFF5CFBE8
:20BAB800D4DF01F800F6F4DF3C1909C05A08DA103F0F0C80D4D502846DFF3AFB532820F05A
:20BAD800D4DF10FFF4DF3C0AD4D502846DFF3AFB534820F0D4DF10FFF4DF09CF8818A28FBA
:20BAF80089CF881809CF8818EE0D09CF4C186E0440C46DFF79FBDA0089CF3008D4C46D00C2
:20BB180003000090DA006C4A00902008404C49CD3C0AD4CF09FF6208DF0F8502911000EF30
:20BB3800C814F4A46DFFE7FA538221F03C0109F8210809F920084DC0E2FF370FE1F78B0F0F
:20BB580020A23C010D00400300003C0109C08018BF20E60009C08018C2F0530822F010EF9C
:20BB7800530822F010E2B92F140237007000370F0EF0F9FF140209CF5A08FF9F108082006D
:20BB9800530822F010EF530822F010E2392F1602370F83F2E9FF16023C2109C05A08DA1015
:20BBB8003F0F10808210530822F010EF530822F010E2392F1602370F83F2E9FF16023C0EAD
:20BBD8008220530822F010EF530822F010E2392F1602370F83F2E9FF160254DFEE4049CF2C
:20BBF800100A80FFB70F1C007B0000FDFE014DC0E1FF16073C0149CF100A80F0B7000C0A85
:20BC1800B770030E7B000011E21FA2F03C0449CF100A80F0530822F010EF59F00802820092
:20BC380082118222530822F010EF19F31002370303303713813137230434530822F010EFC4
:20BC580059F31002530822F010EF530822F010E2392F12029610E9FF12023C3A54DFB70F16
:20BC78001C007B0000FD7E0F4DC0E1FF16073C0154D0B7000C0AB770030E7B000011E21F8E
:20BC9800A2F03C0254D0530822F010EF59F00802820082118202530822F010EF19F31002B6
:20BCB800370303303713813137230434530822F010EF59F31002530822F010EF530822F0CE
:20BCD80010E2392F1202B70F01F2E9FF1202D4AF49FF241A530822F010E280FF592F0C02AC
:20BCF800820082118202530822F010EF19F31002370303323713813337230436530822F09B
:20BD180010EF59F31002530822F010EF530822F010E2392F1F029604E9FF1F0209C0801856
:20BD3800530922F010EF530922F010E2B92F140237007000370F0EF0F9FF140209CF5A08ED
:20BD5800FF9F10808200530922F010EF530922F010E2392F1602370F83F2E9FF16023C21B6
:20BD780009C05A08DA103F0F10808210530922F010EF530922F010E2392F1602370F83F21E
:20BD9800E9FF16023C0E8220530922F010EF530922F010E2392F1602370F83F2E9FF160297
:20BDB80009CF0419EE4049CF140A80FFB70F1C007B0000FDFE014DC0E1FF16073C0149CFDB
:20BDD800140A80F0B7000C0AB770030E7B000011E21FA2F03C0449CF140A80F0530922F045
:20BDF80010EF59F00C02820082118222530922F010EF19F3100237030332371381333723CA
:20BE18000436530922F010EF59F31002530922F010EF530922F010E2392F12029620E9FF1E
:20BE380012023C3D09CF0419B70F1C007B0000FDFE004DC0E1FF16073C0109C00419B7002C
:20BE58000C0AB770030E7B000011E21FA2F03C0309C00419530922F010EF59F00C028200F2
:20BE780082118202530922F010EF19F31002370303323713813337230436530922F010EF9A
:20BE980059F31002530922F010EF530922F010E2392F1202B70F81F2E9FF1202530922F040
:20BEB80010EF530922F010E2392F1F029604E9FF1F02BBF0FFFFD4A4894F14196DFF1BF939
:20BED800914000FFD9FF1068538221F010FF3C01083F96022CF3D4A46DFF0DF9914000FF40
:20BEF800D9FF1068538221F010FFB04F3C01083F96022CF3D4A46DFFFEF8914000FFD9FF29
:20BF18001068538221F010FF49FF080A3C01083F96022CF3530922F010EF530922F010E23A
:20BF3800392F1F029604E9FF1F02534920F010EF534920F010E2392FC2819601E9FFC28107
:20BF580009CF8018BF2F2B00530822F010EF530822F010E2392F1F029604E9FF1F025348AE
:20BF780020F010EF534820F010E2392FC2819601E9FFC28109CF5C08EE094CC18200370F88
:20BF980001F0D4AF89FF20193C084CC18210370F01F0D4AF89FF20193C4054DFEE0C4CC140
:20BFB8008210370F01F0D4AF89FF20194CC489FF24193C334CC18210370F01F0D4AF89FF37
:20BFD800201909CF5A08FF9F0C80D4DF09CF801810FF09FF7FF8D4AF89FF24193C1E09C090
:20BFF8005A08DA103F0F0F8009CF8018C2FF532F20F0D4DF10FF09FFC008D4AF89FF241963
:20C018003C0C09CF8018C2FF534F20F0D4DF10FF54FFD4AF89FF241976A30D0000031D003A
:20C03800F10009CF8018BF1FED00C81E0CC7370F644209EF421816073C018B4F000109CFB8
:20C058005B085E12C2F009CF80187E02C2F009CF80180B0F80F1370F5080BF18D30009C01D
:20C078008018A28089C0801809CF8018EE0382113C02820109CF5B08DE12BF28110009CF5D
:20C0980080186E0D4DC0E20F3700E1078B0020923C010D00400300003C013C084DC0E20F0F
:20C0B8003700E1078B0020923C0109CF5B08DE14820089C01B0809CF5C08EE084CC18200F3
:20C0D800370F01F089EF20193C074CC18210370F01F089EF201954DFEE1E09C01009DF0195
:20C0F800130082013C0489E02419C2119AF83FF1FC7F4CC18211371F01F089EF201989E09B
:20C1180024193C08DA003C0489E02419C21F3F8FFD7F3C7409CF5A08FF9F2480DF01180077
:20C13800BF280800D4D59AF840E402F56DFF3FF84CC18210370F01F089EF2019D4DF01F8CC
:20C1580000F609FF7FF889EF24193C06D4D540E402856DFF2CF8D4DF01F800F6F4DF3C4E78
:20C1780009C05A08DA103F0F2780DF011A00BF280800D4D59AF840E402F56DFFF7F74CC1F7
:20C198008210370F01F089EF2019C2F8532820F0D4DF10FF09FFC00889EF24193C0BD4D591
:20C1B80040E402856DFFE2F7532820F0D4DF10FFF4DF3C24DF011900BF280800D4D59AF8D4
:20C1D80040E402F56DFFE3F74CC18210370F01F089EF2019C2F8534820F0D4DF10FF54FFE5
:20C1F80089EF24193C0BD4D540E402856DFFCFF7534820F0D4DF10FFF4DF76930D0000034C
:20C2180000902008404F49FD3C0AD4FC09FF801882404B0F0102F61909FF801882404B0FD9
:20C238000102370068F03C0909FF801882404B0F0102370068F0C21F370F688009FF5D0845
:20C258009E4B09F08018DA104BF00102F61909F08018DA104BF00102370068F03C0909F08F
:20C278008018DA104BF00102370068F0C21F42F8C2F83708688009CF6208DF0F1402911074
:20C2980000EF09C48409F4A46DFF35F7538221F03C0109C9210809CA20084DC0E2FF370FC0
:20C2B800E1F78B0F20B23C010D00400300003C01530922F010E2530922F010E4B940140287
:20C2D80037800E00F92014028220530922F010E2530922F010E4394F1602370F83F2E92F7B
:20C2F800160254DFB70F1C007B0000FD7E0F4DC0E1FF16073C0154D0B7000C0AB770030E84
:20C318007B000011E21FA2F03C0254D0530922F010E259200802820082118202530922F09A
:20C3380010E219231002370303303713813137230434530922F010E259231002530922F04E
:20C3580010E2530922F010E4394F1202B70F01F2E92F120209FF5D089E4DD4A249221C1A81
:20C37800530922F010E4802F594F0C02820082118202530922F010E2192310023703033228
:20C398003713813337230436530922F010E259231002530922F010E2530922F010E4394FBB
:20C3B8001F029604E92F1F0209FF801882404B0F0102F61909FF801882404B0F01023700AD
:20C3D80068003C0909FF801882404B0F010237006800C210530A22F010E2530A22F010E4A4
:20C3F800B94F140237007000370F0EF0F92F14028220530A22F010E2530A22F010E4394FF0
:20C418001602370F83F2E92F160209FF0419EE4049F2140A802FB70F1C007B0000FDFE014D
:20C438004DC0E1FF16073C0149F2140A8020B7000C0AB770030E7B000011E21FA2F03C0440
:20C4580049F2140A8020530A22F010E259200C02820082118222530A22F010E2192310027B
:20C47800370303323713813337230436530A22F010E259231002530A22F010E2530A22F0E4
:20C4980010E4394F12029620E92F12023C3D09FF0419B70F1C007B0000FDFE004DC0E1FF2F
:20C4B80016073C0109F00419B7000C0AB770030E7B000011E21FA2F03C0309F00419530A1E
:20C4D80022F010E259200C02820082118202530A22F010E219231002370303323713813304
:20C4F80037230436530A22F010E259231002530A22F010E2530A22F010E4394F1202B70F7B
:20C5180081F2E92F1202530A22F010E2530A22F010E4394F1F029604E92F1F02BBF0FFFF7B
:20C53800D4A4894F14196DFFE6F59140002FD9221068538221F010223C010C2396022C2341
:20C55800D4A46DFFD8F59140002FD9221068538221F01022B0423C010C2396022C23D4A4CA
:20C578006DFFC9F59140002FD9221068538221F010224922080A3C010C2396022C23530AC1
:20C5980022F010E2530A22F010E4394F1F029604E92F1F02534A20F010E2534A20F010E460
:20C5B800394FC2819601E92FC28109FF5D08DF3F298009F08018DA103FF0090009F0C608F8
:20C5D800DA0F37F085F3ACF33C0B09F0C60809FF8018C2FF370F70F037F085F3ACF309F0D0
:20C5F8008018DA103FF00700084FB70F01F02CF43C04084F96012CF4086F96402CF63C2C18
:20C6180009FF5D08DE1E09F08018DA103FF0090009F0C608DA0F37F085F3ACF33C0B09F0B8
:20C63800C60809FF8018C2FF370F70F037F085F3ACF3084F96012CF4086F96402CF63C0C0A
:20C65800084F96012CF4086F96402CF609FFC608B70F85F3ACF3530922F010E2530922F0C4
:20C6780010E4394F1F029604E92F1F02534920F010E2534920F010E4394FC2819601E92F7A
:20C69800C28109FF5D081E46481FD4AF89FF1C193C05481FD4AF89FF201976B30D000003A2
:20C6B8003C010090913000FFD9FF300654F8370864F0EE0382023C096D001E00370864F010
:20C6D8004B0F41F14BF251203C010090913000FFD9FF300654F8370864F2EE0382023C09D2
:20C6F8006D000A00370864F24B0F41F14BF251203C0100906D00DA00913000FF39FF310699
:20C71800370F6402DA003E0CDA01BE0BDA02BE0EDA035F0F2100DA045F0F23003C269130E7
:20C7380000FF39FF0C16160FEE023C0A913000FF39FF0C16160F4B0F41F14BF251203C1761
:20C758007B0017F44BF251203C127B001FF44BF251203C0D7B0027F44BF251203C087B00B7
:20C778002FF44BF251203C0382023C013C010090910000F6D9FF040454FF4B0F61213C0130
:20C798000090913000FF39FF3706370F62F2EE06BB00C22B9BE2CB243C11913000FF39FFD5
:20C7B8003706370F62F25E19910000F6D9FF040454FF4B0F61213C0282023C01009091302D
:20C7D80000FFD9FF00066DFFDEFF09FF640816015E1A09FF6E08167FC21F4B0F41F14BF25B
:20C7F80051203C2409FF6408370FE1F15E1EBB00C20B9BE0CB0409FF6C08167FC21F4B0F2A
:20C8180041F14BF051203C1209FF6908370FE5F0C21F4B0F41F14BF2410009FF6C08167F44
:20C83800C21F4B0F41F14BF051203C010090913000FFD9FF00066DFFA6FF09FF54081601D0
:20C858005E1A09FF5E08167FC21F4B0F41F14BF251203C2909FF5408370FE1F15E1EBB0012
:20C87800C20B9BE0CB0409FF5C08167FC21F4B0F41F14BF051203C1709FF5908370FE7F096
:20C89800C21F4B0F41F14BF2411009FF5C08167F921009FF5B08160FC21FE2F04B0041F122
:20C8B8004BF151203C010090913000FF39FF3306370F62F282003E0482103E083C0ABB007E
:20C8D800C22B9BE2CB243C013C066DFFB2FF3C0382023C013C0100906DFFE8FF913000FF6B
:20C8F80039FF3106370F6402DA003E0CDA01BE0CDA02BE0FDA035F0F2200DA045F0F2400B6
:20C918003C27913000FF39FF3206160FEE0382023C0A913000FF39FF3206160F4B0F41F1AB
:20C938004BF251203C177B001FF44BF251203C127B0027F44BF251203C0D7B002FF44BF2EC
:20C9580051203C087B0037F44BF251203C0382023C013C010090404F820891000026D9221E
:20C97800040409FF1019742F6D00600402296D007104022A02946D00AE029130002F392FAE
:20C998003046370FE1B19130002F392F304696089130002FE92F304602946D00670402A433
:20C9B8006D00C1023C019130002F392F3306370FE1F3EEFA9130002F392F3306B70F02F214
:20C9D8009130002FE92F33069130002F392F330696409130002FE92F33069130002F392FFE
:20C9F800180696109130002FE92F18063C019130002F392F3706370FE1F3EEFA9130002F71
:20CA1800392F3706B71F02F29130002FE92F37069130002F392F370696409130002FE92FD7
:20CA380037066D00C401A62802A46D004604DF08928102A46D0077023C019130002F392F29
:20CA58001406370FE1F26EFA9130002F39201C0608AF37F007F09130002FE92F1C069130F8
:20CA7800002F39201B06088F37F004F09130002FE92F1B069130002F39201906089F37F0E4
:20CA980087F09130002FE92F19069130002F392F180696409130002FE92F18069130002F7E
:20CAB800392F1A06B70F01F09130002FE92F1A069130002F392F180696209130002FE92FC3
:20CAD80018069130002F392F1A0696019130002FE92F1A069130002F392F1A069604913016
:20CAF800002FE92F1A06BB70714B9B1485436D00BB013C019130002F392F1406370F61F1E9
:20CB18006EFA9130002F392F1806B70F01F09130002FE92F18063C019130002F392F330674
:20CB3800370FE1F3EEFA9130002F392F3306B71F02F29130002FE92F33063C019130002F12
:20CB5800392F3306370FE1F3EEFA48346D008C019130002F19203006485F82F1C61F26F030
:20CB7800485F4841261FA6F0DA0137F0020EDA0137F0010F9130002FD922300674203C017C
:20CB98009130002F392F3706370FE1F3EEFA9130002F19203406487F82F1C61F26F0487F87
:20CBB8004861261FA6F0DA0137F0020EDA0137F0010F9130002FD922340674203C019130FE
:20CBD800002F392F0316370FE1F3EEFA9130002F19200016489F82F1C61F26F0489F488147
:20CBF800261FA6F0DA0137F0010F9130002FD922001674203C019130002F392F0F16370F9B
:20CC1800E1F3EEFA9130002F19200C1648BF82F1C61F26F048BF48A1261FA6F0DA0137F0B3
:20CC3800010F9130002FD9220C1674209130002F1920002648DF82F1C61F26F048DF48C117
:20CC5800261FA6F09130002FD922002674209130002F1920042648FF82F1C61F26F048FFED
:20CC780048E1261FA6F09130002FD922042674209130002F192F082609F0041982F1C6102A
:20CC9800260F09F0041909F100192610A60F9130002FD9220826742F02A46D000E039100C2
:20CCB800802F192F140209F00C1982F1C610260F09F00C1982F1C610260F09F00C1909F1FF
:20CCD80008192610A60F02946D0005019100802FD9221402742F02946D00C802820C3C3765
:20CCF80002A46D0020013C019130002F392F1406370FE1F26EFA9130002F39201C0653CC2E
:20CD180020F0C8121022142F37F007F09130002FE92F1C0602A46D00D00253CC20F0C81266
:20CD380010224C226E0953CC20F0C8121022092288092D02000053CC20F0C8121022092436
:20CD580002096D009100C21C370C68C014FF3FFCC9FF02A46D00E700913000FF39FF180643
:20CD7800B70F01F3913000FFE9FF180602A46D00A40202946D00AF00913000FF39FF2C4646
:20CD98009608913000FFE9FF2C46913000FF39FF304637BF81F1913000FFE9FF3046029439
:20CDB8006D00640202823C0100903B00288082096D003C02022A913000FF39F01006B7003C
:20CDD8008202913000FFE9F01006913000FF39F01206910000F6D9FF040454F13B005AF2D4
:20CDF8009B6F02F04BF111229AF2370F68F037F005F0913000FFE9FF1206913000FF39FFB2
:20CE180010069604913000FFE9FF10063C05C2F8F68382193C0D913000FF39FF10066F1F98
:20CE3800F87F913000FF39FF11066F0FF27F02A46D005100913000FF39FF2C469608913038
:20CE580000FFE9FF2C46913000FF39FF30469608913000FFE9FF304602A46D000702029287
:20CE78003C01009002486DFF21FD913000FF39FF3506160F4B0F41F14BF251F03C014B8F80
:20CE980041F04B0F71F185F110003C0185F01000A2103FF0FDFF00904DC0E1FF16073C0191
:20CEB800913000FFD9FF004653CF20F010FF54FF2E179601B70F81F0374F0EF174FF960146
:20CED8009602375F10F874FF3C0154FF6F0FFF7F00904DC0E1FF16073C0153CF20F060FF9D
:20CEF8009130003F30F3D93F004654FF2E1B8F2420F0960154F0370070088F002100A60F4B
:20CF180074FF86248F2440F154F0370070088F002100A60F74FF3C0154FF1601DF1FFE7F0B
:20CF38000090913000FF19FF30366F1F12008F2420F09601913000FF19F030363700700833
:20CF58008F002100A60F913000FF59FF303686248F2440F1913000FF19F03036370070086A
:20CF78008F002100A60F913000FF59FF30363C01913000FF19FF30361601DF1FFB7F00901C
:20CF98004DC0E1FF16073C01913000FFD9FF004653CF20F010FF54FF2E1B8F2420F096011D
:20CFB80054F0370070088F002100A60F74FF8F2420F0960254F0370070088F002100A60FDB
:20CFD80074FF3C0154FF1601DF1FFE7F084F96082CF454FF2E1B8F2420F0960154F037001E
:20CFF80070088F002100A60F74FF86248F3440F154F0370070088F002100A60F74FF3C0123
:20D0180054FF6F0FFF7F0090913000FF19FF30366F1F12008F2420F09601913000FF19F018
:20D038003036370070088F002100A60F913000FF59FF30368F2420F09602913000FF19F0BC
:20D058003036370070088F002100A60F913000FF59FF30363C01913000FF19FF303616012E
:20D07800DF1FFB7F913000FF39FF34369608913000FFE9FF3436913000FF19FF30366F1F42
:20D0980012008F2420F09601913000FF19F03036370070088F002100A60F913000FF59FFB1
:20D0B800303686248F3440F1913000FF19F03036370070088F002100A60F913000FF59FFF9
:20D0D80030363C01913000FF19FF30366F0FFC7F00904DC0E1FF16073C01913000FFD9FFEF
:20D0F800004653CF20F010FF54FF2E1B8F2420F0960154F0370070088F002100A60F74FFD0
:20D118008F2420F0960254F0370070088F002100A60F74FF3C0154FF1601DF1FFE7F084F58
:20D13800B70F81F12CF454FF2E1B8F2420F0960154F0370070088F002100A60F74FF862414
:20D158008F3440F154F0370070088F002100A60F74FF3C0154FF6F0FFF7F0090913000FF1C
:20D1780019FF30366F1F12008F2420F09601913000FF19F03036370070088F002100A60FDC
:20D19800913000FF59FF30368F2420F09602913000FF19F03036370070088F002100A60F5B
:20D1B800913000FF59FF30363C01913000FF19FF30361601DF1FFB7F913000FF39FF34366D
:20D1D800B70F81F1913000FFE9FF3436913000FF19FF30366F1F12008F2420F096019130F4
:20D1F80000FF19F03036370070088F002100A60F913000FF59FF303686248F3440F19130B8
:20D2180000FF19F03036370070088F002100A60F913000FF59FF30363C01913000FF19FFE1
:20D2380030366F0FFC7F00904DC0E1FF16073C0153CF20F060FF9130003F30F3D93F00468E
:20D2580054FF370F6EF18FFF83213C013C010090913000FFD9FF303654FF370F6EF18FFFFE
:20D2780083213C013C0100904DC0E1FF16073C0153CF20F060FF9130003F30F3D93F00468F
:20D2980054FF2E1B8F2420F0960154F0370070088F002100A60F74FF86248F3440F154F0D3
:20D2B800370070088F002100A60F74FF3C0154FF6F0FFF7F0090913000FF19FF30366F1FE7
:20D2D80012008F2420F09601913000FF19F03036370070088F002100A60F913000FF59FF6F
:20D2F800303686248F3440F1913000FF19F03036370070088F002100A60F913000FF59FFB7
:20D3180030363C01913000FF19FF30366F0FFC7F0090404F02486DFF9DFF022902946DFF7D
:20D3380002FEDA207FF80B8009FF082982100F801000A60F89FF08293C0B09F00C298211F9
:20D358008FF801F10FF11010A61089F00C2902946DFFB3FF0090404F0248025FFF881F8014
:20D378003BF0014040F46D001B0082108B0801100F1010005E1709FF0029A60F89FF0029FC
:20D398003C0809FF002982F1C610260F89FF00293BF0014040F46DFFBEFF0090404F02489F
:20D3B8006DFF58FF022902946DFFBDFDDA207FF80D8009FF082982100F80100082F1C610FA
:20D3D800260F89FF08293C0D09F00C2982118FF801F10FF1101082FFC6F1261089F00C2988
:20D3F80002946DFF6AFF0090404F6DFF77FA09FF4028161FC21F4B0F61F14BF251203C0191
:20D418000090404F6DFF6AFA09FF41281603C21F4B0F61F14BF251203C010090BF450B80E4
:20D43800C2C56F0405003B9000403C033B8000403C01DA0403F40AF5534F20F0911000F834
:20D45800D9FFD05710FF54FF60F23C010090404F09FF002937046800370F02F48210370FBD
:20D4780081F73BF0014040F46DFF9AFF89FF00293BF0014040F46DFF4EFF0090404F09FF46
:20D49800002937046800370F05F08210370F81F73BF0014040F46DFF83FF89FF00293BF0B3
:20D4B800014040F46DFF37FF0090404F024F6DFF15FA4B0271014BF011229AF28B3F20436C
:20D4D8009A144BF0118240F46DFFC3FF02823C010090404F024F6DFF01FA4B0271018F2050
:20D4F80000104BF111229A2206EFC2FF8BFF21F392114B1011823B00D0129B1113107F8108
:20D518000A80C21F8BFF21F392114B10110202083C013B90D00306503F0808803B00D002C2
:20D538009B1013007F80048082083C0540F402F46DFFA6FF02823C010090404F09FF00297B
:20D55800374F01F78210370F81F73BF0014040F46DFF26FF89FF00293BF0014040F46DFFF7
:20D57800DAFE0090DF0431004C418B8701000F041040A64F6C414C418230534720100F104A
:20D59800000082F1C610260F6C414C41534720000F051050A65F6C41766B4C418210534741
:20D5B8002010C2310F100000A60F6C413C0C4C41821053472010C2310F10000082F1C61023
:20D5D800260F6C413C0B4C4182108B8701100F10000082F1C610260F6C410090404F3BF034
:20D5F800014040F46DFFDCFE09FF4328968089FF03283BF0014040F46DFF8DFE8200820180
:20D618003C0E3B0040F0E21F10F2392F4320370F61F23C016E0382103C01C211BF81F3FF54
:20D63800DF10EE7F0090404C405F8208C852D42D3C01C852092E84093C01C85289C28409CC
:20D6580009C284090929480809FA0C0840D402946DFFA6FE08E0534A20F010E2534A20F0D3
:20D6780010E409414168370181018920016808F0534A20F010E2534A20F010E4094F4268A5
:20D69800370F04F0892F026809F05008534A20F010E2534A20F010E4094F4068370F02F24B
:20D6B800892F006809F05108534A20F010E2534A20F010E4094F4068370F02F3892F006845
:20D6D8000810534A20F010E2534A20F010E4094F4168370F01F1892F016808D0534A20F0FB
:20D6F80010E2534A20F010E4094F4068370F02F0892F006809F05308534A20F010E2534A97
:20D7180020F010E4094F4168370F02F0892F01680830534A20F010E2534A20F010E4094FC3
:20D738004268370F81F2892F026814F0534A20F010E2534A20F010E4094F4268370F01F2CD
:20D75800892F026809F05208534A20F010E2534A20F010E4094F4168370F04F2892F01689E
:20D778008B0901F0370F684040D46DFF19FE082FEE084CE282100FA01000A60F6CE23C0993
:20D798004CE282100FA0100082F1C610260F6CE28B0901F0370F684040D46DFFBCFD08B0C2
:20D7B80009C2000809E12049DA0F534220300F3F00F082F3C63F26F189E1204909EF20495A
:20D7D800534220100F101000A60F89EF204909FFC6086E2008B502946DFF22FE09F00C0857
:20D7F800DA010F0F10F089EF1049089009FFC6081421370F68F037F108F0342F0C21370F10
:20D8180082F12C210C2396022C230C2196042C213C0108FFFF8F1A8008A008F109E2304995
:20D83800DA0F534120300F3F00F082F3C63F26F289E2304909EF3049534120100F101000EB
:20D85800A60F89EF30493C1B08A008F109E234493BF000309A81534F20F00FF3003082FFCF
:20D87800C6F3263289E2344909EF3449C281534120100F101000A60F89EF344909FFC4086E
:20D898006E2908A502946DFFCBFD08F0534020F010E4534020F010E5395F03809680E94FD2
:20D8B8000380BBF0FFFF89EF1449088009FFC4081421370F68F037F108F0342F0C21370F2A
:20D8D80082F12C210C2396022C230C2196042C213C0140D402946DFF1EFD08FF2CC109FFDC
:20D8F8000C0834CF02823C010090911000F8D9FF983749FF000A4942000AA05644FF642FB5
:20D91800FC6E894594090090405F8208D4F2D42C084F3B004000E20F10C2D92D4020894DCA
:20D938008409D4F2D422F44208498949080840C46DFF5CFD022A8B0901003700684040C4B0
:20D958006DFF2EFD09FF6F085E1B821409F5620809F66308820740D46DFF06FE3C088204E1
:20D9780082058206820740D46DFFFEFD09FF70085E1B821409F55A0809F65B08821740D47E
:20D998006DFFF2FD3C08820482058206821740D46DFFEAFD09FF71085E1B821409F56A083B
:20D9B80009F66B08822740D46DFFDEFD3C08820482058206822740D46DFFD6FD085F5F9F9F
:20D9D8002300085F5389200091100028D922CFA701200026102214203C0109DF4018824182
:20D9F8004B100122373F02F089DF001809D10019DA0882424B2001220F3F00F0A6F189D153
:20DA180000193C01DA0014D037F002F034DF09FF6E0814D037F002F234DF09FF6F08DF1FA1
:20DA38005D8049F21C0A09FF61086E2D09DF4428960489DF042809FF610809F05F0809D157
:20DA5800002982123721811737F182163701041489D1002909F05F08DA0FFE0409FF5E08B5
:20DA7800821009D1002982123721811B37F1041889D1002909DF4428370F02F089DF04288A
:20DA98003C013C0709DF4428B70F01F189DF042809F05F08DA0FBE0509FF5E0809F0600873
:20DAB80009D1002982123721811B37F1041889D1002909DF4428370F02F089DF04283C019F
:20DAD800142F6E03DA013C02DA0009D0452837F001F189DF05283C0109FF7008DF1F5D80FB
:20DAF80049F2140A09FF59086E2D09DF6428960489DF242809FF590809F0570809D120290B
:20DB180082123721811737F182163701041489D1202909F05708DA0FFE0409FF560882107B
:20DB380009D1202982123721811B37F1041889D1202909DF6428370F02F089DF24283C019E
:20DB58003C0709DF6428B70F01F189DF242809F05708DA0FBE0509FF560809F0580809D1ED
:20DB7800202982123721811B37F1041889D1202909DF6428370F02F089DF24283C01142FF5
:20DB98006E03DA013C02DA0009D0642837F001F289DF24283C0109FF7108DF1F578049F208
:20DBB800240A09FF69086E2D39CF04809604E9CF048009FF690809F0670819C100808212DA
:20DBD8003721811737F182163701041459C1008009F06708DA0FFE0409FF6608821019C15E
:20DBF800008082123721811B37F1041859C1008039CF0480370F02F0E9CF04803C013C01AD
:20DC180009F06708DA0FBE0509FF660809F0680819C1008082123721811B37F1041859C1B9
:20DC3800008039CF0480370F02F0E9CF04803C01142F6E03DA013C02DA0039C0048037F0C4
:20DC580001F2E9CF04803C01085F7E93DA033C02DA0014D037F002F034DF09F56C0840C44D
:20DC780002946DFF7AFB82013C36536120F010F209204A08534120F010D2534120F010D4D1
:20DC9800094F6108370F03F0892F2108536120F010F2092F06094BAF41F04B0F7101C2E0EB
:20DCB800DA1F7F0F0780DA104BF011228BF200008BF02F033C01534120F010D2534120F055
:20DCD80010D4094F600837006800370F05F0892F2008C211BF21CBFF8B0901F0370F6840DE
:20DCF80040C46DFF18FB02823C010090911000F8D9FFB03749FF000A4942000AA0C644FF50
:20DD1800642FFC6EDA002C44F4450C442C45DA00894F2C080090405C8208D4CDF44D6DFFC0
:20DD380085FA022F02F46DFFD6F8820074D002F46DFF9CFA09C45D0840D46DFF00FC4CC56E
:20DD58004B0F714140D46DFFC6FBF62382123C634CC44B0F714140D46DFFA9FB40D46DFF52
:20DD780045FB82013C34536120F010CF0880534120F010D2534120F010DF09FF6128370F3D
:20DD980003F0892F2128536120F010CF481F4B2F41F04B0F7101C2E0DA1F7F0F0780DA105C
:20DDB8004BF011428BF400008BF02F033C01534120F010DF534120F010D2092F6028370044
:20DDD8006800370F05F089FF2028C211BF21CDFF09CF5C08DE1E82093C178B09014040D43A
:20DDF8006DFFDEFA3B0040F0E29F10DFD9FF4020DA0314F037F002F034FF8B09014040D49E
:20DE18006DFF89FAC219BF89EAFF40D46DFFE8FB02823C010090404FF4F5BB0068F99B8F7D
:20DE3800B9F46CF540546DFFEEFA68426DFF56F56862DA002CF83BD07BF39B6F58F36CF180
:20DE5800DA002CFE3BD07BF39B6F58F389FF0A09DA0089FF1C08DA0089FF1D080090C2F4EA
:20DE780037045040D44F094FC40810FF14FF345FB015094FC408C21FAC42094FC40809409E
:20DE9800C6083F0F0480DA00AC42FF14EA7F40523C010090C2F437045040D44F094FC4085F
:20DEB80010FF145F34FFB015094FC408C21FAC42094FC4080940C6083F0F0480DA00AC4208
:20DED800FF14EA7F40523C0100904DC0E2FF370FE1F78B0F20023C010D00400300003C01BD
:20DEF8008C423C010BF480F1370F50108C4B4BF10122A23137015020DA00894F1808A224A0
:20DF18008C4A0BF480F1894F060976030D0000033C0100904DC0E2FF370FE1F78B0F20029E
:20DF38003C010D00400300003C01094184083C018C4AA21F0BF480F1370F50108C4B4BF12C
:20DF58000122A23137015020DA00894F1908A2248C4A0BF480F1894F0A0976030D000003B8
:20DF78003C010090025FC234B7040200370050808BC801008B8000406D00011FBC2640242F
:20DF98000B8F10486D0032003C0100904DC0E2FF370FE1F78B0F20123C010D0040030000A6
:20DFB8003C018C4212508940840809408E088C420BF0A0F1AC47094F06096E0F094F060910
:20DFD800A25F894F0609094F06094EF7DA00894F0609DA01894F180876130D000003A25472
:20DFF800370450203C010090C234B70402F0370F5000DA00894F1808DA01894F1908804FE3
:20E018008BCF01F0C27FB70F03F0744FDA00AC42DA00AC47DA00894F0A09894F0609DA00C5
:20E03800AC49AC48894094088945960840423C0100902008404F405C02488209DF08D400DC
:20E05800D4F2F4A288AFACA3888FACA291100028D9229037092040090B0610F10B1780F2BE
:20E07800EE0891100028D9229037092A40093C264DC0E2FF370FE1F78B0F20F23C010D0027
:20E09800400300003C0185F010008203020285F12C008200A620A6313C0191100028D92218
:20E0B800903709224009262026316E030D0000033C010B6040A00B7150B03C0140F40284F4
:20E0D8006DFF05FF022F6E0E49A4000A40C502F46DFFC7FE402C40F40B8F10486D00870062
:20E0F8000228DF09388091100028D9229037092040090B0A10F10B1B80F2EE03DA003C2864
:20E118004DC0E2FF370FE1F78B0F20F23C010D00400300003C0185F010008203020285F1E1
:20E138002C008200A620A6313C0191100028D922903709224009262026316E030D00000322
:20E158003C010BA050F10BB100F20B1B90F23C016E05DA0089FF06093C43DF0840003C0124
:20E1780009FF5808EE3791100028D9229037092040090B0A10F10B1B80F2EE03DA003C2820
:20E198004DC0E2FF370FE1F78B0F20F23C010D00400300003C0185F010008203020285F161
:20E1B8002C008200A620A6313C0191100028D922903709224009262026316E030D000003A2
:20E1D8003C010BA050F10BB100F20B1B90F23C016EC809FF58088B0F0092DF0871FF09AF92
:20E1F800C408ACF802823C0100904DC0E2FF370FE1F78B0F20023C010D00400300003C01B4
:20E218008C42A25FAC42094F0A096E0F094F0A09A25F894F0A09094F0A094EF7DA00894F88
:20E238000A09DA01894F190876030D000003A254370450203C0100902008404F405C02484B
:20E258008209DF08D400D4F2F4A288AFACA3889FACA291100028D9229037092040090B06FB
:20E2780010F10B1780F2EE0891100028D9229037092A40093C264DC0E2FF370FE1F78B0FEC
:20E2980020F23C010D00400300003C0185F010008203020285F12C008200A620A6313C017E
:20E2B80091100028D922903709224009262026316E030D0000033C010B6040A00B7150B025
:20E2D8003C0140F402846DFF27FE022F6E0E49A4000A40C502F46DFFDFFD402C40F40B8F7D
:20E2F80010486DFF55FE0228DF09388091100028D9229037092040090B0A10F10B1B80F27A
:20E31800EE03DA003C284DC0E2FF370FE1F78B0F20F23C010D00400300003C0185F01000AF
:20E338008203020285F12C008200A620A6313C0191100028D92290370922400926202631A2
:20E358006E030D0000033C010BA050F10BB100F20B1B90F23C016E05DA0089FF0A093C4301
:20E37800DF0840003C0109FF5908EE3791100028D9229037092040090B0A10F10B1B80F2E8
:20E39800EE03DA003C284DC0E2FF370FE1F78B0F20F23C010D00400300003C0185F010002F
:20E3B8008203020285F12C008200A620A6313C0191100028D9229037092240092620263122
:20E3D8006E030D0000033C010BA050F10BB100F20B1B90F23C016EC809FF59088B0F00921D
:20E3F800DF0871FF09AFC408ACF902823C0100908F841EF08F0F0801B70408FC3704E81B6F
:20E41800B71F812BDA7F7FF1048082020090DA967F1F048082023C068B6109F1325F0FF231
:20E4380000203702502076043252370250200090B70408FC3704E80BB71F811BDA7F3FF0DD
:20E458000580DA967F0F0480820200908B6009F1325F0FF1001037016820009091200048BA
:20E47800D9443C881D0002008208404F8209820A820BC81CC82D483C09FF1001DF1F2380B0
:20E4980080CF160180D08F100001FE046E04C2FC04DF24CF76CF8F3C00018FEC1FF06E09F4
:20E4B80002F140D2C2F16014442164C1FC4E90DD020CDF0CE07FC2FC60C204DF24CFFC2E9F
:20E4D8003CD9DE2580CF2E03C2FC24C9DF0CD37F8F3C00F106EC76C5C2FC60C264CAFC2F82
:20E4F8006EC9C2FF60F224CBFC2F3CC48F0F1F00DF002E008F3F0001DF102B8080CF8F3F50
:20E5180000D180DF1603FEDB76DB02D440C440D56D00540001CD00C601DD00D6A2DC76CFB5
:20E538008F3C00018FEC1FF06E0902F140D2C2F16014442164C1FC4E90DD020CDF0C9B7F76
:20E5580002C440C440D56D0039003C9400901603DF2F91FF80CF16036E0702F440C46D00C3
:20E57800160010CCA2FCDF0C867F8F3C004106EC76C5C2FC60C264C8FC2FDF047C7F40C4B1
:20E598006D0005001DFF77FF00903BF00F00804F1603063F0FF0100082FFC6F0C2F4604FBD
:20E5B800804FB70F02F060F2B014542F260F742F77000004FCF60090804F16033BF00F002C
:20E5D8008F3F00100F10100082F1C610C2F4604F8041B7010220095101008F3F0030B014B0
:20E5F8000F3110106022C21F542216032602A612742277000004FDF0ED7F0090910000F650
:20E61800D9FF0C04D4F291200056D955C08901240046015420F4EE0891200056D955C08A6D
:20E63800014530F4EE0482FF60F20090F4F40090DA034BF411023B40CEF03F0F04808202CD
:20E658003C113B8006F13FF005803B4006203C0A1BC031FF534F26F03B4038004B0F112205
:20E678003C010090207049A4000A9120005F6DFFD4FBDA0189AF1D0891000046D9443C2457
:20E6980049A5000A6DFF49FB49A4200A91000056D9553C246DFF2CFBDA0089AF2408DA0083
:20E6B80089AF2508DA0189AF0F18DA0189AF001891000046D944282449A5200A6DFF26F995
:20E6D80049A4141A91000056D95528246DFF0FF9DA0489AF2018DA0489AF2318DA0189AF80
:20E6F800171891000046D944202449A5141A6DFF9CF7910000F6D9FF20248210C812092246
:20E718008409081F534F2010012100F6534F20F01022392F0380370F01F0E9FF0380910041
:20E7380000F6D9FF3824DA0074FF910000F6D9FF3424DA0074FF910000F6D9FF0034DA00D9
:20E75800B4FF49A42C1A6D007600DF02230009AFEC183B40CE00E20F3BF0FF004B0F110247
:20E77800910000F6D9FF342474F0910000F6D9FF003453B020F03B803E004B0F1102B4F0B6
:20E79800910000F6D9FF003409F4C0086D00074200902008910000F6D9FF38249100002629
:20E7B800D9223824542FC21F74FF910000F6D9FF382454F0DA0A4BF0110276123C3A49A4F7
:20E7D800000A6D003800F6223C3409AFC0083B40CE00E20F3BF0FF004B0F1102910000F612
:20E7F800D9FF342454FFA2F0910000F6D9FF342491000026D9223424542F86C0420F74FF9E
:20E81800910000F6D9FF003491000026D9223424542F53BF20F03B803E004B0F1102B4F094
:20E83800910000F6D9FF003409F4C0086D00B741009091000026D9222024DA00CC21C81FCF
:20E8580009200008A6F089F010293B007D00910000F6D9FF2024C81209228409081F534F71
:20E8780020F0102F19F100A03C013C01C2F03701E1FFEE03FF10EDFF3701E1FFEE038202CA
:20E898003C08370170F0B70F14F6B44F82123C010090145F344F0C512C41DA003C07104F14
:20E8B8001052092042082820C21FBF4FFAFFDA003C07104F1052092006082860C21FBF4FAF
:20E8D800FAFF494F0A0A09508A08370070F016FF34FF370070F0868F16FF2C4B494F0C0ACB
:20E8F80009508C08370070F016FF34FF370070F0868F16FF2C4D89440E080090DA70344FBA
:20E9180089440108DA003C07104F1052092000082820C21FBF4FFAFF82003C17534020F052
:20E93800104F49FF060A534020F0106254218FF10FF134FF370168F42CF1370168F82CF264
:20E95800370168FC2CF3C210BF40EAFF894516080090404C405D40D46D00A4007CC382029D
:20E978003C5491100058D955D3B7824440C46D008A1A762382023C490CC41E1382023C45BB
:20E9980049C2120A142F09C053088F802000A60F3C013B20014040C46D00302F3E2382025F
:20E9B8003C34DA003C0C10D210CF08608920020810D210CF08A089200608C21FBF4FF5FFCE
:20E9D80049CF0E0A14F00CCF8F8F20F0A6F0370050F03C01ACD549CF100A14FF09C05108B0
:20E9F8008F802000A60F370F50F03C01ACD640D46D009800F62640D46D00540082023C0507
:20EA1800DA012CD182123C010090404C405D91100058D955D3B7824440D46D00411A14CF46
:20EA38002CD40CC12CD5DA003C0710D210CF082089200608C21FBF4FFAFFDA003C0710DF3F
:20EA580010C20920060828A0C21FBF4FFAFF49DF0E0A09C08A08370070F016FF34FF370034
:20EA780070F0868F16FF2CDF49DF100A09C08C08370070F016FF34FF370070F0868F16FFAA
:20EA980089DF11083B20014040D46D00B72E49DF120A8FF20FF134FF868289D213080090D5
:20EAB800DA01344FDA002C41DA003C0D104F91100028D922CFB7102214202820104F82102E
:20EAD8002860C21FBF4FF4FF3B803EF0AC45DA30AC460090BC43BC527C6382023C21144F1E
:20EAF800BF4F048082023C1C404FB01F14F00C428F8F20F0A6F0370050F03C013B401F00CE
:20EB18007FF004003B401FF03BC0E00F7F0F04003BC0E0FF14403450B46F82123C0100902E
:20EB38007C4382023C328C453B4006003F0F07008C453B8038017FF0040082023C268C4675
:20EB58003BE001003F0F07008C463B800C007FF0040082023C1ADA003C14104F09F00608B6
:20EB7800DF100900104F09F00608DFF0040082023C0C104F0820BF40048082023C06C21FCF
:20EB9800BF4FEDFF82123C010090BC44BC53DA0C3E4382023C2BDA003C0B105F104214208B
:20EBB8002820105F1042092044082860C21FBF4FF6FF494F080A14F00C498F8F20F0A6F08C
:20EBD800370050F03C01AC55494F0A0A14F00C4B8F8F20F0A6F0370050F03C01AC56DA010C
:20EBF800345F40546DFF9EFF3C010090202849A4000A6D00150149A4000A49A5140A6DFFCF
:20EC1800AAFE762891100048D944D7B76D00663F3C0791100048D944F3B76D005F3F49A405
:20EC3800140A6D001D44910000F6D9FF3434DA0034FF910000F6D9FF0434DA0034FF0090C8
:20EC5800201049A4000A6DFF2DFF49A4000A6D0007446D003000822449A4000A6D00B602CF
:20EC780000902028404F024F49A4000A6D00E64349A2040A49A4140AA03544206440FC5EFC
:20EC980049A5140A40F402F46DFF81FFF6246D0012003C0FDA0289AF150849A4140A6D00AD
:20ECB800DF436D000800821449A4140A6D008E020090203849A4240A6D00C043DA0534AFD2
:20ECD800DA232CA1DA0F2CA209AF6908EE0382043C02821449A4030A49A5280A6DFFDBFDC9
:20ECF80049A4000A6D00C84000906D00D001910000F6D9FF343414FFEE023C4D6D000C02F4
:20ED180076246D004A003C476D004C34910000F6D9FF3434485FA2F2CE223C3D910000F628
:20ED3800D9FF343414FF5E2E6D0041007628910000F6D9FF3434DA0034FF3C036D002D00E3
:20ED58003C2A91000046D9443434B0446D007900762382183C028228910000F6D9FF04344D
:20ED780014FF6E0E91000046D944083402846D004602910000F6D9FF0434DA0034FFDF18E6
:20ED98000980910000F6D9FF3434DA0034FF3C036D0003000090910000F6D9FF34346D008B
:20EDB80001341B421FF06CF500906DFF3FF2022F02F46DFF90F002F46DFF58F20D004003FD
:20EDD800BB0000FE9B1FF0FA9110F0FAD9FF909A9110F02AD922989A9110F04AD944A8AAFF
:20EDF8009110F05AD955A8AA74FFDA01742FDA80744FDA50745F0D0080046D006900022FED
:20EE18000D0000036DFF12F2022802846DFF63F002846DFF2BF202F23C010090DA003C0BFA
:20EE3800104FBB00000E9B10F00A42F06002142034F0C21F3B4001003F0FF4FF0090910042
:20EE58000056D95520346DFFE2FD6DFFEFF1022F02F46DFF40F002F46DFF08F20D004003BC
:20EE7800BB0000FE9B1FF0FA9110F0FAD9FF909A9110F02AD922989A9110F04AD944A8AA5E
:20EE98009110F05AD955A8AA74FFDA01742FDA80744FDA50745F0D0080046D001900022F9C
:20EEB8006E0891000046D94420346D002F00022F0D0000036DFFBAF1022802846DFF0BF071
:20EED80002846DFFD3F102F23C0100906D006A338B820C803C106DFFA9F1022F02F46DFF1B
:20EEF800FAEF02F46DFFC2F16D005C33A2820E2382023C0A910080FF39FF1002370FE1F070
:20EF1800EEEB82123C0100902008404C82083C2382003C10DA0803F80A10DA147FF1068059
:20EF380001C100F614FF3C02DA0001A000F634FFC210BF80F1FFDA08BB00000E9B10F00ABB
:20EF580003F80A4049A4000A6D001E00F62382023C19C218BF38DEFF82003C0FBB0000FEAC
:20EF78009B1FF0FA420F60FF14F101C000F614FF3E1382023C07C210DA143FF0F1FF8212CB
:20EF98003C0100900248404FDA006E019100F02AD9225455DAFA742F0D0080049100F02A68
:20EFB800D9225455B70818007B0000FA7E05DA50742F82003C0EB70818007B00F0FA7E056E
:20EFD800DA5D742F82003C050D00800482103C018B00002276236DFF7BFFDF024C0014F0BF
:20EFF800081F8F8F00F0A6F0082F8F0F01F0A6F0083F8F8F01F0A6F03C0140F2B042142150
:20F01800085F8F8F00F0A6F1086F8F0F01F0A6F1087F8F8F01F00FF1A0303C017681910004
:20F03800F0FAD9FF70758202820502040F42A0000F53A01089F040090D0080049110F0FA1F
:20F05800D9FF909A9110F02AD922989A9110F04AD944A8AA9110F05AD955A8AA74F8DA00B3
:20F07800742FDAA0744FDAAA745F0D0080046DFF2FFFDA006E019100F0FAD9FF5455DAFAFD
:20F0980074FF0D0080043C0100902018910000F6D9FF043414FF6E0E91000046D9440834F9
:20F0B80082246D00AC00910000F6D9FF0434DA0034FF49A4000A6D009B3DF6223C2B0CA16D
:20F0D800EE2449A4020A6D005500910000F6D9FF343414FFDE14910000F6D9FF083449A2F9
:20F0F800000A49FF000AA054442F64FFFC4E910000F6D9FF0434DA0134FF3C0C49A4000AA4
:20F1180082246D007C003C0649A4000A82046D0076000090202849A4000A6D00963F820013
:20F138003C09532020F010AF94FF6E0382123C20C210BF40F8FF49A4200A49A5220A49A654
:20F15800240A6D00204109AFA008EE0409AFA2086E0382123C0D49A40C0A6D001B3E8CA69E
:20F17800EE038CA76E0382123C0382023C0100902028404C49A4000A6D00604149AF040ADF
:20F1980049A2140AA03444FF642FFC4EDA003C0810AF10C20920000889F01A08C21FBF4FF0
:20F1B800F9FF49A4140A6DFFBDFCF6223C0DDA0189AF150849A4140A6D005241821449A4F0
:20F1D800140A6D0003000090910000F6D9FF343434F4910000F6D9FF34344942000A49FF66
:20F1F800040AA034442F64FFFC4E910000F6D9FF34346D00D7316852009020280245DA0501
:20F2180034AFDA222CA1DA172CA249AF030A094441084045B0254046B06640F46DFF70FBCF
:20F2380049A4000A6D00283E0090404F024F6D003D00022440F402F56D003B0002246D0046
:20F2580004003C01009082F2C6423C010090910000F6D9FF4C4414FF6E023C2682013C1ACF
:20F27800021082023C0C6F00090006F0BB0032F89B8FDBFEC6F03C0206F0C212BF82F5FF4F
:20F29800534120F0910000F6D9FF0C4410FF74F0C2113B0010F03FF1E5FF910000F6D9FF0F
:20F2B8004C44DA0134FF009082F23C0100900248404F02596DFFCDFF82003C1101F0002675
:20F2D800142FC68F16FF534F20F091000026D9220C441022542F0688C6F8C2103F90F0FF24
:20F2F80002823C010090910000F6D9FF100454FFEE3B91000046D944504491100058D95507
:20F31800EEC76D001601910000F6D9FF504449F4200A91100058D955CED76D000A0191006D
:20F3380000F6D9FF504449F4001A91100058D955C4076D00E200910000F6D9FF504449F48B
:20F35800201A91000056D9555044910000F6D9FF504449F6200A6D002B01910000F6D9FF5E
:20F378001004DA0174FF91000026D92250443C010090D9AAF02F404F405C406D024FBCF485
:20F39800BCC37CD46E0382F23C6949A4000A40F56D00FD03762382F23C6149C4200A9110E1
:20F3B8000058D955CEC76D004105F62382F23C56D9A400A06D00C72CD9A400A03B00024031
:20F3D80040C56D00D12CD9A400A03B00024040F56D00CA2CD9A400A040D502F46D00C42CEF
:20F3F800D9A400A0D9A500806D004E2CD9A40090D9A500806D00320549A4002AD9A500901F
:20F4180049A6000A6D006C036DFF6FFF49A4004A49C5200A40266D00630349A4002A49A578
:20F43800002A6D002F0349A4006A49A5004A49A6002A6D008802D9A4209049A5006A6D005A
:20F458008003D9A420903B00024040C56D001B15F62382023C0282F23C010090404C820794
:20F4780082043C1C534420F0105F54FF820102F0534420F0106F54FF820302F20B2040005B
:20F498000B315010820302720B2040600B315070534420F010CF74F6C214DA083FF4E47FBA
:20F4B800DF07270082050274FB6002606DFFBAC554CF820102F00B0240000B13501074C0EB
:20F4D80082123C12534220F010CF54FF820502F4820702160B6440000B755010534220F009
:20F4F80010CF74F0C2127614DA083FF2ED7F40C46D00530100903B0002406D00D114009020
:20F51800820082023C0C534220F0104F54F1534220F0105F54FFC6F1A610C212DA083FF281
:20F53800F47FF60382123C0282023C01009082013C1F534120F01042534120F0105F14F039
:20F55800534120F0105F081F8F8F00F0A6F0534120F0105F082F8F0F01F0A6F0534120F0A2
:20F57800105F083F8F8F01F0A6F07420C211DA083FF1E17F6D001101009091100068D966E8
:20F59800D0876D00C8000090820082013C07534120F0104F54FFA6F0C211DA083FF1F97FA6
:20F5B800F60382123C0282023C0100902060404C405D406E49A4000A82043B0004506D0047
:20F5D800A11482083C48D2000B0110A882093C24534820F010DF54F48205534920F010EFBB
:20F5F80054F682076DFF1EC51A98534F20F010AF54FF820102F00B0240000B1350100BA070
:20F6180040000BB150101A98534F20F010AF74F0021A820BC219DA083FF9DC7F8B880000E3
:20F638003C12534020F010AF54FF820302F20BA240200BB35030534020F010AF74F2023AE7
:20F65800820BC210BA0A8B0B00F4EE04DA103FF0EA7FC218DA083FF8B87F8209820A3C22D2
:20F678008B8A00F0534F20F010AF54F48205FB6002606DFFD7C4534A20F010AF54FF820127
:20F6980002F00B0240000B135010820302920B2040800B315090534A20F010AF89F800196F
:20F6B800C21ADA083FFADE7FDF092A0082050294FB6002606DFFB6C45810820102F00B0222
:20F6D80040000B13501089A0001982123C14534220F010AF09FF0019820502F4820702168B
:20F6F8000B6440000B755010534220F010AF89F00019C2127614DA083FF2EB7F49A5001A8A
:20F718003B00024040C46D00CB1340C46D00450000902040404F405C406D820849A4000A06
:20F7380091100058D955C4076DFFE7FE49A4200A40C56DFFE2FE82793C273BF001A03C217F
:20F75800768749A4000A49A5000A6D009700534920F010D2542F570F61FA6E12768A49A462
:20F77800000A49A5000A49A6200A6DFF21FF3C0849A4000A49A5200A6DFFBFFE8218C2FAF8
:20F79800FF0AE07FC2F9FF09DA7F49A5000A40F46DFFB3FE00902020404C82083C6B820471
:20F7B800820082713C24534120F010CF54F2534120F0911000F8D9FFE40710FF54F37F239B
:20F7D800048082103C16534120F010CF54F2534120F0911000F8D9FFE40710FF54F37F32D9
:20F7F800048082003C06F6128210C2F1FF01DD7FF6023C4282033C33534320F010CF54F0CD
:20F81800534320F0911000F8D9FFE40710FF54F1A210A2408201534320F010CF54F2534302
:20F8380020F0911000F8D9FFE40710FF54FF3FF21080764F534320F010CF54F2534320F0EB
:20F85800911000F8D9FFE40710FF54FF7E2282110214534320F010AF74F0C213DA083FF3D7
:20F87800CD7F49A5000A3B00024040C46D001813C218BF38967F009040566DFF99FE009074
:20F898002020820082013C20F6143BA0FD2F3C0282F2534120F010AF534120F01062542FF0
:20F8B8005AF2A20F74FF8203534120F0106F54FF3FF208807607534120F0106F54FF7E2279
:20F8D80082130230C211DA083FF1E07F49A6000A6DFFC6FD00902020404C49A4000A6DFF1E
:20F8F8000CFE49A4000A6DFF58FF82003C27534020F010CF534020F010A2542F34FF534027
:20F9180020F010CF534020F010A2542F068F2CF1534020F010CF534020F010A2542F8F0F5E
:20F938001FF02CF2534020F010CF534020F010A2542F8F8F1EF02CF3C210DA083FF0D97FA2
:20F95800009049AA00BA404F405C406D49A4004A49C5200A40C66DFF95FF49A4204A49D590
:20F97800200A40D66DFF8EFF49A4000A49A5004A49A6204A6DFF1CFE49A4004A49C5200AB9
:20F9980040C66DFF6DFD49A4204A49D5200A40D66DFF66FD49A4200A49A5004A49A6204A47
:20F9B8006DFF06FE49A4004A49C5201A49D6201A6DFFFEFD49A4001A49A5004A9110006838
:20F9D800D966A4F76DFFF4FD49A4001A49A5001A49A6001A6DFF44FD49A4004A49C5001AB4
:20F9F80049D6001A6DFFE4FD49A4201A49A5004A49A6004A6DFF34FD49A4002A49A5200A05
:20FA180049A6000A6DFF3EFF49A4202A49A5201A49A6001A6DFF36FF49A4003A49A5201AD4
:20FA380049A6001A6DFF1CFD49A4203A49A5200A49A6000A6DFF14FD49A5002A49A6202AFA
:20FA580040F46DFFB5FD49F4200A49A5003A49A6203A6DFFADFD49F4201A49A5002A49A6D0
:20FA7800203A6DFFA5FD49F4001A49A5202A49A6003A6DFF9DFD009040566DFF64FF0090C3
:20FA98002020404F405C49A4000A91100058D955E41740C66DFFF6FE49A5000A40F46DFFCC
:20FAB8002CFD49F4200A49C5200A6DFF26FD49F4001A49C5001A6DFF20FD49A4000A911037
:20FAD8000058D955E41749C6201A6DFFDBFE49F4201A49A5000A6DFF10FD00902080404D5A
:20FAF800405F406C49A4000A6D007F01DA1F3C1C82783C1749A4000A49A5000A6DFFBEFF09
:20FB180010F21420028132510F1010006F00090049A4000A49A5000A40C66DFF14FFC2F8BC
:20FB3800FF08EA7FC2FFFF0FE57F49AF000A49D2000AC5041F0044FF642FFC4E00902060CB
:20FB5800404F405C49A4000A49C5001A6DFF17FD49A4200A49A6000A40C56DFF29FD49A42F
:20FB7800001A49C5200A49A6000A6DFF21FD49A5001A40F46DFFB1FE09F05F08580816016A
:20FB9800067FA6F089F01F08009049AA00BA404C095F5F088F9F3F80820949A4004A3B0010
:20FBB80002406D007D1109AF5F48167F89AF1F4849A4000A49A5004A6DFFBBFC82703C21BC
:20FBD800534020F010AF54F1534020F0911000F8D9FFE40710FF54FF7F1F048082193C13F9
:20FBF800534020F010AF54F1534020F0911000F8D9FFE40710FF54FF7FF103803C04C2F000
:20FC1800FF00E07F769482F21D00EE0049A4001A49A5000A6DFF32FE49A4001A49A5001A3B
:20FC380091100068D966C4076DFF2CFE49A4201A49A5000A6DFF22FE49A4201A49A5201A09
:20FC580091100068D966A4F76DFFB2FC49A4201A49A5201A91100068D966C4076DFF00FCC5
:20FC780049A4002A49A5201A6DFF08FE49A4002A49A5002A49A6201A6DFF9AFC49A4202A2A
:20FC980049A5002A6DFFFAFD49A4202A49A5202A49A6201A6DFF8CFC49A4003A49A5001A16
:20FCB80049A6202A6DFF84FC49A4200A49A5003A91100068D966F0776DFF2DFD49A4200A6C
:20FCD80049A5200A49A6002A6DFF72FC49A4200A49A5200A49A6001A6DFF6AFC49A4203AB0
:20FCF80049A5200A6DFFCAFD49A4203A49A5203A49A6201A6DFF5CFC49A4203A49A5001AD6
:20FD18006DFF00FCDF02388049A4204A91100058D955E41749A6001A6DFFB4FD49A4203AE4
:20FD380049A5204A6DFFEEFBDF02240049A4200A49A5200A91100068D966C4176DFF38FC07
:20FD580049A4203A49A5200A6DFF98FD49A4203A49A5203A49A6201A6DFF2AFC49A4203A9A
:20FD780049A5001A6DFFCEFBF62382F23C3C3C0382F23C3949A4200A6DFF08FC76247683E7
:20FD980082F23C3158081601BE8149A4204A91100058D955E40749A6200A6DFF73FD49A469
:20FDB800200A49A5204A6DFFA8FB49A5200A40C46DFFA3FB49C4200A49A5000A6DFF9DFB41
:20FDD80049C4001A91100058D955C4076DFF95FB49C4201A49A5200A49A6000A6DFFE8FB4F
:20FDF80082023C010090404F91100058D955E41740F46DFF82FB49F4200A91100058D9553E
:20FE1800C4076DFF7AFB49F4001A91100058D955C4076DFF72FB49F4201A91100058D9555E
:20FE3800E4176DFF6AFB0090DA1F3C12104F14F0105F14F17F10048082123C0E104F14F0DC
:20FE5800105F14F17F01048082023C06C2FFFF0FEF7F82023C0100902040404C405D49A448
:20FE7800000A82043B0002506D004C103BF003803C7F82793C7A820001D800F614F1029280
:20FE980032520F2110108F11001182023C1001A200F614FF869F160101A200F601A20026AB
:20FEB80014238613A63034F002F0C212DA203FF2F07F14AFA6F134A18200DA1F3C1C10AF3F
:20FED80014F1911000F8D9FFCEC710FF14F27F12048082103C1210AF14F1911000F8D9FFC0
:20FEF800CEC710FF14F27F21048082003C06EE028210C2FFFF0FE57FDF0037008200DA0031
:20FF18003C2710AF14F1911000F8D9FFCEC710FF14F2A221A201820210AF14F3911000F83E
:20FF3800D9FFCEC710FF14F43F430D80760C10AF14F0911000F8D9FFCEC710FF14F35F3026
:20FF580003808212022010AF89F12008C21F3B0002103F1FD87F49A4000A49A5200A3B00C2
:20FF780002406D009D0FC2F9FF09877FC2F8FF08827F49A5000A3B00024040C46D00900FFE
:20FF98000090FF440B80910000F6D9FF200401F400F609F200083C0282023C010090820069
:20FFB8003C0E534020F0104F534020F091000026D92270741022542F74FFC210BF40F3FFB9
:20FFD8000090DA003C078B0F015002F46D00B103C21FBF8FFAFF82003C14534020F091002C
:08FFF80000F6D9FF707410FF40
:02000004800179
:20000000DA0074FF534020F0910000F6D9FF408410FFDA0074FFC210BF40EDFF910000F62D
:20002000D9FF24043B803EF074FF910000F6D9FF2804DA3074FF910000F6D9FF5884DA0047
:2000400074FF910000F6D9FF5884DA006CF1910000F6D9FF5084DA0074FF910000F6D9FFDC
:200060005084DA006CF1910000F6D9FF6C74DA0034FF00902018910000F6D9FF588454FFD3
:200080003B803E00E20F910000F6D9FF240454F04B0F0102B4A0910000F6D9FF5884481F58
:2000A0003B803E00E20F910000F6D9FF240454F04B0F010289A0820894AF3B803E007FF0D0
:2000C00005003B803EF0B4AF94AF3B80C10F7F0F05003B80C1FFB4AF8CA13B803E007FF0FB
:2000E00005003B803EF0ACA18CA13B80C10F7F0F05003B80C1FFACA1910000F6D9FF588477
:2001000054F46D00C80389A28408910000F6D9FF588448146D00BF0389A28608910000F6A2
:20012000D9FF508454FF7802910000F6D9FF5084481F7803910000F6D9FF6C7414FF89AFA7
:20014000100849A4000A6D001B360090DA643FF407003B8038F13F4F03003C033B803E40DD
:20016000910000F6D9FF240474F40090FF440380F6523C0C8E53DA013C0282FF910000F6A8
:20018000D9FF200401F400F634FF0090DA1E3FF40600DAC83F4F03003C033B000340910003
:2001A00000F6D9FF280474F4009020506D00062A82013C27534120F010AF534120F09100C2
:2001C0000026D922707410225420534120F091000026D92250641022542FA2F074F053412B
:2001E00020F0910000F6D9FF506410FF534120F091000026D92270741022542F74FFC21198
:20020000BF41DAFF54A0580142F0580209A10C091213910000F6D9FF1C0414FF6E0C9100AB
:2002200000F6D9FF1C04820134F1910000F6D9FF687474F2F6027636910000F6D9FF6874A8
:2002400074F2910000F6D9FF6C7491000026D92268745421A2128B427F1234F1910000F638
:20026000D9FF140414F1534120F0910000F6D9FF606410FF74F0910000F6D9FF140414F1D3
:20028000534120F0910000F6D9FF407410FF74F3910000F6D9FF140491000026D9221404F0
:2002A0001421C211DA084BF1114234F5910000F6D9FF140414FFEE07910000F6D9FF1804A2
:2002C000DA0134FF910000F6D9FF180414FF6E043B8000203C06910000F6D9FF140414F276
:2002E0008204820682083C44534820F0910000F6D9FF606410FF54F102893C0B534920F046
:2003000010AF9AF9534F20F010A24C246CF4C2F976989AF9534F20F010AF484F3FF1F07F54
:20032000534920F010AF6841534820F0910000F6D9FF407410FF54F102893C0B534920F019
:2003400010AF9AF9534F20F010A24C2C6CFCC2F976989AF9534F20F010AF48CF3FF1F07F84
:20036000534920F010AF68C1C218370868803F28BDFFBF123C806F020A00DA024BF2114251
:20038000534420F010AF48443C14DA024BF211429AF4534F20F010AF4841DA024BF21142BB
:2003A000534420F010AF484F42F1DA024BF101426F020A00DA024BF21162534620F010AF43
:2003C00048C63C14DA024BF211629AF6534F20F010AF48C1DA024BF21162534620F010AF35
:2003E00048CF42F1DA024BF10162BB00002A9B425024910000F6D9FF280454FF4B0F41F198
:200400003BB0FD109B9104144B1F41804B0441F17BA047144B1F41F04B2F51F04B8F41F01D
:20042000910000F6D9FF58844B0F31F174FF4B0641F17BA047144B1F41F04B2F51F04B8F69
:2004400041F0910000F6D9FF58844B0F31F16CF10E044B0041F13C0432504B0041F19100F8
:2004600000F6D9FF607491000026D922607454206B0F21F074FF0E344B0341013C0432534B
:200480004B034101910000F6D9FF607491000026D92260744C216B0021FF6CF1910000F637
:2004A000D9FF280454FF4B0F41F13BB0FD009B9004044B0F41F0BB00000A9B4050044B0F65
:2004C0005100910000F6D9FF508491000026D9226074542F4B0F41F04B0F71F174FF910044
:2004E00000F6D9FF508491000026D92260744C214B0F41F04B0F71F16CF16DFFBDFD00900D
:200500000D000002910001FFD9FF0001820049F2002A802F80F1A21F80F1030F0AF160FFBD
:200520003C01DA016CFB820482156D00BB000D00400200800D000002910001FFD9FF0001AF
:20054000821049F2002A802F80F1A21F80F1030F0AF160FF3C01DA016CFB821482056D00DD
:20056000A1000D00400200800D000002910001FFD9FF0001822049F2002A802F80F1A21FAA
:2005800080F1030F0AF160FF3C01DA016CFB822482156D0087000D00400200800D000002F0
:2005A000910001FFD9FF0001823049F2002A802F80F1A21F80F1030F0AF160FF3C01DA01E4
:2005C0006CFB823482056D006D000D00400200800D000002910001FFD9FF0001824049F258
:2005E000002A802F80F1A21F80F1030F0AF160FF3C01DA016CFB824482156D0053000D006A
:20060000400200800D000002910001FFD9FF0001825049F2002A802F80F1A21F80F1030F04
:200620000AF160FF3C01DA016CFB825482056D0039000D00400200800D000002910001FF6F
:20064000D9FF0001826049F2002A802F80F1A21F80F1030F0AF160FF3C01DA016CFB826457
:2006600082156D001F000D00400200800D000002910001FFD9FF0001827049F2002A802F09
:2006800080F1A21F80F1030F0AF160FF3C01DA016CFB827482056D0005000D00400200800E
:2006A00002488FF83F9076539A183C049AF8370F68F0DF05140002846D00FE00022802F4A6
:2006C0006D00FA007686762382F03C0282103C05762382103C0282F03C1202F46D00EC0023
:2006E000022F02846D00E80076266E0382103C0282F03C056E0382F03C028210534920F0FF
:20070000910000F6D9FF707410FF91000026D92220040129002609210008534920F09100F2
:200720000026D92270741022542F03100AFF74FF534920F0910000F6D9FF408410FF6D0025
:200740003D2774F200900B451088910001FFD9FF000149F2002A802F80F0A20F80F0038FB6
:200760000AF060FF3C01534820F091100028D922C4271022D4243B0001406DFFD8D1489FE7
:20078000B72F83F06CF9489FB70F03FC6CF9489FB70F81F66CF9489FB71F01F76CF9489F00
:2007A000B70F01F66CF9489FB73F02F46CF9489FB73F02F56CF9489F96016CF9489FB71F06
:2007C00001F86CF9489FB70F82F86CF9489FB71F01FA6CF9489FB71F01FB6CF99100014F13
:2007E00040F56DFFC8D13BD07BF39B6F60F34BF241F04B0F7101BBF0FFFF9BFF0FF07F0FDF
:200800000680BBF0FF0F9BF00F00487F370F18F06CF7488F370F18F06CF8822440F46DFFB8
:20082000E7D1821482058206820740F46DFFC5D1DA016CFB910001FF19FF3811821053483B
:200840002010C2210F100000A60F910001FF59FF3811910001FF8200BCF153482010914023
:2008600000FFD9FF40E9530022F010FF01F100F63C01821014FF379F08F034FF081F370FCC
:2008800082F12CF1083F96022CF3081F96042CF100903BF0FFF77F4F05003BF0FF273C0AD1
:2008A0003B0000F87FF405003B0000283C0302423C010090534420F0911000F8D9FFC427D7
:2008C00010FFD4FFC812534420F0911000F8D9FFC42710FFD4FF088F09202409570061FFD3
:2008E0006E0382123C0282023C013C010090DF1405803BD001803C0282286D00840202291D
:20090000910000F6D9FF6084DA0034FF820A3C111AA8538F20F0911000F8D9FF745710FFAF
:2009200054F402956D00A001F62382023C07C21ADA193FFAEFFF82123C010090910000F60C
:20094000D9FF608414FF6E0409FF6A083E4382023C1309FF020909F00609420F3E53820207
:200960003C0B40F46D005802F62382023C05DA0034FF82123C01009091100048D944E427D8
:200980006D00871200900D004003DA006E019100F0FAD9FF5455DAFA74FF0D008004DF1461
:2009A0000780BB0000FC9B1FF0FA3C05BB0000FA9B1FF0FA3C019110F0FAD9FF909A911050
:2009C000F02AD922989A9110F04AD944A8AA9110F05AD955A8AA74FFDA01742FDA80744F0D
:2009E000DA50745F0D0080040D00000382246D008A02DA006E019100F0FAD9FF5455DAFAA1
:200A000074FF0D0080043C010090DF140780BB00000C9B10F00A3C05BB00000A9B10F00A74
:200A20003C01DA003C07104F12016012142134F1C21F3F5FFAFF00902008404C0258DF1415
:200A40000780BB00009C9B19F09A3C05BB00009A9B19F09A3C01820A76853B0000027F80A6
:200A6000058082021D008B001D00850082003C0D1A0A7F8F06801A0A10CF14FF3C02DAFF73
:200A800001A000F634FFC210BF80F4FF0D004003DA006E019100F0FAD9FF5455DAFA74FFAC
:200AA0000D0080040BA900009100F0FAD9FF5455B70018107B0000FA7E15DA5074FFDA0097
:200AC0003C0EB70018007B00F0FA7E05DA5D74FFDA003C050D008004DA013C016E050D0027
:200AE000000382023C4B49A4000A6D00F300022B49A4040A6D00EE001AA96E019100F0FA61
:200B0000D9FF70750D00800474FBB04F0D00800474F20D0080041AA99110F0FAD9FF909A41
:200B20009110F02AD922989A9110F04AD944A8AA9110F05AD955A8AA74FFDA00742FDAA0AE
:200B4000744FDAAA745F0D0080040D00000382246D00D901DA006E019100F0FAD9FF5455A8
:200B6000DAFA74FF0D008004F62382023C078B8A00A03F8A7DFF82123C010090DF140780E8
:200B8000BB0000089B00020A3C05BB0000089B00000A3C0182013C09014100F61A50421F3A
:200BA00060F2142F34FFC2113F61F8FF82123C0100900258404C0269910000D6D9DD608450
:200BC000FF240F80BB0000089BF001003F900980BB0000089BF00100A2907F800480820234
:200BE0003C4114DFEE0C821034D089D42A08B708050089D00209DA0089DF060909DF6A0893
:200C00007E4709DF020909D00609420F3E8382023C2909DF0609EE0AB70805F089DF020923
:200C2000B70805F03E8382023C1D3C1809D00609DA207E0740D46D00EF00F62382023C124C
:200C400009DF060910DF14CF2CFA09DF0609C21F89DF0609B01CC2F9C218FF19E9FF821261
:200C60003C0100900D004003DA006E019100F0FAD9FF5455DAFA74FF0D0080049110F0FAAF
:200C8000D9FF909A9110F02AD922989A9110F04AD944A8AA9110F05AD955A8AA74F4DA0172
:200CA000742FDA80744FDA50745F0D0080040D00000302546D002701DA006E019100F0FA27
:200CC000D9FF5455DAFA74FF0D0080043C010090144F8F8F01000C418F0F01F0A6F00C42AC
:200CE0008F8F00F0A6F00C430FF0A0203C0100900248404C02590D004003DA006E0191001A
:200D0000F0FAD9FF5455DAFA74FF0D0080049100F0FAD9FF5455B70818007B0000FA7E05C5
:200D2000DA5074FFDA003C0EB70818007B00F0FA7E05DA5D74FFDA003C050D008004DA0102
:200D40003C016E050D00000382023C5B820A3C1D534A20F010C46DFFBDFF022B534A20F050
:200D600010CF49F4020A6DFFB5FF76819100F0FAD9FF70750D00800474FBB04F0D0080046C
:200D800074F20D008004C21ABF8AE4FF9110F0FAD9FF909A9110F02AD922989A9110F04A04
:200DA000D944A8AA9110F05AD955A8AA74F8DA00742FDAA0744FDAAA745F0D0080040D003E
:200DC000000302946D009F00DA006E019100F0FAD9FF5455DAFA74FF0D008004DF0211005F
:200DE00082003C0B1A0860FF14F101C000F614FF3E1382023C06C210DA203FF0F5FF3C0197
:200E00000090DF1405803B0001203C033B8000203C010090404C14CF6E0409CF0609EE03CE
:200E200082123C353C0B09CF060910CFDAFF2CFA09CF0609C21F89CF060909C00609DA20A0
:200E40003FF0F3FF09CF6A085E16BB0000F89B0F02FA3C05BB0000F89B0F00FA3C0109C0BC
:200E60000209420F09C46A086DFFCDFF49C40A0A0BF210486DFF3EFFDA0089CF060909CF67
:200E800002098B0F02F089CF02093C01009085FF10003C01A24F6D0006000BF220213C01DB
:200EA0000090910000F6D9FF2C0454FFFF0F2400910000FF3B00B4849BC80480BCF16DFF8B
:200EC00001DD913000FF39FF3506160F4B0F41F14BF251F03C013C014B0F31F13B90D0033E
:200EE00006604B0F0102E2083C01910000F6D9FF2C0474F8910000F6D9FF2C0454F23C01FB
:200F00000090024F85F810003C013C0702846DFFC0FF762382023C24910080FF19F010028A
:200F200026F0DF00F5FF910080FF39FF1102370FE1F1EE08910080FF39FF1102370FE1F2EB
:200F40006E0DDA006E019100F0FAD9FF5455DAFA74FF0D00800482023C0382123C010090D5
:200F60006DFF13FD762382123C0282023C0100906DFF4DFD00906DFF61FD762382123C02BE
:200F800082023C0100900248A00C8F7800F16E0D8F7800F18B8F00018BF01F110B8130F12C
:200FA000EE0342083C0282086D00AB26910000F6D9FF300454FFEE0E910000F6D9FF30047B
:200FC00091000026D9224C94B0728020B70003F074FFBF182C80910000F6D9FF340454FF33
:200FE0008BF81F010BF030F1EE21910000F6D9FF340454FF428F3B80FF077F0F18809100F0
:2010000000F6D9FF3004D4FF91000026D9223404542F10FC910000F6D9FF34049100002634
:20102000D9223404542F42F874F86D00ED2840C23C0100900090911000F8D9FF2C0854FF7B
:201040006E06C4F22D02000054FFEEFC0090910000F68210D9FF0804820149F0C008F605EE
:201060006DFFEBFFDA0274FF54FFDF2FFFFF00902048911000F6D9FF589C14F8911000F66E
:20108000D9FF589C485991100046D94470BC82046D000C05022A911000F6D9FF589C09F027
:2010A0000829911000F6D9FF589C09F10C294210911000F6D9FF589C09F12419421091108E
:2010C00000F6D9FF589C48EF42F0911000F6D9FF589C48FF42F0911000F6D9FF589C09FF9E
:2010E0000E09120B8200910000F6D9FF380454FFFE83910000F6D9FF3C0454FF7E9D91002D
:2011000000F6D9FF001454FF7EA7910000F6D9FF041454FF3EB28210910000F6D9FF0814AE
:2011200091000026D9220814542FC21F74FFF60A910000F6D9FF081454FFFFAF04801D00ED
:201140009600910000F6D9FF0814DA0074FF910000F6D9FF380474F8910000F6D9FF3C048B
:2011600074F9910000F6D9FF001474FA910000F6D9FF041474FB74A86D009A207623DA0184
:201180003C02DA00780189A9080989AA0C09911000F6D9FF589C09FF06097804911000F6A6
:2011A000D9FF589C09FF0A097805911000F6D9FF589C09FF02097806911000F6D9FF589C74
:2011C00009FF0E097807911000F6D9FF589C09FF04297808911000F6D9FF589C09FF0829BD
:2011E0007809911000F6D9FF589C09FF0C29780A911000F6D9FF589C09FF2419780B911080
:2012000000F6D9FF589C48EF780C911000F6D9FF589C48FF780D911000F6D9FF589C489FD8
:20122000780E911000F6D9FF589C48AF780F911000F6D9FF589C48CF7810911000F6D9FFD6
:20124000589C487F78118B0B20F26E0691100048D944E7E73C0591100048D944F0E749A54E
:20126000000A3B2001406D004D300090BC4E911000F6D9FF589C49FF000A4942000AC50431
:20128000240044FF642FFC4E0090024F91100046D944B44C82043B4005506D003F0691107C
:2012A0000046D944589C82043B4009506D00360691100046D944986C82043B003F506D000F
:2012C0002D06911000F6D9FF8C6C820034F0911000F6D9FF946C820034F0911000F6D9FF4A
:2012E000906C820034F091100046D94448CC6D00C31B911000F6D9FF549C820034F0911043
:2013000000F6D9FF509C820074F0911000F6D9FF4C9C820074F0910000F6D9FF0C148200EF
:2013200034F002F46D00B31F911000F6D9FF6CBC6D00442174F20090910000F6D9FF0C1476
:2013400014FF8B1F00223C0100906D0080006D00352102246D00220400900B451088404C74
:20136000026ADAF83FAF048076A47CC382023C3A911000F6D9FF946C14F46D000804022B4D
:20138000911000F6D9FF8C6C14FF7EBE911000F6D9FFB44C91100026D922B44C4C26C21F13
:2013A0006CF682023C1F911000F6D9FF946C14FF53CF2FF0911000F6D9FF986C10F4344836
:2013C00089490108894A020876A6B03440C502A46D007205911000F6D9FF946C34FB821294
:2013E0003C01009020587C4382023C2F494F000A49A2000AA0A444FF642FFC4E911000F668
:20140000D9FF886C91100026D922886C542FC21F74FF911000F6D9FF886C54FF74AF49A4AD
:20142000000A49A52C0A3B6002406D00851BCE2382023C0B82243B00015049A42C0A3B60E8
:2014400002606DFF8CFF3C0100906D00B720022F6D002E1FF629911000F6D9FF6CBC54F03D
:201460005200CE023C4D911000F6D9FF6CBCC22F74FF6D006703F6223C4391100046D94454
:2014800070BC82046D0012033B1060F49B3FF5F53E2B911000F6D9FF549CDA0034FF82045A
:2014A0006D0016033C2D91100046D94470BC82446D00FC02022F91100046D94470BC3B80C0
:2014C00000406D00F30202283B0040007F8004803B0040806E0402F46D00C00002846D00BF
:2014E00006026D006B2091100046D94448CC02246D00EB1A6D00622002246D00D003009057
:201500002008404F14FF1E6314FF5E7A14F40835C82409F6C4086D00740E1D009E0014FFDC
:201520009E10911000F6D9FFB44C91100026D922B44C092F0019C21F89FF00191D008D004F
:20154000083F9E11083F1E3F083F1E4D911000F6D9FFB44C91100026D922B44C4C2EC21FB3
:201560006CFE3C7A09FFC408EE0D911000F6D9FFB44C91100026D922B44C4C2DC21F6CFD88
:201580003C6BC8221428083FDF1F5D8009FFC4081E5D911000F6D9FFB44C91100026D922DC
:2015A000B44C4C2DC21F6CFD3C57DA207E823C54DA505F8F2280C822B01214200C218F8F66
:2015C00020F0A6F03C0137005040C82FB03F14F0081F8F8F20F0A6F03C013700505049A48B
:2015E000020A6D00B2003B00014049A4020A82256D0028013C31DA10FE8FC822B012142446
:201600000C218F8F20F0A6F43C016D00600134A2C82FB03F14F4081F8F8F20F0A6F43C01DA
:201620006D00550189A2010849A4000A822502846D0008013C11A004820502846D000201AB
:201640003C0BC824B01409FFC408C2FF370F685002846D00F7000090024A82083B0028F05D
:201660007FAF0F80911000F6D9FFB44C91100026D922B44C4C22C21F6CF23B0028A03C4848
:201680003B4010F07FAF05803B4010F03C0202AFC23FB70F02F0370F70903B4010F07F9F1A
:2016A00004803B401090C21882448205A00491100056D955B00C821702966D00141E762F6A
:2016C000911000F6D9FFB44C91100026D922B44C092F0C19C21F89FF0C193C1C911000F6FF
:2016E000D9FFB44C91100026D922B44C4C21C21F6CF16D00631F91100046D944B00C0B9259
:2017000010486D0056007F9A03803C04A29AFF1AB9FFBF1819803B8000408205A004A0058A
:20172000820682076D00DF1D762E911000F6D9FFB44C91100026D922B44C092F0C19C21F1C
:2017400089FF0C190090534426F03B8025004B0F0102534526F03BC012204B2F0122A22028
:20176000534426F03B8025104B1F0122534526F03BC012104B1F01421A423B4006107F015A
:2017800004003B4006003BC0F91F7F1004003BC0F90F3B4006107FF10300DA643BC0F91FC6
:2017A0007F1F04003BC0F9FF34402C4100902010404C0B451088820A3C4191100046D94472
:2017C00048CC01CA00F614F449A5000A02956D004E18DA013E27DA02BE2582505F201F005B
:2017E0003C29911000F6D9FFB44C91100026D922B44C4C27C21F6CF749A4000A6DFF82FEB9
:201800003C1A911000F6D9FFB44C91100026D922B44C4C28C21F6CF83C0E911000F6D9FFCF
:20182000B44C91100026D922B44C4C29C21F6CF93C023C01C21A370A70A03F8AC0FF00906B
:2018400020180248404F0259DA107F9F0E80911000F6D9FFB44C91100026D922B44C4C2CDD
:20186000C21F6CFC3C32DA327E836D00C12A34A889A90108769749A4020A40F502946D00F7
:201880001B0349A4000A6D001C2ADF021480911000F6D9FFB44C91100026D922B44C4C2B63
:2018A000C21F6CFB91100048D944EED76D00272D3C0C911000F6D9FFB44C91100026D922DB
:2018C000B44C4C2AC21F6CFA009037045020DA647F2F05003B4006203C073BC0F9FF7FF2D7
:2018E00004003BC0F92F3C010090200802488209820A911000F6D9FF8C6C14F0911000F669
:20190000D9FF946C14FF3E03FFA804801D00C0003C6A911000F6D9FF8C6C14F053C02FF050
:20192000911000F6D9FF986C10FF08246D00F7183B401000A2907F2003803C61082FB4AF67
:201940003B4010F0A29F370F70F0ACA214F491100026D922906C142582060817B03F9110A1
:201960000026D922B00C0129005640F46D00FC16FF021A00911000F6D9FFB44C9110002606
:20198000D922B44C4C25C21F6CF5911000F6D9FF8C6C91100026D9228C6C14246D00F700DC
:2019A00034F23C21422937097090C21A370A70A0911000F6D9FF906C91100026D922906CA3
:2019C000142FC21F34FF911000F6D9FF8C6C91100026D9228C6C14246D00D90034F23F8923
:2019E00003803C0D911000F6D9FF8C6C14FF911000F6D9FF946C14F05F0F8DFFF6923C4729
:201A00008234820591100046D944B00CA005820702966D00681C762F911000F6D9FFB44CFE
:201A200091100026D922B44C092F0C19C21F89FF0C193C2D911000F6D9FFB44C911000265A
:201A4000D922B44C4C23C21F6CF3911000F6D9FFB44C91100026D922B44C4C2442AF6CF4EA
:201A600082748205A004A005820682076D003B1C762E911000F6D9FFB44C91100026D922F6
:201A8000B44C092F0C19C21F89FF0C190090404582248205A0043B80016082176D00231C14
:201AA0008B0200223C010090014400F614F0081F8F8F00F0A6F0082F8F0F01F0A6F0083FFD
:201AC0008F8F0120A6023C013C010090910000F6D9FF0C1414FF7E423C33910000F6D9FFF5
:201AE0000C1434F4DF241880911000F6D9FFB44C91100026D922B44C092F1019C21F89FF08
:201B000010196D00752991100048D944FDD76D00F62B3C16DF140F8091100046D94448CC3D
:201B20006D00AA1791100048D944C7E76D00E72B3C0791100048D944CFE76D00E02B00903D
:201B4000911000F6D9FFB44C91100026D922B44C542FC21F74FF91100046D94470BC6DFFE1
:201B600098FFDF021180911000F6D9FFB44C91100026D922B44C092F0C19C21F89FF0C1940
:201B800082023C0382123C010090C214DA044BF4110202123C0100900248911000F6D9FF81
:201BA000589C49F4042A6D00641B911000F6D9FF589C91000026D9220C14142F34FF91108E
:201BC00000F6D9FF549C14FF6E08911000F6D9FF4C9C54FFA2F83C028208911000F6D9FF43
:201BE000589C89F80209911000F6D9FF589C91100046D94470BC82446DFF58FF89F20609BF
:201C0000911000F6D9FF589C91100046D94470BC3B8000406DFF4AFF89F20A09911000F65C
:201C2000D9FF589C91100046D94470BC3B0001406DFF3CFF89F20E09911000F6D9FF589C90
:201C40006D00101B89F21208911000F6D9FF589C6D00EE1A6852911000F6D9FF589C9110C1
:201C60000026D922B44C4922000A49FF180AC5041400442F64FFFC4E911000F6D9FF589C04
:201C800091100026D92248CC4922104A49FF2C1AA054442F64FFFC4E009002489110004646
:201CA000D94470BC3BC000406DFF00FF911000F6D9FF549C14FF6E07911000F6D9FF509CF3
:201CC00054FFBE22911000F6D9FF509C74F2911000F6D9FF549CDA0134FF911000F6D9FF34
:201CE0004C9C74F83C12911000F6D9FF4C9C54FFA2F83B401FF03FF8068082246DFFE8FEBF
:201D00003C0482146DFFE4FE00900942900909458409CC42EC5209458809CC41EC51CC21EE
:201D20007D4F0580CC42EC213C01A00FEC44542FC2FF742F54223C010090494F080AEC411A
:201D400082FF6C42494F080AEC43494F080AEC44DA00744F0090A00FEC440090545F5EF301
:201D6000CC443C09494F080A3C02C81FC81254207F0FFDFFC812895284090952840989258F
:201D80008809EC52E81589549009544FC21F744F0090C234B70402F06E669249DF0964008C
:201DA000910000C6D9CC1C2454CFEE1582046DFF33E4802F325F160392446DFF2DE480206C
:201DC000DFF05200102FF4CF91000026B52F1824820074F0D4CD820A3C0410DF49FD3FFA48
:201DE00054DF6E036F0FFBFFF4CD3C1DB70801F010DF6F08188054FFEE1182046DFF0CE4CB
:201E000049F4040A7D420F80325802846DFF04E4802F1EF874DA82083C0CAE0442F874D8A8
:201E200040DF40FD54D876856F08E2FF3F98E0FFDF082680BF19180002946DFFEDE3802F13
:201E40009EF249DF040A01F220F4EE0D012F30F4EE12802F325F1603102F92446DFFDCE3CD
:201E6000802F5EF3A002009001DF2020802F960174DF40FD01D900F674FA3C0A9A493FF89C
:201E8000078001D900F6A29874F83C0202898F1940F174DF49D2040A00903C09144F14508B
:201EA000C2F43E0352020090B014B015DF04F8FF82020090DF043000404FBF842780804F75
:201EC0008F3F000180518F3100115F101F802E06C2F4045F344F494F010A80FF2E16045FEA
:201EE00024FFC2E4045F24FF8F7400018FD41FF06E0B02F14052C2F160160922480189F207
:201F00004801FC6CD05502047646C2F46042045F24FFFC2E40420090404FBF852380804FCA
:201F20002E05C2F53444494F010A80FF2E1424F4C2E524F48F7500F106D5DF051200D2006C
:201F4000764A370468008F802010A6108F002110A6100201C2F5605289F04801FC2E02F564
:201F60007655C2F5605224F4FC2F40420090538422F0911000F6D9FFC86C10FFC86209F01A
:201F80005C08DA010F0F10F06C21C88209F06408DA010F0F10F06C2182056D00230100907A
:201FA00020289100014F6DFFA4C29100014F6DFFDAC402289100014F02846DFF33C59100B5
:201FC000014F820402856DFFDCC49100014F82249B0408406DFF52C482091D00D90049A43A
:201FE000000A9100015F6DFF1BC4534920F0911000F8D9FFF03710FFD4FF14FF2CA45349F6
:2020000020F0911000F8D9FFF03710FFD4FF09FF01082CA5DA0189AF1208DA0189AF1308F9
:20202000534920F0911000F8D9FFF03710FFD4FFF807DA8089AF2008DA0089AF21080CA4D6
:202040003B008000E20F60FF9110013F30F3D934000D09A4050882056DFFE6C23B0000F4D3
:202060009BCF69F44BF851F04B0F71F17802DA007803538922F0911000F6D9FFC86C10F4F5
:2020800049A5000A6DFF32C3538922F0911000F6D9FFC86C10FF58026CF5538922F09110FD
:2020A00000F6D9FFC86C10FF530921F091100028D922F02710220922C00989F2D809538969
:2020C00022F0911000F6D9FFC86C10FF530921F091100028D922F02710220922C80989F24B
:2020E000E009530921F0911000F8D9FFF02710FFD4F4530921F0911000F8D9FFF02710FF27
:2021000008443B0008506DFF7EC5530921F0911000F8D9FFF02710FFC824530921F0911033
:2021200000F8D9FFF02710FF08C43B0008506DFF6AC5530921F0911000F8D9FFF02710FFAB
:20214000D4F2530921F0911000F8D9FFF02710FF084F7B1000000FF01000892004095309B2
:2021600021F0911000F8D9FFF02710FFC822530921F0911000F8D9FFF02710FF08CF7B1067
:2021800000000FF0100089200409C219BF4929FF0090538422F0911000F6D9FFC86C10FF44
:2021A00091100028D922F9E701240026142FC65F6E0382103C037B100000C86209F15C0873
:2021C0000F101000892004096E047B1000F03C02DA01C88209F064080F0F10F06C2100902A
:2021E000538422F0911000F6D9FFC86C10FFC82409F405086DFF2BC2C8346DFF01C200903A
:202200000B541088BF4903803C2C3B803EF07F8F05003B803E803C073B80C1FF7FF8040026
:202220003B80C18FF68502946D001D003C1A8B18805202946DFFAFFF8E823C0232585389C9
:2022400022F0911000F6D9FFC86C10FF485FE2F83B803EF04BF811020B9010486DFFC2FFDA
:202260000090538422F0911000F6D9FFC86C10FFC86209F05C087B1000F00F0F10F06C2186
:20228000C88209F064087B1000F00F0F10F06C2182056DFFA7FF0090DA003C0502F46DFFC3
:2022A000E2FFC21FBF4FFCFF0090024F0258820402F56DFFA7FF821402F56DFFA3FF822448
:2022C00002856DFF9FFF823402856DFF9BFF0090201849A4000A6D00BD2814AF910000F6CF
:2022E000D9FF101414F07E023C36910000F6D9FF101414AF34FF0CA56E03DA013C02DA005E
:20230000911000F6D9FFC89C14F0BE02911000F6D9FFC89C34FF6E0691200048D944090885
:202320003C0591200048D94423086D00E827DA003C0810AF09F50A0802F46DFF19EFC21F67
:20234000BF4FF9FF09A48E086DFF02EF09A490086DFF1EEF0090911000F6D9FFDC9CDA00C8
:20236000B4FF911000F6D9FFE09CDA00B4FF911000F6D9FFDC9CDA00ACF1911000F6D9FF65
:20238000E09CDA00ACF182046DFFF3FD82146DFFF0FD82246DFFEDFD82346DFFEAFD8204EE
:2023A00082056D0044280090911000F6D9FFEC8C14FF6E18911000F6D9FFEC8CDA0034FFB9
:2023C000911000F6D9FFEC8CDA002CF26DFF66FF82146D00560091100048D944F2F76D0098
:2023E0008E2700902010911000F6D9FFEC8C08146DFF39FF49A4000A6DFFDFED911000F6FB
:20240000D9FFEC8C081F534F20F0911000F6D9FFEC8C10F2911000F6D9FFEC8C081F534FFA
:2024200020F010AF54F0911000F6D9FFEC8C482FA2F089200C09911000F6D9FFEC8C081FCD
:20244000534F20F0911000F6D9FFEC8C10FF483FCEF9911000F6D9FFEC8C081482F56DFFA0
:2024600087EE911000F6D9FFEC8CDA022CF2911000F6D9FFEC8C6D00A118681200902018B7
:2024800089A4010882083C1501A800F602846DFF86ED2822534820F010A2534820F0911034
:2024A00000F6D9FFEC8C10FF483F892F0609C218BF48ECFF49A4000A6D008A2300902010DC
:2024C00049A4000A6DFF79ED82003C0B534020F0911000F6D9FFEC8C10FFDA006CF3C210C6
:2024E000BF40F6FF911000F6D9FFEC8CDA0134FF911000F6D9FFEC8CDA002CF1911000F67E
:20250000D9FFEC8CDA012CF2911000F6D9FFEC8C6D0054186812911000F6D9FFEC8C54AF4E
:202520006CF26D000E2482046D008E1082146D008B106DFFB3FE91100048D944C2F76D0026
:20254000DE26009020206D0039180228911000F6D9FFEC8C082F82005F0F940082103E0548
:202560008220BE091D008E00911000F6D9FFEC8C08143B8007506DFF45FE911000F6D9FF14
:20258000EC8C481F0BF88000DAFA3FF004806DFF2BFF3C7E911000F6D9FFEC8C08146DFF93
:2025A00062FE911000F6D9FFEC8C481F0BF88000DA503FF06680911000F6D9FFEC8C911023
:2025C0000026D922EC8C0C21C21F2CF1911000F6D9FFEC8C081FBF4F378082083C165348ED
:2025E00020F010AF02846DFFDAEC74F29A48534F20F010A2534820F0911000F6D9FFEC8C16
:2026000010FF483F742FC218BF48EBFF91100048D944EBF749A5000A3B8000406D00182630
:2026200082046DFF2EFF911000F6D9FFEC8CDA0034FF911000F6D9FFEC8CDA002CF26DFF3C
:202640002DFE3C1E49A4000A6DFFB7EC91100026D922EC8C911000F6D9FFEC8C081F534F05
:2026600020F010AF54FF6C22911000F6D9FFEC8CDA012CF2911000F6D9FFEC8C68183C081F
:20268000911000F6D9FFEC8CDA0034FF3C0100902018911000C6D9CCDC9C911000F6D9FF4E
:2026A000DC9C8814911000F6D9FFDC9C94F56D00E00189C28208911000C6D9CCE09C91104A
:2026C00000F6D9FFE09C8814911000F6D9FFE09C94F56D00CE0189C2820849A4000A6D002B
:2026E000652309AF50086E09911000F6D9FFC89C14FF6E03DA013C02DA008204911000F664
:20270000D9FFDC9C881594A602F76D00A90F02288214911000F6D9FFE09C881509A68208F3
:2027200002F76D009D0F022F0B8F10486DFFBFFD0B8F10486D007B2649A4000A0B8F104853
:202740006D00030000902018404C0B4510886D003517022A911000F6D9FFDC9C881FEE1458
:20276000911000F6D9FFE09C881FEE0EF68DF69C94CFEE0A8CC1EE08911000F6D9FFE49C29
:20278000DA0034FF3C3991100026D922E49C142F6E09911000F6D9FFE88C54FF5AFABF0F63
:2027A0002C00911000F6D9FFDC9C881F74AF94CF780189A80809911000F6D9FFE09C881F8C
:2027C00078038CC1780489A9140991100048D944FDE749A5000A82646D003A25911000F63B
:2027E000D9FFE88C1B8A3EF074FF911000F6D9FFE49CDA0134FF0090911000F6D9FFDC9CD3
:20280000DA00B4FF911000F6D9FFE09CDA00B4FF911000F6D9FFDC9CDA00ACF1911000F6BE
:20282000D9FFE09CDA00ACF1911000F6D9FFD49CDA0074FF911000F6D9FFD89C6D00BE167D
:2028400074F2911000F6D9FFE89CDA0034FF911000F6D9FFE49CDA0034FF911000F6D9FFA7
:20286000EC8CDA0034FF911000F6D9FFEC8CDA002CF1911000F6D9FFEC8CDA002CF2911075
:2028800000F6D9FFEC8CDA006CF1911000F6D9FFEC8CDA006CF2911000F6D9FFD09CDA00E7
:2028A00074FF911000F6D9FFCC9CDA0074FF910000F6D9FF1014DAFF34FF911000F6D9FF83
:2028C000C89CDA0034FF6D00B00E6DFFD9DE6DFFE5FC009020206D007116022849A4000A07
:2028E0006D00BF23911000F6D9FFD09C54FF3E2E911000F6D9FFD09C580274FF911000F6B0
:20290000D9FFCC9C1BC812F074FF911000F6D9FFCC9C54FFEE0382023C50911000F6D9FF85
:20292000CC9C54FFA2F8BF0814006D00480082046D008A0E82146D00870E6DFFAFFC9120C7
:202940000048D94416186D00DA2482023C36820494A56DFF57FC821409A582086DFF52FC7D
:20296000822409A584086DFF4DFC823409A586086DFF48FC94A08CA142F0370050408CA298
:2029800009A08608420F370F50506D00502549A40C0A6D000B2249A40C0A94A08CA142F0B4
:2029A000370050408CA209A08608420F370F50506DFFCBFE82123C010090911000F6D9FFAF
:2029C000CC9CDA0074FF6D0037230090200849A4000A49A5020A49A6040A6D00E02402283A
:2029E0006D00EC15911000F6D9FFD49C54FF3E8B911000F6D9FFD49C74F8911000F6D9FFB4
:202A0000D89C74F2911000F6D9FFE89C0CA434FF911000F6D9FFD89C54FFA2F2DA967F2F1E
:202A20000680DA00B4AFDA00ACA1911000F6D9FFDC9C94AFB4FF911000F6D9FFE09C8CA1B7
:202A4000B4FF00906D00BA15022F3C106D0020006DFFF8D3022802846DFF49D202846DFF8D
:202A600011D4C21F02F46D00BF153CF10090A245370550F0BF3F0400DA023C04FFEF03002A
:202A800082EF42F4370450203C0100906DFF8FEB6DFF8DDE6DFF1EFC6DFF9AFF911000F638
:202AA000D9FFE89C14FFEE056D009B21DF0215006DFF7CFC911000F6D9FFCC9C54FF6E0316
:202AC0006DFF7DFF6DFF49FC82046D00BD0D82146D00BA0D3C1C911000F6D9FFEC8C14FF84
:202AE0006E0A6D002E21762482246DFFCAFC6DFF2BFD3C0D6D00252176246DFFE2FC3C0779
:202B00006DFFEAFE76223C036DFFC4FD0090911000F8D9FF200880FFBB0000089B0002084D
:202B20003F0F048082123C0282023C0100906DFF25EF911000F6D9FFF89C6DFFEAFF34F2A2
:202B4000911000F6D9FFF89C91200028D9221F48E812911000F6D9FFF89C91100028D92276
:202B6000FE22E822911000F6D9FFF89C91100028D922C072E832911000F6D9FFF89C911074
:202B80000028D922CE32E842911000F6D9FFF89C91100028D922D262E852911000F6D9FF44
:202BA000F89C91100028D922D452E862911000F6D9FFF89C91100028D922D042E872911079
:202BC00000F6D9FFF89C91100028D922E862E882911000F6D9FFF89C91100028D922E26210
:202BE000E89291100046D944F89C6D003303911000F6D9FFEC9C6D00E11474F2911000F6CA
:202C0000D9FFF09CDA0034FF911000F6D9FFF49CDA0034FF00902018911000F6D9FFF09C74
:202C200014FF6E023C4C6DFF89F37627911000F6D9FFF49CDA0134FF911000F6D9FFF49CF8
:202C400014FF6E0D6D00BA14911000F6D9FFEC9C54FFA2F23B8038F17FF203803C309110E8
:202C600000F6D9FFF09CDA0134FF49A4000A6D003800F62D91200048D94437286D003F23E9
:202C800049A4000A6D000D0176223C1949A4000A6D00A000DF02140049A4000A6D00010176
:202CA000762891200048D9441F386D0028233C0791200048D94404486D00212300906DFFFF
:202CC00018EE762382123C0282023C0100906DFF37EE762382123C0282023C010090404F56
:202CE0006D00E701762D6D00DE014922000A49FF000AA044442F64FFFC4E82123C096DFF80
:202D000008FF40F402246D003A0282023C0100902018024F6D00CD01F6223C1C6D00C301F3
:202D2000492F000A49A2000AA04444F06420FC4E49A4000A02F46D006E00762C49A4000AD5
:202D40006D00AF00762791200048D94423286D00D62200902018024F49A4000A6DFFC1FFB8
:202D600049A4000A02F46D006E00762D49A4000A6D009700762891200048D94422186D0092
:202D8000BE223C0791200048D9443E186D00B72200906DFFF5EE762382123C0282023C0153
:202DA00000906DFFDCF20090913000FF39FF20169602913000FFE9FF20163C013C0000900C
:202DC0006DFFF9EE762382123C0282023C010090404F54FF3B4035049BF0D4047E04088FD2
:202DE000BF2F048082023C15088F40F402F46D004700DF32040082023C0C824540F402F445
:202E00006D003600DA002CFCDAFF2CF982123C010090404F024854F03B4035F49BFFD4F48B
:202E20007E03BF28048082023C0C820540F402846D001E00089F7E83DAFF2CF982123C0197
:202E40000090404F024854F03B4035F49BFFD4F47E03BF28048082023C09822540F40284A9
:202E60006D000600289882123C010090DF14058089450B083C0389450A080090DF1405803E
:202E800009424B083C0309424A083C010090911000F6D9FFE0ACF4F46D005B010090204847
:202EA000911000F6D9FFE0AC54FF6E027C4482021D008300494F000A49A2300AA04444FF82
:202EC000642FFC4E3B4035F49BFFD4F4780C911000F6D9FFFCAC14FF6E08911000F6D9FF7C
:202EE000E4AC481FC21F3C02DA01780DEE0382023C63911000F6D9FFFCAC14FF6E09911006
:202F000000F6D9FFF8AC14FF8F1F80F13C02DA00911000F6D9FFE0ACD4FFD4FF02F42D0F22
:202F20000000F62382023C4849A4300A49A5000A6D008200911000F6D9FFE0ACD4FFC81FAD
:202F400049A4000A3B80015002F42D0F0000F62382023C32911000F6D9FFE0ACD4FFC82F6C
:202F600049A4180A3B80015002F42D0F000049A4000A49A5180A3B8001406DFF90F7762375
:202F800082023C1A911000F6D9FFE4AC49A2300A49FF000AA044442064F0FC4E911000F664
:202FA000D9FFF8AC34FF911000F6D9FFFCACDA0134FF82123C010090404F405C14F0DA547F
:202FC0007E0D081F3B3004007E09082F3BF004007E05083F3BD004003E0382023C2B3B4063
:202FE000014040F46DFF2FE1022F49F4140A6D00EC003E2382023C1E82043B40015040C466
:203000006DFF8CF73B4035F49BFFD4F474CF40F4B0446D00DA0089C20409088F2CC8089F7F
:203020002CC908AF2CCA08BF2CCB08CF2CCC82123C010090404C405FDA5434FFDA432CF13A
:20304000DA4F2CF2DA4D2CF340F4B04409C404096D00CA000CC82CF80CC92CF90CCA2CFABC
:203060000CCB2CFB0CCC2CFC0CCD2CFD0CCE2CFE0CCF2CFFDA0089FF1008DA0089FF110851
:20308000DA0089FF1208DA0089FF13083B40014040F46DFFD8E049F4140A02246D00A40091
:2030A000009091100026D922E4AC3C010090203082088209911000F6D9FFFCACDA0034FFD8
:2030C000911000F6D9FFE0AC54FFEE0382023C3F820A3C35911000F6D9FFE0ACD4FFC82FF0
:2030E00049A4000A3B80015002A42D0F000049A4000A49A5180A6DFF61FFF6223C1F76949B
:2031000058077FF81C80911000F6D9FFE4AC49A2180A49FF000AA044442F64FFFC4E91103A
:2031200000F6D9FFF8AC34FA911000F6D9FFFCACDA0134FF09A81C098219C21ABF2ACCFFC9
:20314000911000F6D9FFFCAC14F23C010090911000F6D9FFFCACDA0034FF911000F6D9FFF2
:20316000F8ACDA0034FF91100046D944E4AC82043B4001506DFFD2F60090404F0248820495
:203180003B40015040F46DFFC9F63B4035F49BFFD4F474FFDA006CF1DF180480DA013C02C0
:2031A000DA002CF8DAFF2CF9088FEE03DA043C02DA002CFA088F5E13DA043C02DA002CFB4A
:2031C000DA002CFC009014400C418F8F00F0A6F00C428F0F01F0A6F00C438F8F0120A6026F
:2031E0003C0100908FF40FF1344F370468F42C41370468F82C42370468FC2C4300909110B0
:2032000000F6D9FFC0BC91100026D922C0BC4C27C21F6CF7DF641680DA303E56DA313E5857
:20322000DA353E5A3C0C02646D00FF003C0902646D00A7013C056D00E5003C023C013C08BB
:20324000DF740780DA347E536D006B023C010090404F91100046D944C0BC82043B801B5053
:203260006DFF5CF691100026D922C0BCF42F911000F6D9FFC0BCDA002CF4911000F6D9FFDB
:20328000C0BCDAFF2CF5911000F6D9FFC0BCBBF0FFFFACFC0090911000F6D9FFC0BC084FAA
:2032A0001E1C911000F6D9FFC0BC084F5E243B4006203C0282023C14911000F6D9FFC0BC72
:2032C00009FF1209534F26F0911000F6D9FFC0BC09F006094B0F1102370068203C01009027
:2032E000911000F6D9FFC0BC09F40E096DFFB9DF911000F6D9FFC0BC09FF0A093E299110BD
:2033000000F6D9FFC0BC08546D005C003C59911000F6D9FFC0BC49F4200A6D00D518DF22FC
:203320000A00911000F6D9FFC0BC08546D004A003C47911000F6D9FFC0BCD4FFC842911099
:2033400000F6D9FFC0BC0854911000F6D9FFC0BC48952D020000DF120A00911000F6D9FF66
:20336000C0BC08546D002E003C2B6D004202F629911000F6D9FFC0BC08546D0023003C2070
:20338000911000F6D9FFC0BCDA022CF4911000F6D9FFC0BCD4FF486F6E0E911000F6D9FFE6
:2033A000C0BCD4FFC862911000F6D9FFC0BC08542D02000082243B4006506D0000020090A8
:2033C000911000F6D9FFC0BCD4FF487F6E09911000F6D9FFC0BCD4FFC87F2D0F000091100F
:2033E00000F6D9FFC0BCDA002CF4911000F6D9FFC0BCDAFF2CF5823482056D00E001009089
:20340000911000F6D9FFC0BC084FEE06823482056D00D5013C08911000F6D9FFC0BC08546B
:203420006DFFD0FF0090FF840880823482056D00C6011D00A500911000F6D9FFC0BC084F41
:203440005E196DFF2AFF821402256D00B8011D00970014400C418F8F00F0A6F00C428F0F98
:2034600001F0A6F00C438F8F01F00FF0A080094144080C458F8F00F0A6F10C468F0F01F0DB
:20348000A6F10C478F8F01F00FF1A090DA947F8F0880BB4009F89BFF01F07F8F078082342D
:2034A00082056D008C013C6B911000F6D9FFC0BCD4FF14FF5E13DA003C02DA01911000F618
:2034C000D9FFC0BC2CF5911000F6D9FFC0BCD4FFC82F370F68402D0F0000DF120A009110FC
:2034E00000F6D9FFC0BC08546DFF6CFF3C48911000F6D9FFC0BC49F4200A911000F6D9FF0A
:20350000C0BCD4FFC8156D00FE17911000F6D9FFC0BC89F80609911000F6D9FFC0BC89F915
:203520000A09911000F6D9FFC0BC6DFFCBDE89F20E09911000F6D9FFC0BCDA0089FF12097E
:20354000911000F6D9FFC0BCDA00ACFB911000F6D9FFC0BCBBF0FFFFACFC911000F6D9FF54
:20356000C0BCDA0089FF1A08911000F6D9FFC0BCDA012CF4821482056D0021010090404C9D
:20358000FF3404801D00CC0014C00CC18F8F20F00FF0A0908BE41F807684DAF07F8F088025
:2035A000825502946D00EC001D00BA00911000F6D9FFC0BC084F1E17823502946D00E0005D
:2035C0001D00AE0091100026D922C0BC092FD8087E97820502946D00D3001D00A1009110F9
:2035E0000026D922C0BC092FD6083E9E821502946D00C600911000F6D9FFC0BC08546DFF29
:20360000E1FE1D008D00911000F6D9FFC0BC91100026D922C0BC09240E0940C4B024028555
:203620006DFF53DE89F20E09911000F6D9FFC0BC49F4200AB02CA00691100078D9774CD3FF
:2036400040C502846D00D616DF021600DF121400DF221200DA097E2382253C0282450294B1
:203660006D008E00911000F6D9FFC0BC08546DFFA9FE3C55911000F6D9FFC0BC91100026B2
:20368000D922C0BC09201209420889F81209911000F6D9FFC0BCA8C9911000F6D9FFC0BC42
:2036A0009A19ACFB820502946D006A00911000F6D9FFC0BC09FF1209534F26F0911000F65F
:2036C000D9FFC0BC09F006094B0F110237006850911000F6D9FFC0BC09FF5A083E5A9110A4
:2036E00000F6D9FFC0BC89F51A0882146D006700911000F6D9FFC0BC09FF6008DE2091107C
:2037000000F6D9FFC0BC09FF1209911000F6D9FFC0BC09F006097E036DFFE4FD009091104A
:2037200000F6D9FFC0BC084F1E223C10911000F6D9FFC0BCD4FF488F6E09911000F6D9FFE1
:20374000C0BCD4FFC88F2D0F00000090024F0256911000F6D9FFC0BCD4FFC832911000F6FF
:20376000D9FFC0BC085402F540542D020000DF12048082023C0282123C01009020088FF49C
:203780000FF134AF868489A4010889A50208911000F6D9FFC0BCD4FF489F6E0F911000F615
:2037A000D9FFC0BCD4FFC89F82743B20035049A4000A82362D0F00000090200834A489A52E
:2037C0000108911000F6D9FFC0BCD4FF489F6E0F911000F6D9FFC0BCD4FFC89F82743B3038
:2037E000035049A4000A82262D0F00000090D9AAF0BE8208911000F6D9FFC0BC489FD9A401
:2038000000116D00AC0A3C2552893B0000017F9004803B000091911000F6D9FFC0BCD4FFDF
:20382000C852911000F6D9FFC0BC085449A4000A028502962D020000DF12040082023C220B
:20384000D9A4001149A5000A02946D00990A42983FF8DCFFD9A40011D9A500016D00200AAC
:20386000D9A40001911000F6D9FFC0BC49F5280A3B0002406DFF13F3F62382123C02820211
:203880003C0100902008404DF4A5406C8208A00F0D0040030D0080044D80E39F370964F85C
:2038A0008FCF01F0379F10F360FE3C01BCEB54E854EF370F64088FC0010037F010F360FF94
:2038C0003C01BCE8BCF754FFCD8FE30F0D00C0043C030D0000020D00000382043B0004506F
:2038E00040F46DFF1BF380DF6CF23BF08FF06CF17B0002F074FF82043B00045040E46DFFD1
:203900000DF380CF6CE8D4AF80FF6CE1B73802FA74EF40D2B0C2DA00742FB0C274293C011A
:203920000090DA1F0D0040034DC0E20FB700080016FFA6F0CDC0E20F0D00C0040D000003E7
:20394000910000F6D9FF141491000026D9221414542FC21F74FF910000F6D9FF141454FF55
:203960005E134D40E0FF0090910000F6D9FF141491000026D9221414542FC2FF74FF910031
:2039800000F6D9FF141454FFEE10DA000D0040034DC0E20FB700080016FFA6F0CDC0E20FD0
:2039A0000D00C0040D0000030090D44F54FFB70F0C0A370064F88FCF01F0370F10F360FFBA
:2039C0003C013C0E54FFB70F0CFA74FF54FF370F64188FC1011037F110F360FF3C0154FF3E
:2039E000B70F0CFAEEF00D0040030D0080044D80E3FF74FFCD80E30F0D00C0040D000003FA
:203A00000090DA003E423C046D0007003C023C0182023C010090DA020D0080044D00E00F93
:203A20006E19370064188FC1011037011003600F3C0182003C0B54F1370164288FC20120B0
:203A400037121013601F3C01C21092F13F10F57F54F0370064F88FCF01F0370F10F360FF58
:203A60003C0154FF370F64188FC1011037F110F360FF3C0191000026D9221C14D422482F7D
:203A8000742FD42FB0CFF42FD42F91000046D9441414544F74FFD42FB0CFF42FD42F74F09D
:203AA0006D003D11DA020D008004910000F6D9FF1C14D4FFD4F25420D4F2B042F4F2910013
:203AC0000026D9221414D4F454417421D4F2B042F4F2EE06CD00E00F0D00C0043C1B4D00E8
:203AE000E01F370164288FC2012037121013601F3C0182013C0B54F2370264388FC3013001
:203B000037231023602F3C01C21192F23F21F57F74F000900D0000020D004003DA000D00E7
:203B200080044D00E00F6E19370064188FC1011037011003600F3C0182003C0B54F13701ED
:203B400064288FC2012037121013601F3C01C21092F13F10F57F54F0370064F88FCF01F001
:203B6000370F10F360FF3C0154FF370F64188FC1011037F110F360FF3C0191000026D92271
:203B80001C14D422482F742FD42FB0CFF42FD42F91000046D9441414544F74FFD42FB0CF89
:203BA000F42FD42F74F06D00BA10DA000D008004910000F6D9FF1C14D4FCD4CF54FAD4CFE6
:203BC000B04FF4CF910000F6D9FF1414D4CD54D874F8D4CFB04FF4CFEE06CD0AE00F0D0037
:203BE000C0043C1B4D00E08F370864988FC9019037891083608F3C0182083C0B54F93709ED
:203C000064B88FCB01B0379B1093609F3C01C21892F93F98F57F74FA0D0000030D0040024F
:203C200000800D000002911000F8D9FFC447D4F2911000F8D9FFC447D4FF48CF3B50C300FF
:203C40000650420F6C2C911000F8D9FFC447D4FF91100028D922C447D422092F0019960129
:203C600089FF0019911000F8D9FFC447D4FF48CF911000F8D9FFC447D4FF484FDA1F0D0051
:203C800040034DC0E28FB708080016FFA6F0CDC0E20F0D00C0040D0000033C016D00EC10EC
:203CA0000D004003CDC8E20F0D00C0040D0000038208914000FF19FF9068370F61FC1E130F
:203CC00076228218914000FF19FF90688FA80180A68F914000FF59FF90680D0080040D0027
:203CE000C0040D0040020080911000F8D9FFC447D4FFDA1F6CFE911000F8D9FFC447D4F23D
:203D0000911000F8D9FFC447D4FF48FFB70F01F16C2FDA006E03DA013C02DA00911000F8E3
:203D2000D9FFC847D4FF8FBF20F0960274FF911000F8D9FFC847D4FF91100028D922C8473A
:203D4000D422542FB71F01F574FF911000F8D9FFC447D4F2911000F8D9FFC447D4FF484F83
:203D60006C2C911000F8D9FFC447D4FF91100028D922C447D422092F0019960189FF00190E
:203D8000911000F8D9FFC447D4F2911000F8D9FFC447D4FF48FF96016C2F911000F8D9FFA8
:203DA000C447D4F2911000F8D9FFC447D4FF484F3B50C3000650420F6C2C911000F8D9FF4E
:203DC000C447D4FF7B0020F189FF2839DA006E03DA013C02DA00911000F8D9FFC047D4FF07
:203DE0008FBF20F0960174FF911000F8D9FFC047D4FF91100028D922C047D422542FB71FF6
:203E000001F574FF0D004003DA000D008004910000F6D9FF1C14D4FFD4F25420D4F2B0422A
:203E2000F4F291000026D9221414D4F454417421D4F2B042F4F2EE06CD00E00F0D00C004B1
:203E40003C1B4D00E01F370164288FC2012037121013601F3C0182013C0B54F2370264387C
:203E60008FC3013037231023602F3C01C21192F23F21F57F74F04D40E0FFB70F07F0CD4F92
:203E8000E00F0D00C0040D004002008000000000000082023C01009020080248404F0259E6
:203EA00082105F80390082205F803B0082305F80380082405F80350082505F803200826038
:203EC0005F802F00DA075F8F2C00DA085F8F2900DA095F8F2600DA105F8F2900DA215F8FFF
:203EE0003A00DA305F8F3A00DA315F8F3A00DA325F8F3A00DA705F8F3A00DA715F8F3A000A
:203F0000DA725F8F5B00DA735F8F5B00DA745F8F5D003C5E6D001D026D00F4023C5A6D0051
:203F2000180202846D0024023C546D001202BF290B8014FF370F4840081F370F48506D0077
:203F4000B1023C07769614FF370F48406D0090023C406D00FE013C3D6D0087023C3A6D0045
:203F6000C0013C376D00E0013C346D00FC163C31DF390A8049A5000A49A6020A40F46DFF2E
:203F8000B7D5F62891200048D9443F486D00B7193C206D00C602F6246D0013037628912020
:203FA0000048D9441A586D00AA193C1314A409A582086D0075183C0D6DFF89D63C0A40F433
:203FC00002946DFF5CD63C056DFF48D63C023C010090094F00196E15CC43094F001910FF54
:203FE000EC434C43094008093F0F0580D44FEC433C01CC4309440019405440F56DFF5CEF52
:204000000090F653F4553C02F45489543C0989550019821440546D0092000090404F6DFF2B
:2040200082FC48EFEE03DA013C02DA006DFF9EFC02F23C010090404F6DFF75FC09F8051896
:204040003C12489FEE03DA013C02DA00EE0A49F4240A6D00271076246D00D30D3C013C02DE
:204060003C04C2F8FF18EF7F82FF89FF05186DFF7DFC6DFF58FC09F804183C12484FEE0303
:20408000DA013C02DA00EE0B49F4100A6D000A1076246D00B60D3C01C2F83C023C03FF1801
:2040A000EF7F82FF89FF04186DFF60FC0090404F0B4510886DFF37FC09FF04185EF4DA00AF
:2040C00089FF041809FF05185EF4DA0089FF05186DFF4CFC48EFEE0849F4240A0B8910480E
:2040E0006D00A50D3C0140F46DFFA7FF00900B451088026AA00FBF181F8082FF4B8F1102A7
:204100003F901A8073980AF03B70FB0F3FF0148073980AF08B8F04406DFF37E7402FBCFAA7
:2041200049F4081A0B89104802A640F56DFF6BFF3C013C0140F23C010090404F0248821994
:20414000BD0F440048FF6E4182F048FF4BF0110209F200193F203A806DFFE5FBD4F248FFCC
:2041600009F00019E20F1022E822DA006CFED4F2E812D4F248FFC2FF09F00019E20F1022F9
:20418000E83282FF89FF041882FF89FF0518DF081280484FEE03DA013C02DA00EE0A49F491
:2041A000100A6D007F0F7624AD0080003C013C013C0949F4100A6DFFC2ED49F4240A6DFF1B
:2041C000BEED6DFFD3FB3C02820902923C0100902010404F405C74A482087CC409FF001972
:2041E0006E016D002F0EF62354AF6E013C6C6DFF9AFB48EF6E1A40F440C56DFFECFEC2FF63
:204200006CFE484FEE03DA013C02DA00EE0A49F4100A6D00470F7624AD0080003C013C0166
:204220006DFFA4FB82123C5054AFEE056DFF9EFB82023C4AF68749A4040A6D00D50C8218EE
:204240003C016DFF93FB6D005C0D6DFF6CFB09FF04185EF4820089F0041809FF05185EF47A
:20426000DA0089FF05186DFF81FB49A4040A49A5000A6D00AB0DDF021C8040F46DFFD0FED4
:20428000DF02110049F4240A54A46D00C10C40F46DFFD3FE6D00B80FF624AD0080003C0166
:2042A0003C0640F46DFFC9FE6D00AE0F3C0C40F46DFFC3FE6D00A80F40F46DFFB1FE762376
:2042C00082023C023C950090911000F6D9FF381D2824911000F6D9FF381D28350090911059
:2042E00000F6D9FF381D08BFEE023C1C911000F6D9FF381DDA002CFA911000F6D9FF381D04
:20430000DA002CFB911000F6D9FF381D6D00AD0D89F20609820482056DFFD8FF82146D00D4
:204320005E010090911000F6D9FF381DDA012CFA911000F6D9FF381DDA012CFB82048205F6
:204340006DFFC4FF3BA000406D0049010090911000F6D9FF381D6D00880D89F206099110DB
:2043600000F6D9FF381DDA012CF40090911000F6D9FF381D09F50108911000F6D9FF381D00
:2043800008BF6E023C70DA02BE46DA03BE4BDA045F4F2600DA055F4F2D00DA065F4F360044
:2043A000DA075F4F3D00DA085F4F4500DA095F4F4D003C5802546DFF89FF82246D000F017D
:2043C0003C52025F325F370F48403255370548506DFF7CFF82346D0002013C45025F325FB4
:2043E000370F48406DFF72FF82446D00F8003C3B025F325F370F48F0025402F56DFF66FFE2
:2044000082546D00EC003C2FDA024BF5010202046DFF5CFF82646D00E2003C25DA024BF564
:204420000102025402056DFF51FF82746D00D7003C1A025F325F370F48406DFF47FF3B80A3
:2044400000406D00CC003C0F025F325F370F48F0025402F56DFF3AFF3B9000406D00BF00FF
:204460003C023C0100906D00720000903BC0F9FF7FF405003BC0F94F3C06DA647F4F0400C2
:204480003B400640CE4332543C01911000F6D9FF381D2814370448F0EE036D0033000090F3
:2044A0000B451088911000F6D9FF381D08BF6E023C270B8910486DFF09FFF686F6958214B9
:2044C0006D008D003C1D5F9809808E9382243C0282346D0084003C14029F325F7E8ACE8481
:2044E0003B8000403C033B9000406D0078003C087F98040082643C0282746D0070000090AC
:20450000911000F6D9FF381D08BF6E023C08820482056DFFDBFE82146D0061000090911075
:2045200000F6D9FF381D08B23C010090911000F6D9FF381D09F2C2083C010090911000F6E4
:20454000D9FF381D14F23C010090911000F6D9FF381DDA0034FF911000F6D9FF381DDA32BA
:204560002CF1911000F6D9FF381DDA002CF2911000F6D9FF381DDA002CF3911000F6D9FF36
:20458000381DDA002CF4911000F6D9FF381D6D006C0C89F20609911000F6D9FF381DDA00FB
:2045A0002CFA911000F6D9FF381DDA002CFB820482056DFF8BFE82146D00110000909110C9
:2045C00000F6D9FF381D08A23C010090911000F6D9FF381D08423C010090911000F6D9FFF7
:2045E000381D34F400906D00400C911000F6D9FF381D09FF0609A2F2DA647F2F1580911064
:2046000000F6D9FF381D08BFEE0E911000F6D9FF381DDA002CF4820482056DFF57FE821492
:204620006DFFDDFF009082003C0B534020F0911000F6D9FF042D10FFDA0074FFC210BF2089
:20464000F6FF0090FF240B80534420F0911000F6D9FF042D10FFDA0074FF0090BF2404808D
:2046600082023C73534420F0911000F6D9FF042D10FFF675DA0074FF02523C674B0541F180
:204680004B0641016B00311F7B0004F44BF101F0AE287B0004FC4BF101F0370F61F06E2089
:2046A000BBA070FD9B3FC2F354F06BF161F074FF54FF7B6039044B0F01F0370F61F16E057E
:2046C0007B6039F474FF3C0C54FF7B60390C4B0F01F0370F61F06E047B6039FC74FF4B057D
:2046E00041F17B00F803BBD0CC2C9BC2F4234B2141106B0F61F154F06B00214F7BA047F41D
:204700004BF401F0370F61F16E047BA047443C0A7BA047FC4BF401F0370F61F06E037BA0C2
:20472000474C7B000AF44BF401F0370F61F06E0A7B000AFC4BF401F0370F61F16E038202F0
:204740003C046DFF63CE3C010090DA5A7E4989440108DA01894F8448DA01344F3C036D0055
:20476000CA010090200802490B5610A8027C404C09ADC808405F09A8CC08BCF6DAF83FDFFC
:2047800004807CC476D382F23C438BAD00E002D46D00C50174A27F28048082F23C39DA5A9A
:2047A00034FFDA012CF12829283A284B40F2B0528FFD0FF1342F8F8D3FF02CF6287CDA009A
:2047C0003C0910F210C4144089200808C21F370F70F03FDFF8FF8B8D004040F46D001A0002
:2047E00001FD00268F823FF02C288B8D00F010F28FF20FF12C2102EF3C0710F2820034201D
:20480000C21F370F70F054A23F2FF9FF3C010090404F0248BBF0FF4F7CF382023C0FDA00FE
:204820003C0910F214256D000B000224C21F370F70F03F8FF8FF02423C0100908F852020A9
:20484000C64282003C0E6FF209008612370270203B1002F1C6F23C04861237027020C21050
:20486000DA083FF0F27F3C010090404F405CBCF27CC482321D00FF0014FF82003E0E82108D
:20488000BE0882205F0F520082305F0F690082405F0F75001D00E300DA5A7E492814DA01B0
:2048A00089FF844889F50C49DA0134FF1D00E10009FFC44810F28924010809FFC448C21F04
:2048C00089FF844889F50C4909FFC448BF8F2C80082F1E1C09FF1C49C21F89FF1C4940F4C3
:2048E0006DFF35FF82421D00C60049F2060A1420087F8F8F20F0A6F03C01DAF87F0F0D807D
:2049000009FF1849C21F89FF184940F46DFF1FFF82321D00B00089F086487603DA023C024B
:20492000DA0334FF1D00A50009FFC44810F28924010809FFC448C21F89FF844889F50C49BD
:2049400009FFC44809F0C6488B800000370070003F0F0480DA0334FF1D008B0009FFC448EC
:2049600010F28924010809FFC448C21F89FF844889F50C49DA0434FF3C7B09FFC44810F285
:204980008924010809FFC448C21F89FF844889F50C4949F2060A1420087F8F8F20F00FF012
:2049A000A0903C0101F900260C298F8F20808B8900F010F20C22A6F840F4B0148B89000099
:2049C000370070406DFF26FF022F40F46D0093003E8809FF1449C21F89FF144982223C4ADF
:2049E00009FF49486E1E084409F548486D008C00DF02188009FF2049C21F89FF204909FFFB
:204A00004A48C21F89FF0A4809FF4A48BF8F0880DA0089FF0948DA0089FF0A4882523C2A38
:204A2000084F89FF0848DA0189FF0948DA0089FF0A4809FF1049C21F89FF1049083F34CF72
:204A4000084F2CC1085F2CC2088F2CC389C9840849FF090AECC282123C0D09FF1849C21F29
:204A600089FF184940F46D00460082323C0382023C010090BD042800DA00344FDA00894F2A
:204A80008448DA00894F8648DA00894F0848DA00894F0948DA00894F0A48DA00894F0C49BA
:204AA000DA00894F1049DA00894F1449DA00894F1849DA00894F1C49DA00894F2049DA00BD
:204AC000894F24490090BC43144FEE0382023C11094F0C49A2F4FF44048082023C0A094FB1
:204AE0002449C21F894F24496D00050082623C010090DA00344FDA00894F8448DA00894F73
:204B000086480090A2543704680082027605DA203F0F038082123C010090DAF87F4F04804F
:204B200082023C088BA400F0C23FBBC0FF2F26F23C010090BC45BC54DA267FF4058082F282
:204B40001D00AD0054408FF00FF1345F370068F42C51370068F82C52370068FC2C53405F07
:204B6000B04F094004098FF00FF134FF370068F42C55370068F82C56370068FC2C570C488F
:204B80002C58495F090A094FCA088FFF0F0134F0868F2C5A495F0B0A8C46370F70F08FFF8C
:204BA0000F0134F0868F2C5C495F0D0A8C47370F70F08FFF0F0134F0868F2C5E495F0F0ACA
:204BC0008C48370F70F08FFF0F0134F0868F895F1008495F110A8C49370F70F08FFF0F01A8
:204BE00034F0868F895F1208495F130A094FD4088FFF0F0134F0868F895F1408094F5608F0
:204C0000895F1508495F160A4C468FFF0F0134F0370F680489501708370F6808895018081A
:204C2000370F68FC895F1908495F1A0A4C478FFF0F0134F0370F680489501B08370F68083C
:204C400089501C08370F68FC895F1D08495F1E0A094FE0088FFF0F0134F0868F895F1F08AA
:204C6000094F6208895F2008495F210A4C498FFF0F0134F0370F680489502208370F6808CD
:204C800089502308370F68FC895F2408094F6808895F25083B6002203C0100902018404C27
:204CA000405D09C84019DA8034AF912000F8D9FF2F5849FF000A49A2010AA0F404FF242FB6
:204CC000FC4E49A5000A821440C46D005900DA0034AF3C0749A5000A821440C46D005000E3
:204CE00009C00839DA705F0FF7FF820A3C0F01AA00F6538A20008B8003610B8910486DFFC0
:204D0000B799370268F02CF9C21ADA083FFAF17F49A5010A3B00014040C46D003100820885
:204D20003C1982793C14DA088B79000103F80AF010DF538820F010C2092440095389206079
:204D40006DFF9699370268F034FFC2F9FF09ED7FC218DA083FF8E77F0090404F9110005854
:204D6000D955A4473B00044040F46DFFA5E8D20089F04019DA0089FF08390090404F405C6C
:204D8000024882050284FB8000606DFF579909F040190B0240000B13501089F040193C2535
:204DA00009FF08398B0F08F17FF80380028F09F0083901F000264924081A40C502F46DFF45
:204DC0007BE809F0083942F089F0083910CCA2F809F00839DA807E0949F5081A40F46D00B8
:204DE0000800DA0089FF0839FF18DCFF0090D9AAD85F82043C53538420F010A2538420F037
:204E0000105F14FF82008F8F0110538420F0105F081F82028F0F0130A620A631538420F00B
:204E2000105F082F82028F8F0030A620A631538420F0105F08338202A620A631538420F0C4
:204E4000105F084F820302F27723003C8F820120A620A631538420F0105F085F820302F238
:204E6000772300388F020120A620A631538420F0105F086F820302F2772300348F820020CC
:204E8000A620A631538420F0105F087F820302F2A620A63189204009C214DA103FF4AD7F71
:204EA0003B0001601D0099008B161F00538020F010AF09F040098FF11F307701802F8B1665
:204EC0001F00538020F010AF09F0400982048FF00150A624A6358B161F00538020F010AF72
:204EE00009F040098F811F307701002C8B161FF0538F20F010AF09F0400982088F800190A0
:204F00000F82A0000F93A010C640C6518B161FF0538F20F010AF09F240098F931F50772321
:204F2000804CC604C6159AE6538F20F010AF09F040098FD11E30770180269AE6538F20F04F
:204F400010AF09F0400982088FD00090A682A6939AE6538F20F010AF09F0400982098F31B8
:204F60001E809AE6538F20F010AF09F04009770180110630A680A691C620C6319AE6538F45
:204F800020F010AF09F240098FA31F907723008D0F80C0200F91C030538620F010AF8B06BE
:204FA0001FF0538F20F010A2092040090B4040000B5150109A96538F20F010A2092440093B
:204FC0000B4040000B5150100B2040000B31501089F04009C216DA503FF6687F0940400911
:204FE0000B011028094048090B011048094050090B01106809405809D9A320A08930400961
:20500000094060090B01108809406809D9A300A08930400909407009D9A308A0893040097A
:2050200009407809D9A310A089304009DA0078A61D00B0008F291F1077890009820A8F2880
:2050400001B0A6A0A6B18FE91EB0778900A7820C8FE800D0A6CAA6DBC6A0C6B1820B8F79DD
:205060001FA0778980DB8F7801C0A6CAA6DBC60AC61B58A00FF880C058A10FF980D0D2F05A
:20508000C680C69158A226F058A326F1C60CC61D58A40BAF400058A50BBF50100BC0400074
:2050A0000BD1501058A6538F20F0911000F8D9FFA45710FF09FA40090BA040000BB15010F6
:2050C00058A6538F20F010AF09FA40090BA040C00BB150D08F431E1077230002820A8F4255
:2050E00000B00FA0A0E00FB1A0F082018FE31F00772300BF8FE201A0A6A0A6B1C60EC61FAC
:2051000082018F931F00772380BC8F9201A0A6A0A6B1C60EC61F0F4280000F5380100F62A9
:2051200080A00F7380B0C6A0C6B10F6480A00F7580B0C6A0C6B10B0E40A00B1F50B0D9A3FD
:2051400008A009304009D9A310A089304009D9A300A009304009D9A308A089304009D9A3B7
:2051600000A08938400958A80BCF408058A90BDF5090D9A320A0893640090B4510680B23E6
:2051800010480BAC40200BBD503058A6C21F78A6DA5019A018A03FF04F7F094040090B2006
:2051A00040000B31501089404009094048090B4040000B51501089404809094050090B60F9
:2051C00040000B715010894050090940580958A80BF0400058A90BF15010894058090940DC
:2051E00060090B8040000B915010894060090940680958A00BF0400058A10BF15010894042
:2052000068090940700958A20BF0400058A30BF15010894070090940780958A40BF040008C
:2052200058A50BF15010894078090090911000F6D9FF007D09F236093C010090BF540880AD
:20524000911000F8D9FFF08754F23C0A534420F0911000F8D9FFF08710FF54F23C01009029
:20526000910000F6D9FF181414F23C010090BC4D911000F6D9FF108D49FF000A4942000AD4
:20528000A03444FF642FFC4E0090024F91100046D944108D82043B0001506DFF3FE6BF5FD7
:2052A0000380DA0002F46D0017010090914000FFD9FF00CC8200489F570F61F06E03DA01A6
:2052C0003C02DA003C018B0F20223C01009091100046D944007D6DFFE5AF8B1200223C0153
:2052E0000090405C0B6710883B4010003F800B808F3800F1EE077683F692BC44768676956E
:205300007CC482121D00A1008B380000911000F6D9FF208D34F4911000F6D9FF208D28159B
:20532000911000F6D9FF208DDA002CF2DA033C1176943BF00F103C04104F09F17DF891102C
:2053400000F6D9FF208D10FF34F1C21F370F70F03F0FF0FF911000F6D9FF108D482B9110BA
:205360000046D944007D91100056D955208D91100066D9660C2D370050406DFF4EAFDF12DB
:205380000F80911000F6D9FF108D91100026D922108D4C23C21F6CF382223C56762E9110E9
:2053A00000F6D9FF108D91100026D922108D4C22C21F6CF282423C48911000F6D9FF108D22
:2053C00091100026D922108D5420C21074F06D00F500022A3C1A6D00F100A2A2BFA2168047
:2053E000911000F6D9FF108D91100026D922108D4C21C21F6CF1910000F6D9FF181414F404
:205400006D006A0082323C206DFF63FFDF02E5FF911000F6D9FF108D482F3EB382423C148A
:20542000DF091100DA003C0C10C2911000F6D9FF0C2D10FF08303420C21F370F70F03F8FE7
:20544000F5FF82023C0100900D00000291100046D944146D6DFF80B2911000F6D9FF108DC9
:20546000911000C6D9CC108D4CC2C21F6CF20D0040020080204849A4000A91100056D955E3
:20548000146D6DFFEDAF910000F6D9FF181414F46DFFD6FE4B0261F174AF911000F8D9FF7D
:2054A000A407F80BDA8089AF3008DA0089AF3108DA0089AF3408DA0089AF3508DA0189AF79
:2054C000140891100046D944007D49A5000A6DFFF3AE00902048024849A4000AC5F5C0C1B6
:2054E0006DFFCAB1DA0034AFBB0068F99B8FB9F4780ADA06ACAEDA09ACADDA0AACAFDA0202
:2055000089AF2C08911000F8D9FFCC4749FF000A49A2300AA05444FF642FFC4E49AF300ADE
:20552000F80491100046D944146D49A5000A6DFF9DB09140004FD94400CC82043B0001501E
:205540006DFF61AB910000F6D9FF181434F86DFF93FF00900D00000291100046D944146DFA
:205560006DFF6CB20D00400200800D00000291100046D944146D6DFF6BB20D0040020080E6
:20558000910000FFBCF16DFF9DB9913000FF39FF3506160F4B0F41F14BF251F03C013C0130
:2055A000911000F6D9FF28CD7BA047044B0F51F04B0F71F174FF009085FF1000820102F0BE
:2055C00085F32C0082020F20A0400F31A0503C01911000F6D9FF28CD54F682076DFF0E96E0
:2055E0003C010090024F3C016DFFE8FFA2F2BF02FD7F0090404F044FEEFF01F420F080F256
:20560000C2F2009015D0C0E315D0C0F74D40E0FFB72F02F5CD4FE00F0D00C0044D4020F957
:205620009601CD4F20090D00C0044D4020F99602CD4F20090D00C004910000F8C5023F00DA
:2056400040F4A0358940C103FC5E49FF200AFC294D4020F96F0FFEFF4D4020F96F1FFAFF75
:2056600085DFC4F3CD4FE00F0D00C00415D0C0FF15D0C0EB0D0080040D00C004000000009D
:205680001D0003000090000000A000900B451088910000F6D9FF042454FA911000F6D9FFFE
:2056A0002CCDD4FC911000F6D9FF30CDD4FD910000F6D9FF1C14D4F4B0446DFF28E3DF0241
:2056C000198091000026D9223014910000F6D9FF301454F08211910000F6D9FF1C14D4FF5F
:2056E00048BF0FF1001082F2C621261074203C01DFF84380DF094100911000F6D9FF7C0D76
:20570000C81591000026D9221C14D4224922080AF42591000026D9221C14D42249220C0AE5
:2057200009548809F4240952880991000046D9441C14D44FB04FEC21910000F6D9FF1C1495
:20574000D4FFB04FEC52910000F6D9FF1C14D4FF49FF140A91100026D9227C0DF4F291109F
:2057600000F6D9FF7C0D91100026D9227C0D542FC21F74FF3C2B42A8910000F6D9FF1C14D0
:20578000D4FFB04F74F87FA80C80910000F6D9FF1C14D4F5B04540D46DFFE2E23C179100A3
:2057A00000F6D9FF1C14D4F5B04540C46DFFD8E2910000F6D9FF341454FF7FF80880910079
:2057C00000F6D9FF341474F83C010090404C6DFFAAF091000026D922201491000046D9440E
:2057E0002014544FC21F742F91000026D9221C14542FEE10910000F6D9FF1C14F4FC9100DB
:2058000000F6D9FF201454FF5E146D0079013C013C18910000F6D9FF002454FFEE129100E2
:2058200000F6D9FF1C14D4FF48BF09C02C093FF00880910000F6D9FF1C14F4FC3C013C01E2
:20584000910000F6D9FF2C1491000026D9222C14542FC21F74FF910000F6D9FF30149100AC
:205860000026D9223014542082114CCB0FF10010A61074F04CCB534F21F0911000F6D9FF42
:2058800034CD10FFC81FECC2C82289C28C09C82240C4B0448924840940C2B042E8224CCB68
:2058A000534F21F0911000F6D9FF34CD10FFECC54CCB534F21F0911000F6D9FF34CD10FFBC
:2058C0004CCB534F21F091100026D92234CD1022542FC21F74FF6DFF49F0910000F6D9FF2E
:2058E000002454FF6E0F910000F6D9FF1C14D4FF48BF09C02C097F0F0580AD0080003C01D0
:205900003C0100903C286DFF0EF0911000F6D9FF501DC83FC83C40C4B0446DFFF8E1910037
:2059200000F6D9FF201491000026D9222014542FC2FF74FF910000F6D9FF2414910000267A
:20594000D9222414542FC2FF74FF6DFF0FF040C46D007E00910000F6D9FF241454FFEED457
:20596000009020108212912000F8D9FF2F5849FF000A49A2000AA0F404FF242FFC4EDA0076
:205980003C1010AF91200028D9223F5810220920000834F010AF09F00008F6023C04C21F31
:2059A000BFFFF1FF10AFDA0034FF82083C1891100048D944A29549A5000A3B001040A00629
:2059C0008205534820F0911000F6D9FF640D10F76D002D02DF1203003C04C218BF18E97FC5
:2059E0003C010090201089A48C0989A588090248406C0259407D534820406DFFC6DA402FA5
:205A0000BD0F14003BC006406DFFBFDA402EBCE982043BC0065040E46DFF80E2ECEC3C046C
:205A200040F46DFF09DB3C02A00EBCEEF4AEDA00780109A48C0909A58809028440C60295B3
:205A400040D76D00150040E23C010090404F40F46DFFADEFC8C46DFFEFDA40F46DFFECDACC
:205A600000903C036DFF50FF3CFE00902008F4A4406C0258407DD802C2F4534420F0C8C28E
:205A800010228020B7000300600E89FE8419BD051800DA003C0D10F210540940000889208B
:205AA0003408105209200008F6023C06C21F3B0001003F0FF2FFDA0089FF03183C01BFA860
:205AC00005803B9000803C0168B889F8081940F4B0446DFF42E149F4180A6DFF3EE1ECF476
:205AE0008BA800F16CF6ECF940E4D4A540C66DFFCBEEF4F2BCD3F4DF3C01009082083C0B8D
:205B0000534821F0911000F6D9FF34CD10F46DFF16E1C218BFA8F6FF91100046D9443CFD8F
:205B20006DFF0DE191100046D944500D6DFF07E191100046D944680D6DFF01E191100046A8
:205B4000D944501D6DFFFBE091100046D9447C0D6DFFF5E0911000F6D9FF2CCD9110002677
:205B6000D9223CFDF4F2911000F6D9FF30CD91100026D922500DF4F20090911000F6D9FF9B
:205B80002CCDD4FF54FFEE03DA013C02DA006E08910000F6D9FF341482FF74FF3C0D910017
:205BA0000026D9223414911000F6D9FF2CCDD4FFC83F54FF742F0090024F82026E0F6D00F5
:205BC000A000910000F6D9FF281454F0820502F46DFF5EFD6D0018033C01F624AD008000F6
:205BE0003C010090910000F6D9FF381454FF744F910000F6D9FF042454FF6C41009091006F
:205C000000F6D9FF0824DA0174FF0090024F910000F6D9FF1C14D4FF49F5180A6DFFA0E0AD
:205C2000821502F46DFF34FD009040450956840991000026D9221C14D42249221C0AF426B6
:205C400091000026D9221C14D4224922200A09648809F42409628809910000F6D9FF1C1436
:205C6000D4FF49FF180AEC21910000F6D9FF1C14D4FF49FF180AEC62910000F6D9FF1C1431
:205C8000D4FF49FF280AF4F5545FC21F745F765282F46DFFFDFC00906DFF65FEDF120580EF
:205CA0006D0077063C01DF122680DA1F0D0040034DC0E20FB700080016FFA6F0CDC0E20FF7
:205CC0000D00C0040D000003910000F6D9FF341482FF74FF910000F6D9FF0024DA0174FF77
:205CE000910000F6D9FF0424DA0074FF6DFFFEEF3C01911000F8D9FFC49754FF00909100FA
:205D000000F6D9FF281491000026D9222814542FC21F74FF0D0080040090910000F6D9FF34
:205D2000281454FF6E08910000F6D9FF0824DA0174FF3C4A910000F6D9FF0824DA0074FF27
:205D4000910000F6D9FF1C14D4FF54F0910000F6D9FF1C14D4FF48CF3F0F1080910000F6BF
:205D6000D9FF1C14D4FF49F5340A910000F6D9FF1C14D4F46DFF3393910000F6D9FF3014A0
:205D800054FF0F0FB0F18BFF01F1534F21F0911000F6D9FF34CD10FFC81209228409E812B7
:205DA000C81249F4080A7D420480C832E81291000026D9221C14C81FC83FF42F910000F609
:205DC000D9FF1C1454FF0090404F405C6DFFABED91000026D92204245420481F0BF0801069
:205DE00054CF5EF3DA003C1D91000026D9223814542254FF3E28481F3FF00680DA01820056
:205E000074C03C0F54CF7FF10A8054CFA21F74CF40F46DFFE9FEDA003C04DA0074CFDA0126
:205E20006DFFA4ED02F23C0100906DFFDDFDBC2640246DFFCDFC82123C0282F23C010090D0
:205E4000910000F6D9FF002454FFEE0382123C0A910000F6D9FF281454FFEE0382223C02E0
:205E600082023C010090910000F6D9FF042454F23C0100908208910000F6D9FF281454FFBF
:205E8000DF0F0281910000F6D9FF042454FF9219910000F6D9FF042474F9DF092C809110E3
:205EA00000F6D9FF2CCDD4FF54FFEE023C01911000F6D9FF2CCDD4FF91100026D9222CCDD2
:205EC00091100046D94430CDD444F42491100026D92230CDF42F910000F6D9FF3814910073
:205EE0000026D92238145420C21074F06DFF47FE3C01910000F6D9FF341454F03F09A98041
:205F00001D00A500911000F6D9FF2CCDD4FF54FFEE03DA013C02DA006E09910000F6D9FF77
:205F2000341482FF74FF1D009400911000F6D9FF2CCDD4FFC83FC83F481F7FF90980910032
:205F400000F6D9FF341474FF1D008300C852C824C83589458809C834C82589458409092445
:205F6000840940F5B0457D540580C83489248409A004E854542FC2FF742F48AF6E19C8A22F
:205F8000C874C88589458809C884C875894584090924840949F5180A7D540580C8848924CC
:205FA0008409A004E8A4542FC2FF742F3C0191000026D922301491000046D944301454403E
:205FC000821148BF0FF10010A610742048BF534F21F091100026D92234CD10220922840966
:205FE000E82209248809E8340924880940F5B0458945840940F4B0448924880948BF534F6B
:2060000021F091100026D92234CD1022E85248BF534F21F091100026D92234CD102248BF8A
:20602000534F21F091100046D94434CD1044544FC21F742F48B0910000F6D9FF1C14D4FFD3
:2060400048BF7F0F048082183C011DFF5DFF910000F6D9FF1C14D4FF48BF534F21F091101B
:2060600000F6D9FF34CD10FF54FFBF2F048082183C01910000F6D9FF082454FF6E038218BD
:206080003C013C0C910000F6D9FF3C1491000026D9223C14542FC21F74FF02823C010090A2
:2060A000CC43C83FC8A2C874C88589458809C884C875894584090924840949F5180A7D54A9
:2060C0000580C88489248409A004E8A4542FC2FF742F91000026D9222814542FEE5CC852C9
:2060E000C824C83589458809C834C825894584090924840940F5B0457D540580C834892431
:206100008409A004E854542FC2FF742F91000026D922301491000046D944301454408211D6
:2061200048BF0FF10010A610742048BF534F21F091100026D92234CD102209228409E8228D
:2061400009248809E8340924880940F5B0458945840940F4B0448924880948BF534F21F002
:2061600091100026D92234CD1022E85248BF534F21F091100026D92234CD102248BF534F98
:2061800021F091100046D94434CD1044544FC21F742F3C2591100026D922680D092284091E
:2061A000E87209248809E8840924880949F5180A8945840949F4180A89248809911000267E
:2061C000D922680DE8A291100026D922680D91100046D944680D544FC21F742F48BF910056
:2061E00000F6D9FF1C14D4FF48B07FF00A808212910000F6D9FF0824DA0174FF3C028202AE
:206200003C010090A00F82086DFF8DEB820991000026D9222814542F91000026D9222814AA
:2062200091000046D9442814544FC2FF742F91000026D9222814542FDF0FD78091000026BA
:20624000D9222014542FBF1FCF801D008F00911000F6D9FF680DC83FC83FC8A2C874C885CE
:2062600089458809C884C875894584090924840949F5180A7D540580C88489248409A00441
:20628000E8A4542FC2FF742F0D008004C852C824C83589458809C834C82589458409092427
:2062A000840940F5B0457D540580C83489248409A004E854542FC2FF742F91000026D92222
:2062C000301491000046D94430145440821148BF0FF10010A610742048BF534F21F091105F
:2062E0000026D92234CD102209228409E82209248809E8340924880940F5B045894584096B
:2063000040F4B0448924880948BF534F21F091100026D92234CD1022E85248BF534F21F074
:2063200091100026D92234CD102248BF534F21F091100046D94434CD1044544FC21F742F2E
:2063400048BF91000026D9221C14D42209202C097FF00C8091000026D9220824534920F07B
:206360001022DA01742F3C0191100026D922680D542FEE03DA013C02DA00DF0F6A7FBCF30C
:206380006DFFFDFB910000F6D9FF3C1454FABF1A19806DFF71FD762B910000F6D9FF082424
:2063A000534920F010FFDA0174FF3C01C2FAFF1AF2FF910000F6D9FF3C14DA0074FF3C0198
:2063C000910000F6D9FF0824534920F010FF54FF6E0A8218910000F6D9FF1C1454FFAD0083
:2063E00080003C013C016DFFC1EA02823C010090404F405C0248406D407EBCF37CC776866D
:20640000BCF314F23C0282623C5D14F0BF20048014F23C583C5314FFEE2709F004398B4053
:2064200009F17FF80380028F09F0043901F000264924300A40C502F46DFF3EDD09F004392B
:2064400042F089F0043910CCA2F809F00439DA947E0A40F46D006A0034F214FFBF2F0480FC
:2064600014F23C303C2B481F09F00839A20F7FF80480028F3C0149F40C3A40C502F46DFF3E
:206480007FF4BCED09F4083940D440C502F52D0E00007625DA0934FF14F23C1409F0083916
:2064A00042F089F0083910CCA2F809F00839481F7E05DA0234FF76823C03FF18AEFF14F246
:2064C0003C0100902040404F7CF382623C1A14FF1E25DA0834FF14F23C1449F40C3A49A525
:2064E000000A6DFFDDF349A4000A49F5080A3B0002406DFFD4DC7623DA0734FF14F23C0186
:206500000090404F405C82043B80195040F46DFF05DDDA0034FFE8BC009014420C418F8F92
:2065200000F0A6F23C0100902020404F49FC300A91200058D9550468824440C46DFFAFDC54
:20654000762382323C5A09FF74081E1382423C5540C4B0646DFFE3FFDA943E2382423C4DCC
:2065600049F4380A6DFF31E6022849F43C0A6DFF2CE6022949F4201A6DFF27E6769BBB0007
:2065800000F89BFF01F03F9F0680F6248B4909F03E8382623C3249A4000A82043B00025010
:2065A0006DFFBCDC48BF6E09C8B449A5000A3B0002406DFF74DCF62382523C1FC8B449F5AA
:2065C000042A3B40054040C66DFFE1C6762382523C14681909FF750889FF280849F4080AEA
:2065E00049F5001A3B0002406DFF66DC49F40C3A6DFFB5F382123C0100906DFF94E99100A6
:2066000000F6D9FF102454FFEE2B91100046D9446C1D6DFF94DB91100046D944402D6DFFC7
:206620008EDB911000F6D9FF641D91100026D9226C1DF4F2911000F6D9FF681D9110002615
:20664000D922402DF4F2910000F6D9FF102482543BC0005082066DFF4CEDF4F23C016DFF7C
:2066600085E90090911000F6D9FF641DD4FF54FFEE03DA013C02DA00744FEE09911000F6D1
:20668000D9FF641DD4FFC83F54F23C0282023C010090820889440409894490093F45138011
:2066A000A2654C463FF5048082183C0B911000F6D9FF681DD4FF4045B04540F46DFF50DB9C
:2066C0003C117F6506803F64048082183C0B911000F6D9FF641DD4FF4045B04540F46DFF1E
:2066E0003FDB02823C0100900B451088911000F6D9FF641DD4FFC83FC83F40F4B0446DFFE2
:2067000006DB09FF64082E2740F40B8910486D00D9003C0609FF640816FE89FF2408C882A1
:2067200040F42D02000000902010911000F8D9FFE44749FF000A49A2000AA02444FF642FB9
:20674000FC4E3C7C54AFBF0F7A00D802BD0F7700485FEE03DA013C02DA00EE0640F4B04428
:206760006DFFD5DA3C0149A40C0A6D00BF00022854A0DA01BE07DA02BE0582315F013B00E7
:2067800082415F013E0082515F014A00DA063E0ADA073E08DA085F0F2E00DA095F0F3100CC
:2067A0003C4B09FF6408960189FF240809A40409486F42F409A6040940F402856DFF6BFF9F
:2067C000DF02180009FF64082E2A09A40409486F42F440F402856D0075003C0609FF6408FA
:2067E00016FE89FF2408C88240F42D0200003C013C2409FF640816FE89FF24083C1E09FFE9
:206800006408960189FF240858016CF6486F128440F4028502866DFF3EFF3C0F09FF64080E
:20682000AE1540F46DFF08D43C0609FF640816FE89FF24083C023C013C01910000F6D9FF84
:206840001024D4F449A5000A82046DFFC3ECDF027BFF009020080248025F6DFF52FA49A440
:20686000000A6D004300022954A0DF002880EE0A3F8909806DFFC8FC0B8910486DFF36FFB2
:206880003C1C6E0B911000F6D9FF681DD4FF54FFEE03DA013C02DA00910000F6D9FF102496
:2068A000D4F40B98804002F56DFF03EC6DFFACFCF624AD0080003C013C036DFFA5FC0090E7
:2068C000404F0B4510883C07486F42F8C88240F42D020000486F128440F4029502866DFF54
:2068E000DAFEDF02F3FF0090404F6DFFBEFA022F91000026D9220C2454207F0F07806D00A1
:206900000F00821074F03C03820074F0910000F6D9FF0C2474FF02F23C0100903C0B9110A2
:2069200000F6D9FF641DD4FFC83F54F482F56DFFDDFE911000F6D9FF641DD4FF54FFEE0321
:20694000DA013C02DA006EEC911000F6D9FF641DD4FF91100026D922641D91100046D944E0
:20696000681DD444F42491100026D922681DF42F009020083C0B49A4000A6DFF75FE54A52A
:2069800002246DFF69FF6DFFD1FE3CF6009082086DFF35FE910000F6D9FF102454FF6E166D
:2069A00091100048D944B25691200058D95509683B001040A0063B90005091000076D9777E
:2069C00014246DFF34FA02283C0102823C010090200891100046D944542D6DFF3E91BF1274
:2069E0001300DA01ACA191100046D944542D49A5000A49A6020AD2046DFF0A95762414A4B1
:206A00006D00830000903B50C38006683C0891100046D944542D6DFF8894C2F8768E91100A
:206A200000F6D9FF542DC81F882F3C016E03DA003C02DA013C016EEC0090206049A4000A2A
:206A4000C5F540806DFF48937B107EF47801DA0F2CAADA012CACDA082CADDA0889AFA00810
:206A6000DA0489AFA208DA0C89AFA408DA0089AF2608911000F8D9FFF04749FF000A49A267
:206A8000001AA07444FF642FFC4E49AF001AF80A911000F6D9FF547DF80C3B0010F089AFDD
:206AA000AE08911000F6D9FF702DF80E3B0010F089AFB40891100046D944542D49A5000A62
:206AC0006DFFD0900090404F3C1009F00008DA0A7E053BD000406D00180009FF0008370FF1
:206AE00068406D001200B01F09FF0008EEEF00906DFFEBFF3BD000406D0007003BA00040F3
:206B00006D000300009091100046D944542D6DFF929000900D00000291100046D944542D3E
:206B20006DFF5E930D00400200800D00000291100046D944542D6DFF9A930D00400200802D
:206B40000D00000291100046D944542D6DFFED930D00400200800D00000291100046D944D3
:206B600078BD6DFF3D930D00400200800D00000291100046D94478BD6DFF79930D004002C6
:206B800000800D00000291100046D94478BD6DFFCC930D00400200806D00A102911000F6EC
:206BA000D9FF54CD09FFC0086D00B60402F23C010090024F6D009302911000F6D9FF54CD41
:206BC000B4FF0D0080046D00A7040090404F7CF23C196D00840291100026D9225CCD49FF51
:206BE000000A4922000AA05444FF642FFC4E911000F6D9FF5CCDDA0134FF0D0080046D005E
:206C00008B040090404F6D006A0291100026D9225CCD142F6E1391100026D9225CCD4922E8
:206C2000000A49FF000AA054442064F0FC4E911000F6D9FF5CCD820034F06D006D0402F2F2
:206C40003C010090404CDA006D004902911000F6D9FF74CD09F02029911000F6D9FF74CDA7
:206C600009F124295F102800911000F6D9FF74CD09F02429DA084BF01102534121F09110CA
:206C800000F6D9FF74CD10FF49FF000A49C2000AA04444FF642FFC4E911000F6D9FF74CDBB
:206CA00091100026D92274CD092F2429C21F89FF2429DA016D00300402F23C010090404CCD
:206CC00082086D000C02911000F6D9FF74CD09FF2029911000F6D9FF74CD09F02429A20F07
:206CE000FF8F2A80911000F6D9FF74CD09F02029DA084BF01102534121F0911000F6D9FF26
:206D000074CD10FF49C2000A49FF000AA044442F64FFFC4E911000F6D9FF74CD9110002641
:206D2000D92274CD092F2029C21F89FF20290D00800482186D00F00302823C0100906D009B
:206D4000CE01911000F6D9FF58CD14FF911000F6D9FF58CD820034F06D00DE0302F23C0104
:206D600000906D00BC01911000F6D9FF58CDDA0134FF0D0080046D00CF030090404F7CF25A
:206D80003C136D00AC0191100026D9225CFD49FF000A4922000AA04444FF642FFC4E0D0097
:206DA00080046D00B9030090404F6D00980191100026D9225CFD4922000A49FF000AA0443B
:206DC000442F64FFFC4E6D00A7030090911000F6D9FF70FDDA0034FF0D0080040090911041
:206DE00000F6D9FF70FD14F23C010090911000F6D9FF70FDDA0134FF0D0080040090404CEE
:206E000082086D006C01911000F6D9FF74FD54FF911000F6D9FF984D54F0BE09911000F6E5
:206E2000D9FF984D54F0DA084BF01102534122F0911000F6D9FF78FD10FF49FF000A49C22B
:206E4000000AA08444FF642FFC4E82186D00640302823C0100906D004201911000F6D9FF06
:206E600074FD54FF911000F6D9FF984D54F03E0C911000F6D9FF984D91100026D922984D71
:206E8000542FC21F74FF6D0047030090404F8208BCF6082F3B0002007FF0048082023C39A9
:206EA0006D001D0191100026D92274FD542F91100026D922984D5420A20FFF8F27809110EF
:206EC0000026D92274FD5420DA084BF01102534122F091100026D92278FD102249FF000A1B
:206EE0004922000AA08444FF642FFC4E911000F6D9FF74FD91100026D92274FD542FC21F62
:206F000074FF0D00800482186D00060302823C01009091100046D944384E82043BC00050B1
:206F20006DFFFCD791100046D944344E820482456DFFF4D791100046D9445CFD82043B40AA
:206F400001506DFFEBD791100046D944185E820482656DFFE3D791100046D94474CD8204DA
:206F60003B800A506DFFDAD791100046D944B04D82043B0080506DFFD1D791100046D94435
:206F80005CCD82043B8001506DFFC8D791100046D9449C4D82043B8000506DFFBFD791100A
:206FA0000046D944045E82043B4001506DFFB6D791100046D94478FD82043B0012506DFFB9
:206FC000ADD7911000F6D9FFA84DDA0074FF911000F6D9FF70FDDA0034FF911000F6D9FF24
:206FE00058CDDA0034FF911000F6D9FF54CDDA00B4FF911000F6D9FF304EDA0074FF911067
:2070000000F6D9FFAC4DDA0074FF911000F6D9FFA44DDA0074FF911000F6D9FF74FDDA00F5
:2070200074FF911000F6D9FF984DDA0074FF0D00800400906D00530082003C0B532020F00F
:20704000911000F6D9FF9C4D10FFDA00B4FFC210BF40F6FF0D0080046D005E020090404FF9
:207060006D003D0082003C0E532020F010F2532020F091100046D9449C4D1044944FB42F8B
:20708000C210BF40F3FF91100026D922A44D542F6CF26D00410202F23C010090024F02587D
:2070A000BF4F03803C1A6D001A00532F20F0911000F6D9FF9C4D10FFB4F8911000F6D9FF4E
:2070C000A44D91100026D922A44D542FC21F74FF0D0080046D00200200903C019110004661
:2070E000D944A84D6DFFE391DF02FA7F0090404C40C46DFF81F202283B0010007F8004804D
:207100003B0010806DFFEBFF3B008000911000F6D9FF304E54F1911000F6D9FFAC4D54F2B3
:20712000A221A2109A187F0F4380DA003C20911000F6D9FF304E54F03B0080104B10110237
:20714000911000F6D9FFB04D01F100F610C20920000834F0911000F6D9FF304E9110002600
:20716000D922304E5420C21074F0C21F3F8FE1FF911000F6D9FF304E54FF3B0080004B0F08
:207180001102911000F6D9FFB04D01F100F6DA0A34FF911000F6D9FF304E91100026D922C2
:2071A000304E542FC21F74FF0D0080046D00B401009049AA38BA3C3E82003C24911000F65F
:2071C000D9FFAC4D54FF3B0080104B1F1122911000F6D9FFB04D01F300F609F1000891102A
:2071E00000F6D9FFAC4D91100026D922AC4D542FC21F74FFDA0A7E123C1401A000F634F1B6
:20720000C210911000F6D9FFAC4D54F1911000F6D9FF304E54FF3E153B0010F03FF0D0FF23
:2072200001A000F6DA0034FF760549A4000A6DFF61FC911000F6D9FFAC4D54FF911000F61D
:20724000D9FF304E54F05F0FB9FF009049AA30BA405C02488209DA147F8F04803B40018014
:20726000BD0413003C0901A900F6014900260920000834F0C219014900F609FF00086E04F3
:20728000DAF33FF9F2FF820A3C2EBCC6534A20F010CF54F43C028204DAF43FF903803C25FE
:2072A00001A900F6DA2034FFC219CE4A01A900F6DA2D34FFC219C2143254C2143C0149A4FD
:2072C0000B4A6D001A013C0801A900F6092F000834FFC219B01249AF0B4A7DF2F7FFC21A4F
:2072E000370A68A03F8AD3FF01A900F6DA0034FF49A4000A6DFFFDFE00906DFFFAFE00901B
:2073000049AA30BA405C0249820ADA147F9F04803B400190BD0413003C0901AA00F6014A7C
:2073200000260920000834F0C21A014A00F609FF00086E04DAF43FFAF2FF82083C24BCC6CF
:20734000534820F010CF54F43C02820449A40B4A6D00D300DAF53FFA03803C1701AA00F696
:20736000DA2034FFC21A3C0801AA00F6092F000834FFC21AB01249AF0B4A7DF2F7FFC21882
:20738000370868803F98DDFF01AA00F6DA0034FF49A4000A6DFFADFE0090404F405C406DEF
:2073A0006DFF9DFE91100026D922384E942FB4FF911000F6D9FF384E881FB4CF911000F652
:2073C000D9FF384E084F34DF911000F6D9FF384E09FF06096D00A00002F23C0100900248C1
:2073E000025F02696DFF7BFE911000F6D9FF384EB4F8911000F6D9FF384EACF1911000F612
:20740000D9FF384E2849911000F6D9FF384E91100026D922384E092F0609C21F89FF0609A1
:207420000D0080046D00780000900248025F6DFF56FE911000F6D9FF344EB4F8911000F6A7
:20744000D9FF344EACF10D0080046D0065000090404F6DFF44FE91100026D922045E492276
:20746000000A49FF000AA044442F64FFFC4E6D0053000090404F7CF23C1E6DFF30FE9110CA
:207480000026D922045E49FF000A4922040AA03444FF642FFC4E911000F6D9FF045E911038
:2074A0000026D922045E142FC21F34FF0D0080046D0032000090404F6DFF11FE9110002661
:2074C000D922185E0921C4085420A82174F06D0023000090404C6DFF02FE911000F6D9FF1D
:2074E000185E09C1C40854C0A82174F00D0080046D0012000090B0F4DA0A4BF411028B0139
:2075000003F0344FDA0A4BF41142DF04F6FF40423C01009091100046D944A84D6DFF2B9038
:027520000090D9
:20752400000081F800000000000083F801000000000085F8020000000000000000000000D3
:207544000000000000000000000000000000000000000000000000000000010000010F0016
:20756400010F0000000000000000000000000000000000A0FF3F00A0004000A0FF7F00A07B
:20758400008000A0FFBF00A000C000A0FFFF00A0000001A0FF3F01A0004001A0FF7F01A0EB
:2075A400008001A0FFBF01A000C001A0FFFF01A0000002A0FF7F02A0008002A0FFFF02A0C3
:2075C400000003A0FF7F03A0008003A0FFFF03A0000004A0FF7F04A0008004A0FFFF04A093
:2075E400000005A0FF7F05A0008005A0FFFF05A0000006A0FFFF06A0000007A0FFFF07A061
:20760400000008A0FFFF08A0000009A0FFFF09A000000AA0FFFF0BA000000CA0FFFF0DA01E
:2076240000000EA0FFFF0FA0000010A0FFFF13A0000014A0FFFF17A0000018A0FFFF1BA0B0
:2076440000001CA0FFFF1FA0000020A0FF3F20A0004020A0FF7F20A0008020A0FFBF20A0F3
:2076640000C020A0FFFF20A0000021A0FF3F21A0004021A0FF7F21A0008021A0FFBF21A008
:2076840000C021A0FFFF21A0000022A0FF7F22A0008022A0FFFF22A0000023A0FF7F23A09E
:2076A400008023A0FFFF23A0000024A0FF7F24A0008024A0FFFF24A0000025A0FF7F25A0AE
:2076C400008025A0FFFF25A0000026A0FFFF26A0000027A0FFFF27A0000028A0FFFF28A0FA
:2076E400000029A0FFFF29A000002AA0FFFF2BA000002CA0FFFF2DA000002EA0FFFF2FA031
:20770400000030A0FFFF33A0000034A0FFFF37A0000038A0FFFF3BA000003CA0FFFF3FA0B1
:20772400000702001100000000A003F00800000088000000010003000900000000A003F068
:207744000000000088000000020402003300000000C103F00000000088000000040103001E
:207764003600000000C103F003000000880000000000000000D303F0040000000A000000BC
:207784000001000000D303F005000000080000000002000000D303F006000000090000003A
:2077A4000003000000D303F007000000090000000004000000D303F000000000060000001C
:2077C4000005000000D303F001000000060000000006000000D303F00200000006000000FF
:2077E4000007000000D303F00300000006000000001F00F000D303F00D00000003000000CA
:20780400001F00F000D303F00C00000098000000001F00F000D303F00B0000009800000073
:20782400001F00F00500000000C303F00400000098000000001C00F000000000001D00F0C5
:2078440001000000001E00F002000000001F00F003000000040017B7D13800000000000026
:20786400030017B7D138000000000000020017B7D1380000000000000300000058780180FD
:20788400013B050017B7513912011202FF0F3F0312221402FFFFFF0F020000000F0000006D
:2078A400010000000F000000000000003F000000000000003F000000000000003F000000F7
:2078C40055120000FF7F0000002D3101FFFFFFFFFFFFFF7F000000000000000000000000E8
:2078E400000000000000000000000000000000000000BD3786350000BD3786350000000026
:2079040000000000000001000100000000000100000000000000010000000000000000005F
:2079240008C9BCF367E6096A3BA7CA8485AE67BB2BF894FE72F36E3CF1361D5F3AF54FA5F4
:20794400D182E6AD7F520E511F6C3E2B8C68059B6BBD41FBABD9831F79217E1319CDE05BAF
:2079640022AE28D7982F8A42CD65EF23914437712F3B4DECCFFBC0B5BCDB8981A5DBB5E93F
:2079840038B548F35BC2563919D005B6F111F1599B4F19AFA4823F9218816DDAD55E1CAB9C
:2079A400420203A398AA07D8BE6F7045015B83128CB2E44EBE853124E2B4FFD5C37D0C55D2
:2079C4006F897BF2745DBE72B196163BFEB1DE803512C725A706DC9B942669CF74F19BC18E
:2079E400D24AF19EC1699BE4E3254F388647BEEFB5D58C8BC69DC10F659CAC77CCA10C2491
:207A040075022B596F2CE92D83E4A66EAA84744AD4FB41BDDCA9B05CB5531183DA88F97684
:207A2400ABDF66EE52513E981032B42D6DC631A83F21FB98C82703B0E40EEFBEC77F59BF2A
:207A4400C28FA83DF30BE0C625A70A934791A7D56F8203E05163CA06706E0E0A6729291470
:207A6400FC2FD246850AB72726C9265C38211B2EED2AC45AFC6D2C4DDFB3959D130D3853B9
:207A8400DE63AF8B54730A65A8B2773CBB0A6A76E6AEED472EC9C2813B358214852C7292C2
:207AA4006403F14CA1E8BFA2013042BC4B661AA89197F8D0708B4BC230BE5406A3516CC72B
:207AC4001852EFD619E892D110A96555240699D62A20715785350EF4B8D1BB3270A06A1035
:207AE400C8D0D2B816C1A41953AB4151086C371E99EB8EDF4C774827A8489BE1B5BCB0348F
:207B0400635AC9C5B30C1C39CB8A41E34AAAD84E73E363774FCA9C5BA3B8B2D6F36F2E6854
:207B2400FCB2EF5DEE828F74602F17436F63A57872ABF0A11478C884EC39641A0802C78C76
:207B4400281E6323FAFFBE90E9BD82DEEB6C50A41579C6B2F7A3F9BE2B5372E3F27871C6F2
:207B64009C6126EACE3E27CA07C2C021C7B886D11EEBE0CDD67DDAEA78D16EEE7F4F7DF5C5
:207B8400BA6F1772AA67F006A698C8A2C57D630AAE0DF9BE04983F111B471C13350B711B16
:207BA400847D0423F577DB289324C7407BABCA32BCBEC9150ABE9E3C4C0D109CC4671D43C0
:207BC400B6423ECBBED4C54C2A7E65FC9C297F59ECFAD63AAB6FCB5F1758474A8C19446CC8
:207BE400A3785913CA4DEB75ABD841414D0A700098E879777940C78C73FE6F2BEE6C035281
:207C040001000000000000000000000000000000000000000000000000000000000000005F
:207C2400EDFFFFFFFFFFFFFFFFFFFFFFFFFFFFFFFFFFFFFFFFFFFFFFFFFFFFFFFFFFFF7FF2
:207C4400B0A00E4A271BEEC478E42FAD0618432FA7D7FB3D99004D2B0BDFC14F8024832BA9
:207C6400000000000000000000000000000000000000000000000000000000000000000000
:207C8400747701808477018094770180A4770180B4770180C4770180D4770180E4770180C0
:207CA400600F0180760F0180700F018000C103F00400000000C103F00500000000C103F0A5
:207CC4000200000000C203F00300000000A003F00200000000A003F00600000000A003F025
:207CE4000A00000000A003F00C0000004C770180607701803877018024770180908903F0E3
:207D0400000000F0908403F014780180800000000478018080000000F47701801002000060
:207D24000000000000000000000000000000000010000000B8800080100000000000000067
:207D440080000000C880008080000000808903F0848903F0888903F08C8903F0908903F043
:207D6400948903F0988903F09C8903F0A08903F0A48903F0A88903F0AC8903F0B08903F00F
:207D8400B48903F0B88903F0BC8903F0C08903F0C48903F0C88903F0CC8903F0D08903F0EF
:207DA400D48903F0D88903F0DC8903F0E08903F0E48903F0E88903F0EC8903F0F08903F0CF
:207DC400F48903F0F88903F0FC8903F0A08A03F0A48A03F0A88A03F0AC8A03F0B08A03F08A
:207DE400B48A03F0B88A03F0BC8A03F0FDFFFFFFFFFFFFFFFFFFFFFFFFFFFFFFFFFFFFFFF6
:207E0400FFFFFFFFFFFFFFFFFFFFFF0FEBFFFFFFFFFFFFFFFFFFFFFFFFFFFFFFFFFFFFFF82
:207E2400FFFFFFFFFFFFFFFFFFFFFF7F40420F0080841E00404B4C0080969800002D310133
:207E4400090000005541525420696E697469616C697A656400626C696E6B79006563686FFB
:207E640000726F626F7400464154414C3A20737461636B206F766572666C6F7720696E2055
:207E84007461736B3A005350443D00000102030000000001000203000000000102000300BB
:207EA4000000000102030000000000000000000001020300000000010002030000000001AB
:207EC4000200030000000001020300000203015344433143414C4942524543206C6F61648D
:207EE40065642066726F6D2044464C4153480043414C494252454320696E76616C69642CA7
:207F04002064656661756C747300EDD3F55C1A631258D69CF7A2DEF9DE1400000000000019
:207F2400000000000000000000101AD5258F602D56C9B2A7259560C72C695CDCD6FD31E2F1
:207F4400A4C0FE536ECDD336692158666666666666666666666666666666666666666666E4
:207F6400666666666666666666664C494E4B20636D64712066756C6C004C494E4B206C6F12
:207F84007374004C494E4B207570004C494E4B20646F776E20286E6F2053465F5245414464
:207FA4005929004C494E4B4552523D004C494E4B4442473D00000101005352563D00454EE2
:207FC4004343414C2073746172742028776865656C73206D757374206265206F66662067BA
:207FE400726F756E642900454E4343414C00454E4343414C2061626F7274656420286573BF
:20800400746F702900534552564F20636C6F7365642D6C6F6F7020656E61626C6564005392
:208024004552564F206F70656E2D6C6F6F7020287265636F7264207372633D303B2063618C
:208044006C69627261746520766961203078373029004A4F472074696D656F7574004F54D7
:20806400413A20736C6F74206D61726B656420444F574E4C4F41444544004F54413A206D5F
:2080840065746120636F6D6D6974204641494C45442028646F776E6C6F6164656429004F53
:2080A40054413A20736C6F74206162616E646F6E6564004F54413A20626C616E6B206D6517
:2080C40074612C20636F6E6669726D2073656564732064656661756C7473004F54413A20A3
:2080E40073656C662D7465737420636F6E6669726D65642C20736C6F742056414C49440070
:208104004F54413A20636F6E6669726D20636F6D6D6974204641494C45440074510999F763
:208124004248144463958ABFBDD6FC559F9AB247C311FB58F74C5D6D468B5F4A4F4720722C
:20814400656A65637465642028626164207061796C6F616429004A4F472072656A65637428
:20816400656420286661756C7429000000000000000000000000000000000049444C450087
:0D8184005443465700546D7220537663003B
:2081940000000000009E01600000000000000000000000000000000000000000002D31016D
:2081B40000000000E803000030000000FFFFFFFF00000000FFFFFFFFFFFFFFFFFFFFFFFFA0
:2081D400FFFFFFFF0A000000AAAAAAAA0000000000000000000000000000000000000000DD
:2081F400000000000000000000000000000000000000000000000000000000000000010169
:2082140001010100FF0000000000700059B30000000000000000000000000000000064B8B0
:068234001E799B47E18664
:20823C000100000000400060AC810180080000000100000008400060948101800800000084
:20825C000100000010400060B48101800400000001000000144000601082018001000000CE
:20827C0001000000184000601182018001000000010000001C400060128201800100000041
:20829C00010000002040006013820180040000000100000024400060B88101800C0000005C
:2082BC0001000000304000609C810180040000000100000034400060C4810180180000007C
:2082DC00010000004C4000601782018001000000010000005040006018820180010000006D
:2082FC000100000054400060DC810180040000000100000058400060198201800100000075
:20831C00010000005C400060A0810180040000000100000060400060E0810180300000008B
:20833C000100000090400060A4810180080000000200000098400060000000002A000000DE
:20835C0002000000C4400060000000000100000002000000C84000600000000045040000E7
:20837C00020000001045006000000000DD00000002000000F04500600000000065800000D1
:20839C000200000058C6006000000000350300000200000090C9006000000000010000004D
:2083BC000200000094C9006000000000010000000200000098C9006000000000B104000069
:2083DC00020000004CCE006000000000190000000200000068CE0060000000000100000053
:2083FC00020000006CCE006000000000050000000200000074CE006000000000010000001B
:20841C000200000078CE0060000000004100000002000000BCCE006000000000010000006A
:20843C0002000000C0CE006000000000D30200000200000094D10060000000009301000000
:20845C000200000028D3006000000000EE0300000200000018D70060000000000100000060
:20847C00020000001CD7006000000000D500000002000000F4D70060000000006A09000016
:20849C000000000000000000000000000000000002000000803F007000000000800000000F
:2084BC000000000000000000000000000000000002000000803F00600000000080000000FF
:2084DC000000000000000000000000000000000002000000803F00500000000080000000EF
:1084FC000000000000000000000000000000000070
:02000004801F5B
:0A402000911000E8D9EE94C3DC0E05
:0A404000911000E8D9EEE203DC0E57
:0A408000911000E8D9EEAAC6DC0E8C
:0A40A000911000E8D9EEACD6DC0E5A
:0A40C000911000E8D9EE6A55DC0EFD
:0A40E000911000E8D9EE82E6DC0E34
:0A410000911000E8D9EE80D6DC0E25
:0A412000911000E8D9EE5455DC0EB2
:0A414000911000E8D9EE4815DC0EDE
:0A418000911000E8D9EE94C6DC0EA1
:0A41A000911000E8D9EE96D6DC0E6F
:0A420000911000E8D9EE4040DC0EFA
:0A422000911000E8D9EE7440DC0EA6
:0A424000911000E8D9EE6850DC0E82
:0A426000911000E8D9EE5C60DC0E5E
:0A428000911000E8D9EE5070DC0E3A
:0A42A000911000E8D9EE4480DC0E16
:0A42C000911000E8D9EE7880DC0EC2
:0A42E000911000E8D9EE6C90DC0E9E
:20600000911000F8D9FF148A0D00000202F4DC0F0000000000000000000000000000000081
:20602000911000F8D9FF107A0D00000202F4DC0F0000000000000000000000000000000075
:20604000911000F8D9FF0C6A0D00000202F4DC0F0000000000000000000000000000000069
:20606000911000F8D9FF0C5A02F4DC0F000000000000000000000000000000000000000068
:20608000911000F8D9FF084A0D00000202F4DC0F000000000000000000000000000000004D
:2060A000911000F8D9FF043A0D00000202F4DC0F0000000000000000000000000000000041
:2060C000911000F8D9FF22BA0D00000202F4DC0F0000000000000000000000000000000083
:1260E000911000F8D9FF189A0D00000202F4DC0F00900B
:20620000911000F8D9FF148A0D00000202F4DC0F000000000000000000000000000000007F
:20622000911000F8D9FF107A0D00000202F4DC0F0000000000000000000000000000000073
:20624000911000F8D9FF0C6A0D00000202F4DC0F0000000000000000000000000000000067
:20626000911000F8D9FF0C5A02F4DC0F000000000000000000000000000000000000000066
:20628000911000F8D9FF084A0D00000202F4DC0F000000000000000000000000000000004B
:2062A000911000F8D9FF043A0D00000202F4DC0F000000000000000000000000000000003F
:2062C000911000F8D9FF22BA0D00000202F4DC0F0000000000000000000000000000000081
:1262E000911000F8D9FF189A0D00000202F4DC0F009009
:040000058000002057
:00000001FF
