:0200000480007A
:2080000000000000700059B30000000000000000000000000000000064B81E799B47E186E8
:14802000911000F8D9FF7CF9DC0F00900000000000A03CFF10
:1280380073646820737468A0036568CA0BC300300090C0
:208050003256FF0626003B00FEFF3FF617000F6510308B0602601745802600903256FF0613
:2080700018003B00FEFF3FF60F000F6500308B060260174580260090A2F63705C13F0F65EB
:2080900010200090A2F682030F6500200090DA207FF60700174580360F6400200090A2F68C
:2080B00082020F6400300090FFFFFFFFFFFFFF7F000600F000B403F00100000000000000E3
:2080D000000600F000B403F00000000090000000000600F000000000000700F00100000075
:2080F000000800F002000000000900F003000000911000F8D9FF0CCA0D00000202F4DC0F43
:2081100000000000000000000000000000000000911000F8D9FF08BA0D00000202F4DC0F2C
:2081300000000000000000000000000000000000911000F8D9FF04AA0D00000202F4DC0F20
:2081500000000000000000000000000000000000911000F8D9FF049A02F4DC0F000000001F
:2081700000000000000000000000000000000000911000F8D9FF008A0D00000202F4DC0F04
:2081900000000000000000000000000000000000911000F8D9FF3C6A0D00000202F4DC0FC8
:2081B00000000000000000000000000000000000911000F8D9FF12EA0D00000202F4DC0F52
:2081D00000000000000000000000000000000000911000F8D9FF10DA0D00000202F4DC0F44
:0281F0000090FD
:2081F800820C822D3C130757FFCF8755BFDFCE57460546048B1480408B05A050CE7746070A
:2082180046068B1680608B07A07082028203820082013A260B2700F26E023C4F0B6430F1BA
:208238000B7500F20B75A0F26E04024002513C453A640B7500F26E0382123C3F3B0004E06B
:208258000B6030F10B7100F20B71A0F2DE1087559FFF06116701801F8B1FE0060248025943
:2082780006156745805F0614C2FE3CEB0284029506F067101F0006F1C21E82087AE86E1D48
:2082980087559FFF06116701801F8B1FE0060B60C0A00B71D0B007BB9FFF06156745805FD1
:2082B800061406136723803F8B1FE0266E0302A002B1C2183FE8E67F76C7460346028B12E3
:2082D80080208B03A030DF2D0B00071DE0FF76F7460146008B1080008B01A01000906D0020
:2082F8004A3100900D0000036D002B28BB00805F02246D005B266D002428022F02F46D0090
:20831800732602F46D003D286D002F2802246D0007276D0013796D00486C6D00A3766D0052
:208338004B3591000046D94408046D002A0991000046D944080482146D00130A91200048EC
:20835800D9447C186D00E97691200048D94443486D00E3766D006733BC266D0064334024D0
:208378006D00DB769140004FD944000A82543B0008506D00B91491100048D9445A08912024
:208398000058D9554D283B001040A0068215A0076D00607091100048D9446A78912000582D
:2083B800D95554283B001040A0068215A0076D0051706D00D46391100048D9447A08912081
:2083D8000058D95559283B002040A0068225A0076D0040706D00756F3C013C000090405FD9
:2083F80091200048D9445F286D00977640F46D0094760D0040036D001B763C0200003CFFDC
:2084180000903C0E914000FFD9FF000ADA019B1F00F0865F6CF13BA00F406D00E26E3CF3DB
:20843800009020681D00D4006D008B27022F02F46D00DA2502F46D00A4273C0814A449A452
:20845800020A09A541086D00276049A4000A6D000E77DF02F5FF6D00D0636D0032356D006E
:208478007027022F02F46D00BF2502F46D0089276D000E70531220806D00C832910000F6E4
:20849800D9FF040414FF6E0DF62C910000F6D9FF000454F00B0880003B8038113F104180E6
:2084B80049A4380A49A5101A6D007E32825089A01408DA1889AF1608DA2489AF1508DA00B4
:2084D8003C0810AF10A20920780889F01708C21F3B8001003F0FF7FF49A4140A6D00EB77D3
:2084F800DA2589AF1508DA003C0810AF10A20920501889F01708C21F3B8001003F0FF7FF77
:2085180049A4140A6D00D777910000F6D9FF000474F8910000F6D9FF0404DA0134FF6D00CC
:208538000F6302286D00146389A21408370848F089AF1508370848F489AF16086D0050639F
:208558007623DA013C02DA0089AF17086D00F16289A218086D003D637623DA013C02DA007C
:2085780089AF190849A41C0A6D00337709AF6C086E0F8CAE3BA000004B0F010289A01508FF
:208598008CAF3BA000004B0F010289A0160849A4140A6D00B47A6D001C63370848F053AFFE
:2085B8002040370848F453AF205002266D002C7A6D000F63F6266D00BC62F6236D001B777D
:2085D8006D000C793BA000406D000B6E1DFF2EFF00903C036D0011753CFE00900D000003AB
:2085F8006D00AF26BB00805F02246D00DF246D00A826022F02F46D00F72402F46D00C126BD
:2086180091000046D94408046D00BB0791000046D944080482146D00A4086D00C66A6D005A
:20863800C44F6D003C406D00F6536D001A553C013C0000900D0000036D00832602246D00D2
:208658002A2591000046D94408046D009A0791000046D944080482146D0083086D00A56A9B
:2086780082046D0017496D0071556D00BA6A8B4201F06D00B66A1B421F806D00B26A1B825E
:208698003E903C1F6D0066496D00D4556D00A96AA2F20E278B4F01F06D0030006D001400B5
:2086B8006D009F6AA2820E251B481F806D00E5476D00976AA2920E251B893E906D00A900DD
:2086D8003CE200902028DA003C0F14A409A5410849A4030A09A642086D004449F6223C0C6B
:2086F8006D00CE76C21FFF8F088049A4000A6D009B76DF02ECFF009020F849A4142A6D0039
:20871800EF7949A4083A6D00647649A41C2A82043BC002506D00054F6D00636A89A22029EE
:2087380009AF542889AF242809AF582889AFA6283B0010F09B1F00F0783009AF8C3889AFEA
:20875800AC2809AF8E3889AFAE2849A4083A6D004D0089A234296D00347589A2B02809A46A
:20877800F0286D00F22F89A2322849A42C3A49A52E3A49A6303A6D00257909A4AC386D00AB
:20879800680089A2A82809A4AE386D00620089A2AA2849A4000A6D006E48580E09A03C0991
:2087B80042F0580D420F8202BF1019806E173B803E107F1F08803B803E10E2104BF01122B0
:2087D8003C083B803E104B1F11224B2011020202DAFF7F2F04803BF00F2089A23E2849A432
:2087F8001C2A6D00044900904C4282204B0F11024C4382224B2F112242204C428F1F0011A5
:208818004C43160126F10B1000203C010090203849A4000A6D00DD758CA278098CA3780A0D
:2088380049A4000A6DFFE2FF89A22C0909AF50086E03DA013C02DA00780C91200048D9446E
:208858007E2849A5240A82446D00157800902018024849A4000A6D0010798CA7E2F83B80B7
:208878003EF04BF801223BF0FFF77F2F04003BF0FF273B0000F87FF204003B0000283C01E0
:208898000090404F6D005D25022F02F46D00AC2314F0B700010034F002F46D0072250090E5
:2088B800094F4C18161F3C0182003E0E82103E0E82203E0F8240BE003B800000BE003B00A3
:2088D8000100BE003C1282023C126D008F203C0F6D00D81F3C0C6D00FC1F3C096D00801FB5
:2088F8003C066D00691F3C0382023C013C01009082F282003C17538020F0911000F8D9FFBF
:20891800203810FFD4FF7D4F0D80538020F0911000F8D9FF203810FF481F370F48203C049C
:20893800C210BF40EAFF3C010090404F40F46DFFB9FF09FFD408370F6CF0C21F4B0F41F1BE
:208958004BF251203C0100906DFFD4FF53C220F060FF9140003F30F3D93F002849F2080A01
:208978003C0100906DFFC6FF53C220F060FF9140003F30F3D9320028B0423C0100906DFFCC
:20899800B9FF53C220F060FF9140003F30F3D93200283C010090494F081A3C0554FF345F6F
:2089B800B015C2F4FF14FCFF02423C0100902018404F0B541088026A89A70C0909FF4C182A
:2089D800161F78043C0109FFD408370F6CF0C21F74AF40F46DFFABFFC2188B4860F3370F77
:2089F80068808B1A6003370068F078024B0861014B0941A0DA007801BB0000089BB05B04BC
:208A18004B0901F016038B0F20F26E08BBA070FD9B3FC2F34BFA41B03C353B0000F59B3FB6
:208A38007CF44BF901F0370F61F06E083BF026F19B3FA8F34BFA41B03C253B0040F29B4FC7
:208A580097F44BF901F0370F61F06E08BB7071FB9B1F8DF34BFA41B03C153B0062F39BEFBF
:208A7800AFF44BF901F0AE083BD07BF39B6F58F34BFA41B03C07BBC05AFC9B7F72F34BFA74
:208A980041B04BA251F04B0F7111821CDF0124803C20BF580C80C2F84B0861F14BF941A01E
:208AB8004BA251F04B0F71113C14DA0174AF3B00018040F46DFFF6FE4B0F61F14BF251209C
:208AD8004B0861F14BF941A04BA251F04B0F7111BF11E1FF8F411FF06E3A7B0018044B0988
:208AF80041004B0251004B0071018F401FF06E1C3C1754A0C21074A08F401FF06E053BF0B1
:208B1800FF0074A03C1040F46DFFCCFE54AF4B0F61F14BF251204BA251F04B0F71118F413D
:208B38001FF0EEE83C143C10C218DA107F8F05803B0001803C0C4B0861F14BF941A04BA28A
:208B580051F04B0F71118F411FF0EEEF0219821D82034B0C61F14BF241F04B0161014B0FC6
:208B780051006B0031FA82044B4F01F0AE046B00316A3C056B0031FA67FFBF6F4BB601F0D0
:208B980016038B0F20F26E03DA017801822C3C43DF2C05808214821E3C0773C30A004BD0A2
:208BB80011428B1400E03C324B0C61014B024100031C0A744B0761F14BF051706B0731FA3C
:208BD80082004B0F01F0AE046B07310A3C056B0731FA67FFBF0F4B0601F0370F61F16E0CEB
:208BF800020602CD031C0A943BF0FFF07F9F04803BF0FF9002434BB601F016038B0F20F257
:208C18006E04DA0178013C06C2143F4E04807FD9CDFFC21C5801EE053BF0FFF07FCFBAFFDE
:208C3800820440F46D003E0009FFE00837097000370F0CF089FFA00809FFE208370D7000FF
:208C5800370F0CF089FFA20809F0D40854AFC2FF370F70F037F00CF0ACFA09FF5608C2F860
:208C780037086800370F04F089FF160809F05708580237F004F089FF170858036E03DA013A
:208C98003C02DA0009F0570837F081F389FF170840F409A410096D00050082123C0100903D
:208CB800094F4C18374F05F0894F0C18F6493C01094F4F18370FE1F33C01EEFB3C093C016C
:208CD800094F4F18370FE1F33C01DF1FFBFF0090494F041A3C05145F74FFB015C2F4FF1473
:208CF800FCFF02423C010090200834A4DA01ACA149A5000A49A6020A911000F8D9FF382864
:208D180009F440096D00EE033C010090CC4288223C013C0100902008F4A4405DD4DFF44FB5
:208D380040F46DFFB0FD820440F46DFFBBFFDA0009F05A0837F002F089FF1A0809DFC8083E
:208D580009F0D408C2FF370F70F037F00CF0ACFA09D46C0840F46DFFA5FF09D4040909D599
:208D78004A0809D64D0809D74C0840F46DFF21FE0228820440F46DFF95FF09DF7C086E03A1
:208D980082103C028200087F370F01F22CF709DF56086E03DA013C02DA0009F05B0837F059
:208DB80001F389FF1B0809DF540809F05B0837F081F389FF1B0809DF510809F0590837F054
:208DD80083F089FF190809DF530809F05B0837F001F289FF1B0809DF550809F05C0837F032
:208DF80004F089FF1C0809D0580808CF370F02F32CFC09DF590809F0500837F002F389FF0A
:208E1800100809DF500809F0D80837F003F3ACFC09D05A0808DF8BF0200337006800370F9F
:208E380004F02CFD09DF5B0809F051088BFF20F3370F68F037F004F089FF110809DF520827
:208E580009F05A0837F002F089FF1A0809DCA809BD0C7900D4CEBD0E280009C0040809C9C8
:208E78005D084CE16E2109E4840909E44808370068506D00390F09E4840909E44808029510
:208E98006D00640FD4E2DA016E0382103C0282000C27370F81F22C27D4E20CEC0920460822
:208EB80037F002F02C2609CE8809BD0E1E0009C00C0809C95D084CE16E1709E4840909E4B1
:208ED8004808370068506D000F0F09E4840909E4480802956D003A0FD4E20CEC0920440889
:208EF80037F003F02C2409CE9009BD0E150009C5540809C95D0809E4840909E448080CEC90
:208F1800A6F56D00F10E09E4840909E4480802956D001C0F09CE9809BD0E150009C55C08C2
:208F380009C95D0809E4840909E448080CECA6F56D00DA0E09E4840909E4480802956D0088
:208F5800050F09D46C0840F46DFFACFEDA0089FF001982FF6CFFDA00D4A22C2E09DF6D08DC
:208F78002E0CDA016E03DA013C02DA0009F0421837F001F089FF021809DF6D082E1CDA01D1
:208F98006E03DA013C02DA0009F0421837F001F189FF021809DF6D082E2CDA016E03DA0169
:208FB8003C02DA0009F0431837F001F189FF031809DF6D082E3CDA016E03DA013C02DA006B
:208FD80009F0431837F081F189FF031809DF6D082E4CDA016E03DA013C02DA0009F043187F
:208FF80037F001F389FF0318DA002C2DDA002C2C09DF7D082C2FD20089205409DA006C242C
:209018000C2F82003E0482103E043C0682193C063BC000903C0382093C014CDC6E0C09D435
:20903800B00909D4AE0802956D006B28D4A4894284093C0909D4AE0802956D002028D4A4C9
:20905800894284094CDE6E0C09D4B80909D4B40802956D005628D4A4894288093C0909D44D
:20907800B40802956D000B28D4A48942880909D9660809DFE208EE03DF39228040F46DFFA4
:2090980073FC09DFE2081420370F68F037F008F0342F0C21379F82F12C210C2396022C234A
:2090B800DA016E03DA013C02DA0009F0431837F001F289FF03180C2196042C2109DFE00864
:2090D800EE03DF39228040F46DFF5BFC09DFE0081420370F68F037F008F0342F0C21379FAF
:2090F80082F12C210C2396022C23DA016E03DA013C02DA0009F0431837F081F389FF0318B1
:209118000C2196042C2109DFE4086E2140F46DFF1DFC09DFE4081420370F68F037F008F042
:20913800342F0C21379F82F12C210C2396022C23DA016E03DA013C02DA0009F0421837F022
:2091580001F089FF02180C2196042C21DA016E03DA013C02DA0009F0500837F081F089FFA0
:209178001008DA016E0382103C02820008CF370F81F02CFC09FF5008960189FF100808CFFD
:2091980096012CFC02823C010090F445DA00894F3C08DA01894F2C08DA01AC447B107EF4C9
:2091B8006C41DA032C4ADA002C4CDA032C4DDA00894F1008DA01894F1108DA01894F12088C
:2091D800DA00894F1308DA00894F1608DA00894F1408DA07894F1508DA01894F1808DA0188
:2091F800894F1908DA00894F1A08DA00894F1B08DA00894F1C08DA00894FA208DA00894FD1
:20921800A008DA00894FA408DA00894F2608DAFF894F2D08A00FEC4AA00FEC4EA00FEC4CB5
:20923800DA00894FAE08DA00894FB408DA00894F3D0800902010404F08CFEE2BC8128C2282
:209258003C016E03DA003C02DA013C01EE22DA012CFC08FF82003E0482103E0A3C14C81434
:2092780049A5000A8214D2066D0070273C0CC81449A5040A3BC00040D2066D0067270CAC86
:2092980034AF3C01D4F449A5000A82146DFF22FD0090D44F09FF760816013C016E0909FFA9
:2092B8007E08960189FF3E080C4E96012C4E09FF7608370F61F13C016E0909FF7E08960446
:2092D80089FF3E080C4E96022C4E09FF7708370F61F13C016E0909FF7F08960489FF3F0871
:2092F8000C4E96042C4E09FF7708370FE1F13C016E0909FF7F08960889FF3F080C4E9608A1
:209318002C4E09FF7708370F61F33C016E0909FF7F08964089FF3F080C4E96102C4E0090A8
:209338002020404F08FF82003E048210BE083C56D4F2092F5208161F3C01D4F449A5000A07
:2093580002F46DFF2AFBC82449A5000AD20602F46D00FF277623DA012CFD3C403C384DC08F
:20937800E2FF370FE1F78B0F20F23C010D00400300003C0185F010008203020285F12C00B0
:209398008200A620A6313C0191100028D922382809224009262026316E030D0000033C0166
:2093B80089A05009D4F449A5000A82146DFFF5FA14AF89AF1808C82449A5100A3BC0004018
:2093D800D2066D00C6277623DA012CFDD4F2092F5208161F3C01EEC43C0100902018404F96
:2093F8004DC0E2FF370FE1F78B0F20F23C010D00400300003C0185F010008203020285F14F
:209418002C008200A620A6313C0191100028D922382809224009262026316E030D000003F6
:209438003C0189F05409484FC21F6CF4C8128C223C016E03DA003C02DA013C01EE4008FF8E
:2094580082003E0582105F0F29003C38DA0089AF1008C8128C223C01370F7000D4F20C2EED
:20947800161F3C0189AF100809AF50088B0F01F1370F70F07FF00380020FC81449A5000AF9
:20949800370F5040D2066D006126D4F449A5000A02F46DFF1FFC3C12C81449A5000A3BC0B8
:2094B8000040D2066D0052260CA82CACD4F449A50C0A82146DFF0EFC3C013C03DA002CFCB5
:2094D8000090406F0B4510680944880994F46D003D2694FFA22FB4FF8B0200223C010090A4
:2094F800404F405C406D0B451088821208CFC81209209408370070A094D0DF003100EE1FC2
:2095180094DF7FFA1D00C814370A504040C50B8910686D001E2740F46DFF8EFEC81401CAE7
:20953800005694DFA2AF370F50400B8910686D001027022840F46DFF7FFE3C0CC81494D4A0
:2095580040C50B8910686D000427022840F46DFF73FE94DFA28FB4DF8B0800223C01009056
:2095780020088202DA0174AF54A0DA0002F14940C00874A054AFEE0282123C0100904DC0A2
:20959800E1FFD710210F494040080090404F40F46D002F0082504DC0E1FF16073C013E287D
:2095B8009110003030F3D933C04F54313C034D00D01F3701E2F05E1382003C173701E2F02A
:2095D800EE13534220F060FF9130003F30F3D93F1436081F16075E1382103C05081F16071D
:2095F8005E3282203C02825002023C010090823282003C17538020F0911000F8D9FFA0D7EC
:2096180010FFD4FF7D4F0D80538020F0911000F8D9FFA0D710FF481F370F68203C04C210D6
:20963800BF30EAFF3C010090DA00744F0090404F024F40F46DFFDDFF02286E031E325E4358
:2096580082093C0282195E23821A3C02820ADF194C804DC0E1FF16073C015F8F29006D0018
:20967800841E022F02F46D00E71C40F46DFFC1FF5342200060029130003F3023D93214367A
:20969800142037A00200342002F46D00A11E9110003030F3D933C04F543FB72F82F0911094
:2096B800003030F3D933C04F743F3C1E6D00491E022F02F46D00981C53482000600F913010
:2096D800003F30F3D93F14365348200060029130003F3023D9321436142037A0020034F0B8
:2096F80002F46D004E1E02923C01009082124DC0E1FF16073C01FF3F0B80538F20F09110EB
:2097180000F8D9FFA0D710FFD4FF3C02A00F3C017DF4048082023C10911000303043493359
:20973800088A543F06F4374F9FF09110003030434933088A743F3C010090404FDA0140F46D
:209758006DFFD6FF262F40F46DFF22FFF626821440F46DFF6EFF262F02F23C01009002487B
:20977800804FB70F1CF07B00000D7E0D804FB70F0CFAB77F03FE4DC0E10F7B000011E210D0
:20979800A20F3C02804F60FF82096D0017199130002F392F3506160F4B0F41F14BF251F0AA
:2097B8003C017BA047044B0F51F04B0861014B0F41F04B0F710185F110003C09000085FFF8
:2097D8001000A21F3F0F048082193C0554FF1607DF7FF6FF02923C0100906DFF82F56D007E
:2097F8003B3F0090913000FFD9FF004654FF370F6EF18FFF83813C01912000A7D9AA4089FE
:209818000D0080043B0098F0CD4FE00F0D00C0044D00E0FFB70F14F0CD0FE00F0D00C0046E
:2098380082117617DA009601CD4F20090D00C0044DC0E1FF8F7F00213C0153C22000600F6C
:209858009130003F30F3D93F004654F037006E018FF083313C0153C22000600F9130003F71
:2098780030F3D93F004654FF2E1B8F2320F0960154F0370070088F002100A6F074F08F230B
:2098980020F0960254F0370070088F002100A60F74FF3C0154FF1601DF1FFE7FDA007613B8
:2098B80082003C028210370F81F0CDCF20090D00C00453C220F060FF9130003F30F3D93F32
:2098D800004654FF2E1B8F2320F0960154F0370070088F002100A60F74FF86238F3340F1CE
:2098F80054F0370070088F002100A60F74FF3C0154FF6F0FFF7F0D00C00482014DC0E1FFB8
:209918008F7F00213C0153C22000600F9130003F30F3D93F004654F037006E018FF0833181
:209938003C0153C22000600F9130003F30F3D93F004654FF2E1B8F2320F0960154F037003D
:2099580070088F002100A6F074F08F2320F0960254F0370070088F002100A60F74FF3C016B
:2099780054FF1601DF1FFE7FDA00761382003C028210370F81F0CD0F04090D00C00453C2AF
:2099980020F060FF9130003F30F3D93F004654FF2E1B8F2320F0960154F0370070088F0048
:2099B8002100A60F74FF86238F3340F154F0370070088F002100A60F74FF3C0154FF6F0FD1
:2099D800FF7F0D00C004913000FFD9FF004654FF2E1B8F2820F0960154F0370070088F00C6
:2099F8002100A60F74FF8F2820F0960254F0370070088F002100A60F74FF3C0154FF160135
:209A1800DF1FFE7F911000F8D9FF004880FFCD4FE20F0D00C00491F001F8D9FF000480FFC8
:209A3800CD0FE20F0D00C004912000F7D9FF80C980FFCD8FE20F0D00C004913000FFD9FF72
:209A5800004654FF2E1B8F2820F0960154F0370070088F002100A60F74FF8F2820F0960383
:209A780054F0370070088F002100A60F74FF3C0154FF6F0FFF7F91000000D900000091007C
:209A98000010D911000091000080D988000091000090D9990000912000F7D9FFC0099120B5
:209AB8000027D922C00B40F4802080FFA2F0DA404BF0114282003C1E804FB70F1CF08F4FB9
:209AD8001F10804FBBF0FF2F0662262F06AFA6F1F606CD81E30F0D00C0043C0274F19AD470
:209AF8007E05CDC1E30F0D00C004404F4944001AC2103F40E3FFDA0074FF6D00361C022FD4
:209B180002846D00C81A02F46D000A1B6D00973D6DFF65FE6D00933D02846D00661B02F419
:209B38006D00A91B91100048D944F8A76D009D179130884F911000F8D9FFB8D980F46DFF9C
:209B5800FEFD9150884F911000F8D9FFDAA980F46DFFF5FD911000F8D9FF3CB8DC0F009094
:209B7800913000FFD9FF0C4654FF370F6EF18FFF83113C01912000A6D9AA408B0D00800456
:209B98003B0098F0CD4FE00F0D00C0044D00E0FFB70F14F0CD0FE00F0D00C004821276274B
:209BB800DA009601CD4F20090D00C0044DC0E1FF8F7F00313C0153C32000600F9130003FF8
:209BD80030F3D93F004654F037006E018FF083413C0153C32000600F9130003F30F3D93FA2
:209BF800004654FF2E1B8F2420F0960154F0370070088F002100A6F074F08F2420F0960219
:209C180054F0370070088F002100A60F74FF3C0154FF1601DF1FFE7FDA00762382003C020C
:209C38008210370F81F0CDCF20090D00C00453C320F060FF9130003F30F3D93F004654FFD4
:209C58002E1B8F2420F0960154F0370070088F002100A60F74FF86248F3440F154F0370065
:209C780070088F002100A60F74FF3C0154FF6F0FFF7F0D00C00482124DC0E1FF8F7F00315F
:209C98003C0153C32000600F9130003F30F3D93F004654F037006E018FF083413C0153C3C9
:209CB8002000600F9130003F30F3D93F004654FF2E1B8F2420F0960154F0370070088F0004
:209CD8002100A6F074F08F2420F0960254F0370070088F002100A60F74FF3C0154FF160184
:209CF800DF1FFE7FDA00762382003C028210370F81F0CD0F04090D00C00453C320F060FF16
:209D18009130003F30F3D93F004654FF2E1B8F2420F0960154F0370070088F002100A60F5C
:209D380074FF86248F3440F154F0370070088F002100A60F74FF3C0154FF6F0FFF7F0D0096
:209D5800C004913000FFD9FF0C4654FF2E1B8F2120F0960154F0370070088F002100A60FF2
:209D780074FF8F2120F0960254F0370070088F002100A60F74FF3C0154FF1601DF1FFE7F13
:209D980091F001F8D9FF008680FFCD4FE20F0D00C00491F001F8D9FF000480FFCD0FE20FD4
:209DB8000D00C004912000F6D9FF80CB80FFCD8FE20F0D00C004913000FFD9FF0C4654FF16
:209DD8002E1B8F2120F0960154F0370070088F002100A60F74FF86218F3140F154F03700ED
:209DF80070088F002100A60F74FF3C0154FF6F0FFF7F91000000D900000091000010D9117A
:209E1800000091000080D988000091000090D9990000912000F6D9FFC00B91200026D92209
:209E3800C00D40F4802080FFA2F0DA404BF0114282003C1E804FB70F1CF08F4F1F10804F57
:209E5800BBF0FF2F0662262F06AFA6F1F606CD81E30F0D00C0043C0274F19AD47E05CDC1D9
:209E7800E30F0D00C004404F4944001AC2103F40E3FFDA0074FF911000F8D9FF7478DC0F09
:209E98000090913000FFD9FF184654FF370F6EF18FFF83113C01912000A5D9AA408B0D001C
:209EB80080043B0098F0CD4FE00F0D00C0044D00E0FFB70F14F0CD0FE00F0D00C004821241
:209ED8007627DA009601CD4F20090D00C0044DC0E1FF8F7F00313C0153C32000600F913077
:209EF800003F30F3D93F004654F037006E018FF083413C0153C32000600F9130003F30F358
:209F1800D93F004654FF2E1B8F2420F0960154F0370070088F002100A6F074F08F2420F075
:209F3800960254F0370070088F002100A60F74FF3C0154FF1601DF1FFE7FDA00762382008F
:209F58003C028210370F81F0CDCF20090D00C00453C320F060FF9130003F30F3D93F0046C6
:209F780054FF2E1B8F2420F0960154F0370070088F002100A60F74FF86248F3440F154F026
:209F9800370070088F002100A60F74FF3C0154FF6F0FFF7F0D00C00482124DC0E1FF8F7F36
:209FB80000313C0153C32000600F9130003F30F3D93F004654F037006E018FF083413C018B
:209FD80053C32000600F9130003F30F3D93F004654FF2E1B8F2420F0960154F0370070085A
:209FF8008F002100A6F074F08F2420F0960254F0370070088F002100A60F74FF3C0154FFE9
:20A018001601DF1FFE7FDA00762382003C028210370F81F0CD0F04090D00C00453C320F03A
:20A0380060FF9130003F30F3D93F004654FF2E1B8F2420F0960154F0370070088F0021008F
:20A05800A60F74FF86248F3440F154F0370070088F002100A60F74FF3C0154FF6F0FFF7FCB
:20A078000D00C004913000FFD9FF184654FF2E1B8F2120F0960154F0370070088F0021006B
:20A09800A60F74FF8F2120F0960254F0370070088F002100A60F74FF3C0154FF1601DF1FB8
:20A0B800FE7F91F001F8D9FF000680FFCD4FE20F0D00C00491F001F8D9FF000480FFCD0FA5
:20A0D800E20F0D00C004912000F5D9FF80CB80FFCD8FE20F0D00C004913000FFD9FF18464A
:20A0F80054FF2E1B8F2120F0960154F0370070088F002100A60F74FF86218F3140F154F0AE
:20A11800370070088F002100A60F74FF3C0154FF6F0FFF7F91000000D90000009100001009
:20A13800D911000091000080D988000091000090D9990000912000F5D9FFC00B91200025F9
:20A15800D922C00D40F4802080FFA2F0DA404BF0114282003C1E804FB70F1CF08F4F1F1008
:20A17800804FBBF0FF2F0662262F06AFA6F1F606CD81E30F0D00C0043C0274F19AD47E0575
:20A19800CDC1E30F0D00C004404F4944001AC2103F40E3FFDA0074FF911000F8D9FF4C984B
:20A1B800DC0F0090200840BF3C0180F2370368F4B75F08F037F30834370468F037F3083037
:20A1D8004DC0E1FF16073C013703680837F003F037F308383C0189A2400909A0400900A0AF
:20A1F8000D00400200800090200840BF3C0180F2370368F4B74F08F037F30834370468F085
:20A2180037F308304DC0E1FF16073C013703680837F003F037F308383C0189A2400909A0F5
:20A23800400900A00D00400200800090200840BF3C0180F2370368F4B73F08F037F30834FE
:20A25800370468F037F308304DC0E1FF16073C013703680837F003F037F308383C0189A214
:20A27800400909A0400900A000800090200840BF3C0180F2370368F4B72F08F037F308342B
:20A29800370468F037F308304DC0E1FF16073C013703680837F003F037F308383C0189A2D4
:20A2B800400909A0400900A00D00400200800090200840BF3C0180F2370368F4B71F08F012
:20A2D80037F30834370468F037F308304DC0E1FF16073C013703680837F003F037F3083896
:20A2F8003C0189A2400909A0400900A00D00400200800090200840BF3C0180F2370368F438
:20A31800B70F08F037F30834370468F037F308304DC0E1FF16073C013703680837F003F001
:20A3380037F308383C0189A2400909A0400900A00D00400200800090200840BF3C0180F223
:20A35800370368F4B77F08F037F30834370468F037F308304DC0E1FF16073C0137036808D5
:20A3780037F003F037F308383C0189A2400909A040090D00400200800090200840BF3C01DB
:20A3980080F2370368F4B76F08F037F30834370468F037F308304DC0E1FF16073C013703A3
:20A3B800680837F003F037F308383C0189A240090CA48FFF0F416D00244E0D0040020080A4
:20A3D8000090200840BF3C0180F2370368F4B76F08F037F30834370468F037F308304DC0E3
:20A3F800E1FF16073C013703680837F003F037F308383C0189A2400909A040090D004002EB
:20A4180000800090DA000950DA08370F0EF009505C08370F03F809505D08370F81F90950E6
:20A438005E08370F01FA09505F08370F83FA09506108370F01FE09506008370F03FC6C451C
:20A45800820109506408370103100950650837018111095066083701041409506B083701A6
:20A47800011A09506708370103120950680837018113095069083701041609506C083701DE
:20A49800811A09506A083701041809506D083701011B09506E083701011C09506F0837019C
:20A4B800811C095F70086E0382203C028200095F71086E03DA013C02DA00A6F03701021D02
:20A4D800095F720837F1041E095F730837F1811B89411009095F06096C42095F0A096C435F
:20A4F800095F16096C41095F1209744F095F6A086E0A095F6A081E17095F6A081E24095FE5
:20A518000E096C460090F4450090404F405CD4C2D42DF4FD09CF04082CF409CF0408530F04
:20A5380022F010D2D9220002E822C82440C56DFF6BFF820009CF63086E05DA0137F00108FE
:20A558003C04DA0137F0810809FF0408534F20F010D25920C08109CFF4086E22D4F209FF84
:20A578000408BC21534F20F060FF9140003F30F3D93F40483C0109C0760809CFF40814F199
:20A59800370F68F037F108F034FF081F370F82F12CF1083F96022CF3081F96042CF1009049
:20A5B8002038911000F8D9FFB8D749FF000A49A2000AA0D644FF642FFC6E49AF000A4942A1
:20A5D800000AA0D644FF642FFC6EF4450090404F6D00B716022F02F46D00061591A0003001
:20A5F80030F3D933C04F5430B700010091A0003030F3D933C04F743002F46D00C2160090BB
:20A618006D00DC11913000FF39FF3506370F64F24B0F41F14BF251203C013C01009037047A
:20A638006800DA084BF00102DA0203F10AF6370F68F0DF15068082220FF210203C048212E9
:20A658000FF210203C010090404F024F0268820602F46DFFE6FF02201607061F82310FF1B4
:20A67800001040F2B0420213020249224008768749FF080A0213020249F240080090404FB0
:20A69800024F0268820602F46DFFCBFF02201607061F82310FF1001049F2100A021302029E
:20A6B80049224008768749FF140A0213020249F240080090404F024F3B00016002F46DFF62
:20A6D800B0FF02201607061F8B0F0110DA030F1F00F002F3020249F240080090DA01744FFF
:20A6F8000090BC41DA024BF50102534020F053042100600F9140003F30F3D93FC06910F296
:20A718003C010090804F53042800420F60FF3C01481F375F03F66CF10090804F53042800E8
:20A73800420F60FF3C0168550090804F53042800420F60FF3C0168350090804F5304280011
:20A75800420F60FF3C0168450090804F53042800420F60FF3C0168250090804F5304280011
:20A77800420F60FF3C01481F375F02F06CF10090804F53042800420F60FF3C014890DA000B
:20A798006CF948BF375F02F06CFB68907663DA013C02DA0037F001F0767382103C0282002F
:20A7B800370F81F06CF90090804F53042800420F60FF3C01DF15048082103C028200481F69
:20A7D800370F81F56CF10090404C405F8218D4F2F4C2084F2CC4084F3B008000E20FD4F267
:20A7F8001022911000303023D93D000D89CD880909FF05082CC549DE001A89CE8C0909FFA6
:20A8180052085E1709F40508821540E46DFF54FF09F4050809F5500840D46DFFC7FF09F42A
:20A838000508086540D46DFF9AFF487F6E08C87409F4600809F561086D00BE0109FF540898
:20A858001E1509FF5508DF1F278009F4050809F5560809F6540809F7550840D46DFF8AFF7C
:20A87800D4F4084409F505086DFF3DFF09F0570809FFD8081421370F68F037F108F0342F63
:20A898000C21370F82F12C210C2396022C230C2196042C2109FF52085E1E09F405084825EE
:20A8B80040D46DFF54FF09F40508483540D46DFF3EFF3C0D09F40508482540D46DFF3FFFEB
:20A8D80009F40508483540D46DFF29FF09F405088215820640E46DFFB9FE09F40508821520
:20A8F800820640E46DFFCDFE09FF53085E1509C48C096DFFF5FE02823C010090F445DA0062
:20A918002C44DA002C45DA146C42DA0A6C43DA01894F1008DA022C46DA00894F1108DA0077
:20A93800894F1208DA01894F1308DA00894F1408DA00894F1508DA02894F1608DA00894F1E
:20A958001708DA00AC4CA00FEC47DA80894F2008DA00894F21080090594400C00090404FCB
:20A97800024F025840F402F46D007100F623DF0853008200BE0182103E0F82203E0D8230FA
:20A998003E0B82403E0982503E078260BE0582705F0F29003C3D40F46D004100534F20F0FB
:20A9B80010FF19FF0CC0370F78F0C21F4B0F41F14BF251203C2F19FF24C0EF8F0F8040F41B
:20A9D8006D002D0019FF24C0370F78F0C21F4B0F41F14BF251203C05821440F46D00E700A1
:20A9F8003C1919FF28C0EF8F0F8040F46D00170019FF28C0370F78F0C21F4B0F41F14BF2CD
:20AA180051203C05820440F46D00D1003C0382023C013C0282023C010090194F08C0370F6F
:20AA380078F04B0F41F1194004C0370078004B0041014B0F51F06D0006004BF241203C01C8
:20AA580000906DFFDFFD3C010090194F00C053242000570F62F08B3F00223C010090404F7A
:20AA78000B54108840F46DFFDAFF4B8251007B00F8136B0131004B0071814B0861116B019F
:20AA980031007B00F0134B1001F0370F61F16E02C2186D005614022A02A46D00A512DA001A
:20AAB800BE90DA013E9EDA023E9CDA033E9ADA043E98DA053E96DA06BE91DA07BE963C1CEB
:20AAD800534920F010F2534920F010FF19FF0CC0378F18F0592F0CC03C1019FF24C0378FE1
:20AAF80018F059FF24C03C0919FF28C0378F18F059FF28C03C023C0102A46D004214009033
:20AB1800404F0248028940F46DFF9DFF0223821A821B82153C2982044B0561014B0351202C
:20AB380002563C1D4B0661014B0241006B003108B700810F4B900110370161F06E0402092E
:20AB58000B6510A8BBD0CC0C9BC0DC034B0901F0370F61F06E0382143C04C2F6FF16E4FF45
:20AB780076423C08C215BBF0FFFF9BFF0FF03FF5D4FF6D00E613022802846D00351219FFBF
:20AB980004C037BF18F059FF04C019FF04C037BF18F059FF04C019FF08C037AF18F059FFA3
:20ABB80008C002846D00ED130090BC41764182023C010090404F0258481F8FCF1F00481FF9
:20ABD800160F532F2010082F0F1F00F082320F12002053402000600291A0013F3023D93258
:20ABF800F04F542082F1C621261026F2A6207420C82408CF09F55008A64502F46D007400AD
:20AC1800C82408C402856D00A10000900C41534F2000144F534F20F060FF91A0013F30F328
:20AC3800D93FD04FDA0F0F0F00100C4C0F0F00F054F082F2C612262026F1A61074F0DFF46E
:20AC58000A00CC410C483704685040F402F46D004B000090404F40546D001B00DA003E2821
:20AC7800DA013E28DA023E28DA033E283C0982043C0982143C0782643C0582743C0382042B
:20AC98003C01821540F46DFF6CFE3C0100904C49370FE2283C0100904C4C764382103C021E
:20ACB8008200370F01F0765382103C028200370F01F1766382103C028200370F81F07673A5
:20ACD80082103C028200370F81F16C4C009009403009DA006C4C4C4E374F02F06C4E894061
:20ACF80030090090404F0B4510A849FC100A82404B0A01828F3A00F1538F20C09140002F67
:20AD1800D922000E7D2F15806D001B13022F02F46D006A1109F0201982110FA1101082F21E
:20AD3800C621261089F0201902F46D002A13534820F010CFDAFF0FCF00F00FCB10B002F3CC
:20AD580002B249F240080090404F0B4510886D00F812022A02A46D00471149FF001ADA084B
:20AD78004BF801028F7800F1534F2040534020F010FFDA0F0F4F00F00F49109002F3029211
:20AD980049F2400802A46D00FC1200902020404CDA084BF401826D00370D534920F010A2E8
:20ADB800534920F010CF488F742F09CF500816FFC21F4B0F41F14BF25100534920F010AFCB
:20ADD80014FF163FC21F4B0F41F14BF05100534920F010AF14FF370F62F39211534920F092
:20ADF80010AF081F160342F1534920F010AF081F370F62F142F14B0141F14BF051203C0144
:20AE1800009020080248405F37057FF08B0F20F26E01820949A6000A028440F56D003900CE
:20AE3800DA0037F9019014AF37F983900CA137F903920CA237F983930CA337F903950CA4CC
:20AE580037F983960CA537F9039809FF5508EE03DA003C02DA0137F98199DA0037F9019ADD
:20AE780009FF5108EE03DA003C02DA0137F9819ADA0037F9019B09FF5208C2FF370F70F0BB
:20AE980037F9859B3789049E02923C010090405C406D82088209DA084BF40122094F500835
:20AEB80016FF9210534320F0104F09FF6008163FC21FE2F0534320F0104F09FF6008370F8B
:20AED80062F39211534320F0104F09FF6108160342F1534320F0104F09FF6108370F62F191
:20AEF80042F173100AA0820B3C4E534B20F010CF54FFE2AF4B0F61F17B0000044B0F51C0BC
:20AF1800820D820E3C328210532E20F00FF010004B0041F14BFC51F07B00F0036B00214F0C
:20AF38006D00131BFF922180532E20F00FF210F04B0F41F14BCF01F016068B0F20F26E09C4
:20AF5800C2F28B0240F3370F689002E8821D3C0FFF820B809A12C2FF8B0F40F3370F6890CF
:20AF780002E8821D3C04C21EBF8ECFFFF6D382798278532B20F010DF2819532B20F010DFFC
:20AF980034F8C21BBF3BB3FF0090404F405C7641820854FF6E016D00370C3C0109FF5008D9
:20AFB80016FFC21F4B0F41F14BF251F03C017B00F8034BF0513054C03B800040821502461C
:20AFD80037007F10BA016E037B00F8037B00F8134B0151703B0040929B499794024A3C4D6D
:20AFF8004B0A41014B0341004B0751107B00F0236B0221114B0131B1DA407FBF05003B006D
:20B0180004B03C0973AB0A10FF410400822B3C034EB2821B4B0B41114B1041006B07311023
:20B0380082024B2101F0AE046B0731003C056B0731F067FFBF0F4B9001F06F2F1E804B90D7
:20B0580001F0AE264B9001F0AE036F060580020902A602B56F061180DA004BF001F0AE2751
:20B07800DA004BF001F0370F61F06E03DA003C02DA016E023C04C2FAFF2AB47F3F54090053
:20B098006F0607006F050580025F026502F6DA024BF601229AD2370F4800C2F5370568F0DE
:20B0B80037F80680DA024BF601421A52C2FF370F68F037F802838E03020F3C02DA0037F8FB
:20B0D80002858E0382323C01370268F037F8028409CF5408EE03DA013C02DA0037F801863B
:20B0F80009CF5308EE03DA003C02DA0137F8818609CF580837F8018702823C010090024861
:20B11800BC416D00810BDA004BF801F0AE217B0008F44BF841F04BF251004B0031F14B0F04
:20B1380041F16B0F31F07B00F0134B1F01F0AE244B0031F13C044B0031F1C21F8B1F401387
:20B15800534120F04B0F61F14BF251F06B0F31F882004B0F01F0AE0A534120F04B0F61F191
:20B178004BF251F06B0F31583C0B534120F04B0F61F14BF251F06B0F31F867FFBF5F824632
:20B198003C2D4B0661F14BF841F04BF251F07B00F0036B0021FF4B0F7101F6023C237360AA
:20B1B8000AF04B0F61F14BF251306B0331F882044B4F01F0AE046B0331383C056B0331F80A
:20B1D80067FFBF3F4B5301F0AE230235020137057FF0BA0F6E023C06C2163B801FF07F6FA3
:20B1F800D2FFC2F18B0140233C01009082F282003C17538020F0911000F8D9FFF49710FFC0
:20B21800D4FF7D4F0D80538020F0911000F8D9FFF49710FF481F370F48203C04C210BF40D6
:20B23800EAFF3C010090494F102A3C0554FFB45FB025C2F4FF14FC7F0090494F102A3C050B
:20B2580054FF745FB045C2F4FF14FC7F0090494F102A3C0554FF345FB015C2F4FF14FC7FE5
:20B278000090DA084BF40102534120F0104F49FF241A3C06095FC00874FFB025C2F5FF15F4
:20B29800FB7F0090DA084BF40102534120F0104F49FF241A3C05545F74FFB045C2F5FF15B8
:20B2B800FC7F0090DA084BF40102534120F0104F49FF241A3C05145F74FFB015C2F5FF1507
:20B2D800FC7F0090094F5908EE047B1000003C028210CC420C4C0FF0100068100090094F70
:20B2F8005908EE0382103C037B100000CC420C4C0FF0100068100090404E405C406D0248EA
:20B31800D4E46D0025040229DF093780D4EFF4FE821089E0300889ECBC0989E88018821040
:20B3380089E01B0889ED841989E8881809EF4C186E0440E46DFFC8FF09EF5D081E1409EF99
:20B358005D085E3540E46D00E3073C1609EF5D08DE40C812C81F09FFD818C2F83708700073
:20B37800370F10F0892F981840E46D00D1073C0440E46D004E0402923C010090D4423C01C7
:20B3980000908202D44F094F7008EE0348AF6E0282123C0100902008404C405D09D2B809E8
:20B3B800F4C209D2BC09F4A2DA0089CF300809DF740889CF1C0809DF750889CF1D084CD938
:20B3D8006CC44CDA6CC509DF52080920510837F001038920110849DE2C0A5E1754EFEE0515
:20B3F800DA0089CF18083C0E54EF6E08CCDB481F370F68F089CF18083C0509DF600889CFD3
:20B41800180809C05808DA084BF00182534920F0D4A4104F029440D56DFFB9FD022F6CF846
:20B4380009C4580840D5B04554D5D4A46DFFEBFC022F6CC1821009CF58080FF000008F0013
:20B45800011009DF5708EE03DA003C02DA0109C458080F4F10F0D4A4494F081A8F0001400B
:20B47800A640A6F10203021249F240080CC7370F64F28F7F00416DFF8BFC4B0271F189CFE3
:20B49800360954EFEE05DA0089CF0C183C39D4EF09F2C80989C2C80909DF570889CF1908E9
:20B4B80009DF5108EE18DA0189CF0C1840C46DFF18FFD4EF09D5700809DA7108DA80C82494
:20B4D80008C4A6F56DFF10FCC82408C402A56DFF3DFC3C16DA0089CF0C18D4EF09D57008B0
:20B4F80009DA7108D4E2092F5008C82408C4A6F56DFFFAFBC82408C402A56DFF27FC09DF08
:20B51800560889CF1A0809DF801909FF5A086E13911000FF09D2801909201908534920F0C5
:20B53800D4A210224922241A530022F010FF802F59FF0C02D4CFF4FC82023C010090DA005B
:20B55800744FDA01894F1008DA01894F1108DA00894F1208DA00894F1308DA00894F140812
:20B57800DA01894F1508DA08894F1608DA00894F1708DA006C42DA006C43DA006C41DA00C8
:20B59800894F1808DA00894F1908DA00894F1C08DA00894F1D08DA00894F1E08DA00894F91
:20B5B8001F08A00FEC4BDA80894F3008DA00894F3108A00FEC4BDA00894F3008DA00894F8F
:20B5D8003408DA02894F350882FF6C49DA006C4ACC51EC4F495F080A894F80198945B8094E
:20B5F8000090404D405CBBF0FFFF89DF141909CF56086E44823840D46DFFFAFD538221F03D
:20B6180060FF9140003F30F3D93F10683C0109CF1508370F70F014F0370F68F037F008F057
:20B6380034FF081F378F82F12CF1083F96022CF3081F96042CF140D46DFFDAFD538221F029
:20B6580060FF9140003F30F3D93F1068B04F3C0109CF1408370F70F014F0370F68F037F011
:20B6780008F034FF081F378F82F12CF1083F96022CF3081F96042CF13C6D09CFDC086E213A
:20B6980040D46DFFB5FD538221F060FF9140003F30F3D93F10683C0109C06C0809CFDC0822
:20B6B80014F1370F68F037F108F034FF081F370F82F12CF1083F96022CF3081F96042CF1A3
:20B6D80009CFDA086E2240D46DFF92FD538221F060FF9140003F30F3D93F1068B04F3C01B5
:20B6F80009C06C0809CFDA0814F1370F68F037F108F034FF081F370F82F12CF1083F960269
:20B718002CF3081F96042CF109CFDE086E2340D46DFF6EFD538221F060FF9140003F30F362
:20B73800D93F106849FF080A3C0109C06C0809CFDE0814F1370F68F037F108F034FF081FB2
:20B75800370F82F12CF1083F96022CF3081F96042CF100902040404D405FC81E911000CFAD
:20B778006D00EF0D022802846D003E0C14EFB70F01F034EF088F6E03DA003C02DA0114E015
:20B7980037F081F134EF02846D00FB0D820848A440E46DFFB6FC370268F037F80880DA0FF1
:20B7B80037F80485DA0037F8828C089F6E03DA013C02DA0037F8818DDA0737F8048E89E847
:20B7D800100948AF6CD9820009FFDE086E043BF01FF03C02DA0037F00900820109FFDC0829
:20B7F800EE0409FF56086E02821137108104820109FFDA08EE0409FF56086E0282113710FB
:20B81800010508BF37F0020808CF37F0020909FF580837F0020D09FF590837F0020E89E062
:20B838001409C8446D00D10089DE840909FF5608DF0F8B00DA0189DF220849A4000A40C54D
:20B858006DFF63F649A4040A49A5000A6DFFAAF609FF150889DF210809DF21082CA8DA0097
:20B8780089AF2708DA0189AF3408DA0089AF0A09DA0089AF2A08DA0089AF2F08DA00ACAF13
:20B89800DA0089AF230849E2241A802F89AF0E09DA0089AF2D08DA0189AF3008DA0089AF48
:20B8B8002108DA0089AF2208DA0089AF200809FF6C0889AF3A0809FFDC0889AFB80849D4DA
:20B8D800140A49A5040A6DFF22F609FF140889DF200809DF20082CA8DA0089AF2708DA01FE
:20B8F80089AF340849E2102A802F89AF0A09DA0089AF2A08DA0189AF2F08DA0089AF0E09A6
:20B91800DA0089AF2D08DA0089AF3008DA00ACAFDA0089AF2108DA0089AF2208DA0089AFC0
:20B938002308DA0089AF200809FF6C0889AF3A0809FFDA0889AFB80849D4080A49A5040A87
:20B958006DFFE5F53C04DA0089DF220840E440F56DFF49FE09EF5308960189EF13080090C4
:20B97800DA00344FDA00AC4DDA00AC4EDA00AC4FDA00894F2C08DA00894FA008A00FEC49B2
:20B9980089458409DA002C48DA002C49DA002C4ADA002C4BDA002C4CDA00894F1808DA00F8
:20B9B800894F1908A00FEC4482FF894F140882FF894F1508DA00894F1608BB00C2FB9BEFDA
:20B9D800C3F46C4A0090404CBD0C3B00D4CFBCFF0CC409C85508C814088408C5A6F56DFF2A
:20B9F80083F9C814088402856DFFB0F9CCC2BCFF0CCC09C85508C814088408C5A6F56DFF24
:20BA180073F9C814088402856DFFA0F9CCC4BD0F180009CF140809C85508C8140884370F6A
:20BA380068506DFF61F9C814088402856DFF8EF9D4F2D4F40C4408C0370F03F02C240090CF
:20BA5800404FC812092FC0188FFF1FF13C01BBF0FF0F8920141940F46DFF92FC402C9110B0
:20BA780000DF2E04821089C020082E14821089C021082E24821089C022082E74821089C080
:20BA980027082E34821089C023082E44821089C024082E54821089C025082E64821089C087
:20BAB80026086E0D09CF4C186E0440C46DFF0CFCDA0089CF300840F46D00A80009FF62087A
:20BAD8006E3109F02008530022F010D2392F1E02370F61F18B0F20F25E1C530022F010D2BA
:20BAF800530022F010D4394F1F029604E92F1F023C0109F02108530022F010DF39FF1E025E
:20BB1800370F61F18B0F20F25E1C530022F010DF530022F010D2392F1F029604E9FF1F0288
:20BB38003C010090404CD4C46D001B00D4C2D4CF48BFC21F6C2B0090404CD4C46D00690032
:20BB5800D4C2D4CF48AFC21F6C2A0090DA01494F2808EE0382023C0282123C010090404C53
:20BB7800D4CFC81449CD041A094F4218370FE3F13C0109C088180BF080F1370F508054DFD3
:20BB9800EE0A82003C05094110293C01C2103F80FC7F3C2609C05A08FF900B80D4D5028430
:20BBB8006DFF57FBD4DF01F800F6F4DF3C1909C05A08DA103F0F0C80D4D502846DFF35FB2B
:20BBD800532820F0D4DF10FFF4DF3C0AD4D502846DFF35FB534820F0D4DF10FFF4DF09CF04
:20BBF8008818A28F89CF881809CF8818EE0D09CF4C186E0440C46DFF74FBDA0089CF3008FA
:20BC1800D4C46D0003000090DA006C4A00902008404C49CD3C0AD4CF09FF6208DF0F8802B7
:20BC3800911000EFC814F4A46DFFE2FA538221F03C0109F8210809F920084DC0E2FF370FF5
:20BC5800E1F78B0F20A23C010D00400300003C0109C08018BF20E60009C08018C2F053083A
:20BC780022F010EF530822F010E2B92F140237007000370F0EF0F9FF140209CF5A08FF9F6D
:20BC980010808200530822F010EF530822F010E2392F1602370F83F2E9FF16023C2109C04E
:20BCB8005A08DA103F0F10808210530822F010EF530822F010E2392F1602370F83F2E9FFC2
:20BCD80016023C0E8220530822F010EF530822F010E2392F1602370F83F2E9FF160254DF0F
:20BCF800EE4049CF100A80FFB70F1C007B0000FDFE014DC0E1FF16073C0149CF100A80F00B
:20BD1800B7000C0AB770030E7B000011E21FA2F03C0449CF100A80F0530822F010EF59F050
:20BD38000802820082118222530822F010EF19F31002370303303713813137230434530848
:20BD580022F010EF59F31002530822F010EF530822F010E2392F12029610E9FF12023C3AFD
:20BD780054DFB70F1C007B0000FD7E0F4DC0E1FF16073C0154D0B7000C0AB770030E7B00A6
:20BD98000011E21FA2F03C0254D0530822F010EF59F00802820082118202530822F010EFC1
:20BDB80019F31002370303303713813137230434530822F010EF59F31002530822F010EF1C
:20BDD800530822F010E2392F1202B70F01F2E9FF1202D4AF49FF241A530822F010E280FFD4
:20BDF800592F0C02820082118202530822F010EF19F3100237030332371381333723043671
:20BE1800530822F010EF59F31002530822F010EF530822F010E2392F1F029604E9FF1F0249
:20BE380009C08018530922F010EF530922F010E2B92F140237007000370F0EF0F9FF1402C5
:20BE580009CF5A08FF9F10808200530922F010EF530922F010E2392F1602370F83F2E9FFF0
:20BE780016023C2109C05A08DA103F0F10808210530922F010EF530922F010E2392F160263
:20BE9800370F83F2E9FF16023C0E8220530922F010EF530922F010E2392F1602370F83F2DB
:20BEB800E9FF160209CF0419EE4049CF140A80FFB70F1C007B0000FDFE014DC0E1FF16072F
:20BED8003C0149CF140A80F0B7000C0AB770030E7B000011E21FA2F03C0449CF140A80F05D
:20BEF800530922F010EF59F00C02820082118222530922F010EF19F3100237030332371369
:20BF1800813337230436530922F010EF59F31002530922F010EF530922F010E2392F1202AD
:20BF38009620E9FF12023C3D09CF0419B70F1C007B0000FDFE004DC0E1FF16073C0109C061
:20BF58000419B7000C0AB770030E7B000011E21FA2F03C0309C00419530922F010EF59F0AD
:20BF78000C02820082118202530922F010EF19F3100237030332371381333723043653091A
:20BF980022F010EF59F31002530922F010EF530922F010E2392F1202B70F81F2E9FF12029C
:20BFB800530922F010EF530922F010E2392F1F029604E9FF1F02BBF0FFFFD4A4894F14194A
:20BFD8006DFF16F9538221F060FF9140003F30F3D93F10683C01083F96022CF3D4A46DFFA7
:20BFF80007F9538221F060FF9140003F30F3D93F1068B04F3C01083F96022CF3D4A46DFF03
:20C01800F7F8538221F060FF9140003F30F3D93F106849FF080A3C01083F96022CF3530920
:20C0380022F010EF530922F010E2392F1F029604E9FF1F02534920F010EF534920F010E202
:20C05800392FC2819601E9FFC28109CF8018BF2F2B00530822F010EF530822F010E2392F9F
:20C078001F029604E9FF1F02534820F010EF534820F010E2392FC2819601E9FFC28109CF58
:20C098005C08EE094CC18200370F01F0D4AF89FF20193C084CC18210370F01F0D4AF89FFFE
:20C0B80020193C4054DFEE0C4CC18210370F01F0D4AF89FF20194CC489FF24193C334CC11B
:20C0D8008210370F01F0D4AF89FF201909CF5A08FF9F0C80D4DF09CF801810FF09FF7FF826
:20C0F800D4AF89FF24193C1E09C05A08DA103F0F0F8009CF8018C2FF532F20F0D4DF10FF0F
:20C1180009FFC008D4AF89FF24193C0C09CF8018C2FF534F20F0D4DF10FF54FFD4AF89FFA4
:20C13800241976A30D0000031D00F10009CF8018BF1FED00C81E0CC7370F644209EF421841
:20C1580016073C018B4F000109CF5B085E12C2F009CF80187E02C2F009CF80180B0F80F198
:20C17800370F5080BF18D30009C08018A28089C0801809CF8018EE0382113C02820109CFF6
:20C198005B08DE12BF28110009CF80186E0D4DC0E20F3700E1078B0020923C010D0040036A
:20C1B80000003C013C084DC0E20F3700E1078B0020923C0109CF5B08DE14820089C01B0834
:20C1D80009CF5C08EE084CC18200370F01F089EF20193C074CC18210370F01F089EF2019D4
:20C1F80054DFEE1E09C01009DF01130082013C0489E02419C2119AF83FF1FC7F4CC18211FA
:20C21800371F01F089EF201989E024193C08DA003C0489E02419C21F3F8FFD7F3C7409CFB1
:20C238005A08FF9F2480DF011800BF280800D4D59AF840E402F56DFF37F84CC18210370F85
:20C2580001F089EF2019D4DF01F800F609FF7FF889EF24193C06D4D540E402856DFF24F830
:20C27800D4DF01F800F6F4DF3C4E09C05A08DA103F0F2780DF011A00BF280800D4D59AF879
:20C2980040E402F56DFFEFF74CC18210370F01F089EF2019C2F8532820F0D4DF10FF09FF83
:20C2B800C00889EF24193C0BD4D540E402856DFFDAF7532820F0D4DF10FFF4DF3C24DF01B1
:20C2D8001900BF280800D4D59AF840E402F56DFFDBF74CC18210370F01F089EF2019C2F869
:20C2F800534820F0D4DF10FF54FF89EF24193C0BD4D540E402856DFFC7F7534820F0D4DF8E
:20C3180010FFF4DF76930D00000300902008404F49FD3C0AD4FC09FF801882404B0F0102A8
:20C33800F61909FF801882404B0F0102370068F03C0909FF801882404B0F0102370068F0F5
:20C35800C21F370F688009FF5D089E4B09F08018DA104BF00102F61909F08018DA104BF0E2
:20C378000102370068F03C0909F08018DA104BF00102370068F0C21F42F8C2F8370868808A
:20C3980009CF6208DF0F1702911000EF09C48409F4A46DFF2DF7538221F03C0109C921080C
:20C3B80009CA20084DC0E2FF370FE1F78B0F20B23C010D00400300003C01530922F010E2C8
:20C3D800530922F010E4B940140237800E00F92014028220530922F010E2530922F010E47C
:20C3F800394F1602370F83F2E92F160254DFB70F1C007B0000FD7E0F4DC0E1FF16073C0139
:20C4180054D0B7000C0AB770030E7B000011E21FA2F03C0254D0530922F010E25920080277
:20C43800820082118202530922F010E219231002370303303713813137230434530922F034
:20C4580010E259231002530922F010E2530922F010E4394F1202B70F01F2E92F120209FFF9
:20C478005D089E4DD4A249221C1A530922F010E4802F594F0C02820082118202530922F06F
:20C4980010E219231002370303323713813337230436530922F010E259231002530922F0E7
:20C4B80010E2530922F010E4394F1F029604E92F1F0209FF801882404B0F0102F61909FFBE
:20C4D800801882404B0F0102370068003C0909FF801882404B0F010237006800C210530A1C
:20C4F80022F010E2530A22F010E4B94F140237007000370F0EF0F92F14028220530A22F065
:20C5180010E2530A22F010E4394F1602370F83F2E92F160209FF0419EE4049F2140A802FC8
:20C53800B70F1C007B0000FDFE014DC0E1FF16073C0149F2140A8020B7000C0AB770030E45
:20C558007B000011E21FA2F03C0449F2140A8020530A22F010E259200C02820082118222CA
:20C57800530A22F010E219231002370303323713813337230436530A22F010E25923100204
:20C59800530A22F010E2530A22F010E4394F12029620E92F12023C3D09FF0419B70F1C00C1
:20C5B8007B0000FDFE004DC0E1FF16073C0109F00419B7000C0AB770030E7B000011E21FFE
:20C5D800A2F03C0309F00419530A22F010E259200C02820082118202530A22F010E219233E
:20C5F8001002370303323713813337230436530A22F010E259231002530A22F010E2530A63
:20C6180022F010E4394F1202B70F81F2E92F1202530A22F010E2530A22F010E4394F1F028E
:20C638009604E92F1F02BBF0FFFFD4A4894F14196DFFDEF5538221F060F29140003F30230F
:20C65800D93210683C010C2396022C23D4A46DFFCFF5538221F060F29140003F3023D9329E
:20C678001068B0423C010C2396022C23D4A46DFFBFF5538221F060F29140003F3023D932A7
:20C6980010684922080A3C010C2396022C23530A22F010E2530A22F010E4394F1F02960433
:20C6B800E92F1F02534A20F010E2534A20F010E4394FC2819601E92FC28109FF5D08DF3FA1
:20C6D800298009F08018DA103FF0090009F0C608DA0F37F085F3ACF33C0B09F0C60809FFE2
:20C6F8008018C2FF370F70F037F085F3ACF309F08018DA103FF00700084FB70F01F02CF406
:20C718003C04084F96012CF4086F96402CF63C2C09FF5D08DE1E09F08018DA103FF00900C0
:20C7380009F0C608DA0F37F085F3ACF33C0B09F0C60809FF8018C2FF370F70F037F085F33F
:20C75800ACF3084F96012CF4086F96402CF63C0C084F96012CF4086F96402CF609FFC6080A
:20C77800B70F85F3ACF3530922F010E2530922F010E4394F1F029604E92F1F02534920F0DA
:20C7980010E2534920F010E4394FC2819601E92FC28109FF5D081E46481FD4AF89FF1C19BA
:20C7B8003C05481FD4AF89FF201976B30D0000033C010090913000FFD9FF300654F8370816
:20C7D80064F0EE0382023C096D001E00370864F04B0F41F14BF251203C010090913000FF4E
:20C7F800D9FF300654F8370864F2EE0382023C096D000A00370864F24B0F41F14BF2512032
:20C818003C0100906D00DA00913000FF39FF3106370F6402DA003E0CDA01BE0BDA02BE0EA1
:20C83800DA035F0F2100DA045F0F23003C26913000FF39FF0C16160FEE023C0A913000FF6E
:20C8580039FF0C16160F4B0F41F14BF251203C177B0017F44BF251203C127B001FF44BF267
:20C8780051203C0D7B0027F44BF251203C087B002FF44BF251203C0382023C013C01009045
:20C89800910000F6D9FF0C0454FF4B0F61213C010090913000FF39FF3706370F62F2EE0652
:20C8B800BB00C22B9BE2CB243C11913000FF39FF3706370F62F25E19910000F6D9FF0C044A
:20C8D80054FF4B0F61213C0282023C010090913000FFD9FF00066DFFDEFF09FF6408160110
:20C8F8005E1A09FF6E08167FC21F4B0F41F14BF251203C2409FF6408370FE1F15E1EBB0057
:20C91800C20B9BE0CB0409FF6C08167FC21F4B0F41F14BF051203C1209FF6908370FE5F0DC
:20C93800C21F4B0F41F14BF2410009FF6C08167FC21F4B0F41F14BF051203C01009091303C
:20C9580000FFD9FF00066DFFA6FF09FF540816015E1A09FF5E08167FC21F4B0F41F14BF231
:20C9780051203C2909FF5408370FE1F15E1EBB00C20B9BE0CB0409FF5C08167FC21F4B0FC3
:20C9980041F14BF051203C1709FF5908370FE7F0C21F4B0F41F14BF2411009FF5C08167FCC
:20C9B800921009FF5B08160FC21FE2F04B0041F14BF151203C010090913000FF39FF330652
:20C9D800370F62F282003E0482103E083C0ABB00C22B9BE2CB243C013C066DFFB2FF3C03D4
:20C9F80082023C013C0100906DFFE8FF913000FF39FF3106370F6402DA003E0CDA01BE0C9A
:20CA1800DA02BE0FDA035F0F2200DA045F0F24003C27913000FF39FF3206160FEE0382024B
:20CA38003C0A913000FF39FF3206160F4B0F41F14BF251203C177B001FF44BF251203C122C
:20CA58007B0027F44BF251203C0D7B002FF44BF251203C087B0037F44BF251203C0382028A
:20CA78003C013C010090404F820891000026D9220C0409FF1019742F6D00630402296D0079
:20CA98007404022A02946D00AF029130002F392F3046370FE1B19130002F392F3046960814
:20CAB8009130002FE92F304602946D006A0402A46D00C2023C019130002F392F3306370F84
:20CAD800E1F3EEFA9130002F392F3306B70F02F29130002FE92F33069130002F392F330665
:20CAF80096409130002FE92F33069130002F392F180696109130002FE92F18063C019130C7
:20CB1800002F392F3706370FE1F3EEFA9130002F392F3706B71F02F29130002FE92F370683
:20CB38009130002F392F370696409130002FE92F37066D00C401A62802A46D004904DF08E6
:20CB5800928102A46D0078023C019130002F392F1406370FE1F26EFA9130002F39201C0682
:20CB780008AF37F007F09130002FE92F1C069130002F39201B06088F37F004F09130002F92
:20CB9800E92F1B069130002F39201906089F37F087F09130002FE92F19069130002F392F18
:20CBB800180696409130002FE92F18069130002F392F1A06B70F01F09130002FE92F1A06EC
:20CBD8009130002F392F180696209130002FE92F18069130002F392F1A0696019130002FEC
:20CBF800E92F1A069130002F392F1A0696049130002FE92F1A06BB70714B9B1485436D00E0
:20CC1800BB013C019130002F392F1406370F61F16EFA9130002F392F1806B70F01F09130A3
:20CC3800002FE92F18063C019130002F392F3306370FE1F3EEFA9130002F392F3306B71F40
:20CC580002F29130002FE92F33063C019130002F392F3306370FE1F3EEFA48346D008C0141
:20CC78009130002F19203006485F82F1C61F26F0485F4841261FA6F0DA0137F0020EDA0130
:20CC980037F0010F9130002FD922300674203C019130002F392F3706370FE1F3EEFA9130FB
:20CCB800002F19203406487F82F1C61F26F0487F4861261FA6F0DA0137F0020EDA0137F026
:20CCD800010F9130002FD922340674203C019130002F392F0316370FE1F3EEFA9130002FD3
:20CCF80019200016489F82F1C61F26F0489F4881261FA6F0DA0137F0010F9130002FD922F0
:20CD1800001674203C019130002F392F0F16370FE1F3EEFA9130002F19200C1648BF82F1D0
:20CD3800C61F26F048BF48A1261FA6F0DA0137F0010F9130002FD9220C1674209130002F72
:20CD58001920002648DF82F1C61F26F048DF48C1261FA6F09130002FD92200267420913056
:20CD7800002F1920042648FF82F1C61F26F048FF48E1261FA6F09130002FD9220426742060
:20CD98009130002F192F082609F0041982F1C610260F09F0041909F100192610A60F9130AC
:20CDB800002FD9220826742F02A46D0011039100802F192F140209F00C1982F1C610260FFF
:20CDD80009F00C1982F1C610260F09F00C1909F108192610A60F02946D0006019100802F31
:20CDF800D9221402742F02946D00CB02820C3C3702A46D0021013C019130002F392F1406B2
:20CE1800370FE1F26EFA9130002F39201C0653CC20F0C8121022142F37F007F09130002F82
:20CE3800E92F1C0602A46D00D30253CC20F0C81210224C226E0953CC20F0C8121022092232
:20CE580088092D02000053CC20F0C8121022092402096D009100C21C370C68C014FF3FFCF2
:20CE7800C9FF02A46D00E800913000FF39FF1806B70F01F3913000FFE9FF180602A46D002E
:20CE9800A70202946D00B000913000FF39FF2C469608913000FFE9FF2C46913000FF39FF04
:20CEB800304637BF81F1913000FFE9FF304602946D00670202823C0100903B002880820933
:20CED8006D003F02022A913000FF39F01006B7008202913000FFE9F01006913000FF39F08E
:20CEF8001206910000F6D9FF0C0454F13B005AF29B6F02F04BF111229AF2370F68F037F00B
:20CF180005F0913000FFE9FF1206913000FF39FF10069604913000FFE9FF10063C05C2F8E3
:20CF3800F68382193C0D913000FF39FF10066F1FF87F913000FF39FF11066F0FF27F02A4C5
:20CF58006D005200913000FF39FF2C469608913000FFE9FF2C46913000FF39FF30469608CC
:20CF7800913000FFE9FF304602A46D000A0202923C01009002486DFF21FD913000FF39FF2F
:20CF98003506160F4B0F41F14BF251F03C014B8F41F04B0F71F185F110003C0185F01000C3
:20CFB800A2103FF0FDFF00904DC0E1FF16073C0153CF20F060FF9130003F30F3D93F004693
:20CFD80054FF2E179601B70F81F0374F0EF174FF96019602375F10F874FF3C0154FF6F0F8D
:20CFF800FF7F00904DC0E1FF16073C0153CF20F060FF9130003F30F3D93F004654FF2E1B16
:20D018008F2420F0960154F0370070088F002100A60F74FF86248F2440F154F03700700852
:20D038008F002100A60F74FF3C0154FF1601DF1FFE7F0090913000FF19FF30366F1F120070
:20D058008F2420F09601913000FF19F03036370070088F002100A60F913000FF59FF30369D
:20D0780086248F2440F1913000FF19F03036370070088F002100A60F913000FF59FF303649
:20D098003C01913000FF19FF30361601DF1FFB7F00904DC0E1FF16073C0153CF20F060FF06
:20D0B8009130003F30F3D93F004654FF2E1B8F2420F0960154F0370070088F002100A60F89
:20D0D80074FF8F2420F0960254F0370070088F002100A60F74FF3C0154FF1601DF1FFE7F7D
:20D0F800084F96082CF454FF2E1B8F2420F0960154F0370070088F002100A60F74FF862498
:20D118008F3440F154F0370070088F002100A60F74FF3C0154FF6F0FFF7F0090913000FF5C
:20D1380019FF30366F1F12008F2420F09601913000FF19F03036370070088F002100A60F1C
:20D15800913000FF59FF30368F2420F09602913000FF19F03036370070088F002100A60F9B
:20D17800913000FF59FF30363C01913000FF19FF30361601DF1FFB7F913000FF39FF3436AD
:20D198009608913000FFE9FF3436913000FF19FF30366F1F12008F2420F09601913000FFCF
:20D1B80019F03036370070088F002100A60F913000FF59FF303686248F3440F1913000FFF8
:20D1D80019F03036370070088F002100A60F913000FF59FF30363C01913000FF19FF3036BB
:20D1F8006F0FFC7F00904DC0E1FF16073C0153CF20F060FF9130003F30F3D93F004654FFE2
:20D218002E1B8F2420F0960154F0370070088F002100A60F74FF8F2420F0960254F03700B2
:20D2380070088F002100A60F74FF3C0154FF1601DF1FFE7F084FB70F81F12CF454FF2E1B19
:20D258008F2420F0960154F0370070088F002100A60F74FF86248F3440F154F03700700800
:20D278008F002100A60F74FF3C0154FF6F0FFF7F0090913000FF19FF30366F1F12008F2411
:20D2980020F09601913000FF19F03036370070088F002100A60F913000FF59FF30368F245B
:20D2B80020F09602913000FF19F03036370070088F002100A60F913000FF59FF30363C01B0
:20D2D800913000FF19FF30361601DF1FFB7F913000FF39FF3436B70F81F1913000FFE9FF27
:20D2F8003436913000FF19FF30366F1F12008F2420F09601913000FF19F030363700700896
:20D318008F002100A60F913000FF59FF303686248F3440F1913000FF19F030363700700896
:20D338008F002100A60F913000FF59FF30363C01913000FF19FF30366F0FFC7F00904DC0E1
:20D35800E1FF16073C0153CF20F060FF9130003F30F3D93F004654FF370F6EF18FFF83213F
:20D378003C013C010090913000FFD9FF303654FF370F6EF18FFF83213C013C0100904DC04C
:20D39800E1FF16073C0153CF20F060FF9130003F30F3D93F004654FF2E1B8F2420F0960133
:20D3B80054F0370070088F002100A60F74FF86248F3440F154F0370070088F002100A60F94
:20D3D80074FF3C0154FF6F0FFF7F0090913000FF19FF30366F1F12008F2420F096019130AD
:20D3F80000FF19F03036370070088F002100A60F913000FF59FF303686248F3440F19130B6
:20D4180000FF19F03036370070088F002100A60F913000FF59FF30363C01913000FF19FFDF
:20D4380030366F0FFC7F0090404F02486DFF9DFF022902946DFF00FEDA207FF80B8009FFD5
:20D45800082982100F801000A60F89FF08293C0B09F00C2982118FF801F10FF11010A6108D
:20D4780089F00C2902946DFFB3FF0090404F0248025FFF881F803BF0014040F46D001B001A
:20D4980082108B0801100F1010005E1709FF0029A60F89FF00293C0809FF002982F1C61045
:20D4B800260F89FF00293BF0014040F46DFFBEFF0090404F02486DFF58FF022902946DFF4C
:20D4D800BBFDDA207FF80D8009FF082982100F80100082F1C610260F89FF08293C0D09F09B
:20D4F8000C2982118FF801F10FF1101082FFC6F1261089F00C2902946DFF6AFF0090404F0D
:20D518006DFF74FA09FF4028161FC21F4B0F61F14BF251203C010090404F6DFF67FA09FF08
:20D5380041281603C21F4B0F61F14BF251203C010090BF450B80C2C56F0405003B900040B0
:20D558003C033B8000403C01DA0403F40AF5534F20F0912000F8D9FF04E810FF54FF60F295
:20D578003C010090404F09FF002937046800370F02F48210370F81F73BF0014040F46DFFCB
:20D598009AFF89FF00293BF0014040F46DFF4EFF0090404F09FF002937046800370F05F0A2
:20D5B8008210370F81F73BF0014040F46DFF83FF89FF00293BF0014040F46DFF37FF0090F2
:20D5D800404F024F6DFF12FA4B0271014BF011229AF28B3F20439A144BF0118240F46DFFD9
:20D5F800C3FF02823C010090404F024F6DFFFEF94B0271018F2000104BF111229A2206EF1F
:20D61800C2FF8BFF21F392114B1011823B00D0129B1113107F810A80C21F8BFF21F392116A
:20D638004B10110202083C013B90D00306503F0808803B00D0029B1013007F800480820882
:20D658003C0540F402F46DFFA6FF02823C010090404F09FF0029374F01F78210370F81F757
:20D678003BF0014040F46DFF26FF89FF00293BF0014040F46DFFDAFE0090DF0431004C419B
:20D698008B8701000F041040A64F6C414C418230534720100F10000082F1C610260F6C4107
:20D6B8004C41534720000F051050A65F6C41766B4C41821053472010C2310F100000A60F54
:20D6D8006C413C0C4C41821053472010C2310F10000082F1C610260F6C413C0B4C418210B1
:20D6F8008B8701100F10000082F1C610260F6C410090404F3BF0014040F46DFFDCFE09FF98
:20D718004328968089FF03283BF0014040F46DFF8DFE820082013C0E3B0040F0E21F10F269
:20D73800392F4320370F61F23C016E0382103C01C211BF81F3FFDF10EE7F0090404C405FD4
:20D758008208C852D42D3C01C852092E84093C01C85289C2840909C284090929480809FAE5
:20D778000C0840D402946DFFA6FE08E0534A20F010E2534A20F010E40941416837018101EE
:20D798008920016808F0534A20F010E2534A20F010E4094F4268370F04F0892F026809F0D0
:20D7B8005008534A20F010E2534A20F010E4094F4068370F02F2892F006809F05108534A70
:20D7D80020F010E2534A20F010E4094F4068370F02F3892F00680810534A20F010E2534ADF
:20D7F80020F010E4094F4168370F01F1892F016808D0534A20F010E2534A20F010E4094F43
:20D818004068370F02F0892F006809F05308534A20F010E2534A20F010E4094F4168370F15
:20D8380002F0892F01680830534A20F010E2534A20F010E4094F4268370F81F2892F026868
:20D8580014F0534A20F010E2534A20F010E4094F4268370F01F2892F026809F05208534A1F
:20D8780020F010E2534A20F010E4094F4168370F04F2892F01688B0901F0370F684040D408
:20D898006DFF19FE082FEE084CE282100FA01000A60F6CE23C094CE282100FA0100082F107
:20D8B800C610260F6CE28B0901F0370F684040D46DFFBCFD08B009C2000809E12049DA0F84
:20D8D800534220300F3F00F082F3C63F26F189E1204909EF2049534220100F101000A60F9F
:20D8F80089EF204909FFC6086E2008B502946DFF22FE09F00C08DA010F0F10F089EF104915
:20D91800089009FFC6081421370F68F037F108F0342F0C21370F82F12C210C2396022C23E2
:20D938000C2196042C213C0108FFFF8F1A8008A008F109E23049DA0F534120300F3F00F03F
:20D9580082F3C63F26F289E2304909EF3049534120100F101000A60F89EF30493C1B08A030
:20D9780008F109E234493BF000309A81534F20F00FF3003082FFC6F3263289E2344909EF62
:20D998003449C281534120100F101000A60F89EF344909FFC4086E2908A502946DFFCBFD30
:20D9B80008F0534020F010E4534020F010E5395F03809680E94F0380BBF0FFFF89EF1449BE
:20D9D800088009FFC4081421370F68F037F108F0342F0C21370F82F12C210C2396022C2334
:20D9F8000C2196042C213C0140D402946DFF1EFD08FF2CC109FF0C0834CF02823C01009029
:20DA1800911000F8D9FFCCC749FF000A4942000AA05644FF642FFC6E894594090090405F33
:20DA38008208D4F2D42C084F3B004000E20F10C2D92D4020894D8409D4F2D422F4420849DD
:20DA58008949080840C46DFF5CFD022A8B0901003700684040C46DFF2EFD09FF6F085E1BD0
:20DA7800821409F5620809F66308820740D46DFF06FE3C08820482058206820740D46DFF37
:20DA9800FEFD09FF70085E1B821409F55A0809F65B08821740D46DFFF2FD3C0882048205C9
:20DAB8008206821740D46DFFEAFD09FF71085E1B821409F56A0809F66B08822740D46DFF2B
:20DAD800DEFD3C08820482058206822740D46DFFD6FD085F5F9F2300085F538920009120E2
:20DAF8000028D922433801200026102214203C0109DF401882414B100122373F02F089DF35
:20DB1800001809D10019DA0882424B2001220F3F00F0A6F189D100193C01DA0014D037F044
:20DB380002F034DF09FF6E0814D037F002F234DF09FF6F08DF1F5D8049F21C0A09FF61080C
:20DB58006E2D09DF4428960489DF042809FF610809F05F0809D1002982123721811737F110
:20DB780082163701041489D1002909F05F08DA0FFE0409FF5E08821009D1002982123721E8
:20DB9800811B37F1041889D1002909DF4428370F02F089DF04283C013C0709DF4428B70F50
:20DBB80001F189DF042809F05F08DA0FBE0509FF5E0809F0600809D1002982123721811B61
:20DBD80037F1041889D1002909DF4428370F02F089DF04283C01142F6E03DA013C02DA0062
:20DBF80009D0452837F001F189DF05283C0109FF7008DF1F5D8049F2140A09FF59086E2D24
:20DC180009DF6428960489DF242809FF590809F0570809D1202982123721811737F1821602
:20DC38003701041489D1202909F05708DA0FFE0409FF5608821009D1202982123721811BF3
:20DC580037F1041889D1202909DF6428370F02F089DF24283C013C0709DF6428B70F01F1B9
:20DC780089DF242809F05708DA0FBE0509FF560809F0580809D1202982123721811B37F142
:20DC9800041889D1202909DF6428370F02F089DF24283C01142F6E03DA013C02DA0009D090
:20DCB800642837F001F289DF24283C0109FF7108DF1F578049F2240A09FF69086E2D39CFDA
:20DCD80004809604E9CF048009FF690809F0670819C1008082123721811737F1821637011B
:20DCF800041459C1008009F06708DA0FFE0409FF6608821019C1008082123721811B37F1F5
:20DD1800041859C1008039CF0480370F02F0E9CF04803C013C0109F06708DA0FBE0509FF9F
:20DD3800660809F0680819C1008082123721811B37F1041859C1008039CF0480370F02F070
:20DD5800E9CF04803C01142F6E03DA013C02DA0039C0048037F001F2E9CF04803C01085F14
:20DD78007E93DA033C02DA0014D037F002F034DF09F56C0840C402946DFF7AFB82013C3693
:20DD9800536120F010F209204A08534120F010D2534120F010D4094F6108370F03F0892F6A
:20DDB8002108536120F010F2092F06094BAF41F04B0F7101C2E0DA1F7F0F0780DA104BF049
:20DDD80011228BF200008BF02F033C01534120F010D2534120F010D4094F60083700680024
:20DDF800370F05F0892F2008C211BF21CBFF8B0901F0370F684040C46DFF18FB02823C01BC
:20DE18000090911000F8D9FFE4C749FF000A4942000AA0C644FF642FFC6EDA002C44F4452E
:20DE38000C442C45DA00894F2C080090405C8208D4CDF44D6DFF85FA022F02F46DFFD4F841
:20DE5800820074D002F46DFF9CFA09C45D0840D46DFF00FC4CC54B0F714140D46DFFC6FBE0
:20DE7800F62382123C634CC44B0F714140D46DFFA9FB40D46DFF45FB82013C34536120F087
:20DE980010CF0880534120F010D2534120F010DF09FF6128370F03F0892F2128536120F05B
:20DEB80010CF481F4B2F41F04B0F7101C2E0DA1F7F0F0780DA104BF011428BF400008BF06B
:20DED8002F033C01534120F010DF534120F010D2092F602837006800370F05F089FF202838
:20DEF800C211BF21CDFF09CF5C08DE1E82093C178B09014040D46DFFDEFA3B0040F0E29F5C
:20DF180010DFD9FF4020DA0314F037F002F034FF8B09014040D46DFF89FAC219BF89EAFFB1
:20DF380040D46DFFE8FB02823C010090404FF4F5BB0068F99B8FB9F46CF540546DFFEEFA61
:20DF580068426DFF53F56862DA002CF83BD07BF39B6F58F36CF1DA002CFE3BD07BF39B6FD1
:20DF780058F389FF0A09DA0089FF1C08DA0089FF1D080090C2F437045040D44F094FC4083E
:20DF980010FF14FF345FB015094FC408C21FAC42094FC4080940C6083F0F0480DA00AC4227
:20DFB800FF14EA7F40523C010090C2F437045040D44F094FC40810FF145F34FFB015094FD4
:20DFD800C408C21FAC42094FC4080940C6083F0F0480DA00AC42FF14EA7F40523C010090DE
:20DFF8004DC0E2FF370FE1F78B0F20023C010D00400300003C018C423C010BF480F1370FB6
:20E0180050108C4B4BF10122A23137015020DA00894F1808A2248C4A0BF480F1894F060912
:20E0380076030D0000033C0100904DC0E2FF370FE1F78B0F20023C010D00400300003C01E0
:20E05800094184083C018C4AA21F0BF480F1370F50108C4B4BF10122A23137015020DA005D
:20E07800894F1908A2248C4A0BF480F1894F0A0976030D0000033C010090025FC234B70430
:20E098000200370050808BC801008B8000406D008521BC2640240B8F10486D0032003C0199
:20E0B80000904DC0E2FF370FE1F78B0F20123C010D00400300003C018C4212508940840891
:20E0D80009408E088C420BF0A0F1AC47094F06096E0F094F0609A25F894F0609094F060962
:20E0F8004EF7DA00894F0609DA01894F180876130D000003A254370450203C010090C23432
:20E11800B70402F0370F5000DA00894F1808DA01894F1908804F8BCF01F0C27FB70F03F0EA
:20E13800744FDA00AC42DA00AC47DA00894F0A09894F0609DA00AC49AC48894094088945CD
:20E15800960840423C0100902008404F405C02488209DF08D400D4F2F4A288AFACA3888FDE
:20E17800ACA291100028D9223828092040090B0610F10B1780F2EE0891100028D9223828E3
:20E19800092A40093C264DC0E2FF370FE1F78B0F20F23C010D00400300003C0185F0100082
:20E1B8008203020285F12C008200A620A6313C0191100028D922382809224009262026318B
:20E1D8006E030D0000033C010B6040A00B7150B03C0140F402846DFF05FF022F6E0E49A4A1
:20E1F800000A40C502F46DFFC7FE402C40F40B8F10486D0087000228DF09388091100028B8
:20E21800D9223828092040090B0A10F10B1B80F2EE03DA003C284DC0E2FF370FE1F78B0F96
:20E2380020F23C010D00400300003C0185F010008203020285F12C008200A620A6313C01DE
:20E2580091100028D922382809224009262026316E030D0000033C010BA050F10BB100F219
:20E278000B1B90F23C016E05DA0089FF06093C43DF0840003C0109FF5808EE379110002884
:20E29800D9223828092040090B0A10F10B1B80F2EE03DA003C284DC0E2FF370FE1F78B0F16
:20E2B80020F23C010D00400300003C0185F010008203020285F12C008200A620A6313C015E
:20E2D80091100028D922382809224009262026316E030D0000033C010BA050F10BB100F299
:20E2F8000B1B90F23C016EC809FF58088B0F0092DF0871FF09AFC408ACF802823C01009087
:20E318004DC0E2FF370FE1F78B0F20023C010D00400300003C018C42A25FAC42094F0A092B
:20E338006E0F094F0A09A25F894F0A09094F0A094EF7DA00894F0A09DA01894F190876032F
:20E358000D000003A254370450203C0100902008404F405C02488209DF08D400D4F2F4A2E8
:20E3780088AFACA3889FACA291100028D9223828092040090B0610F10B1780F2EE089110B7
:20E398000028D9223828092A40093C264DC0E2FF370FE1F78B0F20F23C010D0040030000BF
:20E3B8003C0185F010008203020285F12C008200A620A6313C0191100028D92238280922AD
:20E3D8004009262026316E030D0000033C010B6040A00B7150B03C0140F402846DFF27FE32
:20E3F800022F6E0E49A4000A40C502F46DFFDFFD402C40F40B8F10486DFF55FE0228DF09BB
:20E41800388091100028D9223828092040090B0A10F10B1B80F2EE03DA003C284DC0E2FFCB
:20E43800370FE1F78B0F20F23C010D00400300003C0185F010008203020285F12C008200FE
:20E45800A620A6313C0191100028D922382809224009262026316E030D0000033C010BA02C
:20E4780050F10BB100F20B1B90F23C016E05DA0089FF0A093C43DF0840003C0109FF59087C
:20E49800EE3791100028D9223828092040090B0A10F10B1B80F2EE03DA003C284DC0E2FFDE
:20E4B800370FE1F78B0F20F23C010D00400300003C0185F010008203020285F12C0082007E
:20E4D800A620A6313C0191100028D922382809224009262026316E030D0000033C010BA0AC
:20E4F80050F10BB100F20B1B90F23C016EC809FF59088B0F0092DF0871FF09AFC408ACF9E5
:20E5180002823C0100908F841EF08F0F0801B70408FC3704E81BB71F812BDA7F7FF10480FE
:20E5380082020090DA967F1F048082023C068B6109F1325F0FF20020370250207604325218
:20E55800370250200090B70408FC3704E80BB71F811BDA7F3FF00580DA967F0F04808202F8
:20E5780000908B6009F1325F0FF1001037016820009091200048D944BC381D00020082086A
:20E59800404F8209820A820BC81CC82D483C09FF1001DF1F238080CF160180D08F100001C3
:20E5B800FE046E04C2FC04DF24CF76CF8F3C00018FEC1FF06E0902F140D2C2F16014442198
:20E5D80064C1FC4E90DD020CDF0CE07FC2FC60C204DF24CFFC2E3CD9DE2580CF2E03C2FCB9
:20E5F80024C9DF0CD37F8F3C00F106EC76C5C2FC60C264CAFC2F6EC9C2FF60F224CBFC2F53
:20E618003CC48F0F1F00DF002E008F3F0001DF102B8080CF8F3F00D180DF1603FEDB76DB1F
:20E6380002D440C440D56D00540001CD00C601DD00D6A2DC76CF8F3C00018FEC1FF06E093A
:20E6580002F140D2C2F16014442164C1FC4E90DD020CDF0C9B7F02C440C440D56D0039009D
:20E678003C9400901603DF2F91FF80CF16036E0702F440C46D00160010CCA2FCDF0C867FA7
:20E698008F3C004106EC76C5C2FC60C264C8FC2FDF047C7F40C46D0005001DFF77FF00907C
:20E6B8003BF00F00804F1603063F0FF0100082FFC6F0C2F4604F804FB70F02F060F2B01493
:20E6D800542F260F742F77000004FCF60090804F16033BF00F008F3F00100F10100082F128
:20E6F800C610C2F4604F8041B7010220095101008F3F0030B0140F3110106022C21F5422D6
:20E7180016032602A612742277000004FDF0ED7F0090910000F6D9FF1404D4F291200056AA
:20E73800D955C08901240046015420F4EE0891200056D955C08A014530F4EE0482FF60F2D2
:20E758000090F4F40090DA034BF411023B40CEF03F0F048082023C113B8006F13FF0058028
:20E778003B4006203C0A1BC031FF534F26F03B4038004B0F11223C010090207049A4000A43
:20E798009120005F6DFFD4FBDA0189AF1D0891000046D9440C3449A5000A6DFF49FB49A415
:20E7B800200A91000056D9550C346DFF2CFBDA0089AF2408DA0089AF2508DA0189AF0F1878
:20E7D800DA0189AF001891000046D944382449A5200A6DFF26F949A4141A91000056D955D3
:20E7F80038246DFF0FF9DA0489AF2018DA0489AF2318DA0189AF171891000046D944302408
:20E8180049A5141A6DFF9CF7910000F6D9FF30248210C81209228409081F534F20100121D3
:20E8380000F6534F20F01022392F0380370F01F0E9FF0380910000F6D9FF0834DA0074FF71
:20E85800910000F6D9FF0434DA0074FF910000F6D9FF1034DA00B4FF49A42C1A6D00740078
:20E87800DF02220009AFEC183B40CE00E20F3BF0FF004B0F11023C01910000F6D9FF04341C
:20E8980074F03B80AFF2E2F03B803EF04BF01102370070403C01910000F6D9FF1034B4F428
:20E8B8006D009C4400902008910000F6D9FF083491000026D9220834542FC21F74FF91004A
:20E8D80000F6D9FF083454F0DA0A4BF0110276123C3949A4000A6D003700F6223C3309AFC9
:20E8F800C0083B40CE00E20F3BF0FF004B0F11023C01910000F6D9FF043454FFA2F091001D
:20E9180000F6D9FF043491000026D9220434542F86C0420F74FF910000F6D9FF043454FF78
:20E938003B80AF02E20F3B803E004B0F1102370070403C01910000F6D9FF1034B4F46D0020
:20E958004D44009091000026D9223024DA00CC21C81F09200008A6F089F010293B007D0099
:20E97800910000F6D9FF3024C81209228409081F534F20F0102F19F100A03C013C01C2F04C
:20E998003701E1FFEE03FF10EDFF3701E1FFEE0382023C08370170F0B70F14F6B44F82128B
:20E9B8003C010090405CDA003C0B104F91200028D922434810220920000834F0C21F3B80D4
:20E9D80001003F0FF4FFDA00894F17086D002B00DA003C0CBC27102F09F000083700680090
:20E9F8003C02820010CF34F0C21F3B8001003F0FF3FFDA0089CF17080090910000F6D9FF1F
:20EA18001804DA0134FF0090910000F6D9FF180414F2910000F6D9FF1804DA0034FF3C01DE
:20EA3800009091000028D922C08709200008DA53FE0109200108DA427E0D09200208DA4CA4
:20EA58007E0909200308DA467E0509200408DA573E03A0023C023C010090145F344F0C5199
:20EA78002C41DA003C07104F1052092042082820C21FBF4FFAFFDA003C07104F1052092089
:20EA980006082860C21FBF4FFAFF494F0A0A09508A08370070F016FF34FF370070F0868FBE
:20EAB80016FF2C4B494F0C0A09508C08370070F016FF34FF370070F0868F16FF2C4D894431
:20EAD8000E080090DA70344F89440108DA003C07104F1052092000082820C21FBF4FFAFF96
:20EAF80082003C17534020F0104F49FF060A534020F0106254218FF10FF134FF370168F4FE
:20EB18002CF1370168F82CF2370168FC2CF3C210BF40EAFF894516080090404C405D40D4DC
:20EB38006D00A4007CC382023C5491200058D9555E48824440C46D00B51C762382023C49D2
:20EB58000CC41E1382023C4549C2120A142F09C053088F802000A60F3C013B20014040C448
:20EB78006D0060313E2382023C34DA003C0C10D210CF08608920020810D210CF08A089201A
:20EB98000608C21FBF4FF5FF49CF0E0A14F00CCF8F8F20F0A6F0370050F03C01ACD549CF4C
:20EBB800100A14FF09C051088F802000A60F370F50F03C01ACD640D46D009800F62640D47C
:20EBD8006D00540082023C05DA012CD182123C010090404C405D91200058D9555E48824492
:20EBF80040D46D006C1C14CF2CD40CC12CD5DA003C0710D210CF082089200608C21FBF4F97
:20EC1800FAFFDA003C0710DF10C20920060828A0C21FBF4FFAFF49DF0E0A09C08A0837004C
:20EC380070F016FF34FF370070F0868F16FF2CDF49DF100A09C08C08370070F016FF34FFCA
:20EC5800370070F0868F16FF89DF11083B20014040D46D00E73049DF120A8FF20FF134FF2E
:20EC7800868289D213080090DA01344FDA002C41DA003C0D104F91200028D9225A4810229F
:20EC980014202820104F82102860C21FBF4FF4FF3B803EF0AC45DA30AC460090BC43BC5212
:20ECB8007C6382023C21144FBF4F048082023C1C404FB01F14F00C428F8F20F0A6F0370000
:20ECD80050F03C013B401F007FF004003B401FF03BC0E00F7F0F04003BC0E0FF14403450DA
:20ECF800B46F82123C0100907C4382023C328C453B4006003F0F07008C453B8038017FF0EC
:20ED1800040082023C268C463BE001003F0F07008C463B800C007FF0040082023C1ADA00EE
:20ED38003C14104F09F00608DF100900104F09F00608DFF0040082023C0C104F0820BF4082
:20ED5800048082023C06C21FBF4FEDFF82123C010090BC44BC53DA0C3E4382023C2BDA00DA
:20ED78003C0B105F104214202820105F1042092044082860C21FBF4FF6FF494F080A14F0A7
:20ED98000C498F8F20F0A6F0370050F03C01AC55494F0A0A14F00C4B8F8F20F0A6F037008B
:20EDB80050F03C01AC56DA01345F40546DFF9EFF3C010090202849A4000A6D000A0291207B
:20EDD8000048D94458586D00DD0449A4000A49A5140A6DFFA4FE762891200048D94461583A
:20EDF8006D009B413C0791200048D9447D586D00944149A4140A6D005246910000F6D9FFD3
:20EE18002844DA0034FF910000F6D9FF3834DA0034FF0090201049A4000A6DFF27FF49A453
:20EE3800000A6D003C466D003000822449A4000A6D00310500902028404F024F49A4000A35
:20EE58006D001B4649A2040A49A4140AA03544206440FC5E49A5140A40F402F46DFF7BFF75
:20EE7800F6246D0012003C0FDA0289AF150849A4140A6D0014466D000800821449A4140A7D
:20EE98006D0009050090203849A4240A6D00F545DA0534AFDA232CA1DA0F2CA209AF6908C9
:20EEB800EE0382043C02821449A4030A49A5280A6DFFD5FD49A4000A6D00FD4200906D00F7
:20EED800CD036D008603910000F6D9FF284414FFEE031D008C006D00840476256D00880057
:20EEF8001D0085006D007D36910000F6D9FF2844485FA2F2CE223C7A910000F6D9FF2844C1
:20EF180014FFDF2F2D806D000F017628910000F6D9FF2844DA0034FF3C21910000F6D9FF5C
:20EF3800284409FF5808C21F370F68F0910000F6D9FF284489FF1808BF3F0F80910000F6DF
:20EF5800D9FF2844DA0034FF91200048D94458686D00E8443C036D004B003C489100004687
:20EF7800D9442844B0446D004601762382183C028228910000F6D9FF383414FF6E0E910042
:20EF98000046D9443C3402846D00A504910000F6D9FF3834DA0034FFDF180980910000F60B
:20EFB800D9FF2844DA0034FF3C21910000F6D9FF284409FF5808C21F370F68F0910000F652
:20EFD800D9FF284489FF1808BF3F0F80910000F6D9FF2844DA0034FF91200048D9447068DA
:20EFF8006D00A0443C036D0003000090910000F6D9FF28446D00F5351B421FF06CF50090AA
:20F018006DFFB3F1913000FF19FF30366F1F12008F2200F09601913000FF19F0303637004C
:20F0380070088F000100A60F913000FF59FF303606228F2240F1913000FF19F0303637000D
:20F0580070088F000100A60F913000FF59FF303682003C0A913000FF19FF30361601EE034F
:20F0780082123C17C2103B00E2F43FF0F5FF910000F6D9FF30349100802F192F100274FFBB
:20F09800910000F6D9FF3434DA0534FF82023C0100906DFF6AF1913000FF19FF30366F1F9B
:20F0B80012008F2200F09601913000FF19F03036370070088F000100A60F913000FF59FFB3
:20F0D800303606228F3240F1913000FF19F03036370070088F000100A60F913000FF59FF5D
:20F0F800303682003C0A913000FF19FF303616016E0382123C17C2103B00E2F43FF0F5FF17
:20F11800910000F6D9FF30349100802F192F100274FF910000F6D9FF3434DA0534FF8202AA
:20F138003C0100906DFF0DF1022F02F46DFF5CEF02F46DFF26F10D004003DA006E019100FF
:20F15800F0FAD9FF5455DAFA74FF0D0080046DFF59FFDF022200910000F6D9FF1C0454FFBB
:20F178009110F0FAD9FF909A9110F02AD922989A9110F04AD944A8AA9110F05AD955A8AA4D
:20F1980074FFDA01742FDA80744FDA50745F0D0080046DFF80FF0D00000382146D00ED00D0
:20F1B8000228DA006E019100F0FAD9FF5455DAFA74FF0D0080046DFFC4F0022F02F46DFF3D
:20F1D80013EF02F46DFFDDF002823C010090DA003C0C104F91000026D9221C04542042F09C
:20F1F8006002142034F0C21F3B4001003F0FF3FF0090201091000056D95514446DFFEBFC20
:20F218006DFF9FF0022F02F46DFFEEEE02F46DFFB8F091200048D94462486D00B3029100EF
:20F2380000F6D9FF1C0454FF74AF91200048D9446C4849A5000A82146D001D43910080FF1D
:20F2580019F810020D004003DA006E019100F0FAD9FF5455DAFA74FF0D0080046DFFD2FECA
:20F278000229DF092200910000F6D9FF1C0454F09110F0FAD9FF909A9110F02AD922989A09
:20F298009110F04AD944A8AA9110F05AD955A8AA74F082107420DA80744FDA50745F0D00F0
:20F2B80080046DFFF8FE910080FF19FA10020D000003769582146D0060000229DF091E006C
:20F2D8003B2003406D006634910000F6D9FF1C0454F0600F14FF6E11910000F6D9FF3034EA
:20F2F8009100802F1920100274F0910000F6D9FF3434821034F08209769891000046D944FD
:20F3180014446D0091000229DA006E019100F0FAD9FF5455DAFA74FF0D0080046DFF11F0CA
:20F33800022F02F46DFF60EE02F46DFF2AF0DF092180910000F6D9FF343414FF74AF89A8A1
:20F35800040989AA0809910000F6D9FF303454FF780391200048D944744849A5000A824423
:20F378006D00894291200048D9444E586D000A0202923C010090024ADF1A05803B007DF035
:20F398003C02DAC86D002D3412283C1F6DFFD9EF022902946DFF28EE02946DFFF2EF6D004B
:20F3B8002034A282BF021200910000F6D9FF30349100802F1920100274F0910000F6D9FFD9
:20F3D800343434FA82023C2E910080FF19FF10021603EEDD910080FF39FF1102370FE1F2FF
:20F3F800EE0F910080FF39FF1102370FE1F1EE08910080FF39FF1102370F61F26E1191008B
:20F4180000F6D9FF30349100802F192F100274FF910000F6D9FF343434FA82023C03821249
:20F438003C0100902008404C82083C2482003C10DA0803F80A10DA147FF1068001C100F6E8
:20F4580014FF3C02DA0001A000F634FFC210BF80F1FFDA08910000F6D9FF1C0454F003F8FE
:20F478000A4049A4000A6D002E00F62382023C29C218BF38DDFF82003C1F910000F6D9FFAD
:20F498001C0454FF420F60FF14F101C000F614FFBE12910000F6D9FF30349100802F192F47
:20F4B800100274FF910000F6D9FF3434DA0434FF82023C07C210DA143FF0E1FF82123C0170
:20F4D80000900248404F0D004003DA006E019100F02AD9225455DAFA742F0D00800491002A
:20F4F800F02AD9225455B70818007B0000FA7E05DA50742FDA003C0EB70818007B00F0FA3A
:20F518007E05DA5D742FDA003C050D008004DA013C016E140D000003910000F6D9FF30345D
:20F538009100802F192F100274FF910000F6D9FF3434DA0234FF82023C4A40F46D00CE0E49
:20F55800022FB04F40F46D00C90E76819100F0FAD9FF70750D00800474FFB04F0D00800428
:20F5780074F20D0080046DFF4DFD0229DF091D009110F0FAD9FF909A9110F02AD922989A21
:20F598009110F04AD944A8AA9110F05AD955A8AA74F8DA00742FDAA0744FDAAA745F0D0014
:20F5B80080046DFF78FD0D000003769582346DFFE4FE0229DA006E019100F0FAD9FF54553F
:20F5D800DAFA74FF0D00800402923C0100902018910000F6D9FF383414FF6E0E9100004671
:20F5F800D9443C3482246D007601910000F6D9FF3834DA0034FF49A4000A6D00183EF62232
:20F618003C2B0CA1EE2449A4020A6D001801910000F6D9FF284414FFDE14910000F6D9FFFE
:20F638003C3449A2000A49FF000AA054442F64FFFC4E910000F6D9FF3834DA0134FF3C0CC6
:20F6580049A4000A82246D0046013C0649A4000A82046D0040010090205882086D00C132E2
:20F67800022949A4000A6D000F4082003C08532020F010AF94FF6E028218C210BF40F9FF26
:20F6980049A40C0A6D00A53EDF081F00910000F6D9FF143414FFEE1882003C0F534020F0C9
:20F6B800910000F6D9FF203410FF534020F010A2092F1E0974FFC210BF40F2FF910000F600
:20F6D800D9FF1C3474F97686910000F6D9FF183474F9910000F6D9FF143434F8F68B910084
:20F6F80000F6D9FF183454FF1B0F19F05AF90EF23C47910000F6D9FF1C3454FF5AF9CEF267
:20F718003C3F910000F6D9FF1C348B4906F074FFDA0589AF3008DA2689AF3108DA1189AF87
:20F7380032087683DA013C02DA0089AF330882013C21534120F010AF49FF340A534120F0AB
:20F7580010A209201E09534120F091000026D92220341022542FA2F08FF00FF134FF3700B5
:20F7780068F42CF1370068F82CF2370068FC2CF3C211BF41E0FF49A4300A6D009C3E0090D9
:20F798002018910000F6D9FF1C0454FF60F282003C1F534020F010A5534020F0102F14FFCB
:20F7B8008F8F0110534020F0102F081F8F0F01F0A6F1534020F0102F082F8F8F00F0A6F115
:20F7D800534020F0102F083FA6F17451C210BF50E2FF49A5000A82546D00A74000902038C0
:20F7F80049A4000A6D00503F82003C09532020F010AF94FF6E0382123C20C210BF40F8FF39
:20F8180049A4300A49A5320A49A6340A6D00DA4009AFB008EE0409AFB2086E0382123C0DA9
:20F8380049A40C0A6D00D53D8CA6EE038CA76E0382123C0382023C0100902028404C49A482
:20F85800000A6D001A4149AF040A49A2140AA03444FF642FFC4EDA003C0810AF10C20920E3
:20F87800000889F01A08C21FBF4FF9FF49A4140A6DFF3CFAF6223C0DDA0189AF150849A4BB
:20F89800140A6D000C41821449A4140A6D0003000090910000F6D9FF284434F4910000F65D
:20F8B800D9FF28444942000A49FF040AA034442F64FFFC4E910000F6D9FF28446D00913113
:20F8D8006852910000F6D9FF2844DA0089FF1808009020280245DA0534AFDA222CA1DA176E
:20F8F8002CA249AF030A094441084045B0254046B06640F46DFFE8F849A4000A6D00DB3D95
:20F918000090404F024F6D003D00022440F402F56D003B0002246D0004003C01009082F2E4
:20F93800C6423C010090910000F6D9FF445414FF6E023C2682013C1A021082023C0C6F00D8
:20F95800090006F0BB0032F89B8FDBFEC6F03C0206F0C212BF82F5FF534120F0910000F68A
:20F97800D9FF045410FF74F0C2113B0010F03FF1E5FF910000F6D9FF4454DA0134FF009015
:20F9980082F23C0100900248404F02596DFFCDFF82003C1101F00026142FC68F16FF534F6D
:20F9B80020F091000026D92204541022542F0688C6F8C2103F90F0FF02823C0100909100A2
:20F9D80000F6D9FF200454FFEE3B91000046D944485491200058D95567786D0016019100E6
:20F9F80000F6D9FF485449F4200A91200058D95547886D000A01910000F6D9FF485449F468
:20FA1800001A91200058D95538886D00E200910000F6D9FF485449F4201A91000056D955E7
:20FA38004854910000F6D9FF485449F6200A6D002B01910000F6D9FF2004DA0174FF9100B3
:20FA58000026D92248543C010090D9AAF02F404F405C406D024FBCF4BCC37CD46E0382F2D5
:20FA78003C6949A4000A40F56D00FD03762382F23C6149C4200A91200058D95547786D00EC
:20FA98004105F62382F23C56D9A400A06D006F2CD9A400A03B00024040C56D00792CD9A496
:20FAB80000A03B00024040F56D00722CD9A400A040D502F46D006C2CD9A400A0D9A5008089
:20FAD8006D00F62BD9A40090D9A500806D00320549A4002AD9A5009049A6000A6D006C03D7
:20FAF8006DFF6FFF49A4004A49C5200A40266D00630349A4002A49A5002A6D002F0349A4B1
:20FB1800006A49A5004A49A6002A6D008802D9A4209049A5006A6D008003D9A420903B003E
:20FB3800024040C56D00BE14F62382023C0282F23C010090404C820782043C1C534420F071
:20FB5800105F54FF820102F0534420F0106F54FF820302F20B2040000B3150108203027264
:20FB78000B2040600B315070534420F010CF74F6C214DA083FF4E47FDF072700820502745E
:20FB9800FB6002606DFF4EC254CF820102F00B0240000B13501074C082123C12534220F0F6
:20FBB80010CF54FF820502F4820702160B6440000B755010534220F010CF74F0C212761408
:20FBD800DA083FF2ED7F40C46D00530100903B0002406D0074140090820082023C0C534254
:20FBF80020F0104F54F1534220F0105F54FFC6F1A610C212DA083FF2F47FF60382123C0240
:20FC180082023C01009082013C1F534120F01042534120F0105F14F0534120F0105F081F56
:20FC38008F8F00F0A6F0534120F0105F082F8F0F01F0A6F0534120F0105F083F8F8F01F030
:20FC5800A6F07420C211DA083FF1E17F6D001101009091200068D96644186D00C800009095
:20FC7800820082013C07534120F0104F54FFA6F0C211DA083FF1F97FF60382123C0282028C
:20FC98003C0100902060404C405D406E49A4000A82043B0004506D00441482083C48D20077
:20FCB8000B0110A882093C24534820F010DF54F48205534920F010EF54F682076DFFB2C1B7
:20FCD8001A98534F20F010AF54FF820102F00B0240000B1350100BA040000BB150101A989D
:20FCF800534F20F010AF74F0021A820BC219DA083FF9DC7F8B8800003C12534020F010AF5B
:20FD180054FF820302F20BA240200BB35030534020F010AF74F2023A820BC210BA0A8B0BF7
:20FD380000F4EE04DA103FF0EA7FC218DA083FF8B87F8209820A3C228B8A00F0534F20F0ED
:20FD580010AF54F48205FB6002606DFF6BC1534A20F010AF54FF820102F00B0240000B1309
:20FD78005010820302920B2040800B315090534A20F010AF89F80019C21ADA083FFADE7F91
:20FD9800DF092A0082050294FB6002606DFF4AC15810820102F00B0240000B13501089A017
:20FDB800001982123C14534220F010AF09FF0019820502F4820702160B6440000B755010FC
:20FDD800534220F010AF89F00019C2127614DA083FF2EB7F49A5001A3B00024040C46D0044
:20FDF8006E1340C46D00450000902040404F405C406D820849A4000A91200058D955388874
:20FE18006DFFE7FE49A4200A40C56DFFE2FE82793C273BF001A03C21768749A4000A49A5A8
:20FE3800000A6D009700534920F010D2542F570F61FA6E12768A49A4000A49A5000A49A66C
:20FE5800200A6DFF21FF3C0849A4000A49A5200A6DFFBFFE8218C2FAFF0AE07FC2F9FF09D7
:20FE7800DA7F49A5000A40F46DFFB3FE00902020404C82083C6B8204820082713C2453414C
:20FE980020F010CF54F2534120F0912000F8D9FF189810FF54F37F23048082103C1653414C
:20FEB80020F010CF54F2534120F0912000F8D9FF189810FF54F37F32048082003C06F612C9
:20FED8008210C2F1FF01DD7FF6023C4282033C33534320F010CF54F0534320F0912000F8E7
:20FEF800D9FF189810FF54F1A210A2408201534320F010CF54F2534320F0912000F8D9FF05
:20FF1800189810FF54FF3FF21080764F534320F010CF54F2534320F0912000F8D9FF18988F
:20FF380010FF54FF7E2282110214534320F010AF74F0C213DA083FF3CD7F49A5000A3B00CD
:20FF5800024040C46D00BB12C218BF38967F009040566DFF99FE00902020820082013C20C9
:20FF7800F6143BA0FD2F3C0282F2534120F010AF534120F01062542F5AF2A20F74FF8203B5
:20FF9800534120F0106F54FF3FF208807607534120F0106F54FF7E2282130230C211DA080B
:20FFB8003FF1E07F49A6000A6DFFC6FD00902020404C49A4000A6DFF0CFE49A4000A6DFF46
:20FFD80058FF82003C27534020F010CF534020F010A2542F34FF534020F010CF534020F01B
:08FFF80010A2542F068F2CF11A
:02000004800179
:20000000534020F010CF534020F010A2542F8F0F1FF02CF2534020F010CF534020F010A2E4
:20002000542F8F8F1EF02CF3C210DA083FF0D97F009049AA00BA404F405C406D49A4004A6B
:2000400049C5200A40C66DFF95FF49A4204A49D5200A40D66DFF8EFF49A4000A49A5004A85
:2000600049A6204A6DFF1CFE49A4004A49C5200A40C66DFF6DFD49A4204A49D5200A40D6A1
:200080006DFF66FD49A4200A49A5004A49A6204A6DFF06FE49A4004A49C5201A49D6201AA1
:2000A0006DFFFEFD49A4001A49A5004A91200068D96618886DFFF4FD49A4001A49A5001A36
:2000C00049A6001A6DFF44FD49A4004A49C5001A49D6001A6DFFE4FD49A4201A49A5004A26
:2000E00049A6004A6DFF34FD49A4002A49A5200A49A6000A6DFF3EFF49A4202A49A5201AFA
:2001000049A6001A6DFF36FF49A4003A49A5201A49A6001A6DFF1CFD49A4203A49A5200AF9
:2001200049A6000A6DFF14FD49A5002A49A6202A40F46DFFB5FD49F4200A49A5003A49A628
:20014000203A6DFFADFD49F4201A49A5002A49A6203A6DFFA5FD49F4001A49A5202A49A6CB
:20016000003A6DFF9DFD009040566DFF64FF00902020404F405C49A4000A91200058D95521
:2001800018A840C66DFFF6FE49A5000A40F46DFF2CFD49F4200A49C5200A6DFF26FD49F40D
:2001A000001A49C5001A6DFF20FD49A4000A91200058D95518A849C6201A6DFFDBFE49F4BB
:2001C000201A49A5000A6DFF10FD00902080404D405F406C49A4000A6D007F01DA1F3C1C37
:2001E00082783C1749A4000A49A5000A6DFFBEFF10F21420028132510F1010006F000900B7
:2002000049A4000A49A5000A40C66DFF14FFC2F8FF08EA7FC2FFFF0FE57F49AF000A49D2F0
:20022000000AC5041F0044FF642FFC4E00902060404F405C49A4000A49C5001A6DFF17FDD2
:2002400049A4200A49A6000A40C56DFF29FD49A4001A49C5200A49A6000A6DFF21FD49A547
:20026000001A40F46DFFB1FE09F05F0858081601067FA6F089F01F08009049AA00BA404CBA
:20028000095F5F088F9F3F80820949A4004A3B0002406D00201109AF5F48167F89AF1F4832
:2002A00049A4000A49A5004A6DFFBBFC82703C21534020F010AF54F1534020F0912000F8AA
:2002C000D9FF189810FF54FF7F1F048082193C13534020F010AF54F1534020F0912000F835
:2002E000D9FF189810FF54FF7FF103803C04C2F0FF00E07F769482F21D00EE0049A4001A41
:2003000049A5000A6DFF32FE49A4001A49A5001A91200068D96638886DFF2CFE49A4201A65
:2003200049A5000A6DFF22FE49A4201A49A5201A91200068D96618886DFFB2FC49A4201AB1
:2003400049A5201A91200068D96638886DFF00FC49A4002A49A5201A6DFF08FE49A4002A2D
:2003600049A5002A49A6201A6DFF9AFC49A4202A49A5002A6DFFFAFD49A4202A49A5202A19
:2003800049A6201A6DFF8CFC49A4003A49A5001A49A6202A6DFF84FC49A4200A49A5003AAD
:2003A00091200068D96664086DFF2DFD49A4200A49A5200A49A6002A6DFF72FC49A4200AAA
:2003C00049A5200A49A6001A6DFF6AFC49A4203A49A5200A6DFFCAFD49A4203A49A5203A09
:2003E00049A6201A6DFF5CFC49A4203A49A5001A6DFF00FCDF02388049A4204A9120005860
:20040000D95518A849A6001A6DFFB4FD49A4203A49A5204A6DFFEEFBDF02240049A4200AB8
:2004200049A5200A91200068D96638986DFF38FC49A4203A49A5200A6DFF98FD49A4203A35
:2004400049A5203A49A6201A6DFF2AFC49A4203A49A5001A6DFFCEFBF62382F23C3C3C03D1
:2004600082F23C3949A4200A6DFF08FC7624768382F23C3158081601BE8149A4204A9120DA
:200480000058D955189849A6200A6DFF73FD49A4200A49A5204A6DFFA8FB49A5200A40C497
:2004A0006DFFA3FB49C4200A49A5000A6DFF9DFB49C4001A91200058D95538886DFF95FBE5
:2004C00049C4201A49A5200A49A6000A6DFFE8FB82023C010090404F91200058D95518A89E
:2004E00040F46DFF82FB49F4200A91200058D95538886DFF7AFB49F4001A91200058D95512
:2005000038886DFF72FB49F4201A91200058D95518A86DFF6AFB0090DA1F3C12104F14F0C9
:20052000105F14F17F10048082123C0E104F14F0105F14F17F01048082023C06C2FFFF0FE6
:20054000EF7F82023C0100902040404C405D49A4000A82043B0002506D00EF0F3BF0038030
:200560003C7F82793C7A820001D800F614F1029232520F2110108F11001182023C1001A22D
:2005800000F614FF869F160101A200F601A2002614238613A63034F002F0C212DA203FF2F9
:2005A000F07F14AFA6F134A18200DA1F3C1C10AF14F1912000F8D9FF477810FF14F27F1220
:2005C000048082103C1210AF14F1912000F8D9FF477810FF14F27F21048082003C06EE02C6
:2005E0008210C2FFFF0FE57FDF0037008200DA003C2710AF14F1912000F8D9FF477810FF4E
:2006000014F2A221A201820210AF14F3912000F8D9FF477810FF14F43F430D80760C10AF7D
:2006200014F0912000F8D9FF477810FF14F35F3003808212022010AF89F12008C21F3B001B
:2006400002103F1FD87F49A4000A49A5200A3B0002406D00400FC2F9FF09877FC2F8FF0801
:20066000827F49A5000A3B00024040C46D00330F0090FF440B80910000F6D9FF300401F46B
:2006800000F609F200083C0282023C01009082003C0E534020F0104F534020F091000026AA
:2006A000D92268841022542F74FFC210BF40F3FF0090DA003C078B0F015002F46D00550315
:2006C000C21FBF8FFAFF82003C14534020F0910000F6D9FF688410FFDA0074FF534020F033
:2006E000910000F6D9FF788410FFDA0074FFC210BF40EDFF910000F6D9FF34043B803EF006
:2007000074FF910000F6D9FF3804DA3074FF910000F6D9FF5094DA0074FF910000F6D9FF5F
:200720005094DA006CF1910000F6D9FF4894DA0074FF910000F6D9FF4894DA006CF1910013
:2007400000F6D9FF6484DA0034FF00902028910000F6D9FF509454FF3B803E00E20F9100ED
:2007600000F6D9FF340454F04B0F0102B4A0910000F6D9FF5094481F3B803E00E20F910059
:2007800000F6D9FF340454F04B0F010289A0820894AF3B803E007FF005003B803EF0B4AF03
:2007A00094AF3B80C10F7F0F05003B80C1FFB4AF8CA13B803E007FF005003B803EF0ACA12A
:2007C0008CA13B80C10F7F0F05003B80C1FFACA1910000F6D9FF509454F46D006C0389A274
:2007E0008408910000F6D9FF509448146D00630389A28608910000F6D9FF489454FF78023A
:20080000910000F6D9FF4894481F7803910000F6D9FF648414FF89AF100849A4120A6DFF9C
:2008200038FF49A4000A6D00CA350090DA643FF407003B8038F13F4F03003C033B803E4029
:20084000910000F6D9FF340474F40090FF440380F6523C0C8E53DA013C0282FF910000F6B1
:20086000D9FF300401F400F634FF0090DA1E3FF40600DAC83F4F03003C033B00034091000C
:2008800000F6D9FF380474F4009020106D00B52982013C27534120F010AF534120F091005D
:2008A0000026D922688410225420534120F091000026D92248741022542FA2F074F0534134
:2008C00020F0910000F6D9FF487410FF534120F091000026D92268841022542F74FFC211A1
:2008E000BF41DAFF54A0580142F0580209A10C091213910000F6D9FF2C0414FF6E0C9100B5
:2009000000F6D9FF2C04820134F1910000F6D9FF608474F2F6027636910000F6D9FF6084A1
:2009200074F2910000F6D9FF648491000026D92260845421A2128B427F1234F1910000F641
:20094000D9FF240414F1534120F0910000F6D9FF587410FF74F0910000F6D9FF240414F1C4
:20096000534120F0910000F6D9FF787410FF74F3910000F6D9FF240491000026D9222404B1
:200980001421C211DA084BF1114234F5910000F6D9FF240414FFEE07910000F6D9FF28049B
:2009A000DA0134FF910000F6D9FF280414FF6E043B8000503C06910000F6D9FF240414F53C
:2009C0008202820682013C16534120F0910000F6D9FF587410FF54F44242534120F0910057
:2009E00000F6D9FF787410FF54F44246C211370168103F51EBFFBF153D80BB00007A9B47B9
:200A00005074910000F6D9FF380454F14B0141113BB0FD409B9404444B4141404B02411149
:200A20004B0561214B2151F04B0641114B0561214B2151107BA047244B2F41F04B7F51F0B9
:200A40004B4F41F0910000F6D9FF50944B0F31F174FF7BA047F44BF141F04B7F51F04B4F31
:200A600041F0910000F6D9FF50944B0F31F16CF10E044B0041F13C0432504B0041F19100CA
:200A800000F6D9FF588491000026D922588454206B0F21F074FF0E344B0341013C04325315
:200AA0004B034101910000F6D9FF588491000026D92258844C216B0021FF6CF1910000F601
:200AC000D9FF380454FF4B0F41F13BB0FD009B9004044B0F41F0BB00000A9B4050044B0F2F
:200AE0005100910000F6D9FF489491000026D9225884542F4B0F41F04B0F71F174FF91000E
:200B000000F6D9FF489491000026D92258844C214B0F41F04B0F71F16CF16DFF19FE009079
:200B20000D000002910001FFD9FF0001820049F2002A802F80F1A21F80F1030F0AF160FF97
:200B40003C01DA016CFB820482156D00BB000D00400200800D000002910001FFD9FF000189
:200B6000821049F2002A802F80F1A21F80F1030F0AF160FF3C01DA016CFB821482056D00B7
:200B8000A1000D00400200800D000002910001FFD9FF0001822049F2002A802F80F1A21F84
:200BA00080F1030F0AF160FF3C01DA016CFB822482156D0087000D00400200800D000002CA
:200BC000910001FFD9FF0001823049F2002A802F80F1A21F80F1030F0AF160FF3C01DA01BE
:200BE0006CFB823482056D006D000D00400200800D000002910001FFD9FF0001824049F232
:200C0000002A802F80F1A21F80F1030F0AF160FF3C01DA016CFB824482156D0053000D0043
:200C2000400200800D000002910001FFD9FF0001825049F2002A802F80F1A21F80F1030FDE
:200C40000AF160FF3C01DA016CFB825482056D0039000D00400200800D000002910001FF49
:200C6000D9FF0001826049F2002A802F80F1A21F80F1030F0AF160FF3C01DA016CFB826431
:200C800082156D001F000D00400200800D000002910001FFD9FF0001827049F2002A802FE3
:200CA00080F1A21F80F1030F0AF160FF3C01DA016CFB827482056D0005000D0040020080E8
:200CC00002488FF83F9076539A183C049AF8370F68F0DF05140002846D00FE00022802F480
:200CE0006D00FA007686762382F03C0282103C05762382103C0282F03C1202F46D00EC00FD
:200D0000022F02846D00E80076266E0382103C0282F03C056E0382F03C028210534920F0D8
:200D2000910000F6D9FF688410FF91000026D92230040129002609210008534920F09100B4
:200D40000026D92268841022542F03100AFF74FF534920F0910000F6D9FF788410FF6D00BF
:200D60004C2774F200900B451088910001FFD9FF000149F2002A802F80F0A20F80F0038F81
:200D80000AF060FF3C01534820F091200028D92238A81022D4243B0001406DFF45CF489F51
:200DA000B72F83F06CF9489FB70F03FC6CF9489FB70F81F66CF9489FB71F01F76CF9489FDA
:200DC000B70F01F66CF9489FB73F02F46CF9489FB73F02F56CF9489F96016CF9489FB71FE0
:200DE00001F86CF9489FB70F82F86CF9489FB71F01FA6CF9489FB71F01FB6CF99100014FED
:200E000040F56DFF35CF3BD07BF39B6F60F34BF241F04B0F7101BBF0FFFF9BFF0FF07F0F4D
:200E20000680BBF0FF0F9BF00F00487F370F18F06CF7488F370F18F06CF8822440F46DFF92
:200E400054CF821482058206820740F46DFF32CFDA016CFB910001FF19FF3811821053483F
:200E60002010C2210F100000A60F910001FF59FF3811910001FF8200BCF1534820109140FD
:200E800000FFD9FF40E9530022F010FF01F100F63C01821014FF379F08F034FF081F370FA6
:200EA00082F12CF1083F96022CF3081F96042CF100903BF0FFF77F4F05003BF0FF273C0AAB
:200EC0003B0000F87FF405003B0000283C0302423C010090534420F0912000F8D9FF38A8AC
:200EE00010FFD4FFC812534420F0912000F8D9FF38A810FFD4FF088F09202409570061FFA8
:200F00006E0382123C0282023C013C010090DF1405803BD001803C0282286D0083020229F7
:200F2000910000F6D9FF5894DA0034FF820A3C111AA8538F20F0911000F8D9FFB0E710FFB5
:200F400054F402956D00A001F62382023C07C21ADA193FFAEFFF82123C010090910000F6E6
:200F6000D9FF589414FF6E0409FF6A083E4382023C1309FF020909F00609420F3E538202D9
:200F80003C0B40F46D005702F62382023C05DA0034FF82123C01009091200048D94418B8DE
:200FA0006D00901200900D004003DA006E019100F0FAD9FF5455DAFA74FF0D008004DF1432
:200FC0000780BB0000FC9B1FF0FA3C05BB0000FA9B1FF0FA3C019110F0FAD9FF909A91102A
:200FE000F02AD922989A9110F04AD944A8AA9110F05AD955A8AA74FFDA01742FDA80744FE7
:20100000DA50745F0D0080040D00000382246D008902DA006E019100F0FAD9FF5455DAFA7B
:2010200074FF0D0080043C010090DF140780BB00000C9B10F00A3C05BB00000A9B10F00A4E
:201040003C01DA003C07104F12016012142134F1C21F3F5FFAFF00902008404C0258DF14EF
:201060000780BB00009C9B19F09A3C05BB00009A9B19F09A3C01820A76853B0000027F8080
:20108000058082021D008B001D00850082003C0D1A0A7F8F06801A0A10CF14F13C028201B1
:2010A00001A000F634F1C210BF80F4FF0D004003DA006E019100F0FAD9FF5455DAFA74FF94
:2010C0000D0080040BA900009100F0FAD9FF5455B70018107B0000FA7E15DA5074FFDA0071
:2010E0003C0EB70018007B00F0FA7E05DA5D74FFDA003C050D008004DA013C016E050D0001
:20110000000382023C4B49A4000A6D00F300022B49A4040A6D00EE001AA96E019100F0FA3A
:20112000D9FF70750D00800474FBB04F0D00800474F20D0080041AA99110F0FAD9FF909A1B
:201140009110F02AD922989A9110F04AD944A8AA9110F05AD955A8AA74FFDA00742FDAA088
:20116000744FDAAA745F0D0080040D00000382246D00D801DA006E019100F0FAD9FF545583
:20118000DAFA74FF0D008004F62382023C078B8A00A03F8A7DFF82123C010090DF140780C2
:2011A000BB0000089B00020A3C05BB0000089B00000A3C0182013C09014100F61A50421F14
:2011C00060F2142F34FFC2113F61F8FF82123C0100900258404C0269910000D6D9DD589422
:2011E000FF240F80BB0000089BF001003F900980BB0000089BF00100A2907F80048082020E
:201200003C4114DFEE0C821034D089D42A08B708050089D00209DA0089DF060909DF6A086C
:201220007E4709DF020909D00609420F3E8382023C2909DF0609EE0AB70805F089DF0209FD
:20124000B70805F03E8382023C1D3C1809D00609DA207E0740D46D00EE00F62382023C1227
:2012600009DF060910DF14CF2CFA09DF0609C21F89DF0609B01CC2F9C218FF19E9FF82123B
:201280003C0100900D004003DA006E019100F0FAD9FF5455DAFA74FF0D0080049110F0FA89
:2012A000D9FF909A9110F02AD922989A9110F04AD944A8AA9110F05AD955A8AA74F4DA014C
:2012C000742FDA80744FDA50745F0D0080040D00000302546D002601DA006E019100F0FA02
:2012E000D9FF5455DAFA74FF0D0080043C01009014400C418F8F00F0A6F00C428F0F01F0A6
:20130000A6F00C438F8F0120A6023C0100900248404C02590D004003DA006E019100F0FAEF
:20132000D9FF5455DAFA74FF0D0080049100F0FAD9FF5455B70818007B0000FA7E05DA505F
:2013400074FFDA003C0EB70818007B00F0FA7E05DA5D74FFDA003C050D008004DA013C01C9
:201360006E050D00000382023C5B820A3C1D534A20F010C46DFFBEFF022B534A20F010CF87
:2013800049F4020A6DFFB6FF76819100F0FAD9FF70750D00800474FBB04F0D00800474F2BE
:2013A0000D008004C21ABF8AE4FF9110F0FAD9FF909A9110F02AD922989A9110F04AD94427
:2013C000A8AA9110F05AD955A8AA74F8DA00742FDAA0744FDAAA745F0D0080040D00000332
:2013E00002946D009F00DA006E019100F0FAD9FF5455DAFA74FF0D008004DF0211008200BA
:201400003C0B1A0860FF14F101C000F614FF3E1382023C06C210DA203FF0F5FF3C01009062
:20142000DF1405803B0001203C033B8000203C010090404C14CF6E0409CF0609EE038212A4
:201440003C353C0B09CF060910CFDAFF2CFA09CF0609C21F89CF060909C00609DA203FF0DF
:20146000F3FF09CF6A085E16BB0000F89B0F02FA3C05BB0000F89B0F00FA3C0109C00209BA
:20148000420F09C46A086DFFCDFF49C40A0A0BF210486DFF3EFFDA0089CF060909CF020941
:2014A0008B0F02F089CF02093C01009085FF10003C01A24F6D0006000BF220213C01009030
:2014C000910000F6D9FF3C0454FFFF0F2400910000FF3B00B4849BC80480BCF16DFF7ADA91
:2014E000913000FF39FF3506160F4B0F41F14BF251F03C013C014B0F31F13B90D003066090
:201500004B0F0102E2083C01910000F6D9FF3C0474F8910000F6D9FF3C0454F23C0100908A
:20152000024F85F810003C013C0702846DFFC0FF762382023C24910080FF19F0100226F0DE
:20154000DF00F5FF910080FF39FF1102370FE1F1EE08910080FF39FF1102370FE1F26E0D60
:20156000DA006E019100F0FAD9FF5455DAFA74FF0D00800482023C0382123C0100906DFFBE
:2015800014FD762382123C0282023C0100906DFF4EFD00906DFF62FD762382123C0282027D
:2015A0003C0100900248A00C8F7800F16E0D8F7800F18B8F00018BF01F110B8130F1EE0399
:2015C00042083C0282086D00BB26910000F6D9FF001454FFEE0E910000F6D9FF00149100E5
:2015E0000026D92244A4B0728020B70003F074FFBF182C80910000F6D9FF041454FF8BF833
:201600001F010BF030F1EE21910000F6D9FF041454FF428F3B80FF077F0F1880910000F676
:20162000D9FF0014D4FF91000026D9220414542F10FC910000F6D9FF041491000026D92269
:201640000414542F42F874F86D00FD2840C23C0100900090911000F8D9FF2C0854FF6E06EC
:20166000C4F22D02000054FFEEFC0090910000F68210D9FF1004820149F0C008F6056DFFC8
:20168000EBFFDA0274FF54FFDF2FFFFF00902048911000F6D9FF50AC14F8911000F6D9FFD4
:2016A00050AC485991100046D94468CC82046D000C05022A911000F6D9FF50AC09F0082990
:2016C000911000F6D9FF50AC09F10C294210911000F6D9FF50AC09F124194210911000F693
:2016E000D9FF50AC48EF42F0911000F6D9FF50AC48FF42F0911000F6D9FF50AC09FF0E093F
:20170000120B8200910000F6D9FF081454FFFE83910000F6D9FF0C1454FF7E9D910000F667
:20172000D9FF101454FF7EA7910000F6D9FF141454FF3EB28210910000F6D9FF18149100BD
:201740000026D9221814542FC21F74FFF60A910000F6D9FF181454FFFFAF04801D009600A2
:20176000910000F6D9FF1814DA0074FF910000F6D9FF081474F8910000F6D9FF0C1474F9BE
:20178000910000F6D9FF101474FA910000F6D9FF141474FB74A86D009F207623DA013C0268
:2017A000DA00780189A9080989AA0C09911000F6D9FF50AC09FF06097804911000F6D9FFDE
:2017C00050AC09FF0A097805911000F6D9FF50AC09FF02097806911000F6D9FF50AC09FF06
:2017E0000E097807911000F6D9FF50AC09FF04297808911000F6D9FF50AC09FF082978090E
:20180000911000F6D9FF50AC09FF0C29780A911000F6D9FF50AC09FF2419780B911000F6D4
:20182000D9FF50AC48EF780C911000F6D9FF50AC48FF780D911000F6D9FF50AC489F780E0A
:20184000911000F6D9FF50AC48AF780F911000F6D9FF50AC48CF7810911000F6D9FF50AC2A
:20186000487F78118B0B20F26E0691200048D94460983C0591200048D944699849A5000A9E
:201880003B2001406D005D300090BC4E911000F6D9FF50AC49FF000A4942000AC5042400D9
:2018A00044FF642FFC4E0090024F91100046D944AC5C82043B4005506D003F06911000462C
:2018C000D94450AC82043B4009506D00360691100046D944907C82043B003F506D002D06EC
:2018E000911000F6D9FF847C820034F0911000F6D9FF8C7C820034F0911000F6D9FF887C43
:20190000820034F091100046D94440DC6D00C81B911000F6D9FF4CAC820034F0911000F60D
:20192000D9FF48AC820074F0911000F6D9FF44AC820074F0910000F6D9FF1C14820034F07B
:2019400002F46D00B81F911000F6D9FF64CC6D00542174F20090910000F6D9FF1C1414FF34
:201960008B1F00223C0100906D0080006D00452102246D00220400900B451088404C026AE5
:20198000DAF83FAF048076A47CC382023C3A911000F6D9FF8C7C14F46D000804022B9110EA
:2019A00000F6D9FF847C14FF7EBE911000F6D9FFAC5C91100026D922AC5C4C26C21F6CF614
:2019C00082023C1F911000F6D9FF8C7C14FF53CF2FF0911000F6D9FF907C10F43448894990
:2019E0000108894A020876A6B03440C502A46D007205911000F6D9FF8C7C34FB82123C01FB
:201A0000009020587C4382023C2F494F000A49A2000AA0A444FF642FFC4E911000F6D9FFA6
:201A2000807C91100026D922807C542FC21F74FF911000F6D9FF807C54FF74AF49A4000A3D
:201A400049A52C0A3B6002406D008A1BCE2382023C0B82243B00015049A42C0A3B60026065
:201A60006DFF8CFF3C0100906D00C720022F6D00331FF629911000F6D9FF64CC54F052000A
:201A8000CE023C4D911000F6D9FF64CCC22F74FF6D006703F6223C4391100046D94468CC44
:201AA00082046D0012033B1060F49B3FF5F53E2B911000F6D9FF4CACDA0034FF82046D00EB
:201AC00016033C2D91100046D94468CC82446D00FC02022F91100046D94468CC3B800040B7
:201AE0006D00F30202283B0040007F8004803B0040806E0402F46D00C00002846D000602D1
:201B00006D007B2091100046D94440DC02246D00F01A6D00722002246D00D00300902008E3
:201B2000404F14FF1E6314FF5E7A14F40835C82409F6C4086D006F0E1D009E0014FF9E1035
:201B4000911000F6D9FFAC5C91100026D922AC5C092F0019C21F89FF00191D008D00083F80
:201B60009E11083F1E3F083F1E4D911000F6D9FFAC5C91100026D922AC5C4C2EC21F6CFE5A
:201B80003C7A09FFC408EE0D911000F6D9FFAC5C91100026D922AC5C4C2DC21F6CFD3C6B15
:201BA000C8221428083FDF1F5D8009FFC4081E5D911000F6D9FFAC5C91100026D922AC5C4D
:201BC0004C2DC21F6CFD3C57DA207E823C54DA505F8F2280C822B01214200C218F8F20F030
:201BE000A6F03C0137005040C82FB03F14F0081F8F8F20F0A6F03C013700505049A4020A69
:201C00006D00B2003B00014049A4020A82256D0028013C31DA10FE8FC822B01214240C21FE
:201C20008F8F20F0A6F43C016D00600134A2C82FB03F14F4081F8F8F20F0A6F43C016D0074
:201C4000550189A2010849A4000A822502846D0008013C11A004820502846D0002013C0BAB
:201C6000C824B01409FFC408C2FF370F685002846D00F7000090024A82083B0028F07FAF50
:201C80000F80911000F6D9FFAC5C91100026D922AC5C4C22C21F6CF23B0028A03C483B40C5
:201CA00010F07FAF05803B4010F03C0202AFC23FB70F02F0370F70903B4010F07F9F0480EB
:201CC0003B401090C21882448205A00491100056D955A81C821702966D00191E762F91101A
:201CE00000F6D9FFAC5C91100026D922AC5C092F0C19C21F89FF0C193C1C911000F6D9FF92
:201D0000AC5C91100026D922AC5C4C21C21F6CF16D00731F91100046D944A81C0B9210488A
:201D20006D0056007F9A03803C04A29AFF1AB9FFBF1819803B8000408205A004A005820634
:201D400082076D00E41D762E911000F6D9FFAC5C91100026D922AC5C092F0C19C21F89FFE1
:201D60000C190090534426F03B8025004B0F0102534526F03BC012204B2F0122A2205344F3
:201D800026F03B8025104B1F0122534526F03BC012104B1F01421A423B4006107F010400C7
:201DA0003B4006003BC0F91F7F1004003BC0F90F3B4006107FF10300DA643BC0F91F7F1F06
:201DC00004003BC0F9FF34402C4100902010404C0B451088820A3C4191100046D94440DCCE
:201DE00001CA00F614F449A5000A02956D005318DA013E27DA02BE2582505F201F003C29DF
:201E0000911000F6D9FFAC5C91100026D922AC5C4C27C21F6CF749A4000A6DFF82FE3C1A91
:201E2000911000F6D9FFAC5C91100026D922AC5C4C28C21F6CF83C0E911000F6D9FFAC5CE7
:201E400091100026D922AC5C4C29C21F6CF93C023C01C21A370A70A03F8AC0FF0090201805
:201E60000248404F0259DA107F9F0E80911000F6D9FFAC5C91100026D922AC5C4C2CC21FFE
:201E80006CFC3C32DA327E836D00D12A34A889A90108769749A4020A40F502946D001B0384
:201EA00049A4000A6D002C2ADF021480911000F6D9FFAC5C91100026D922AC5C4C2BC21F5A
:201EC0006CFB91200048D94467886D00372D3C0C911000F6D9FFAC5C91100026D922AC5C3C
:201EE0004C2AC21F6CFA009037045020DA647F2F05003B4006203C073BC0F9FF7FF20400AD
:201F00003BC0F92F3C010090200802488209820A911000F6D9FF847C14F0911000F6D9FF66
:201F20008C7C14FF3E03FFA804801D00C0003C6A911000F6D9FF847C14F053C02FF0911051
:201F400000F6D9FF907C10FF08246D00FC183B401000A2907F2003803C61082FB4AF3B405A
:201F600010F0A29F370F70F0ACA214F491100026D922887C142582060817B03F91100026C8
:201F8000D922A81C0129005640F46D000117FF021A00911000F6D9FFAC5C91100026D922F5
:201FA000AC5C4C25C21F6CF5911000F6D9FF847C91100026D922847C14246D00F70034F273
:201FC0003C21422937097090C21A370A70A0911000F6D9FF887C91100026D922887C142F50
:201FE000C21F34FF911000F6D9FF847C91100026D922847C14246D00D90034F23F890380AD
:202000003C0D911000F6D9FF847C14FF911000F6D9FF8C7C14F05F0F8DFFF6923C478234BF
:20202000820591100046D944A81CA005820702966D006D1C762F911000F6D9FFAC5C9110D8
:202040000026D922AC5C092F0C19C21F89FF0C193C2D911000F6D9FFAC5C91100026D922CA
:20206000AC5C4C23C21F6CF3911000F6D9FFAC5C91100026D922AC5C4C2442AF6CF48274B1
:202080008205A004A005820682076D00401C762E911000F6D9FFAC5C91100026D922AC5CB1
:2020A000092F0C19C21F89FF0C190090404582248205A0043B80016082176D00281C8B025C
:2020C00000223C010090014400F614F0081F8F8F00F0A6F0082F8F0F01F0A6F0083F8F8F46
:2020E0000120A6023C013C010090910000F6D9FF1C1414FF7E423C33910000F6D9FF1C14AD
:2021000034F4DF241880911000F6D9FFAC5C91100026D922AC5C092F1019C21F89FF1019C8
:202120006D00852991200048D94476886D00062C3C16DF140F8091100046D94440DC6D0070
:20214000AF1791200048D94440986D00F72B3C0791200048D94448986D00F02B009091104A
:2021600000F6D9FFAC5C91100026D922AC5C542FC21F74FF91100046D94468CC6DFF98FFAD
:20218000DF021180911000F6D9FFAC5C91100026D922AC5C092F0C19C21F89FF0C1982021D
:2021A0003C0382123C010090C214DA044BF4110202123C0100900248911000F6D9FF50ACE3
:2021C00049F4042A6D00691B911000F6D9FF50AC91000026D9221C14142F34FF911000F649
:2021E000D9FF4CAC14FF6E08911000F6D9FF44AC54FFA2F83C028208911000F6D9FF50AC07
:2022000089F80209911000F6D9FF50AC91100046D94468CC82446DFF58FF89F206099110DB
:2022200000F6D9FF50AC91100046D94468CC3B8000406DFF4AFF89F20A09911000F6D9FFEF
:2022400050AC91100046D94468CC3B0001406DFF3CFF89F20E09911000F6D9FF50AC6D00BD
:20226000151B89F21208911000F6D9FF50AC6D00F31A6852911000F6D9FF50AC91100026C8
:20228000D922AC5C4922000A49FF180AC5041400442F64FFFC4E911000F6D9FF50AC911053
:2022A0000026D92240DC4922104A49FF2C1AA054442F64FFFC4E0090024891100046D9449C
:2022C00068CC3BC000406DFF00FF911000F6D9FF4CAC14FF6E07911000F6D9FF48AC54FF7F
:2022E000BE22911000F6D9FF48AC74F2911000F6D9FF4CACDA0134FF911000F6D9FF44AC61
:2023000074F83C12911000F6D9FF44AC54FFA2F83B401FF03FF8068082246DFFE8FE3C0438
:2023200082146DFFE4FE00900942900909458409CC42EC5209458809CC41EC51CC217D4F3C
:202340000580CC42EC213C01A00FEC44542FC2FF742F54223C010090494F080AEC4182FF3F
:202360006C42494F080AEC43494F080AEC44DA00744F0090A00FEC440090545F5EF3CC444C
:202380003C09494F080A3C02C81FC81254207F0FFDFFC812895284090952840989258809E8
:2023A000EC52E81589549009544FC21F744F0090C234B70402F06E669249DF096400910066
:2023C00000C6D9CC2C2454CFEE1582046DFFAFE1802F325F160392446DFFA9E18020DFF006
:2023E0005200102FF4CF91000026B52F2824820074F0D4CD820A3C0410DF49FD3FFA54DFAE
:202400006E036F0FFBFFF4CD3C1DB70801F010DF6F08188054FFEE1182046DFF88E149F421
:20242000040A7D420F80325802846DFF80E1802F1EF874DA82083C0CAE0442F874D840DF27
:2024400040FD54D876856F08E2FF3F98E0FFDF082680BF19180002946DFF69E1802F9EF202
:2024600049DF040A01F220F4EE0D012F30F4EE12802F325F1603102F92446DFF58E1802F0E
:202480005EF3A002009001DF2020802F960174DF40FD01D900F674FA3C0A9A493FF807809E
:2024A00001D900F6A29874F83C0202898F1940F174DF49D2040A00903C09144F1450C2F436
:2024C0003E0352020090B014B015DF04F8FF82020090DF043000404FBF842780804F8F3F37
:2024E000000180518F3100115F101F802E06C2F4045F344F494F010A80FF2E16045F24FF6F
:20250000C2E4045F24FF8F7400018FD41FF06E0B02F14052C2F160160922480189F24801BA
:20252000FC6CD05502047646C2F46042045F24FFFC2E40420090404FBF852380804F2E05BA
:20254000C2F53444494F010A80FF2E1424F4C2E524F48F7500F106D5DF051200D200764AB9
:20256000370468008F802010A6108F002110A6100201C2F5605289F04801FC2E02F5765533
:20258000C2F5605224F4FC2F40420090538422F0911000F6D9FFC07C10FFC86209F05C0853
:2025A000DA010F0F10F06C21C88209F06408DA010F0F10F06C2182056D0023010090202870
:2025C0009100014F6DFF11C09100014F6DFF47C202289100014F02846DFFA0C29100014F47
:2025E000820402856DFF49C29100014F82249B0408406DFFBFC182091D00D90049A4000A85
:202600009100015F6DFF88C1534920F0912000F8D9FF24C810FFD4FF14FF2CA4534920F08A
:20262000912000F8D9FF24C810FFD4FF09FF01082CA5DA0189AF1208DA0189AF1308534972
:2026400020F0912000F8D9FF24C810FFD4FFF807DA8089AF2008DA0089AF21080CA43B003C
:202660008000E20F60FF9110013F30F3D934000D09A4050882056DFF53C03B0000F49BCF13
:2026800069F44BF851F04B0F71F17802DA007803538922F0911000F6D9FFC07C10F449A543
:2026A000000A6DFF9FC0538922F0911000F6D9FFC07C10FF58026CF5538922F0911000F65D
:2026C000D9FFC07C10FF530921F091200028D92224B810220922C00989F2D809538922F04A
:2026E000911000F6D9FFC07C10FF530921F091200028D92224B810220922C80989F2E00971
:20270000530921F0912000F8D9FF24B810FFD4F4530921F0912000F8D9FF24B810FF0844F3
:202720003B0008506DFFECC2530921F0912000F8D9FF24B810FFC824530921F0912000F811
:20274000D9FF24B810FF08C43B0008506DFFD8C2530921F0912000F8D9FF24B810FFD4F2B2
:20276000530921F0912000F8D9FF24B810FF084F7B1000000FF0100089200409530921F06C
:20278000912000F8D9FF24B810FFC822530921F0912000F8D9FF24B810FF08CF7B100000A8
:2027A0000FF0100089200409C219BF4929FF0090538422F0911000F6D9FFC07C10FF912065
:2027C0000028D922729801240026142FC65F6E0382103C037B100000C86209F15C080F10A5
:2027E0001000892004096E047B1000F03C02DA01C88209F064080F0F10F06C21009053844C
:2028000022F0911000F6D9FFC07C10FFC82409F405086DFF98BFC8346DFF6EBF00900B54AF
:202820001088BF4903803C2C3B803EF07F8F05003B803E803C073B80C1FF7FF804003B80A4
:20284000C18FF68502946D001D003C1A8B18805202946DFFAFFF8E823C023258538922F04C
:20286000911000F6D9FFC07C10FF485FE2F83B803EF04BF811020B9010486DFFC2FF00902E
:20288000538422F0911000F6D9FFC07C10FFC86209F05C087B1000F00F0F10F06C21C8829E
:2028A00009F064087B1000F00F0F10F06C2182056DFFA7FF0090DA003C0502F46DFFE2FF06
:2028C000C21FBF4FFCFF0090024F0258820402F56DFFA7FF821402F56DFFA3FF822402857C
:2028E0006DFF9FFF823402856DFF9BFF0090201849A4000A6D00CD2814AF910000F6D9FF48
:20290000201414F07E023C36910000F6D9FF201414AF34FF0CA56E03DA013C02DA0091104E
:2029200000F6D9FFC0AC14F0BE02911000F6D9FFC0AC34FF6E0691200048D94442B83C05C6
:2029400091200048D9445CB86D00F827DA003C0810AF09F50A0802F46DFF7AEFC21FBF4F1A
:20296000F9FF09A48E086DFF63EF09A490086DFF7FEF0090911000F6D9FFD4ACDA00B4FF33
:20298000911000F6D9FFD8ACDA00B4FF911000F6D9FFD4ACDA00ACF1911000F6D9FFD8AC5E
:2029A000DA00ACF182046DFFF3FD82146DFFF0FD82246DFFEDFD82346DFFEAFD82048205BD
:2029C0006D0054280090911000F6D9FFE49C14FF6E18911000F6D9FFE49CDA0034FF911059
:2029E00000F6D9FFE49CDA002CF26DFF66FF82146D00600091200048D9446BA86D009E2702
:202A000000902010911000F6D9FFE49C08146DFF39FF49A4000A6DFF3CEE911000F6D9FF4B
:202A2000E49C081F534F20F0911000F6D9FFE49C10F2911000F6D9FFE49C081F534F20F084
:202A400010AF54F0911000F6D9FFE49C482FA2F089200C09911000F6D9FFE49C081F534F05
:202A600020F0911000F6D9FFE49C10FF483FFF0F1300911000F6D9FFE49C08146DFFFBED41
:202A8000325237024850911000F6D9FFE49C08146DFFDEEE911000F6D9FFE49CDA022CF2B5
:202AA000911000F6D9FFE49C6D00A71868120090201889A4010882083C1501A800F6028483
:202AC0006DFFD9ED2822534820F010A2534820F0911000F6D9FFE49C10FF483F892F060926
:202AE000C218BF48ECFF49A4000A6D0090230090201049A4000A6DFFCCED82003C0B5340BB
:202B000020F0911000F6D9FFE49C10FFDA006CF3C210BF40F6FF911000F6D9FFE49CDA01DE
:202B200034FF911000F6D9FFE49CDA002CF1911000F6D9FFE49CDA012CF2911000F6D9FF25
:202B4000E49C6D005A186812911000F6D9FFE49C54AF6CF26D00142482046D008910821485
:202B60006D0086106DFFA9FE91200048D9447B986D00E426009020206D003F180228911040
:202B800000F6D9FFE49C082F82005F0F940082103E058220BE091D008E00911000F6D9FFD4
:202BA000E49C08143B8007506DFF3BFE911000F6D9FFE49C481F0BF88000DAFA3FF0048062
:202BC0006DFF21FF3C7E911000F6D9FFE49C08146DFF58FE911000F6D9FFE49C481F0BF889
:202BE0008000DA503FF06680911000F6D9FFE49C91100026D922E49C0C21C21F2CF1911019
:202C000000F6D9FFE49C081FBF4F378082083C16534820F010AF02846DFF2DED74F29A48E0
:202C2000534F20F010A2534820F0911000F6D9FFE49C10FF483F742FC218BF48EBFF9120E1
:202C40000048D94464A849A5000A3B8000406D001E2682046DFF2EFF911000F6D9FFE49C51
:202C6000DA0034FF911000F6D9FFE49CDA002CF26DFF23FE3C1E49A4000A6DFF0AED91107E
:202C80000026D922E49C911000F6D9FFE49C081F534F20F010AF54FF6C22911000F6D9FFBC
:202CA000E49CDA012CF2911000F6D9FFE49C68183C08911000F6D9FFE49CDA0034FF3C01AF
:202CC00000902028911000C6D9CCD4AC911000F6D9FFD4AC8814911000F6D9FFD4AC94F58D
:202CE0006D00E00189C28208911000C6D9CCD8AC911000F6D9FFD8AC8814911000F6D9FF23
:202D0000D8AC94F56D00CE0189C2820849A4000A6D006B2309AF50086E09911000F6D9FFAD
:202D2000C0AC14FF6E03DA013C02DA008204911000F6D9FFD4AC881594A602F76D00A40F4B
:202D400002288214911000F6D9FFD8AC881509A6820802F76D00980F022F0B8F10486DFF4E
:202D6000B5FD0B8F10486D00812649A4000A0B8F10486D00030000902018404C0B45108806
:202D80006D003B17022A911000F6D9FFD4AC881FEE14911000F6D9FFD8AC881FEE0EF68D97
:202DA000F69C94CFEE0A8CC1EE08911000F6D9FFDCACDA0034FF3C3991100026D922DCAC20
:202DC000142F6E09911000F6D9FFE09C54FF5AFABF0F2C00911000F6D9FFD4AC881F74AFF4
:202DE00094CF780189A80809911000F6D9FFD8AC881F78038CC1780489A91409912000488F
:202E0000D944769849A5000A82646D004025911000F6D9FFE09C1B8A3EF074FF911000F60F
:202E2000D9FFDCACDA0134FF0090911000F6D9FFD4ACDA00B4FF911000F6D9FFD8ACDA004B
:202E4000B4FF911000F6D9FFD4ACDA00ACF1911000F6D9FFD8ACDA00ACF1911000F6D9FF80
:202E6000CCACDA0074FF911000F6D9FFD0AC6D00C41674F2911000F6D9FFE0ACDA0034FFED
:202E8000911000F6D9FFDCACDA0034FF911000F6D9FFE49CDA0034FF911000F6D9FFE49C43
:202EA000DA002CF1911000F6D9FFE49CDA002CF2911000F6D9FFE49CDA006CF1911000F677
:202EC000D9FFE49CDA006CF2911000F6D9FFC8ACDA0074FF911000F6D9FFC4ACDA0074FF06
:202EE000910000F6D9FF2014DAFF34FF911000F6D9FFC0ACDA0034FF6D00AB0E6DFF4BDC92
:202F00006DFFDBFC009020306D007716022849A4000A6D00C523911000F6D9FFC8AC54FFE8
:202F20003E2E911000F6D9FFC8AC580274FF911000F6D9FFC4AC1BC812F074FF911000F6A7
:202F4000D9FFC4AC54FFEE0382023C50911000F6D9FFC4AC54FFA2F8BF0814006D00480079
:202F600082046D00850E82146D00820E6DFFA5FC91200048D9444FC86D00E02482023C3697
:202F8000820494A56DFF4DFC821409A582086DFF48FC822409A584086DFF43FC823409A550
:202FA00086086DFF3EFC94A08CA142F0370050408CA209A08608420F370F50506D005625FF
:202FC00049A40C0A6D00112249A40C0A94A08CA142F0370050408CA209A08608420F370FF5
:202FE00050506DFFCBFE82123C010090911000F6D9FFC4ACDA0074FF6D003D2300902008EA
:2030000049A4000A49A5020A49A6040A6D00E62402286D00F215911000F6D9FFCCAC54FF73
:203020003E8B911000F6D9FFCCAC74F8911000F6D9FFD0AC74F2911000F6D9FFE0AC0CA478
:2030400034FF911000F6D9FFD0AC54FFA2F2DA967F2F0680DA00B4AFDA00ACA1911000F6CC
:20306000D9FFD4AC94AFB4FF911000F6D9FFD8AC8CA1B4FF00906D00C015022F3C106D0073
:2030800020006DFF6AD1022802846DFFB9CF02846DFF83D1C21F02F46D00C5153CF10090A4
:2030A000A245370550F0BF3F0400DA023C04FFEF030082EF42F4370450203C0100906DFF13
:2030C000E6EB6DFFFEDB6DFF14FC6DFF9AFF911000F6D9FFE0AC14FFEE056D00A121DF0248
:2030E00015006DFF72FC911000F6D9FFC4AC54FF6E036DFF7DFF6DFF3FFC82046D00B80DF7
:2031000082146D00B50D3C1C911000F6D9FFE49C14FF6E0A6D003421762482246DFFCAFCE4
:203120006DFF2BFD3C0D6D002B2176246DFFE2FC3C076DFFEAFE76223C036DFFC4FD0090EA
:20314000911000F8D9FF200880FFBB0000089B0002083F0F048082123C0282023C010090FA
:203160006DFF1CEF911000F6D9FFF0AC6DFFEAFF34F2911000F6D9FFF0AC91200028D92273
:2031800058F8E812911000F6D9FFF0AC91100028D92230B3E822911000F6D9FFF0AC91107D
:2031A0000028D92232F3E832911000F6D9FFF0AC91100028D92200C3E842911000F6D9FF82
:2031C000F0AC91100028D92204F3E852911000F6D9FFF0AC91100028D92206E3E8629110BB
:2031E00000F6D9FFF0AC91100028D92202D3E872911000F6D9FFF0AC91100028D9221AF396
:20320000E882911000F6D9FFF0AC91100028D92214F3E89291100046D944F0AC6D002403C0
:20322000911000F6D9FFE4AC6D00E71474F2911000F6D9FFE8ACDA0034FF911000F6D9FF42
:20324000ECACDA0034FF00902018911000F6D9FFE8AC14FF6E023C4C6DFF7FF376279110D7
:2032600000F6D9FFECACDA0134FF911000F6D9FFECAC14FF6E0D6D00C014911000F6D9FF95
:20328000E4AC54FFA2F23B8038F17FF203803C30911000F6D9FFE8ACDA0134FF49A4000A6B
:2032A0006D003800F62D91200048D94470D86D00452349A4000A6D000D0176223C1949A4C7
:2032C000000A6D00A000DF02140049A4000A6D000101762891200048D94458E86D002E23CA
:2032E0003C0791200048D9447DE86D00272300906DFF0FEE762382123C0282023C010090A4
:203300006DFF2EEE762382123C0282023C010090404F6D00E701762D6D00DE014922000A21
:2033200049FF000AA044442F64FFFC4E82123C096DFF08FF40F402246D003A0282023C0127
:2033400000902018024F6D00CD01F6223C1C6D00C301492F000A49A2000AA04444F0642065
:20336000FC4E49A4000A02F46D006E00762C49A4000A6D00AF00762791200048D9445CD89F
:203380006D00DC2200902018024F49A4000A6DFFC1FF49A4000A02F46D006E00762D49A42E
:2033A000000A6D009700762891200048D9445BC86D00C4223C0791200048D94477C86D00D0
:2033C000BD2200906DFFECEE762382123C0282023C0100906DFFD2F20090913000FF39FFC4
:2033E00020169602913000FFE9FF20163C013C0000906DFFF0EE762382123C0282023C01A2
:203400000090404F54FF3B4035049BF0D4047E04088FBF2F048082023C15088F40F402F402
:203420006D004700DF32040082023C0C824540F402F46D003600DA002CFCDAFF2CF98212CF
:203440003C010090404F024854F03B4035F49BFFD4F47E03BF28048082023C0C820540F409
:2034600002846D001E00089F7E83DAFF2CF982123C010090404F024854F03B4035F49BFFD9
:20348000D4F47E03BF28048082023C09822540F402846D000600289882123C010090DF14C7
:2034A000058089450B083C0389450A080090DF14058009424B083C0309424A083C01009038
:2034C000911000F6D9FFD8BCF4F46D005B0100902048911000F6D9FFD8BC54FF6E027C44BA
:2034E00082021D008300494F000A49A2300AA04444FF642FFC4E3B4035F49BFFD4F4780C53
:20350000911000F6D9FFF4BC14FF6E08911000F6D9FFDCBC481FC21F3C02DA01780DEE0325
:2035200082023C63911000F6D9FFF4BC14FF6E09911000F6D9FFF0BC14FF8F1F80F13C0234
:20354000DA00911000F6D9FFD8BCD4FFD4FF02F42D0F0000F62382023C4849A4300A49A580
:20356000000A6D008200911000F6D9FFD8BCD4FFC81F49A4000A3B80015002F42D0F000060
:20358000F62382023C32911000F6D9FFD8BCD4FFC82F49A4180A3B80015002F42D0F000006
:2035A00049A4000A49A5180A3B8001406DFF86F7762382023C1A911000F6D9FFDCBC49A2BA
:2035C000300A49FF000AA044442064F0FC4E911000F6D9FFF0BC34FF911000F6D9FFF4BC0C
:2035E000DA0134FF82123C010090404F405C14F0DA547E0D081F3B3004007E09082F3BF0F5
:2036000004007E05083F3BD004003E0382023C2B3B40014040F46DFF82E1022F49F4140A56
:203620006DFF68EE3E2382023C1E82043B40015040C46DFF82F73B4035F49BFFD4F474CF05
:2036400040F4B0446DFF56EE89C20409088F2CC8089F2CC908AF2CCA08BF2CCB08CF2CCCD9
:2036600082123C010090404C405FDA5434FFDA432CF1DA4F2CF2DA4D2CF340F4B04409C4A1
:2036800004096D00BB000CC82CF80CC92CF90CCA2CFA0CCB2CFB0CCC2CFC0CCD2CFD0CCE2D
:2036A0002CFE0CCF2CFFDA0089FF1008DA0089FF1108DA0089FF1208DA0089FF13083B4071
:2036C000014040F46DFF2BE149F4140A02246D009500009091100026D922DCBC3C010090C3
:2036E000203082088209911000F6D9FFF4BCDA0034FF911000F6D9FFD8BC54FFEE0382026E
:203700003C3F820A3C35911000F6D9FFD8BCD4FFC82F49A4000A3B80015002A42D0F00007F
:2037200049A4000A49A5180A6DFF61FFF6223C1F769458077FF81C80911000F6D9FFDCBCC0
:2037400049A2180A49FF000AA044442F64FFFC4E911000F6D9FFF0BC34FA911000F6D9FF4E
:20376000F4BCDA0134FF09A81C098219C21ABF2ACCFF911000F6D9FFF4BC14F23C01009098
:20378000911000F6D9FFF4BCDA0034FF911000F6D9FFF0BCDA0034FF91100046D944DCBC39
:2037A00082043B4001506DFFC8F60090404F024882043B40015040F46DFFBFF63B4035F4D9
:2037C0009BFFD4F474FFDA006CF1DF180480DA013C02DA002CF8DAFF2CF9088FEE03DA04E7
:2037E0003C02DA002CFA088F5E13DA043C02DA002CFBDA002CFC00908FF40FF1344F370493
:2038000068F42C41370468F82C42370468FC2C430090911000F6D9FFF8BC91100026D92253
:20382000F8BC4C27C21F6CF7DF641680DA303E56DA313E58DA353E5A3C0C02646D00FF0044
:203840003C0902646D00A7013C056D00E5003C023C013C08DF740780DA347E536D006B02C3
:203860003C010090404F91100046D944F8BC82043B801B506DFF61F691100026D922F8BC4F
:20388000F42F911000F6D9FFF8BCDA002CF4911000F6D9FFF8BCDAFF2CF5911000F6D9FF5C
:2038A000F8BCBBF0FFFFACFC0090911000F6D9FFF8BC084F1E1C911000F6D9FFF8BC084F45
:2038C0005E243B4006203C0282023C14911000F6D9FFF8BC09FF1209534F26F0911000F61E
:2038E000D9FFF8BC09F006094B0F1102370068203C010090911000F6D9FFF8BC09F40E0904
:203900006DFF1BE0911000F6D9FFF8BC09FF0A093E29911000F6D9FFF8BC08546D005C0053
:203920003C59911000F6D9FFF8BC49F4200A6D00EA18DF220A00911000F6D9FFF8BC08546F
:203940006D004A003C47911000F6D9FFF8BCD4FFC842911000F6D9FFF8BC0854911000F617
:20396000D9FFF8BC48952D020000DF120A00911000F6D9FFF8BC08546D002E003C2B6D00C6
:203980004202F629911000F6D9FFF8BC08546D0023003C20911000F6D9FFF8BCDA022CF43A
:2039A000911000F6D9FFF8BCD4FF486F6E0E911000F6D9FFF8BCD4FFC862911000F6D9FF4F
:2039C000F8BC08542D02000082243B4006506D0000020090911000F6D9FFF8BCD4FF487F75
:2039E0006E09911000F6D9FFF8BCD4FFC87F2D0F0000911000F6D9FFF8BCDA002CF4911019
:203A000000F6D9FFF8BCDAFF2CF5823482056D00E0010090911000F6D9FFF8BC084FEE06A1
:203A2000823482056D00D5013C08911000F6D9FFF8BC08546DFFD0FF0090FF8408808234B7
:203A400082056D00C6011D00A500911000F6D9FFF8BC084F5E196DFF2AFF821402256D0039
:203A6000B8011D00970014400C418F8F00F0A6F00C428F0F01F0A6F00C438F8F01F00FF0C4
:203A8000A080094144080C458F8F00F0A6F10C468F0F01F0A6F10C478F8F01F00FF1A09070
:203AA000DA947F8F0880BB4009F89BFF01F07F8F0780823482056D008C013C6B911000F671
:203AC000D9FFF8BCD4FF14FF5E13DA003C02DA01911000F6D9FFF8BC2CF5911000F6D9FF5D
:203AE000F8BCD4FFC82F370F68402D0F0000DF120A00911000F6D9FFF8BC08546DFF6CFFCD
:203B00003C48911000F6D9FFF8BC49F4200A911000F6D9FFF8BCD4FFC8156D00131891108B
:203B200000F6D9FFF8BC89F80609911000F6D9FFF8BC89F90A09911000F6D9FFF8BC6DFF2C
:203B40002DDF89F20E09911000F6D9FFF8BCDA0089FF1209911000F6D9FFF8BCDA00ACFB83
:203B6000911000F6D9FFF8BCBBF0FFFFACFC911000F6D9FFF8BCDA0089FF1A08911000F693
:203B8000D9FFF8BCDA012CF4821482056D0021010090404CFF3404801D00CC0014C00CC195
:203BA0008F8F20F00FF0A0908BE41F807684DAF07F8F0880825502946D00EC001D00BA00A3
:203BC000911000F6D9FFF8BC084F1E17823502946D00E0001D00AE0091100026D922F8BC5B
:203BE000092FD8087E97820502946D00D3001D00A10091100026D922F8BC092FD6083E9E15
:203C0000821502946D00C600911000F6D9FFF8BC08546DFFE1FE1D008D00911000F6D9FF61
:203C2000F8BC91100026D922F8BC09240E0940C4B02402856DFFB5DE89F20E09911000F68F
:203C4000D9FFF8BC49F4200AB02CA00691100078D977E05340C502846D00EB16DF02160063
:203C6000DF121400DF221200DA097E2382253C02824502946D008E00911000F6D9FFF8BC48
:203C800008546DFFA9FE3C55911000F6D9FFF8BC91100026D922F8BC09201209420889F87C
:203CA0001209911000F6D9FFF8BCA8C9911000F6D9FFF8BC9A19ACFB820502946D006A00E4
:203CC000911000F6D9FFF8BC09FF1209534F26F0911000F6D9FFF8BC09F006094B0F11024E
:203CE00037006850911000F6D9FFF8BC09FF5A083E5A911000F6D9FFF8BC89F51A08821457
:203D00006D006700911000F6D9FFF8BC09FF6008DE20911000F6D9FFF8BC09FF1209911057
:203D200000F6D9FFF8BC09F006097E036DFFE4FD0090911000F6D9FFF8BC084F1E223C1095
:203D4000911000F6D9FFF8BCD4FF488F6E09911000F6D9FFF8BCD4FFC88F2D0F0000009006
:203D6000024F0256911000F6D9FFF8BCD4FFC832911000F6D9FFF8BC085402F540542D0271
:203D80000000DF12048082023C0282123C01009020088FF40FF134AF868489A4010889A58F
:203DA0000208911000F6D9FFF8BCD4FF489F6E0F911000F6D9FFF8BCD4FFC89F82743B20F1
:203DC000035049A4000A82362D0F00000090200834A489A50108911000F6D9FFF8BCD4FFE8
:203DE000489F6E0F911000F6D9FFF8BCD4FFC89F82743B30035049A4000A82262D0F000073
:203E00000090D9AAF0BE8208911000F6D9FFF8BC489FD9A400116D00B60A3C2552893B001B
:203E200000017F9004803B000091911000F6D9FFF8BCD4FFC852911000F6D9FFF8BC085493
:203E400049A4000A028502962D020000DF12040082023C22D9A4001149A5000A02946D00BD
:203E6000A30A42983FF8DCFFD9A40011D9A500016D002A0AD9A40001911000F6D9FFF8BC5A
:203E800049F5280A3B0002406DFF18F3F62382123C0282023C0100902008404DF4A5406C88
:203EA0008208A00F0D0040030D0080044D80E39F370964F88FCF01F0379F10F360FE3C013A
:203EC000BCEB54E854EF370F64088FC0010037F010F360FF3C01BCE8BCF754FFCD8FE30FFC
:203EE0000D00C0043C030D0000020D00000382043B00045040F46DFF20F380DF6CF23BF0E3
:203F00008FF06CF17B0002F074FF82043B00045040E46DFF12F380CF6CE8D4AF80FF6CE149
:203F2000B73802FA74EF40D2B0C2DA00742FB0C274293C010090DA1F0D0040034DC0E20F0F
:203F4000B700080016FFA6F0CDC0E20F0D00C0040D000003910000F6D9FF2414910000264A
:203F6000D9222414542FC21F74FF910000F6D9FF241454FF5E134D40E0FF0090910000F659
:203F8000D9FF241491000026D9222414542FC2FF74FF910000F6D9FF241454FFEE10DA00AE
:203FA0000D0040034DC0E20FB700080016FFA6F0CDC0E20F0D00C0040D0000030090D44F37
:203FC00054FFB70F0C0A370064F88FCF01F0370F10F360FF3C013C0E54FFB70F0CFA74FF0F
:203FE00054FF370F64188FC1011037F110F360FF3C0154FFB70F0CFAEEF00D0040030D002A
:2040000080044D80E3FF74FFCD80E30F0D00C0040D0000030090DA003E423C046D0007003C
:204020003C023C0182023C010090DA020D0080044D00E00F6E19370064188FC10110370138
:204040001003600F3C0182003C0B54F1370164288FC2012037121013601F3C01C21092F1E0
:204060003F10F57F54F0370064F88FCF01F0370F10F360FF3C0154FF370F64188FC10110FC
:2040800037F110F360FF3C0191000026D9222C14D422482F742FD42FB0CFF42FD42F91001E
:2040A0000046D9442414544F74FFD42FB0CFF42FD42F74F06D005211DA020D008004910075
:2040C00000F6D9FF2C14D4FFD4F25420D4F2B042F4F291000026D9222414D4F4544174214B
:2040E000D4F2B042F4F2EE06CD00E00F0D00C0043C1B4D00E01F370164288FC2012037127F
:204100001013601F3C0182013C0B54F2370264388FC3013037231023602F3C01C21192F2A8
:204120003F21F57F74F000900D0000020D004003DA000D0080044D00E00F6E193700641877
:204140008FC1011037011003600F3C0182003C0B54F1370164288FC2012037121013601FD8
:204160003C01C21092F13F10F57F54F0370064F88FCF01F0370F10F360FF3C0154FF370F46
:2041800064188FC1011037F110F360FF3C0191000026D9222C14D422482F742FD42FB0CFF7
:2041A000F42FD42F91000046D9442414544F74FFD42FB0CFF42FD42F74F06D00CF10DA0065
:2041C0000D008004910000F6D9FF2C14D4FCD4CF54FAD4CFB04FF4CF910000F6D9FF2414F2
:2041E000D4CD54D874F8D4CFB04FF4CFEE06CD0AE00F0D00C0043C1B4D00E08F3708649848
:204200008FC9019037891083608F3C0182083C0B54F9370964B88FCB01B0379B1093609F3D
:204220003C01C21892F93F98F57F74FA0D0000030D00400200800D000002912000F8D9FFB4
:2042400038C8D4F2912000F8D9FF38C8D4FF48CF3B50C3000650420F6C2C912000F8D9FF1F
:2042600038C8D4FF91200028D92238C8D422092F0019960189FF0019912000F8D9FF38C897
:20428000D4FF48CF912000F8D9FF38C8D4FF484FDA1F0D0040034DC0E28FB708080016FFA6
:2042A000A6F0CDC0E20F0D00C0040D0000033C016D0001110D004003CDC8E20F0D00C004A6
:2042C0000D0000038208914000FF19FF9068370F61FC1E1376228218914000FF19FF90687E
:2042E0008FA80180A68F914000FF59FF90680D0080040D00C0040D0040020080912000F8D7
:20430000D9FF38C8D4FFDA1F6CFE912000F8D9FF38C8D4F2912000F8D9FF38C8D4FF48FFAD
:20432000B70F01F16C2FDA006E03DA013C02DA00912000F8D9FF3CC8D4FF8FBF20F096029E
:2043400074FF912000F8D9FF3CC8D4FF91200028D9223CC8D422542FB71F01F574FF912051
:2043600000F8D9FF38C8D4F2912000F8D9FF38C8D4FF484F6C2C912000F8D9FF38C8D4FFD0
:2043800091200028D92238C8D422092F0019960189FF0019912000F8D9FF38C8D4F29120D2
:2043A00000F8D9FF38C8D4FF48FF96016C2F912000F8D9FF38C8D4F2912000F8D9FF38C819
:2043C000D4FF484F3B50C3000650420F6C2C912000F8D9FF38C8D4FF7B0020F189FF28391D
:2043E000DA006E03DA013C02DA00912000F8D9FF34C8D4FF8FBF20F0960174FF912000F81E
:20440000D9FF34C8D4FF91200028D92234C8D422542FB71F01F574FF0D004003DA000D0036
:204420008004910000F6D9FF2C14D4FFD4F25420D4F2B042F4F291000026D9222414D4F4FC
:2044400054417421D4F2B042F4F2EE06CD00E00F0D00C0043C1B4D00E01F370164288FC25B
:20446000012037121013601F3C0182013C0B54F2370264388FC3013037231023602F3C0132
:20448000C21192F23F21F57F74F04D40E0FFB70F07F0CD4FE00F0D00C0040D0040020080B9
:2044A00000000000000082023C01009020080248404F025982105F803C0082205F803E00E3
:2044C00082305F803B0082405F80380082505F80350082605F803200DA075F8F2F00DA087E
:2044E0005F8F2C00DA095F8F2900DA105F8F2C00DA215F8F3D00DA305F8F3D00DA315F8F50
:204500003D00DA325F8F3D00DA535F8F6F00DA705F8F3A00DA715F8F3A00DA725F8F5B0023
:20452000DA735F8F5B00DA745F8F5D003C656D0024026D00FB023C616D001F0202846D0090
:204540002B023C5B6D001902BF290B8014FF370F4840081F370F48506D00B8023C07769640
:2045600014FF370F48406D0097023C476D0005023C446D008E023C416D00C7013C3E6D0047
:20458000E7013C3B6D000E173C38DF390A8049A5000A49A6020A40F46DFF8ED3F628912051
:2045A0000048D94478F86D00C9193C276D00CD02F6246D001A03762891200048D944930845
:2045C0006D00BC193C1A14A409A582086D0087183C146DFF66D43C1140F402946DFF39D4C1
:2045E0003C0C6DFF25D43C09769614F0DA247E036DFF11D23C023C010090094F00196E15EC
:20460000CC43094F001910FFEC434C43094008093F0F0580D44FEC433C01CC43094400191C
:20462000405440F56DFF57EF0090F653F4553C02F45489543C0989550019821440546D00A7
:2046400092000090404F6DFF78FC48EFEE03DA013C02DA006DFF94FC02F23C010090404F62
:204660006DFF6BFC09F805183C12489FEE03DA013C02DA00EE0A49F4240A6D003210762484
:204680006D00DE0D3C013C023C04C2F8FF18EF7F82FF89FF05186DFF73FC6DFF4EFC09F810
:2046A00004183C12484FEE03DA013C02DA00EE0B49F4100A6D00151076246D00C10D3C0121
:2046C000C2F83C023C03FF18EF7F82FF89FF04186DFF56FC0090404F0B4510886DFF2DFC9F
:2046E00009FF04185EF4DA0089FF041809FF05185EF4DA0089FF05186DFF42FC48EFEE08F9
:2047000049F4240A0B8910486D00B00D3C0140F46DFFA7FF00900B451088026AA00FBF182B
:204720001F8082FF4B8F11023F901A8073980AF03B70FB0F3FF0148073980AF08B8F044023
:204740006DFF32E7402FBCFA49F4081A0B89104802A640F56DFF6BFF3C013C0140F23C01C8
:204760000090404F02488219BD0F440048FF6E4182F048FF4BF0110209F200193F203A80FB
:204780006DFFDBFBD4F248FF09F00019E20F1022E822DA006CFED4F2E812D4F248FFC2FFB9
:2047A00009F00019E20F1022E83282FF89FF041882FF89FF0518DF081280484FEE03DA0183
:2047C0003C02DA00EE0A49F4100A6D008A0F7624AD0080003C013C013C0949F4100A6DFF23
:2047E000BDED49F4240A6DFFB9ED6DFFC9FB3C02820902923C0100902010404F405C74A4C5
:2048000082087CC409FF00196E016D003A0EF62354AF6E013C6C6DFF90FB48EF6E1A40F46C
:2048200040C56DFFECFEC2FF6CFE484FEE03DA013C02DA00EE0A49F4100A6D00520F7624C0
:20484000AD0080003C013C016DFF9AFB82123C5054AFEE056DFF94FB82023C4AF68749A42B
:20486000040A6D00E00C82183C016DFF89FB6D00670D6DFF62FB09FF04185EF4820089F0EF
:20488000041809FF05185EF4DA0089FF05186DFF77FB49A4040A49A5000A6D00B60DDF0224
:2048A0001C8040F46DFFD0FEDF02110049F4240A54A46D00CC0C40F46DFFD3FE6D00C30FA4
:2048C000F624AD0080003C013C0640F46DFFC9FE6D00B90F3C0C40F46DFFC3FE6D00B30F9E
:2048E00040F46DFFB1FE762382023C023C950090911000F6D9FF302D2824911000F6D9FF26
:20490000302D28350090911000F6D9FF302D08BFEE023C1C911000F6D9FF302DDA002CFAA6
:20492000911000F6D9FF302DDA002CFB911000F6D9FF302D6D00B80D89F206098204820515
:204940006DFFD8FF82146D005E010090911000F6D9FF302DDA012CFA911000F6D9FF302D89
:20496000DA012CFB820482056DFFC4FF3BA000406D0049010090911000F6D9FF302D6D005E
:20498000930D89F20609911000F6D9FF302DDA012CF40090911000F6D9FF302D09F50108C3
:2049A000911000F6D9FF302D08BF6E023C70DA02BE46DA03BE4BDA045F4F2600DA055F4F43
:2049C0002D00DA065F4F3600DA075F4F3D00DA085F4F4500DA095F4F4D003C5802546DFF11
:2049E00089FF82246D000F013C52025F325F370F48403255370548506DFF7CFF82346D0059
:204A000002013C45025F325F370F48406DFF72FF82446D00F8003C3B025F325F370F48F063
:204A2000025402F56DFF66FF82546D00EC003C2FDA024BF5010202046DFF5CFF82646D007F
:204A4000E2003C25DA024BF50102025402056DFF51FF82746D00D7003C1A025F325F370F13
:204A600048406DFF47FF3B8000406D00CC003C0F025F325F370F48F0025402F56DFF3AFF1B
:204A80003B9000406D00BF003C023C0100906D00720000903BC0F9FF7FF405003BC0F94FB7
:204AA0003C06DA647F4F04003B400640CE4332543C01911000F6D9FF302D2814370448F094
:204AC000EE036D00330000900B451088911000F6D9FF302D08BF6E023C270B8910486DFF0F
:204AE00009FFF686F69582146D008D003C1D5F9809808E9382243C0282346D0084003C1442
:204B0000029F325F7E8ACE843B8000403C033B9000406D0078003C087F98040082643C025C
:204B200082746D0070000090911000F6D9FF302D08BF6E023C08820482056DFFDBFE8214E3
:204B40006D0061000090911000F6D9FF302D08B23C010090911000F6D9FF302D09F2C20813
:204B60003C010090911000F6D9FF302D14F23C010090911000F6D9FF302DDA0034FF91104F
:204B800000F6D9FF302DDA322CF1911000F6D9FF302DDA002CF2911000F6D9FF302DDA0057
:204BA0002CF3911000F6D9FF302DDA002CF4911000F6D9FF302D6D00770C89F20609911029
:204BC00000F6D9FF302DDA002CFA911000F6D9FF302DDA002CFB820482056DFF8BFE821445
:204BE0006D0011000090911000F6D9FF302D08A23C010090911000F6D9FF302D08423C0111
:204C00000090911000F6D9FF302D34F400906D004B0C911000F6D9FF302D09FF0609A2F245
:204C2000DA647F2F1580911000F6D9FF302D08BFEE0E911000F6D9FF302DDA002CF4820418
:204C400082056DFF57FE82146DFFDDFF009082003C0B534020F0911000F6D9FF3C2D10FF4B
:204C6000DA0074FFC210BF20F6FF0090FF240B80534420F0911000F6D9FF3C2D10FFDA009B
:204C800074FF0090BF24048082023C73534420F0911000F6D9FF3C2D10FFF675DA0074FF31
:204CA00002523C674B0541F14B0641016B00311F7B0004F44BF101F0AE287B0004FC4BF100
:204CC00001F0370F61F06E20BBA070FD9B3FC2F354F06BF161F074FF54FF7B6039044B0F3E
:204CE00001F0370F61F16E057B6039F474FF3C0C54FF7B60390C4B0F01F0370F61F06E042E
:204D00007B6039FC74FF4B0541F17B00F803BBD0CC2C9BC2F4234B2141106B0F61F154F054
:204D20006B00214F7BA047F44BF401F0370F61F16E047BA047443C0A7BA047FC4BF401F08E
:204D4000370F61F06E037BA0474C7B000AF44BF401F0370F61F06E0A7B000AFC4BF401F034
:204D6000370F61F16E0382023C046DFFDACB3C010090DA5A7E4989440108DA01894F844838
:204D8000DA01344F3C036D00CA010090200802490B5610A8027C404C09ADC808405F09A842
:204DA000CC08BCF6DAF83FDF04807CC476D382F23C438BAD00E002D46D00C50174A27F289F
:204DC000048082F23C39DA5A34FFDA012CF12829283A284B40F2B0528FFD0FF1342F8F8DA2
:204DE0003FF02CF6287CDA003C0910F210C4144089200808C21F370F70F03FDFF8FF8B8D08
:204E0000004040F46D001A0001FD00268F823FF02C288B8D00F010F28FF20FF12C2102EF16
:204E20003C0710F282003420C21F370F70F054A23F2FF9FF3C010090404F0248BBF0FF4FD5
:204E40007CF382023C0FDA003C0910F214256D000B000224C21F370F70F03F8FF8FF02428C
:204E60003C0100908F852020C64282003C0E6FF209008612370270203B1002F1C6F23C043C
:204E8000861237027020C210DA083FF0F27F3C010090404F405CBCF27CC482321D00FF00A7
:204EA00014FF82003E0E8210BE0882205F0F520082305F0F690082405F0F75001D00E30029
:204EC000DA5A7E492814DA0189FF844889F50C49DA0134FF1D00E10009FFC44810F28924CA
:204EE000010809FFC448C21F89FF844889F50C4909FFC448BF8F2C80082F1E1C09FF1C49A1
:204F0000C21F89FF1C4940F46DFF35FF82421D00C60049F2060A1420087F8F8F20F0A6F07E
:204F20003C01DAF87F0F0D8009FF1849C21F89FF184940F46DFF1FFF82321D00B00089F05C
:204F400086487603DA023C02DA0334FF1D00A50009FFC44810F28924010809FFC448C21F5D
:204F600089FF844889F50C4909FFC44809F0C6488B800000370070003F0F0480DA0334FF5B
:204F80001D008B0009FFC44810F28924010809FFC448C21F89FF844889F50C49DA0434FF70
:204FA0003C7B09FFC44810F28924010809FFC448C21F89FF844889F50C4949F2060A1420D3
:204FC000087F8F8F20F00FF0A0903C0101F900260C298F8F20808B8900F010F20C22A6F8CB
:204FE00040F4B0148B890000370070406DFF26FF022F40F46D0093003E8809FF1449C21FBC
:2050000089FF144982223C4A09FF49486E1E084409F548486D008C00DF02188009FF20499F
:20502000C21F89FF204909FF4A48C21F89FF0A4809FF4A48BF8F0880DA0089FF0948DA004C
:2050400089FF0A4882523C2A084F89FF0848DA0189FF0948DA0089FF0A4809FF1049C21F63
:2050600089FF1049083F34CF084F2CC1085F2CC2088F2CC389C9840849FF090AECC282126B
:205080003C0D09FF1849C21F89FF184940F46D00460082323C0382023C010090BD04280080
:2050A000DA00344FDA00894F8448DA00894F8648DA00894F0848DA00894F0948DA00894FDE
:2050C0000A48DA00894F0C49DA00894F1049DA00894F1449DA00894F1849DA00894F1C4933
:2050E000DA00894F2049DA00894F24490090BC43144FEE0382023C11094F0C49A2F4FF443C
:20510000048082023C0A094F2449C21F894F24496D00050082623C010090DA00344FDA00FC
:20512000894F8448DA00894F86480090A2543704680082027605DA203F0F038082123C0187
:205140000090DAF87F4F048082023C088BA400F0C23FBBC0FF2F26F23C010090BC45BC5414
:20516000DA267FF4058082F21D00AD0054408FF00FF1345F370068F42C51370068F82C522E
:20518000370068FC2C53405FB04F094004098FF00FF134FF370068F42C55370068F82C5622
:2051A000370068FC2C570C482C58495F090A094FCA088FFF0F0134F0868F2C5A495F0B0AFA
:2051C0008C46370F70F08FFF0F0134F0868F2C5C495F0D0A8C47370F70F08FFF0F0134F0FE
:2051E000868F2C5E495F0F0A8C48370F70F08FFF0F0134F0868F895F1008495F110A8C4966
:20520000370F70F08FFF0F0134F0868F895F1208495F130A094FD4088FFF0F0134F0868F3F
:20522000895F1408094F5608895F1508495F160A4C468FFF0F0134F0370F680489501708E9
:20524000370F680889501808370F68FC895F1908495F1A0A4C478FFF0F0134F0370F680419
:2052600089501B08370F680889501C08370F68FC895F1D08495F1E0A094FE0088FFF0F011A
:2052800034F0868F895F1F08094F6208895F2008495F210A4C498FFF0F0134F0370F680418
:2052A00089502208370F680889502308370F68FC895F2408094F6808895F25083B600220D9
:2052C0003C0100902018404C405D09C84019DA8034AF912000F8D9FFA80849FF000A49A2CB
:2052E000010AA0F404FF242FFC4E49A5000A821440C46D005900DA0034AF3C0749A5000A1F
:20530000821440C46D00500009C00839DA705F0FF7FF820A3C0F01AA00F6538A20008B80FE
:2053200003610B8910486DFFA396370268F02CF9C21ADA083FFAF17F49A5010A3B000140E6
:2053400040C46D00310082083C1982793C14DA088B79000103F80AF010DF538820F010C2F9
:2053600009244009538920606DFF8296370268F034FFC2F9FF09ED7FC218DA083FF8E77F8B
:205380000090404F91100058D955D8D73B00044040F46DFFA0E8D20089F04019DA0089FF6B
:2053A00008390090404F405C024882050284FB8000606DFF439609F040190B0240000B13BD
:2053C000501089F040193C2509FF08398B0F08F17FF80380028F09F0083901F00026492415
:2053E000081A40C502F46DFF76E809F0083942F089F0083910CCA2F809F00839DA807E090F
:2054000049F5081A40F46D000800DA0089FF0839FF18DCFF0090D9AAD85F82043C535384B8
:2054200020F010A2538420F0105F14FF82008F8F0110538420F0105F081F82028F0F0130C0
:20544000A620A631538420F0105F082F82028F8F0030A620A631538420F0105F083382029E
:20546000A620A631538420F0105F084F820302F27723003C8F820120A620A631538420F0DD
:20548000105F085F820302F2772300388F020120A620A631538420F0105F086F820302F256
:2054A000772300348F820020A620A631538420F0105F087F820302F2A620A631892040096B
:2054C000C214DA103FF4AD7F3B0001601D0099008B161F00538020F010AF09F040098FF137
:2054E0001F307701802F8B161F00538020F010AF09F0400982048FF00150A624A6358B16F6
:205500001F00538020F010AF09F040098F811F307701002C8B161FF0538F20F010AF09F02B
:20552000400982088F8001900F82A0000F93A010C640C6518B161FF0538F20F010AF09F2FC
:2055400040098F931F507723804CC604C6159AE6538F20F010AF09F040098FD11E307701CD
:2055600080269AE6538F20F010AF09F0400982088FD00090A682A6939AE6538F20F010AF07
:2055800009F0400982098F311E809AE6538F20F010AF09F04009770180110630A680A691D1
:2055A000C620C6319AE6538F20F010AF09F240098FA31F907723008D0F80C0200F91C03092
:2055C000538620F010AF8B061FF0538F20F010A2092040090B4040000B5150109A96538F14
:2055E00020F010A2092440090B4040000B5150100B2040000B31501089F04009C216DA5061
:205600003FF6687F094040090B011028094048090B011048094050090B01106809405809CA
:20562000D9A320A089304009094060090B01108809406809D9A300A089304009094070093C
:20564000D9A308A08930400909407809D9A310A089304009DA0078A61D00B0008F291F1080
:2056600077890009820A8F2801B0A6A0A6B18FE91EB0778900A7820C8FE800D0A6CAA6DBDD
:20568000C6A0C6B1820B8F791FA0778980DB8F7801C0A6CAA6DBC60AC61B58A00FF880C0D5
:2056A00058A10FF980D0D2F0C680C69158A226F058A326F1C60CC61D58A40BAF400058A570
:2056C0000BBF50100BC040000BD1501058A6538F20F0911000F8D9FFD8E710FF09FA4009DE
:2056E0000BA040000BB1501058A6538F20F010AF09FA40090BA040C00BB150D08F431E1021
:2057000077230002820A8F4200B00FA0A0E00FB1A0F082018FE31F00772300BF8FE201A0E2
:20572000A6A0A6B1C60EC61F82018F931F00772380BC8F9201A0A6A0A6B1C60EC61F0F4210
:2057400080000F5380100F6280A00F7380B0C6A0C6B10F6480A00F7580B0C6A0C6B10B0E7A
:2057600040A00B1F50B0D9A308A009304009D9A310A089304009D9A300A009304009D9A331
:2057800008A089304009D9A300A08938400958A80BCF408058A90BDF5090D9A320A08936D9
:2057A00040090B4510680B2310480BAC40200BBD503058A6C21F78A6DA5019A018A03FF02C
:2057C0004F7F094040090B2040000B31501089404009094048090B4040000B5150108940A6
:2057E0004809094050090B6040000B715010894050090940580958A80BF0400058A90BF12B
:20580000501089405809094060090B8040000B915010894060090940680958A00BF0400066
:2058200058A10BF15010894068090940700958A20BF0400058A30BF1501089407009094000
:20584000780958A40BF0400058A50BF15010894078090090911000F6D9FF387D09F23609FF
:205860003C010090BF540880912000F8D9FF641854F23C0A534420F0912000F8D9FF641893
:2058800010FF54F23C010090910000F6D9FF281414F23C010090BC4D911000F6D9FF089D5B
:2058A00049FF000A4942000AA03444FF642FFC4E0090024F91100046D944089D82043B00C2
:2058C00001506DFF3AE6BF5F0380DA0002F46D0017010090914000FFD9FF00CC8200489F88
:2058E000570F61F06E03DA013C02DA003C018B0F20223C01009091100046D944387D6DFF82
:205900004EAD8B1200223C010090405C0B6710883B4010003F800B808F3800F1EE077683DF
:20592000F692BC44768676957CC482121D00A1008B380000911000F6D9FF189D34F4911096
:2059400000F6D9FF189D2815911000F6D9FF189DDA002CF2DA033C1176943BF00F103C04AD
:20596000104F09F17DF8911000F6D9FF189D10FF34F1C21F370F70F03F0FF0FF911000F6A6
:20598000D9FF089D482B91100046D944387D91100056D955189D91100066D966043D3700C6
:2059A00050406DFFB7ACDF120F80911000F6D9FF089D91100026D922089D4C23C21F6CF3DE
:2059C00082223C56762E911000F6D9FF089D91100026D922089D4C22C21F6CF282423C487D
:2059E000911000F6D9FF089D91100026D922089D5420C21074F06D000001022A3C1A6D0025
:205A0000FC00A2A2BFA21680911000F6D9FF089D91100026D922089D4C21C21F6CF1910098
:205A200000F6D9FF281414F46D006A0082323C206DFF63FFDF02E5FF911000F6D9FF089DC6
:205A4000482F3EB382423C14DF091100DA003C0C10C2911000F6D9FF043D10FF0830342092
:205A6000C21F370F70F03F8FF5FF82023C0100900D00000291100046D9440C7D6DFFEEAFE7
:205A8000911000F6D9FF089D911000C6D9CC089D4CC2C21F6CF20D0040020080204849A4D0
:205AA000000A91100056D9550C7D6DFF56AD910000F6D9FF281414F46DFFD6FE4B0261F13D
:205AC00074AF911000F8D9FFE097F80BDA8089AF3008DA0089AF3108DA0089AF3408DA007B
:205AE00089AF3508DA0189AF140891100046D944387D49A5000A6DFF5CAC0090204802489B
:205B000049A4000AC5F5C0C16DFF38AFDA0034AFBB0068F99B8FB9F4780ADA06ACAEDA09B1
:205B2000ACADDA0AACAFDA0289AF2C08912000F8D9FF00D849FF000A49A2300AA05444FF7E
:205B4000642FFC4E49AF300AF80491100046D9440C7D49A5000A6DFF0BAE9140004FD94453
:205B600000CC82043B0001506DFFCAA8910000F6D9FF281434F86DFF93FF00900D00000205
:205B800091100046D9440C7D6DFFDAAF0D00400200800D00000291100046D9440C7D6DFFAC
:205BA000D9AF0D0040020080024F6D00260002283C016D002200A2823FF2FDFF0090910042
:205BC00000FFBCF16DFF06B7913000FF39FF3506160F4B0F41F14BF251F03C013C01911073
:205BE00000F6D9FF20DD7BA047044B0F51F04B0F71F174FF009085FF1000820102F085F399
:205C00002C0082020F20A0400F31A0503C01911000F6D9FF20DD54F682076DFFEF923C01EF
:205C20000090024F3C016DFFE8FFA2F2BF02FD7F0090404F044FEEFF01F420F080F2C2F298
:205C4000009015D0C0E315D0C0F74D40E0FFB72F02F5CD4FE00F0D00C0044D4020F996012E
:205C6000CD4F20090D00C0044D4020F99602CD4F20090D00C004910000F8C5023F0040F4F7
:205C8000A0358940C103FC5E49FF200AFC294D4020F96F0FFEFF4D4020F96F1FFAFF85DFFF
:205CA000C4F3CD4FE00F0D00C00415D0C0FF15D0C0EB0D0080040D00C004000000001D009E
:205CC00003000090000000A000900B451088910000F6D9FF142454FA911000F6D9FF24DDC4
:205CE000D4FC911000F6D9FF28DDD4FD910000F6D9FF2C14D4F4B0446DFF18E3DF02198053
:205D000091000026D9220024910000F6D9FF002454F08211910000F6D9FF2C14D4FF48BFDA
:205D20000FF1001082F2C621261074203C01DFF84380DF094100911000F6D9FF741DC81551
:205D400091000026D9222C14D4224922080AF42591000026D9222C14D42249220C0A0954FF
:205D60008809F4240952880991000046D9442C14D44FB04FEC21910000F6D9FF2C14D4FFB9
:205D8000B04FEC52910000F6D9FF2C14D4FF49FF140A91100026D922741DF4F2911000F61E
:205DA000D9FF741D91100026D922741D542FC21F74FF3C2B42A8910000F6D9FF2C14D4FF8D
:205DC000B04F74F87FA80C80910000F6D9FF2C14D4F5B04540D46DFFD2E23C17910000F63A
:205DE000D9FF2C14D4F5B04540C46DFFC8E2910000F6D9FF042454FF7FF80880910000F653
:205E0000D9FF042474F83C010090404C6DFF95F091000026D922301491000046D94430149E
:205E2000544FC21F742F91000026D9222C14542FEE10910000F6D9FF2C14F4FC910000F6B2
:205E4000D9FF301454FF5E146D0079013C013C18910000F6D9FF102454FFEE12910000F67C
:205E6000D9FF2C14D4FF48BF09C02C093FF00880910000F6D9FF2C14F4FC3C013C019100E1
:205E800000F6D9FF3C1491000026D9223C14542FC21F74FF910000F6D9FF002491000026D1
:205EA000D9220024542082114CCB0FF10010A61074F04CCB534F21F0911000F6D9FF2CDD39
:205EC00010FFC81FECC2C82289C28C09C82240C4B0448924840940C2B042E8224CCB534F81
:205EE00021F0911000F6D9FF2CDD10FFECC54CCB534F21F0911000F6D9FF2CDD10FF4CCBF1
:205F0000534F21F091100026D9222CDD1022542FC21F74FF6DFF34F0910000F6D9FF1024D7
:205F200054FF6E0F910000F6D9FF2C14D4FF48BF09C02C097F0F0580AD0080003C013C0160
:205F400000903C286DFFF9EF911000F6D9FF482DC83FC83C40C4B0446DFFE8E1910000F656
:205F6000D9FF301491000026D9223014542FC2FF74FF910000F6D9FF341491000026D922FF
:205F80003414542FC2FF74FF6DFFFAEF40C46D007E00910000F6D9FF341454FFEED4009072
:205FA00020108212912000F8D9FFA80849FF000A49A2000AA0F404FF242FFC4EDA003C104B
:205FC00010AF91200028D922B80810220920000834F010AF09F00008F6023C04C21FBFFF50
:205FE000F1FF10AFDA0034FF82083C1891100048D944202649A5000A3B001040A00682050B
:20600000534820F0911000F6D9FF5C1D10F76D002D02DF1203003C04C218BF18E97F3C01C0
:206020000090201089A48C0989A588090248406C0259407D534820406DFFB6DA402FBD0FDF
:2060400014003BC006406DFFAFDA402EBCE982043BC0065040E46DFF70E2ECEC3C0440F4DE
:206060006DFFF9DA3C02A00EBCEEF4AEDA00780109A48C0909A58809028440C6029540D79B
:206080006D00150040E23C010090404F40F46DFF98EFC8C46DFFDFDA40F46DFFDCDA009042
:2060A0003C036DFF50FF3CFE00902008F4A4406C0258407DD802C2F4534420F0C8C21022A6
:2060C0008020B7000300600E89FE8419BD051800DA003C0D10F2105409400008892034083B
:2060E000105209200008F6023C06C21F3B0001003F0FF2FFDA0089FF03183C01BFA80580D1
:206100003B9000803C0168B889F8081940F4B0446DFF32E149F4180A6DFF2EE1ECF48BA8A1
:2061200000F16CF6ECF940E4D4A540C66DFFB6EEF4F2BCD3F4DF3C01009082083C0B5348F3
:2061400021F0911000F6D9FF2CDD10F46DFF06E1C218BFA8F6FF91100046D944740D6DFF38
:20616000FDE091100046D944481D6DFFF7E091100046D944601D6DFFF1E091100046D944D4
:20618000482D6DFFEBE091100046D944741D6DFFE5E0911000F6D9FF24DD91100026D9225B
:2061A000740DF4F2911000F6D9FF28DD91100026D922481DF4F20090911000F6D9FF24DDF7
:2061C000D4FF54FFEE03DA013C02DA006E08910000F6D9FF042482FF74FF3C0D91000026C4
:2061E000D9220424911000F6D9FF24DDD4FFC83F54FF742F0090024F82026E0F6D00A0004D
:20620000910000F6D9FF381454F0820502F46DFF5EFD6D0018033C01F624AD0080003C0102
:206220000090910000F6D9FF082454FF744F910000F6D9FF142454FF6C410090910000F67F
:20624000D9FF1824DA0174FF0090024F910000F6D9FF2C14D4FF49F5180A6DFF90E08215B6
:2062600002F46DFF34FD009040450956840991000026D9222C14D42249221C0AF426910066
:206280000026D9222C14D4224922200A09648809F42409628809910000F6D9FF2C14D4FF8E
:2062A00049FF180AEC21910000F6D9FF2C14D4FF49FF180AEC62910000F6D9FF2C14D4FFCB
:2062C00049FF280AF4F5545FC21F745F765282F46DFFFDFC00906DFF65FEDF1205806D000F
:2062E00077063C01DF122680DA1F0D0040034DC0E20FB700080016FFA6F0CDC0E20F0D0011
:20630000C0040D000003910000F6D9FF042482FF74FF910000F6D9FF1024DA0174FF9100BC
:2063200000F6D9FF1424DA0074FF6DFFE9EF3C01912000F8D9FF781854FF0090910000F60E
:20634000D9FF381491000026D9223814542FC21F74FF0D0080040090910000F6D9FF381478
:2063600054FF6E08910000F6D9FF1824DA0174FF3C4A910000F6D9FF1824DA0074FF91006C
:2063800000F6D9FF2C14D4FF54F0910000F6D9FF2C14D4FF48CF3F0F1080910000F6D9FF12
:2063A0002C14D4FF49F5340A910000F6D9FF2C14D4F46DFF2290910000F6D9FF002454FFF3
:2063C0000F0FB0F18BFF01F1534F21F0911000F6D9FF2CDD10FFC81209228409E812C812E2
:2063E00049F4080A7D420480C832E81291000026D9222C14C81FC83FF42F910000F6D9FFB5
:206400002C1454FF0090404F405C6DFF96ED91000026D92214245420481F0BF0801054CFCC
:206420005EF3DA003C1D91000026D9220824542254FF3E28481F3FF00680DA01820074C01E
:206440003C0F54CF7FF10A8054CFA21F74CF40F46DFFE9FEDA003C04DA0074CFDA016DFFA8
:206460008FED02F23C0100906DFFDDFDBC2640246DFFCDFC82123C0282F23C01009091007A
:2064800000F6D9FF102454FFEE0382123C0A910000F6D9FF381454FFEE0382223C02820287
:2064A0003C010090910000F6D9FF142454F23C0100908208910000F6D9FF381454FFDF0FEF
:2064C0000281910000F6D9FF142454FF9219910000F6D9FF142474F9DF092C80911000F675
:2064E000D9FF24DDD4FF54FFEE023C01911000F6D9FF24DDD4FF91100026D92224DD9110C9
:206500000046D94428DDD444F42491100026D92228DDF42F910000F6D9FF082491000026B7
:20652000D92208245420C21074F06DFF47FE3C01910000F6D9FF042454F03F09A9801D0043
:20654000A500911000F6D9FF24DDD4FF54FFEE03DA013C02DA006E09910000F6D9FF04241E
:2065600082FF74FF1D009400911000F6D9FF24DDD4FFC83FC83F481F7FF90980910000F636
:20658000D9FF042474FF1D008300C852C824C83589458809C834C825894584090924840988
:2065A00040F5B0457D540580C83489248409A004E854542FC2FF742F48AF6E19C8A2C8743A
:2065C000C88589458809C884C875894584090924840949F5180A7D540580C8848924840935
:2065E000A004E8A4542FC2FF742F3C0191000026D922002491000046D94400245440821132
:2066000048BF0FF10010A610742048BF534F21F091100026D9222CDD102209228409E822A0
:2066200009248809E8340924880940F5B0458945840940F4B0448924880948BF534F21F01D
:2066400091100026D9222CDD1022E85248BF534F21F091100026D9222CDD102248BF534FA3
:2066600021F091100046D9442CDD1044544FC21F742F48B0910000F6D9FF2C14D4FF48BF10
:206680007F0F048082183C011DFF5DFF910000F6D9FF2C14D4FF48BF534F21F0911000F6D6
:2066A000D9FF2CDD10FF54FFBF2F048082183C01910000F6D9FF182454FF6E0382183C0118
:2066C0003C0C910000F6D9FF0C2491000026D9220C24542FC21F74FF02823C010090CC43CA
:2066E000C83FC8A2C874C88589458809C884C875894584090924840949F5180A7D540580ED
:20670000C88489248409A004E8A4542FC2FF742F91000026D9223814542FEE5CC852C8240B
:20672000C83589458809C834C825894584090924840940F5B0457D540580C8348924840949
:20674000A004E854542FC2FF742F91000026D922002491000046D94400245440821148BF56
:206760000FF10010A610742048BF534F21F091100026D9222CDD102209228409E822092419
:206780008809E8340924880940F5B0458945840940F4B0448924880948BF534F21F0911048
:2067A0000026D9222CDD1022E85248BF534F21F091100026D9222CDD102248BF534F21F0D2
:2067C00091100046D9442CDD1044544FC21F742F3C2591100026D922601D09228409E8727F
:2067E00009248809E8840924880949F5180A8945840949F4180A8924880991100026D92297
:20680000601DE8A291100026D922601D91100046D944601D544FC21F742F48BF910000F6FC
:20682000D9FF2C14D4FF48B07FF00A808212910000F6D9FF1824DA0174FF3C0282023C0100
:206840000090A00F82086DFF78EB820991000026D9223814542F91000026D9223814910005
:206860000046D9443814544FC2FF742F91000026D9223814542FDF0FD78091000026D922EA
:206880003014542FBF1FCF801D008F00911000F6D9FF601DC83FC83FC8A2C874C88589459D
:2068A0008809C884C875894584090924840949F5180A7D540580C88489248409A004E8A43D
:2068C000542FC2FF742F0D008004C852C824C83589458809C834C8258945840909248409E0
:2068E00040F5B0457D540580C83489248409A004E854542FC2FF742F91000026D922002445
:2069000091000046D94400245440821148BF0FF10010A610742048BF534F21F09110002656
:20692000D9222CDD102209228409E82209248809E8340924880940F5B0458945840940F40E
:20694000B0448924880948BF534F21F091100026D9222CDD1022E85248BF534F21F09110B9
:206960000026D9222CDD102248BF534F21F091100046D9442CDD1044544FC21F742F48BF72
:2069800091000026D9222C14D42209202C097FF00C8091000026D9221824534920F01022EA
:2069A000DA01742F3C0191100026D922601D542FEE03DA013C02DA00DF0F6A7FBCF36DFF84
:2069C000FDFB910000F6D9FF0C2454FABF1A19806DFF71FD762B910000F6D9FF18245349BE
:2069E00020F010FFDA0174FF3C01C2FAFF1AF2FF910000F6D9FF0C24DA0074FF3C0191007D
:206A000000F6D9FF1824534920F010FF54FF6E0A8218910000F6D9FF2C1454FFAD0080002D
:206A20003C013C016DFFACEA02823C010090404F405C0248406D407EBCF37CC77686BCF30C
:206A400014F23C0282623C5D14F0BF20048014F23C583C5314FFEE2709F004398B4009F1C2
:206A60007FF80380028F09F0043901F000264924300A40C502F46DFF2EDD09F0043942F0BD
:206A800089F0043910CCA2F809F00439DA947E0A40F46D006A0034F214FFBF2F048014F2E2
:206AA0003C303C2B481F09F00839A20F7FF80480028F3C0149F40C3A40C502F46DFF74F496
:206AC000BCED09F4083940D440C502F52D0E00007625DA0934FF14F23C1409F0083942F011
:206AE00089F0083910CCA2F809F00839481F7E05DA0234FF76823C03FF18AEFF14F23C01F5
:206B000000902040404F7CF382623C1A14FF1E25DA0834FF14F23C1449F40C3A49A5000A11
:206B20006DFFD2F349A4000A49F5080A3B0002406DFFC4DC7623DA0734FF14F23C010090D4
:206B4000404F405C82043B80195040F46DFFF5DCDA0034FFE8BC009014420C418F8F00F0FD
:206B6000A6F23C0100902020404F49FC300A91200058D955BD08824440C46DFF9FDC76231C
:206B800082323C5A09FF74081E1382423C5540C4B0646DFFE3FFDA943E2382423C4D49F4E2
:206BA000380A6DFFA7D3022849F43C0A6DFFA2D3022949F4201A6DFF9DD3769BBB0000F8DD
:206BC0009BFF01F03F9F0680F6248B4909F03E8382623C3249A4000A82043B0002506DFF56
:206BE000ACDC48BF6E09C8B449A5000A3B0002406DFF64DCF62382523C1FC8B449F5042AC2
:206C00003B40054040C66DFF2EC7762382523C14681909FF750889FF280849F4080A49F545
:206C2000001A3B0002406DFF56DC49F40C3A6DFFAAF382123C0100906DFF7FE9910000F6D7
:206C4000D9FF202454FFEE2B91100046D944642D6DFF84DB91100046D944782D6DFF7EDBDE
:206C6000911000F6D9FF5C2D91100026D922642DF4F2911000F6D9FF602D91100026D92225
:206C8000782DF4F2910000F6D9FF202482543BC0005082066DFF41EDF4F23C016DFF70E99B
:206CA0000090911000F6D9FF5C2DD4FF54FFEE03DA013C02DA00744FEE09911000F6D9FF19
:206CC0005C2DD4FFC83F54F23C0282023C010090820889440409894490093F451380A26594
:206CE0004C463FF5048082183C0B911000F6D9FF602DD4FF4045B04540F46DFF40DB3C1118
:206D00007F6506803F64048082183C0B911000F6D9FF5C2DD4FF4045B04540F46DFF2FDB12
:206D200002823C0100900B451088911000F6D9FF5C2DD4FFC83FC83F40F4B0446DFFF6DADD
:206D400009FF64082E2740F40B8910486D00D9003C0609FF640816FE89FF2408C88240F408
:206D60002D02000000902010912000F8D9FF18D849FF000A49A2000AA02444FF642FFC4E88
:206D80003C7C54AFBF0F7A00D802BD0F7700485FEE03DA013C02DA00EE0640F4B0446DFFC0
:206DA000C5DA3C0149A40C0A6D00BF00022854A0DA01BE07DA02BE0582315F013B0082415A
:206DC0005F013E0082515F014A00DA063E0ADA073E08DA085F0F2E00DA095F0F31003C4BC2
:206DE00009FF6408960189FF240809A40409486F42F409A6040940F402856DFF6BFFDF02FF
:206E0000180009FF64082E2A09A40409486F42F440F402856D0075003C0609FF640816FE80
:206E200089FF2408C88240F42D0200003C013C2409FF640816FE89FF24083C1E09FF64084A
:206E4000960189FF240858016CF6486F128440F4028502866DFF3EFF3C0F09FF6408AE1571
:206E600040F46DFFF8D33C0609FF640816FE89FF24083C023C013C01910000F6D9FF2024CE
:206E8000D4F449A5000A82046DFFB8ECDF027BFF009020080248025F6DFF52FA49A4000A2F
:206EA0006D004300022954A0DF002880EE0A3F8909806DFFC8FC0B8910486DFF36FF3C1C1E
:206EC0006E0B911000F6D9FF602DD4FF54FFEE03DA013C02DA00910000F6D9FF2024D4F4C8
:206EE0000B98804002F56DFFF8EB6DFFACFCF624AD0080003C013C036DFFA5FC0090404FE6
:206F00000B4510883C07486F42F8C88240F42D020000486F128440F4029502866DFFDAFEC4
:206F2000DF02F3FF0090404F6DFFBEFA022F91000026D9221C2454207F0F07806D000F0013
:206F4000821074F03C03820074F0910000F6D9FF1C2474FF02F23C0100903C0B911000F665
:206F6000D9FF5C2DD4FFC83F54F482F56DFFDDFE911000F6D9FF5C2DD4FF54FFEE03DA01E6
:206F80003C02DA006EEC911000F6D9FF5C2DD4FF91100026D9225C2D91100046D944602DD8
:206FA000D444F42491100026D922602DF42F009020083C0B49A4000A6DFF75FE54A502243B
:206FC0006DFF69FF6DFFD1FE3CF6009082086DFF35FE910000F6D9FF202454FF6E1691109C
:206FE0000048D944F0E691200058D95582183B001040A0063B90005091000076D97724249A
:207000006DFF34FA02283C0102823C010090200891100046D9444C3D6DFF868EBF12130005
:20702000DA01ACA191100046D9444C3D49A5000A49A6020AD2046DFF5292762414A46D00C3
:20704000830000903B50C38006683C0891100046D9444C3D6DFFD091C2F8768E911000F6EE
:20706000D9FF4C3DC81F882F3C016E03DA003C02DA013C016EEC0090206049A4000AC5F518
:2070800040806DFF90907B107EF47801DA0F2CAADA012CACDA082CADDA0889AFA008DA0461
:2070A00089AFA208DA0C89AFA408DA0089AF2608912000F8D9FF24D849FF000A49A2001A10
:2070C000A07444FF642FFC4E49AF001AF80A911000F6D9FF4C8DF80C3B0010F089AFAE08F3
:2070E000911000F6D9FF683DF80E3B0010F089AFB40891100046D9444C3D49A5000A6DFF56
:20710000188E0090404F3C1009F00008DA0A7E053BD000406D00180009FF0008370F684028
:207120006D001200B01F09FF0008EEEF00906DFFEBFF3BD000406D0007003BA000406D00E7
:207140000300009091100046D9444C3D6DFFDA8D00900D00000291100046D9444C3D6DFFA4
:20716000A6900D00400200800D00000291100046D9444C3D6DFFE2900D00400200800D00B4
:20718000000291100046D9444C3D6DFF35910D00400200800D00000291100046D94470CD0F
:2071A0006DFF85900D00400200800D00000291100046D94470CD6DFFC1900D0040020080A3
:2071C0000D00000291100046D94470CD6DFF14910D00400200806D00A102911000F6D9FF00
:2071E0004CDD09FFC0086D00B60402F23C010090024F6D009302911000F6D9FF4CDDB4FF10
:207200000D0080046D00A7040090404F7CF23C196D00840291100026D92254DD49FF000AAB
:207220004922000AA05444FF642FFC4E911000F6D9FF54DDDA0134FF0D0080046D008B048A
:207240000090404F6D006A0291100026D92254DD142F6E1391100026D92254DD4922000A17
:2072600049FF000AA054442064F0FC4E911000F6D9FF54DD820034F06D006D0402F23C0171
:207280000090404CDA006D004902911000F6D9FF6CDD09F02029911000F6D9FF6CDD09F194
:2072A00024295F102800911000F6D9FF6CDD09F02429DA084BF01102534121F0911000F680
:2072C000D9FF6CDD10FF49FF000A49C2000AA04444FF642FFC4E911000F6D9FF6CDD9110BA
:2072E0000026D9226CDD092F2429C21F89FF2429DA016D00300402F23C010090404C820896
:207300006D000C02911000F6D9FF6CDD09FF2029911000F6D9FF6CDD09F02429A20FFF8FAC
:207320002A80911000F6D9FF6CDD09F02029DA084BF01102534121F0911000F6D9FF6CDD1C
:2073400010FF49C2000A49FF000AA044442F64FFFC4E911000F6D9FF6CDD91100026D92239
:207360006CDD092F2029C21F89FF20290D00800482186D00F00302823C0100906D00CE0179
:20738000911000F6D9FF50DD14FF911000F6D9FF50DD820034F06D00DE0302F23C010090ED
:2073A0006D00BC01911000F6D9FF50DDDA0134FF0D0080046D00CF030090404F7CF23C134D
:2073C0006D00AC0191100026D922940D49FF000A4922000AA08444FF642FFC4E0D00800494
:2073E0006D00B9030090404F6D00980191100026D922940D4922000A49FF000AA084442F7E
:2074000064FFFC4E6D00A7030090911000F6D9FFB80DDA0034FF0D0080040090911000F61F
:20742000D9FFB80D14F23C010090911000F6D9FFB80DDA0134FF0D0080040090404C820863
:207440006D006C01911000F6D9FFBC0D54FF911000F6D9FFA05D54F0BE09911000F6D9FFE1
:20746000A05D54F0DA084BF01102534122F0911000F6D9FF801D10FF49FF000A49C2000A73
:20748000A08444FF642FFC4E82186D00640302823C0100906D004201911000F6D9FFBC0D01
:2074A00054FF911000F6D9FFA05D54F03E0C911000F6D9FFA05D91100026D922A05D542FD1
:2074C000C21F74FF6D0047030090404F8208BCF6082F3B0002007FF0048082023C396D0079
:2074E0001D0191100026D922BC0D542F91100026D922A05D5420A20FFF8F27809110002680
:20750000D922BC0D5420DA084BF01102534122F091100026D922801D102249FF000A49220F
:20752000000AA08444FF642FFC4E911000F6D9FFBC0D91100026D922BC0D542FC21F74FF63
:207540000D00800482186D00060302823C01009091100046D944006E82043BC000506DFF8A
:20756000ECD791100046D9443C5E820482456DFFE4D791100046D944940D82043B4002503E
:207580006DFFDBD791100046D944206E820482656DFFD3D791100046D9446CDD82043B802A
:2075A0000A506DFFCAD791100046D944B85D82043B0080506DFFC1D791100046D94454DD81
:2075C00082043B8001506DFFB8D791100046D944A45D82043B8000506DFFAFD791100046AF
:2075E000D9440C6E82043B4001506DFFA6D791100046D944801D82043B0012506DFF9DD715
:20760000911000F6D9FFB05DDA0074FF911000F6D9FFB80DDA0034FF911000F6D9FF50DDC4
:20762000DA0034FF911000F6D9FF4CDDDA00B4FF911000F6D9FF385EDA0074FF911000F62F
:20764000D9FFB45DDA0074FF911000F6D9FFAC5DDA0074FF911000F6D9FFBC0DDA0074FFAA
:20766000911000F6D9FFA05DDA0074FF0D00800400906D00530082003C0B532020F0911083
:2076800000F6D9FFA45D10FFDA00B4FFC210BF40F6FF0D0080046D005E020090404F6D00CF
:2076A0003D0082003C0E532020F010F2532020F091100046D944A45D1044944FB42FC210C8
:2076C000BF40F3FF91100026D922AC5D542F6CF26D00410202F23C010090024F0258BF4FE3
:2076E00003803C1A6D001A00532F20F0911000F6D9FFA45D10FFB4F8911000F6D9FFAC5DF5
:2077000091100026D922AC5D542FC21F74FF0D0080046D00200200903C0191100046D944D6
:20772000B05D6DFF2B8FDF02FA7F0090404C40C46DFF81F202283B0010007F8004803B008A
:2077400010806DFFEBFF3B008000911000F6D9FF385E54F1911000F6D9FFB45D54F2A221B5
:20776000A2109A187F0F4380DA003C20911000F6D9FF385E54F03B0080104B1011029110FB
:2077800000F6D9FFB85D01F100F610C20920000834F0911000F6D9FF385E91100026D92230
:2077A000385E5420C21074F0C21F3F8FE1FF911000F6D9FF385E54FF3B0080004B0F11027A
:2077C000911000F6D9FFB85D01F100F6DA0A34FF911000F6D9FF385E91100026D922385EC9
:2077E000542FC21F74FF0D0080046D00B401009049AA38BA3C3E82003C24911000F6D9FFBF
:20780000B45D54FF3B0080104B1F1122911000F6D9FFB85D01F300F609F10008911000F695
:20782000D9FFB45D91100026D922B45D542FC21F74FFDA0A7E123C1401A000F634F1C21063
:20784000911000F6D9FFB45D54F1911000F6D9FF385E54FF3E153B0010F03FF0D0FF01A0DE
:2078600000F6DA0034FF760549A4000A6DFF61FC911000F6D9FFB45D54FF911000F6D9FF88
:20788000385E54F05F0FB9FF009049AA30BA405C02488209DA147F8F04803B400180BD04CD
:2078A00013003C0901A900F6014900260920000834F0C219014900F609FF00086E04DAF3A1
:2078C0003FF9F2FF820A3C2EBCC6534A20F010CF54F43C028204DAF43FF903803C2501A9DB
:2078E00000F6DA2034FFC219CE4A01A900F6DA2D34FFC219C2143254C2143C0149A40B4A0C
:207900006D001A013C0801A900F6092F000834FFC219B01249AF0B4A7DF2F7FFC21A370A1C
:2079200068A03F8AD3FF01A900F6DA0034FF49A4000A6DFFFDFE00906DFFFAFE009049AA22
:2079400030BA405C0249820ADA147F9F04803B400190BD0413003C0901AA00F6014A002603
:207960000920000834F0C21A014A00F609FF00086E04DAF43FFAF2FF82083C24BCC6534814
:2079800020F010CF54F43C02820449A40B4A6D00D300DAF53FFA03803C1701AA00F6DA20F1
:2079A00034FFC21A3C0801AA00F6092F000834FFC21AB01249AF0B4A7DF2F7FFC2183708F7
:2079C00068803F98DDFF01AA00F6DA0034FF49A4000A6DFFADFE0090404F405C406D6DFF7C
:2079E0009DFE91100026D922006E942FB4FF911000F6D9FF006E881FB4CF911000F6D9FFD0
:207A0000006E084F34DF911000F6D9FF006E09FF06096D00A00002F23C0100900248025F21
:207A200002696DFF7BFE911000F6D9FF006EB4F8911000F6D9FF006EACF1911000F6D9FF84
:207A4000006E2849911000F6D9FF006E91100026D922006E092F0609C21F89FF06090D006E
:207A600080046D00780000900248025F6DFF56FE911000F6D9FF3C5EB4F8911000F6D9FF7E
:207A80003C5EACF10D0080046D0065000090404F6DFF44FE91100026D9220C6E4922000ACE
:207AA00049FF000AA044442F64FFFC4E6D0053000090404F7CF23C1E6DFF30FE9110002668
:207AC000D9220C6E49FF000A4922040AA03444FF642FFC4E911000F6D9FF0C6E91100026C2
:207AE000D9220C6E142FC21F34FF0D0080046D0032000090404F6DFF11FE91100026D9222E
:207B0000206E0921C4085420A82174F06D0023000090404C6DFF02FE911000F6D9FF206E2B
:207B200009C1C40854C0A82174F00D0080046D0012000090B0F4DA0A4BF411028B0103F075
:207B4000344FDA0A4BF41142DF04F6FF40423C01009091100046D944B05D6DFF738D0090F8
:207B6000000081F800000000000083F801000000000085F802000000000000000000000091
:207B80000000000000000000000000000000000000000000000000000000010000010F00D4
:207BA000010F0000000000000000000000000000000000A0FF3F00A0004000A0FF7F00A039
:207BC000008000A0FFBF00A000C000A0FFFF00A0000001A0FF3F01A0004001A0FF7F01A0A9
:207BE000008001A0FFBF01A000C001A0FFFF01A0000002A0FF7F02A0008002A0FFFF02A081
:207C0000000003A0FF7F03A0008003A0FFFF03A0000004A0FF7F04A0008004A0FFFF04A050
:207C2000000005A0FF7F05A0008005A0FFFF05A0000006A0FFFF06A0000007A0FFFF07A01E
:207C4000000008A0FFFF08A0000009A0FFFF09A000000AA0FFFF0BA000000CA0FFFF0DA0DC
:207C600000000EA0FFFF0FA0000010A0FFFF13A0000014A0FFFF17A0000018A0FFFF1BA06E
:207C800000001CA0FFFF1FA0000020A0FF3F20A0004020A0FF7F20A0008020A0FFBF20A0B1
:207CA00000C020A0FFFF20A0000021A0FF3F21A0004021A0FF7F21A0008021A0FFBF21A0C6
:207CC00000C021A0FFFF21A0000022A0FF7F22A0008022A0FFFF22A0000023A0FF7F23A05C
:207CE000008023A0FFFF23A0000024A0FF7F24A0008024A0FFFF24A0000025A0FF7F25A06C
:207D0000008025A0FFFF25A0000026A0FFFF26A0000027A0FFFF27A0000028A0FFFF28A0B7
:207D2000000029A0FFFF29A000002AA0FFFF2BA000002CA0FFFF2DA000002EA0FFFF2FA0EE
:207D4000000030A0FFFF33A0000034A0FFFF37A0000038A0FFFF3BA000003CA0FFFF3FA06F
:207D6000000702001100000000A003F00800000088000000010003000900000000A003F026
:207D80000000000088000000020402003300000000C103F0000000008800000004010300DC
:207DA0003600000000C103F003000000880000000000000000D303F0040000000A0000007A
:207DC0000001000000D303F005000000080000000002000000D303F00600000009000000F8
:207DE0000003000000D303F007000000090000000004000000D303F00000000006000000DA
:207E00000005000000D303F001000000060000000006000000D303F00200000006000000BC
:207E20000007000000D303F00300000006000000001F00F000D303F00D0000000300000087
:207E4000001F00F000D303F00C00000098000000001F00F000D303F00B0000009800000031
:207E6000001F00F00500000000C303F00400000098000000001C00F000000000001D00F083
:207E800001000000001E00F002000000001F00F003000000040017B7D138000000000000E4
:207EA000030017B7D138000000000000020017B7D13800000000000003000000947E018079
:207EC000013B050017B7513912011202FF0F3F0312221402FFFFFF0F020000000F0000002B
:207EE000010000000F000000000000003F000000000000003F000000000000003F000000B5
:207F000055120000FF7F0000002D310100000000000000000000000000000000000000001D
:207F200000000000000000000000BD3786350000BD378635000000000000000000000100E2
:207F400001000000000001000000000000000100000000000000000008C9BCF367E6096ADE
:207F60003BA7CA8485AE67BB2BF894FE72F36E3CF1361D5F3AF54FA5D182E6AD7F520E51DC
:207F80001F6C3E2B8C68059B6BBD41FBABD9831F79217E1319CDE05B22AE28D7982F8A4221
:207FA000CD65EF23914437712F3B4DECCFFBC0B5BCDB8981A5DBB5E938B548F35BC256398B
:207FC00019D005B6F111F1599B4F19AFA4823F9218816DDAD55E1CAB420203A398AA07D823
:207FE000BE6F7045015B83128CB2E44EBE853124E2B4FFD5C37D0C556F897BF2745DBE7235
:20800000B196163BFEB1DE803512C725A706DC9B942669CF74F19BC1D24AF19EC1699BE45D
:20802000E3254F388647BEEFB5D58C8BC69DC10F659CAC77CCA10C2475022B596F2CE92DF6
:2080400083E4A66EAA84744AD4FB41BDDCA9B05CB5531183DA88F976ABDF66EE52513E9897
:208060001032B42D6DC631A83F21FB98C82703B0E40EEFBEC77F59BFC28FA83DF30BE0C665
:2080800025A70A934791A7D56F8203E05163CA06706E0E0A67292914FC2FD246850AB72758
:2080A00026C9265C38211B2EED2AC45AFC6D2C4DDFB3959D130D3853DE63AF8B54730A6576
:2080C000A8B2773CBB0A6A76E6AEED472EC9C2813B358214852C72926403F14CA1E8BFA2A3
:2080E000013042BC4B661AA89197F8D0708B4BC230BE5406A3516CC71852EFD619E892D1E4
:2081000010A96555240699D62A20715785350EF4B8D1BB3270A06A10C8D0D2B816C1A419CF
:2081200053AB4151086C371E99EB8EDF4C774827A8489BE1B5BCB034635AC9C5B30C1C39A3
:20814000CB8A41E34AAAD84E73E363774FCA9C5BA3B8B2D6F36F2E68FCB2EF5DEE828F7404
:20816000602F17436F63A57872ABF0A11478C884EC39641A0802C78C281E6323FAFFBE908E
:20818000E9BD82DEEB6C50A41579C6B2F7A3F9BE2B5372E3F27871C69C6126EACE3E27CAB9
:2081A00007C2C021C7B886D11EEBE0CDD67DDAEA78D16EEE7F4F7DF5BA6F1772AA67F006D4
:2081C000A698C8A2C57D630AAE0DF9BE04983F111B471C13350B711B847D0423F577DB28F6
:2081E0009324C7407BABCA32BCBEC9150ABE9E3C4C0D109CC4671D43B6423ECBBED4C54C71
:208200002A7E65FC9C297F59ECFAD63AAB6FCB5F1758474A8C19446CA3785913CA4DEB752B
:20822000ABD841414D0A700098E879777940C78C73FE6F2BEE6C035201000000000000003B
:20824000000000000000000000000000000000000000000000000000EDFFFFFFFFFFFFFF38
:20826000FFFFFFFFFFFFFFFFFFFFFFFFFFFFFFFFFFFFFFFFFFFFFF7FB0A00E4A271BEEC4FA
:2082800078E42FAD0618432FA7D7FB3D99004D2B0BDFC14F8024832B000000000000000003
:2082A000000000000000000000000000000000000000000000000000B07D0180C07D018052
:2082C000D07D0180E07D0180F07D0180007E0180107E0180207E01807E1501809415018099
:2082E0008E15018000C103F00400000000C103F00500000000C103F00200000000C203F07E
:208300000300000000A003F00200000000A003F00600000000A003F00A00000000A003F0FC
:208320000C000000887D01809C7D0180747D0180607D0180908903F0000000F0908403F03E
:20834000507E018080000000407E018080000000307E01801002000000000000000000004E
:20836000000000000000000010000000C0800080100000000000000080000000D0800080CD
:2083800080000000808903F0848903F0888903F08C8903F0908903F0948903F0988903F025
:2083A0009C8903F0A08903F0A48903F0A88903F0AC8903F0B08903F0B48903F0B88903F08D
:2083C000BC8903F0C08903F0C48903F0C88903F0CC8903F0D08903F0D48903F0D88903F06D
:2083E000DC8903F0E08903F0E48903F0E88903F0EC8903F0F08903F0F48903F0F88903F04D
:20840000FC8903F0A08A03F0A48A03F0A88A03F0AC8A03F0B08A03F0B48A03F0B88A03F0C5
:20842000BC8A03F0FDFFFFFFFFFFFFFFFFFFFFFFFFFFFFFFFFFFFFFFFFFFFFFFFFFFFFFF21
:20844000FFFFFF0FEBFFFFFFFFFFFFFFFFFFFFFFFFFFFFFFFFFFFFFFFFFFFFFFFFFFFFFF40
:20846000FFFFFF7F40420F0080841E00404B4C0080969800002D31010900000055415254A4
:2084800020696E697469616C697A656400626C696E6B79006563686F00726F626F74004692
:2084A0004154414C3A20737461636B206F766572666C6F7720696E207461736B3A005350EF
:2084C000443D00000102030000000001000203000000000102000300000000010203000003
:2084E000000000000000000001020300000000010002030000000001020003000000000169
:2085000002030041505046572074633237355F6361722076312E312E30000002030153448D
:20852000433143414C534C4F54303D0043414C5345433D0043414C53415645204641494C25
:208540002073742F465352302F312F323D0043414C534C4F54313D0043414C534C4F543DFD
:208560000043414C4942524543206C6F616465642066726F6D2044464C4153480043414CC7
:20858000494252454320696E76616C69642C2064656661756C74730043414C434C45415294
:2085A000206661696C65642028666C617368290043414C53415645206661696C65642028EB
:2085C000666C6173682900EDD3F55C1A631258D69CF7A2DEF9DE1400000000000000000098
:2085E000000000000000101AD5258F602D56C9B2A7259560C72C695CDCD6FD31E2A4C0FECD
:20860000536ECDD33669215866666666666666666666666666666666666666666666666651
:20862000666666666666664C494E4B20636D64712066756C6C004C494E4B206C6F7374009A
:208640004C494E4B207570004C494E4B20646F776E20286E6F2053465F5245414459290006
:208660004C494E4B4552523D004C494E4B4442473D00000101005352563D00454E434341DA
:208680004C2073746172742028776865656C73206D757374206265206F66662067726F7568
:2086A0006E642900454E4343414C00454E4343414C2061626F7274656420286573746F70FF
:2086C0002900534552564F20636C6F7365642D6C6F6F7020656E61626C6564005345525636
:2086E0004F206F70656E2D6C6F6F7020287265636F7264207372633D303B2063616C696280
:208700007261746520766961203078373029004A4F472074696D656F7574004F54413A20B0
:20872000736C6F74206D61726B656420444F574E4C4F41444544004F54413A206D657461FD
:2087400020636F6D6D6974204641494C45442028646F776E6C6F6164656429004F54413AFB
:2087600020736C6F74206162616E646F6E6564004F54413A20626C616E6B206D6574612C22
:2087800020636F6E6669726D2073656564732064656661756C7473004F54413A2073656C9D
:2087A000662D7465737420636F6E6669726D65642C20736C6F742056414C4944004F54410D
:2087C0003A20636F6E6669726D20636F6D6D6974204641494C45440074510999F7424814E7
:2087E0004463958ABFBDD6FC559F9AB247C311FB58F74C5D6D468B5F4A4F472072656A65D4
:20880000637465642028626164207061796C6F616429004A4F472072656A656374656420B0
:20882000286661756C7429000000000000000000000000000000000049444C4500544346D0
:0A8840005700546D72205376630058
:20884C0000000000009E01600000000000000000000000000000000000000000000000000D
:20886C00002D310100E001AF00000000E803000030000000FFFFFFFF00000000FFFFFFFFEA
:20888C00FFFFFFFFFFFFFFFFFFFFFFFF0A000000AAAAAAAA00000000000000000000000026
:2088AC000000000000000000000000000000000000000000000000000000000000000000AC
:2088CC000000000000000000010101010100FF0000000000700059B300000000000000000C
:2088EC00000000000000000064B81E799B47E186010000000040006064880180040000005E
:20890C000100000004400060D08801800100000001000000084000606888018008000000AA
:20892C0001000000104000604C880180080000000100000018400060D18801800100000089
:20894C00010000001C40006070880180080000000100000024400060D2880180010000002C
:20896C000100000028400060D388018001000000010000002C400060D4880180010000009A
:20898C000100000030400060D5880180040000000100000034400060788801800C000000B6
:2089AC000100000040400060548801800400000001000000444000608488018018000000DF
:2089CC00010000005C400060D9880180010000000100000060400060DA88018001000000C6
:2089EC0001000000644000609C880180040000000100000068400060DB88018001000000CF
:208A0C00010000006C40006058880180040000000100000070400060A088018030000000EE
:208A2C0001000000A04000605C8801800800000002000000A8400060000000002A00000008
:208A4C0002000000D4400060000000000100000002000000D8400060000000001D000000FC
:208A6C0002000000F8400060000000000100000002000000FC400060000000004904000064
:208A8C00020000004845006000000000DD0000000200000028460060000000006580000049
:208AAC000200000090C60060000000003503000002000000C8C900600000000001000000C6
:208ACC0002000000CCC90060000000000100000002000000D0C9006000000000B1040000E2
:208AEC000200000084CE0060000000001900000002000000A0CE00600000000001000000CC
:208B0C0002000000A4CE0060000000000500000002000000ACCE0060000000000100000093
:208B2C0002000000B0CE0060000000004100000002000000F4CE00600000000001000000E3
:208B4C0002000000F8CE006000000000D302000002000000CCD10060000000009301000079
:208B6C000200000060D3006000000000EE0300000200000050D700600000000001000000D9
:208B8C000200000054D7006000000000E5000000020000003CD80060000000006A0900006E
:208BAC000000000000000000000000000000000002000000803F00700000000080000000F8
:208BCC000000000000000000000000000000000002000000803F00600000000080000000E8
:208BEC000000000000000000000000000000000002000000803F00500000000080000000D8
:108C0C000000000000000000000000000000000058
:02000004801F5B
:0A402000911000E8D9EE2844DC0EF0
:0A404000911000E8D9EE3684DC0E82
:0A408000911000E8D9EE2857DC0E7D
:0A40A000911000E8D9EE2A67DC0E4B
:0A40C000911000E8D9EE92E5DC0E45
:0A40E000911000E8D9EE0077DC0E25
:0A410000911000E8D9EE3E57DC0EE6
:0A412000911000E8D9EEBCD5DC0ECA
:0A414000911000E8D9EEB095DC0EF6
:0A418000911000E8D9EE1257DC0E92
:0A41A000911000E8D9EE1467DC0E60
:0A420000911000E8D9EEA0C0DC0E1A
:0A422000911000E8D9EE94D0DC0EF6
:0A424000911000E8D9EE88E0DC0ED2
:0A426000911000E8D9EEBCE0DC0E7E
:0A428000911000E8D9EEB0F0DC0E5A
:0A42A000911000E8D9EEE400DC0EF6
:0A42C000911000E8D9EED810DC0ED2
:0A42E000911000E8D9EECC20DC0EAE
:20600000911000F8D9FF0CCA0D00000202F4DC0F0000000000000000000000000000000049
:20602000911000F8D9FF08BA0D00000202F4DC0F000000000000000000000000000000003D
:20604000911000F8D9FF04AA0D00000202F4DC0F0000000000000000000000000000000031
:20606000911000F8D9FF049A02F4DC0F000000000000000000000000000000000000000030
:20608000911000F8D9FF008A0D00000202F4DC0F0000000000000000000000000000000015
:2060A000911000F8D9FF3C6A0D00000202F4DC0F00000000000000000000000000000000D9
:2060C000911000F8D9FF1AFA0D00000202F4DC0F000000000000000000000000000000004B
:1260E000911000F8D9FF10DA0D00000202F4DC0F0090D3
:20620000911000F8D9FF0CCA0D00000202F4DC0F0000000000000000000000000000000047
:20622000911000F8D9FF08BA0D00000202F4DC0F000000000000000000000000000000003B
:20624000911000F8D9FF04AA0D00000202F4DC0F000000000000000000000000000000002F
:20626000911000F8D9FF049A02F4DC0F00000000000000000000000000000000000000002E
:20628000911000F8D9FF008A0D00000202F4DC0F0000000000000000000000000000000013
:2062A000911000F8D9FF3C6A0D00000202F4DC0F00000000000000000000000000000000D7
:2062C000911000F8D9FF1AFA0D00000202F4DC0F0000000000000000000000000000000049
:1262E000911000F8D9FF10DA0D00000202F4DC0F0090D1
:0400000580008020D7
:00000001FF
