:0200000480007A
:2080000000000000700059B30000000000000000000000000000000064B81E799B47E186E8
:14802000911000F8D9FF7AC9DC0F00900000000000A03CFF42
:1280380073646820737468A0036568CA0BC300300090C0
:208050003256FF0626003B00FEFF3FF617000F6510308B0602601745802600903256FF0613
:2080700018003B00FEFF3FF60F000F6500308B060260174580260090A2F63705C13F0F65EB
:2080900010200090A2F682030F6500200090DA207FF60700174580360F6400200090A2F68C
:2080B00082020F6400300090FFFFFFFFFFFFFF7F000600F000B403F00100000000000000E3
:2080D000000600F000B403F00000000090000000000600F000000000000700F00100000075
:2080F000000800F002000000000900F003000000911000F8D9FF0A9A0D00000202F4DC0F75
:2081100000000000000000000000000000000000911000F8D9FF068A0D00000202F4DC0F5E
:2081300000000000000000000000000000000000911000F8D9FF027A0D00000202F4DC0F52
:2081500000000000000000000000000000000000911000F8D9FF026A02F4DC0F0000000051
:2081700000000000000000000000000000000000911000F8D9FF3E4A0D00000202F4DC0F06
:2081900000000000000000000000000000000000911000F8D9FF3A3A0D00000202F4DC0FFA
:2081B00000000000000000000000000000000000911000F8D9FF10BA0D00000202F4DC0F84
:2081D00000000000000000000000000000000000911000F8D9FF0EAA0D00000202F4DC0F76
:0281F0000090FD
:2081F800820C822D3C130757FFCF8755BFDFCE57460546048B1480408B05A050CE7746070A
:2082180046068B1680608B07A07082028203820082013A260B2700F26E023C4F0B6430F1BA
:208238000B7500F20B75A0F26E04024002513C453A640B7500F26E0382123C3F3B0004E06B
:208258000B6030F10B7100F20B71A0F2DE1087559FFF06116701801F8B1FE0060248025943
:2082780006156745805F0614C2FE3CEB0284029506F067101F0006F1C21E82087AE86E1D48
:2082980087559FFF06116701801F8B1FE0060B60C0A00B71D0B007BB9FFF06156745805FD1
:2082B800061406136723803F8B1FE0266E0302A002B1C2183FE8E67F76C7460346028B12E3
:2082D80080208B03A030DF2D0B00071DE0FF76F7460146008B1080008B01A01000906D0020
:2082F800E93000900D0000036D00CA27BB00805F02246D00FA256D00C327022F02F46D0018
:20831800122602F46D00DC276D00CE2702246D00A6266D00C8756D00FD686D0058736D00C5
:20833800913491000046D94400046D00C90891000046D944000482146D00B209911000488B
:20835800D944E8776D009E7391100048D944EF976D0098739140004FD944000A82543B00AF
:2083780008506D00601491100048D9444A0891100058D955F9773B001040A0068215A0074E
:208398006D001D6D91100048D944684891100058D955C0873B001040A0068215A0076D00CE
:2083B8000E6D6D009C6091100048D9446A0891100058D955C5873B002040A0068225A00747
:2083D8006D00FD6C6D00326C3C013C000090405F91100048D944CB876D00547340F46D00CF
:2083F80051730D0040036D00D8723C0200003CFF00903C0E914000FFD9FF000ADA019B1F00
:2084180000F0865F6CF13BA00F406D009F6B3CF3009020303C7C6D003327022F02F46D004F
:20843800822502F46D004C273C0814A449A4020A09A541086D00FA5C49A4000A6D00CC7355
:20845800DF02F5FF6D0099606D007B346D001827022F02F46D00672502F46D0031276D00B9
:208478002F6002286D00346089A21408370848F089AF1508370848F489AF16086D00706009
:208498007623DA013C02DA0089AF17086D00116089A218086D005D607623DA013C02DA0002
:2084B80089AF190849A41C0A6D00487409AF6C086E0F8CAE3BA000004B0F010289A01508AE
:2084D8008CAF3BA000004B0F010289A0160849A4140A6D00C9776D003C60370848F053AF90
:2084F8002040370848F453AF205002266D0041776D002F60F6266D00DC5FF6236D003074E0
:208518006D0021763BA000406D00206B3C8500903C036D0027723CFE00900D0000036D004F
:20853800AF26BB00805F02246D00DF246D00A826022F02F46D00F72402F46D00C126910059
:208558000046D94400046D00BB0791000046D944000482146D00A4086D00DC676D00E04C7D
:208578006D005B3D6D0012516D0036523C013C0000900D0000036D00832602246D002A2508
:2085980091000046D94400046D009A0791000046D944000482146D0083086D00BB67820422
:2085B8006D0033466D008D526D00D0678B4201F06D00CC671B421F806D00C8671B823E906C
:2085D8003C1F6D0082466D00F0526D00BF67A2F20E278B4F01F06D0030006D0014006D0092
:2085F800B567A2820E251B481F806D0001456D00AD67A2920E251B893E906D00A9003CE2AD
:2086180000902028DA003C0F14A409A5410849A4030A09A642086D006046F6223C0C6D00C3
:20863800E473C21FFF8F088049A4000A6D00B173DF02ECFF009020E849A4142A6D000577D4
:2086580049A4083A6D007A7349A41C2A82043BC002506D00214C6D00796789A2202909AF20
:20867800542889AF242809AF582889AFA6283B0020F09B1F00F0783009AF8C3889AFAC287F
:2086980009AF8E3889AFAE2849A4083A6D004D0089A234296D004A7289A2B02809A4F028D4
:2086B8006D00F22F89A2322849A41C3A49A51E3A49A6203A6D003B7609A49C386D00680049
:2086D80089A2A82809A49E386D00620089A2AA2849A4000A6D008A45580E09A03C0942F07F
:2086F800580D420F8202BF1019806E173B803E107F1F08803B803E10E2104BF011223C085F
:208718003B803E104B1F11224B2011020202DAFF7F2F04803BF00F2089A23E2849A41C2AF0
:208738006D00204600904C4282204B0F11024C4382224B2F112242204C428F1F00114C4303
:20875800160126F10B1000203C010090202849A4000A6D00F3728CA278058CA3780649A475
:20877800000A6DFFE2FF89A21C0909AF50086E03DA013C02DA00780891100048D944EA87CF
:2087980049A5140A82446D002B7500902018024849A4000A6D0026768CA7E2F83B803EF0DA
:2087B8004BF801223BF0FFF77F2F04003BF0FF273B0000F87FF204003B0000283C0100903F
:2087D800404F6D005D25022F02F46D00AC2314F0B700010034F002F46D0072250090094FDE
:2087F8004C18161F3C0182003E0E82103E0E82203E0F8240BE003B800000BE003B000100BB
:20881800BE003C1282023C126D008F203C0F6D00D81F3C0C6D00FC1F3C096D00801F3C0634
:208838006D00691F3C0382023C013C01009082F282003C17538020F0911000F8D9FF203869
:2088580010FFD4FF7D4F0D80538020F0911000F8D9FF203810FF481F370F48203C04C210E3
:20887800BF40EAFF3C010090404F40F46DFFB9FF09FFD408370F6CF0C21F4B0F41F14BF214
:2088980051203C0100906DFFD4FF53C220F060FF9140003F30F3D93F002849F2080A3C01C2
:2088B80000906DFFC6FF53C220F060FF9140003F30F3D9320028B0423C0100906DFFB9FF12
:2088D80053C220F060FF9140003F30F3D93200283C010090494F081A3C0554FF345FB01523
:2088F800C2F4FF14FCFF02423C0100902018404F0B541088026A89A70C0909FF4C18161F7B
:2089180078043C0109FFD408370F6CF0C21F74AF40F46DFFABFFC2188B4860F3370F688084
:208938008B1A6003370068F078024B0861014B0941A0DA007801BB0000089BB05B044B0910
:2089580001F016038B0F20F26E08BBA070FD9B3FC2F34BFA41B03C353B0000F59B3F7CF45B
:208978004BF901F0370F61F06E083BF026F19B3FA8F34BFA41B03C253B0040F29B4F97F46D
:208998004BF901F0370F61F06E08BB7071FB9B1F8DF34BFA41B03C153B0062F39BEFAFF468
:2089B8004BF901F0AE083BD07BF39B6F58F34BFA41B03C07BBC05AFC9B7F72F34BFA41B0E7
:2089D8004BA251F04B0F7111821CDF0124803C20BF580C80C2F84B0861F14BF941A04BA2E3
:2089F80051F04B0F71113C14DA0174AF3B00018040F46DFFF6FE4B0F61F14BF251204B08F7
:208A180061F14BF941A04BA251F04B0F7111BF11E1FF8F411FF06E3A7B0018044B0941005A
:208A38004B0251004B0071018F401FF06E1C3C1754A0C21074A08F401FF06E053BF0FF00B3
:208A580074A03C1040F46DFFCCFE54AF4B0F61F14BF251204BA251F04B0F71118F411FF0EE
:208A7800EEE83C143C10C218DA107F8F05803B0001803C0C4B0861F14BF941A04BA251F019
:208A98004B0F71118F411FF0EEEF0219821D82034B0C61F14BF241F04B0161014B0F510077
:208AB8006B0031FA82044B4F01F0AE046B00316A3C056B0031FA67FFBF6F4BB601F01603C9
:208AD8008B0F20F26E03DA017801822C3C43DF2C05808214821E3C0773C30A004BD0114229
:208AF8008B1400E03C324B0C61014B024100031C0A744B0761F14BF051706B0731FA8200CE
:208B18004B0F01F0AE046B07310A3C056B0731FA67FFBF0F4B0601F0370F61F16E0C020625
:208B380002CD031C0A943BF0FFF07F9F04803BF0FF9002434BB601F016038B0F20F26E04AD
:208B5800DA0178013C06C2143F4E04807FD9CDFFC21C5801EE053BF0FFF07FCFBAFF82048B
:208B780040F46D003E0009FFE00837097000370F0CF089FFA00809FFE208370D7000370F00
:208B98000CF089FFA20809F0D40854AFC2FF370F70F037F00CF0ACFA09FF5608C2F8370828
:208BB8006800370F04F089FF160809F05708580237F004F089FF170858036E03DA013C02FC
:208BD800DA0009F0570837F081F389FF170840F409A410096D00050082123C010090094FE4
:208BF8004C18374F05F0894F0C18F6493C01094F4F18370FE1F33C01EEFB3C093C01094F2D
:208C18004F18370FE1F33C01DF1FFBFF0090494F041A3C05145F74FFB015C2F4FF14FCFF90
:208C380002423C010090200834A4DA01ACA149A5000A49A6020A911000F8D9FF382809F422
:208C580040096D00EE033C010090CC4288223C013C0100902008F4A4405DD4DFF44F40F43F
:208C78006DFFB0FD820440F46DFFBBFFDA0009F05A0837F002F089FF1A0809DFC80809F03A
:208C9800D408C2FF370F70F037F00CF0ACFA09D46C0840F46DFFA5FF09D4040909D54A0801
:208CB80009D64D0809D74C0840F46DFF21FE0228820440F46DFF95FF09DF7C086E03821022
:208CD8003C028200087F370F01F22CF709DF56086E03DA013C02DA0009F05B0837F001F3B8
:208CF80089FF1B0809DF540809F05B0837F081F389FF1B0809DF510809F0590837F083F096
:208D180089FF190809DF530809F05B0837F001F289FF1B0809DF550809F05C0837F004F071
:208D380089FF1C0809D0580808CF370F02F32CFC09DF590809F0500837F002F389FF1008A6
:208D580009DF500809F0D80837F003F3ACFC09D05A0808DF8BF0200337006800370F04F084
:208D78002CFD09DF5B0809F051088BFF20F3370F68F037F004F089FF110809DF520809F0E3
:208D98005A0837F002F089FF1A0809DCA809BD0C7900D4CEBD0E280009C0040809C95D081D
:208DB8004CE16E2109E4840909E44808370068506D00390F09E4840909E4480802956D00C9
:208DD800640FD4E2DA016E0382103C0282000C27370F81F22C27D4E20CEC0920460837F029
:208DF80002F02C2609CE8809BD0E1E0009C00C0809C95D084CE16E1709E4840909E4480849
:208E1800370068506D000F0F09E4840909E4480802956D003A0FD4E20CEC0920440837F072
:208E380003F02C2409CE9009BD0E150009C5540809C95D0809E4840909E448080CECA6F5DC
:208E58006D00F10E09E4840909E4480802956D001C0F09CE9809BD0E150009C55C0809C94C
:208E78005D0809E4840909E448080CECA6F56D00DA0E09E4840909E4480802956D00050F07
:208E980009D46C0840F46DFFACFEDA0089FF001982FF6CFFDA00D4A22C2E09DF6D082E0C77
:208EB800DA016E03DA013C02DA0009F0421837F001F089FF021809DF6D082E1CDA016E035B
:208ED800DA013C02DA0009F0421837F001F189FF021809DF6D082E2CDA016E03DA013C025D
:208EF800DA0009F0431837F001F189FF031809DF6D082E3CDA016E03DA013C02DA0009F071
:208F1800431837F081F189FF031809DF6D082E4CDA016E03DA013C02DA0009F0431837F011
:208F380001F389FF0318DA002C2DDA002C2C09DF7D082C2FD20089205409DA006C240C2FD8
:208F580082003E0482103E043C0682193C063BC000903C0382093C014CDC6E0C09D4B00978
:208F780009D4AE0802956D006B28D4A4894284093C0909D4AE0802956D002028D4A4894278
:208F980084094CDE6E0C09D4B80909D4B40802956D005628D4A4894288093C0909D4B4081D
:208FB80002956D000B28D4A48942880909D9660809DFE208EE03DF39228040F46DFF73FCB2
:208FD80009DFE2081420370F68F037F008F0342F0C21379F82F12C210C2396022C23DA019F
:208FF8006E03DA013C02DA0009F0431837F001F289FF03180C2196042C2109DFE008EE030F
:20901800DF39228040F46DFF5BFC09DFE0081420370F68F037F008F0342F0C21379F82F1ED
:209038002C210C2396022C23DA016E03DA013C02DA0009F0431837F081F389FF03180C21B7
:2090580096042C2109DFE4086E2140F46DFF1DFC09DFE4081420370F68F037F008F0342FCD
:209078000C21379F82F12C210C2396022C23DA016E03DA013C02DA0009F0421837F001F055
:2090980089FF02180C2196042C21DA016E03DA013C02DA0009F0500837F081F089FF10083A
:2090B800DA016E0382103C02820008CF370F81F02CFC09FF5008960189FF100808CF96013F
:2090D8002CFC02823C010090F445DA00894F3C08DA01894F2C08DA01AC447B107EF46C4174
:2090F800DA032C4ADA002C4CDA032C4DDA00894F1008DA01894F1108DA01894F1208DA0020
:20911800894F1308DA00894F1608DA00894F1408DA07894F1508DA01894F1808DA01894F4A
:209138001908DA00894F1A08DA00894F1B08DA00894F1C08DA00894FA208DA00894FA008C1
:20915800DA00894FA408DA00894F2608DAFF894F2D08A00FEC4AA00FEC4EA00FEC4CDA0044
:20917800894FAE08DA00894FB408DA00894F3D0800902010404F08CFEE2BC8128C223C01E0
:209198006E03DA003C02DA013C01EE22DA012CFC08FF82003E0482103E0A3C14C81449A544
:2091B800000A8214D2066D0070273C0CC81449A5040A3BC00040D2066D0067270CAC34AF52
:2091D8003C01D4F449A5000A82146DFF22FD0090D44F09FF760816013C016E0909FF7E08C7
:2091F800960189FF3E080C4E96012C4E09FF7608370F61F13C016E0909FF7E08960489FF05
:209218003E080C4E96022C4E09FF7708370F61F13C016E0909FF7F08960489FF3F080C4E5F
:2092380096042C4E09FF7708370FE1F13C016E0909FF7F08960889FF3F080C4E96082C4E41
:2092580009FF7708370F61F33C016E0909FF7F08964089FF3F080C4E96102C4E00902020A3
:20927800404F08FF82003E048210BE083C56D4F2092F5208161F3C01D4F449A5000A02F412
:209298006DFF2AFBC82449A5000AD20602F46D00FF277623DA012CFD3C403C384DC0E2FF65
:2092B800370FE1F78B0F20F23C010D00400300003C0185F010008203020285F12C008200D0
:2092D800A620A6313C0191100028D922382809224009262026316E030D0000033C0189A080
:2092F8005009D4F449A5000A82146DFFF5FA14AF89AF1808C82449A5100A3BC00040D2062A
:209318006D00C6277623DA012CFDD4F2092F5208161F3C01EEC43C0100902018404F4DC021
:20933800E2FF370FE1F78B0F20F23C010D00400300003C0185F010008203020285F12C00F0
:209358008200A620A6313C0191100028D922382809224009262026316E030D0000033C01A6
:2093780089F05409484FC21F6CF4C8128C223C016E03DA003C02DA013C01EE4008FF82000A
:209398003E0582105F0F29003C38DA0089AF1008C8128C223C01370F7000D4F20C2E161FFB
:2093B8003C0189AF100809AF50088B0F01F1370F70F07FF00380020FC81449A5000A370FA9
:2093D8005040D2066D006126D4F449A5000A02F46DFF1FFC3C12C81449A5000A3BC000407F
:2093F800D2066D0052260CA82CACD4F449A50C0A82146DFF0EFC3C013C03DA002CFC009026
:20941800406F0B4510680944880994F46D003D2694FFA22FB4FF8B0200223C010090404F65
:20943800405C406D0B451088821208CFC81209209408370070A094D0DF003100EE1F94DF9E
:209458007FFA1D00C814370A504040C50B8910686D001E2740F46DFF8EFEC81401CA0056C5
:2094780094DFA2AF370F50400B8910686D001027022840F46DFF7FFE3C0CC81494D440C5B2
:209498000B8910686D000427022840F46DFF73FE94DFA28FB4DF8B0800223C0100902008F4
:2094B8008202DA0174AF54A0DA0002F14940C00874A054AFEE0282123C0100904DC0E1FFAB
:2094D800D710210F494040080090404F40F46D002F0082504DC0E1FF16073C013E2891107D
:2094F800003030F3D933C04F54313C034D00D01F3701E2F05E1382003C173701E2F0EE138B
:20951800534220F060FF9130003F30F3D93F1436081F16075E1382103C05081F16075E324E
:2095380082203C02825002023C010090823282003C17538020F0911000F8D9FF4C3710FF21
:20955800D4FF7D4F0D80538020F0911000F8D9FF4C3710FF481F370F68203C04C210BF30AB
:20957800EAFF3C010090DA00744F0090404F024F40F46DFFDDFF02286E031E325E4382097D
:209598003C0282195E23821A3C02820ADF194C804DC0E1FF16073C015F8F29006D00841EC2
:2095B800022F02F46D00E71C40F46DFFC1FF5342200060029130003F3023D93214361420A9
:2095D80037A00200342002F46D00A11E9110003030F3D933C04F543FB72F82F09110003059
:2095F80030F3D933C04F743F3C1E6D00491E022F02F46D00981C53482000600F9130003FC2
:2096180030F3D93F14365348200060029130003F3023D9321436142037A0020034F002F4C1
:209638006D004E1E02923C01009082124DC0E1FF16073C01FF3F0B80538F20F0911000F8A9
:20965800D9FF4C3710FFD4FF3C02A00F3C017DF4048082023C109110003030434933088A74
:20967800543F06F4374F9FF09110003030434933088A743F3C010090404FDA0140F46DFF54
:20969800D6FF262F40F46DFF22FFF626821440F46DFF6EFF262F02F23C0100900248804FD9
:2096B800B70F1CF07B00000D7E0D804FB70F0CFAB77F03FE4DC0E10F7B000011E210A20FAF
:2096D8003C02804F60FF82096D0017199130002F392F3506160F4B0F41F14BF251F03C01DF
:2096F8007BA047044B0F51F04B0861014B0F41F04B0F710185F110003C09000085FF1000E6
:20971800A21F3F0F048082193C0554FF1607DF7FF6FF02923C0100906DFFE3F56D00573C5A
:209738000090913000FFD9FF004654FF370F6EF18FFF83813C01912000A7D9AA40890D002B
:2097580080043B0098F0CD4FE00F0D00C0044D00E0FFB70F14F0CD0FE00F0D00C0048211A9
:209778007617DA009601CD4F20090D00C0044DC0E1FF8F7F00213C0153C22000600F9130FF
:20979800003F30F3D93F004654F037006E018FF083313C0153C22000600F9130003F30F3D0
:2097B800D93F004654FF2E1B8F2320F0960154F0370070088F002100A6F074F08F2320F0DF
:2097D800960254F0370070088F002100A60F74FF3C0154FF1601DF1FFE7FDA007613820007
:2097F8003C028210370F81F0CDCF20090D00C00453C220F060FF9130003F30F3D93F00462F
:2098180054FF2E1B8F2320F0960154F0370070088F002100A60F74FF86238F3340F154F090
:20983800370070088F002100A60F74FF3C0154FF6F0FFF7F0D00C00482014DC0E1FF8F7FAE
:2098580000213C0153C22000600F9130003F30F3D93F004654F037006E018FF083313C0113
:2098780053C22000600F9130003F30F3D93F004654FF2E1B8F2320F0960154F037007008C3
:209898008F002100A6F074F08F2320F0960254F0370070088F002100A60F74FF3C0154FF51
:2098B8001601DF1FFE7FDA00761382003C028210370F81F0CD0F04090D00C00453C220F0B3
:2098D80060FF9130003F30F3D93F004654FF2E1B8F2320F0960154F0370070088F002100F8
:2098F800A60F74FF86238F3340F154F0370070088F002100A60F74FF3C0154FF6F0FFF7F35
:209918000D00C004913000FFD9FF004654FF2E1B8F2820F0960154F0370070088F002100E3
:20993800A60F74FF8F2820F0960254F0370070088F002100A60F74FF3C0154FF1601DF1F18
:20995800FE7F911000F8D9FF004880FFCD4FE20F0D00C00491F001F8D9FF000480FFCD0FAB
:20997800E20F0D00C004912000F7D9FF80C980FFCD8FE20F0D00C004913000FFD9FF0046C9
:2099980054FF2E1B8F2820F0960154F0370070088F002100A60F74FF8F2820F0960354F046
:2099B800370070088F002100A60F74FF3C0154FF6F0FFF7F91000000D90000009100001071
:2099D800D911000091000080D988000091000090D9990000912000F7D9FFC009912000275F
:2099F800D922C00B40F4802080FFA2F0DA404BF0114282003C1E804FB70F1CF08F4F1F1072
:209A1800804FBBF0FF2F0662262F06AFA6F1F606CD81E30F0D00C0043C0274F19AD47E05DC
:209A3800CDC1E30F0D00C004404F4944001AC2103F40E3FFDA0074FF6D00361C022F028491
:209A58006D00C81A02F46D000A1B6D00B33A6DFF65FE6D00AF3A02846D00661B02F46D00C1
:209A7800A91B91100048D944A4076D009D179130884F911000F8D9FFB6A980F46DFFFEFDF5
:209A98009150884F911000F8D9FFD87980F46DFFF5FD911000F8D9FF3CB8DC0F00909130C1
:209AB80000FFD9FF0C4654FF370F6EF18FFF83113C01912000A6D9AA408B0D0080043B009D
:209AD80098F0CD4FE00F0D00C0044D00E0FFB70F14F0CD0FE00F0D00C00482127627DA006D
:209AF8009601CD4F20090D00C0044DC0E1FF8F7F00313C0153C32000600F9130003F30F370
:209B1800D93F004654F037006E018FF083413C0153C32000600F9130003F30F3D93F00463F
:209B380054FF2E1B8F2420F0960154F0370070088F002100A6F074F08F2420F0960254F0DB
:209B5800370070088F002100A60F74FF3C0154FF1601DF1FFE7FDA00762382003C0282107F
:209B7800370F81F0CDCF20090D00C00453C320F060FF9130003F30F3D93F004654FF2E1BDE
:209B98008F2420F0960154F0370070088F002100A60F74FF86248F3440F154F037007008F7
:209BB8008F002100A60F74FF3C0154FF6F0FFF7F0D00C00482124DC0E1FF8F7F00313C015B
:209BD80053C32000600F9130003F30F3D93F004654F037006E018FF083413C0153C32000A7
:209BF800600F9130003F30F3D93F004654FF2E1B8F2420F0960154F0370070088F002100C4
:209C1800A6F074F08F2420F0960254F0370070088F002100A60F74FF3C0154FF1601DF1F67
:209C3800FE7FDA00762382003C028210370F81F0CD0F04090D00C00453C320F060FF913013
:209C5800003F30F3D93F004654FF2E1B8F2420F0960154F0370070088F002100A60F74FF6B
:209C780086248F3440F154F0370070088F002100A60F74FF3C0154FF6F0FFF7F0D00C00406
:209C9800913000FFD9FF0C4654FF2E1B8F2120F0960154F0370070088F002100A60F74FF04
:209CB8008F2120F0960254F0370070088F002100A60F74FF3C0154FF1601DF1FFE7F91F0C6
:209CD80001F8D9FF008680FFCD4FE20F0D00C00491F001F8D9FF000480FFCD0FE20F0D0009
:209CF800C004912000F6D9FF80CB80FFCD8FE20F0D00C004913000FFD9FF0C4654FF2E1B9B
:209D18008F2120F0960154F0370070088F002100A60F74FF86218F3140F154F0370070087E
:209D38008F002100A60F74FF3C0154FF6F0FFF7F91000000D900000091000010D9110000B2
:209D580091000080D988000091000090D9990000912000F6D9FFC00B91200026D922C00DFD
:209D780040F4802080FFA2F0DA404BF0114282003C1E804FB70F1CF08F4F1F10804FBBF03A
:209D9800FF2F0662262F06AFA6F1F606CD81E30F0D00C0043C0274F19AD47E05CDC1E30F53
:209DB8000D00C004404F4944001AC2103F40E3FFDA0074FF911000F8D9FF7248DC0F00905E
:209DD800913000FFD9FF184654FF370F6EF18FFF83113C01912000A5D9AA408B0D008004E9
:209DF8003B0098F0CD4FE00F0D00C0044D00E0FFB70F14F0CD0FE00F0D00C00482127627E9
:209E1800DA009601CD4F20090D00C0044DC0E1FF8F7F00313C0153C32000600F9130003F95
:209E380030F3D93F004654F037006E018FF083413C0153C32000600F9130003F30F3D93F3F
:209E5800004654FF2E1B8F2420F0960154F0370070088F002100A6F074F08F2420F09602B6
:209E780054F0370070088F002100A60F74FF3C0154FF1601DF1FFE7FDA00762382003C02AA
:209E98008210370F81F0CDCF20090D00C00453C320F060FF9130003F30F3D93F004654FF72
:209EB8002E1B8F2420F0960154F0370070088F002100A60F74FF86248F3440F154F0370003
:209ED80070088F002100A60F74FF3C0154FF6F0FFF7F0D00C00482124DC0E1FF8F7F0031FD
:209EF8003C0153C32000600F9130003F30F3D93F004654F037006E018FF083413C0153C367
:209F18002000600F9130003F30F3D93F004654FF2E1B8F2420F0960154F0370070088F00A1
:209F38002100A6F074F08F2420F0960254F0370070088F002100A60F74FF3C0154FF160121
:209F5800DF1FFE7FDA00762382003C028210370F81F0CD0F04090D00C00453C320F060FFB3
:209F78009130003F30F3D93F004654FF2E1B8F2420F0960154F0370070088F002100A60FFA
:209F980074FF86248F3440F154F0370070088F002100A60F74FF3C0154FF6F0FFF7F0D0034
:209FB800C004913000FFD9FF184654FF2E1B8F2120F0960154F0370070088F002100A60F84
:209FD80074FF8F2120F0960254F0370070088F002100A60F74FF3C0154FF1601DF1FFE7FB1
:209FF80091F001F8D9FF000680FFCD4FE20F0D00C00491F001F8D9FF000480FFCD0FE20FF2
:20A018000D00C004912000F5D9FF80CB80FFCD8FE20F0D00C004913000FFD9FF184654FFA8
:20A038002E1B8F2120F0960154F0370070088F002100A60F74FF86218F3140F154F037008A
:20A0580070088F002100A60F74FF3C0154FF6F0FFF7F91000000D900000091000010D91117
:20A07800000091000080D988000091000090D9990000912000F5D9FFC00B91200025D922A9
:20A09800C00D40F4802080FFA2F0DA404BF0114282003C1E804FB70F1CF08F4F1F10804FF5
:20A0B800BBF0FF2F0662262F06AFA6F1F606CD81E30F0D00C0043C0274F19AD47E05CDC177
:20A0D800E30F0D00C004404F4944001AC2103F40E3FFDA0074FF911000F8D9FF4A68DC0FE1
:20A0F8000090200840BF3C0180F2370368F4B75F08F037F30834370468F037F308304DC0D6
:20A11800E1FF16073C013703680837F003F037F308383C0189A2400909A0400900A00D006F
:20A13800400200800090200840BF3C0180F2370368F4B74F08F037F30834370468F037F328
:20A1580008304DC0E1FF16073C013703680837F003F037F308383C0189A2400909A0400997
:20A1780000A00D00400200800090200840BF3C0180F2370368F4B73F08F037F308343704CD
:20A1980068F037F308304DC0E1FF16073C013703680837F003F037F308383C0189A24009C7
:20A1B80009A0400900A000800090200840BF3C0180F2370368F4B72F08F037F308343704FA
:20A1D80068F037F308304DC0E1FF16073C013703680837F003F037F308383C0189A2400987
:20A1F80009A0400900A00D00400200800090200840BF3C0180F2370368F4B71F08F037F3F2
:20A218000834370468F037F308304DC0E1FF16073C013703680837F003F037F308383C0143
:20A2380089A2400909A0400900A00D00400200800090200840BF3C0180F2370368F4B70F6F
:20A2580008F037F30834370468F037F308304DC0E1FF16073C013703680837F003F037F35E
:20A2780008383C0189A2400909A0400900A00D00400200800090200840BF3C0180F23703D4
:20A2980068F4B77F08F037F30834370468F037F308304DC0E1FF16073C013703680837F0A9
:20A2B80003F037F308383C0189A2400909A040090D00400200800090200840BF3C0180F251
:20A2D800370368F4B76F08F037F30834370468F037F308304DC0E1FF16073C013703680866
:20A2F80037F003F037F308383C0189A240090CA48FFF0F416D004F4B0D004002008000901D
:20A31800200840BF3C0180F2370368F4B76F08F037F30834370468F037F308304DC0E1FF53
:20A3380016073C013703680837F003F037F308383C0189A2400909A040090D00400200800B
:20A358000090DA000950DA08370F0EF009505C08370F03F809505D08370F81F909505E08C1
:20A37800370F01FA09505F08370F83FA09506108370F01FE09506008370F03FC6C458201C0
:20A3980009506408370103100950650837018111095066083701041409506B083701011ACF
:20A3B80009506708370103120950680837018113095069083701041609506C083701811A1F
:20A3D80009506A083701041809506D083701011B09506E083701011C09506F083701811C5B
:20A3F800095F70086E0382203C028200095F71086E03DA013C02DA00A6F03701021D095FF8
:20A41800720837F1041E095F730837F1811B89411009095F06096C42095F0A096C43095F1F
:20A4380016096C41095F1209744F095F6A086E0A095F6A081E17095F6A081E24095F0E09F6
:20A458006C460090F4450090404F405CD4C2D42DF4FD09CF04082CF409CF0408530F22F0CA
:20A4780010D2D9220002E822C82440C56DFF6BFF820009CF63086E05DA0137F001083C0491
:20A49800DA0137F0810809FF0408534F20F010D25920C08109CFF4086E22D4F209FF040879
:20A4B800BC21534F20F060FF9140003F30F3D93F40483C0109C0760809CFF40814F1370F20
:20A4D80068F037F108F034FF081F370F82F12CF1083F96022CF3081F96042CF100902038F8
:20A4F800911000F8D9FF643749FF000A49A2000AA0D644FF642FFC6E49AF000A4942000AA4
:20A51800A0D644FF642FFC6EF4450090404F6D00B716022F02F46D00061591A0003030F3A8
:20A53800D933C04F5430B700010091A0003030F3D933C04F743002F46D00C21600906D0031
:20A55800DC11913000FF39FF3506370F64F24B0F41F14BF251203C013C0100903704680040
:20A57800DA084BF00102DA0203F10AF6370F68F0DF15068082220FF210203C0482120FF211
:20A5980010203C010090404F024F0268820602F46DFFE6FF02201607061F82310FF1001066
:20A5B80040F2B0420213020249224008768749FF080A0213020249F240080090404F024F30
:20A5D8000268820602F46DFFCBFF02201607061F82310FF1001049F2100A02130202492245
:20A5F8004008768749FF140A0213020249F240080090404F024F3B00016002F46DFFB0FFDF
:20A6180002201607061F8B0F0110DA030F1F00F002F3020249F240080090DA01744F0090DE
:20A63800BC41DA024BF50102534020F053042100600F9140003F30F3D93FC06910F23C01A9
:20A658000090804F53042800420F60FF3C01481F375F03F66CF10090804F53042800420F95
:20A6780060FF3C0168550090804F53042800420F60FF3C0168350090804F53042800420FD2
:20A6980060FF3C0168450090804F53042800420F60FF3C0168250090804F53042800420FD2
:20A6B80060FF3C01481F375F02F06CF10090804F53042800420F60FF3C014890DA006CF9B8
:20A6D80048BF375F02F06CFB68907663DA013C02DA0037F001F0767382103C028200370F0F
:20A6F80081F06CF90090804F53042800420F60FF3C01DF15048082103C028200481F370F2A
:20A7180081F56CF10090404C405F8218D4F2F4C2084F2CC4084F3B008000E20FD4F210223B
:20A73800911000303023D93D000D89CD880909FF05082CC549DE001A89CE8C0909FF52083E
:20A758005E1709F40508821540E46DFF54FF09F4050809F5500840D46DFFC7FF09F4050838
:20A77800086540D46DFF9AFF487F6E08C87409F4600809F561086D00BE0109FF54081E1533
:20A7980009FF5508DF1F278009F4050809F5560809F6540809F7550840D46DFF8AFFD4F4A8
:20A7B800084409F505086DFF3DFF09F0570809FFD8081421370F68F037F108F0342F0C21BF
:20A7D800370F82F12C210C2396022C230C2196042C2109FF52085E1E09F40508482540D4C8
:20A7F8006DFF54FF09F40508483540D46DFF3EFF3C0D09F40508482540D46DFF3FFF09F4C3
:20A818000508483540D46DFF29FF09F405088215820640E46DFFB9FE09F405088215820655
:20A8380040E46DFFCDFE09FF53085E1509C48C096DFFF5FE02823C010090F445DA002C443A
:20A85800DA002C45DA146C42DA0A6C43DA01894F1008DA022C46DA00894F1108DA00894FD0
:20A878001208DA01894F1308DA00894F1408DA00894F1508DA02894F1608DA00894F170898
:20A89800DA00AC4CA00FEC47DA80894F2008DA00894F21080090594400C00090404F024F5A
:20A8B800025840F402F46D007100F623DF0853008200BE0182103E0F82203E0D82303E0BC3
:20A8D80082403E0982503E078260BE0582705F0F29003C3D40F46D004100534F20F010FFF6
:20A8F80019FF0CC0370F78F0C21F4B0F41F14BF251203C2F19FF24C0EF8F0F8040F46D007E
:20A918002D0019FF24C0370F78F0C21F4B0F41F14BF251203C05821440F46D00E7003C1979
:20A9380019FF28C0EF8F0F8040F46D00170019FF28C0370F78F0C21F4B0F41F14BF2512071
:20A958003C05820440F46D00D1003C0382023C013C0282023C010090194F08C0370F78F039
:20A978004B0F41F1194004C0370078004B0041014B0F51F06D0006004BF241203C01009061
:20A998006DFFDFFD3C010090194F00C053242000570F62F08B3F00223C010090404F0B546C
:20A9B800108840F46DFFDAFF4B8251007B00F8136B0131004B0071814B0861116B0131008E
:20A9D8007B00F0134B1001F0370F61F16E02C2186D005614022A02A46D00A512DA00BE90BE
:20A9F800DA013E9EDA023E9CDA033E9ADA043E98DA053E96DA06BE91DA07BE963C1C53495E
:20AA180020F010F2534920F010FF19FF0CC0378F18F0592F0CC03C1019FF24C0378F18F035
:20AA380059FF24C03C0919FF28C0378F18F059FF28C03C023C0102A46D0042140090404F6C
:20AA58000248028940F46DFF9DFF0223821A821B82153C2982044B0561014B035120025624
:20AA78003C1D4B0661014B0241006B003108B700810F4B900110370161F06E0402090B65D7
:20AA980010A8BBD0CC0C9BC0DC034B0901F0370F61F06E0382143C04C2F6FF16E4FF7642BE
:20AAB8003C08C215BBF0FFFF9BFF0FF03FF5D4FF6D00E613022802846D00351219FF04C074
:20AAD80037BF18F059FF04C019FF04C037BF18F059FF04C019FF08C037AF18F059FF08C060
:20AAF80002846D00ED130090BC41764182023C010090404F0258481F8FCF1F00481F160F5D
:20AB1800532F2010082F0F1F00F082320F12002053402000600291A0013F3023D932F04FFE
:20AB3800542082F1C621261026F2A6207420C82408CF09F55008A64502F46D007400C824C0
:20AB580008C402856D00A10000900C41534F2000144F534F20F060FF91A0013F30F3D93FBD
:20AB7800D04FDA0F0F0F00100C4C0F0F00F054F082F2C612262026F1A61074F0DFF40A003D
:20AB9800CC410C483704685040F402F46D004B000090404F40546D001B00DA003E28DA0111
:20ABB8003E28DA023E28DA033E283C0982043C0982143C0782643C0582743C0382043C018A
:20ABD800821540F46DFF6CFE3C0100904C49370FE2283C0100904C4C764382103C0282009A
:20ABF800370F01F0765382103C028200370F01F1766382103C028200370F81F07673821056
:20AC18003C028200370F81F16C4C009009403009DA006C4C4C4E374F02F06C4E894030097A
:20AC38000090404F0B4510A849FC100A82404B0A01828F3A00F1538F20C09140002FD92265
:20AC5800000E7D2F15806D001B13022F02F46D006A1109F0201982110FA1101082F2C621F3
:20AC7800261089F0201902F46D002A13534820F010CFDAFF0FCF00F00FCB10B002F302B2C0
:20AC980049F240080090404F0B4510886D00F812022A02A46D00471149FF001ADA084BF87D
:20ACB80001028F7800F1534F2040534020F010FFDA0F0F4F00F00F49109002F3029249F2DA
:20ACD800400802A46D00FC1200902020404CDA084BF401826D00370D534920F010A2534948
:20ACF80020F010CF488F742F09CF500816FFC21F4B0F41F14BF25100534920F010AF14FF15
:20AD1800163FC21F4B0F41F14BF05100534920F010AF14FF370F62F39211534920F010AFA6
:20AD3800081F160342F1534920F010AF081F370F62F142F14B0141F14BF051203C01009033
:20AD580020080248405F37057FF08B0F20F26E01820949A6000A028440F56D003900DA0045
:20AD780037F9019014AF37F983900CA137F903920CA237F983930CA337F903950CA437F937
:20AD980083960CA537F9039809FF5508EE03DA003C02DA0137F98199DA0037F9019A09FFC6
:20ADB8005108EE03DA003C02DA0137F9819ADA0037F9019B09FF5208C2FF370F70F037F954
:20ADD800859B3789049E02923C010090405C406D82088209DA084BF40122094F500816FF11
:20ADF8009210534320F0104F09FF6008163FC21FE2F0534320F0104F09FF6008370F62F30C
:20AE18009211534320F0104F09FF6108160342F1534320F0104F09FF6108370F62F142F173
:20AE380073100AA0820B3C4E534B20F010CF54FFE2AF4B0F61F17B0000044B0F51C0820D20
:20AE5800820E3C328210532E20F00FF010004B0041F14BFC51F07B00F0036B00214F6D00EF
:20AE7800131BFF922180532E20F00FF210F04B0F41F14BCF01F016068B0F20F26E09C2F23E
:20AE98008B0240F3370F689002E8821D3C0FFF820B809A12C2FF8B0F40F3370F689002E85A
:20AEB800821D3C04C21EBF8ECFFFF6D382798278532B20F010DF2819532B20F010DF34F87B
:20AED800C21BBF3BB3FF0090404F405C7641820854FF6E016D00370C3C0109FF500816FFB1
:20AEF800C21F4B0F41F14BF251F03C017B00F8034BF0513054C03B800040821502463700BB
:20AF18007F10BA016E037B00F8037B00F8134B0151703B0040929B499794024A3C4D4B0A0F
:20AF380041014B0341004B0751107B00F0236B0221114B0131B1DA407FBF05003B0004B0CE
:20AF58003C0973AB0A10FF410400822B3C034EB2821B4B0B41114B1041006B073110820214
:20AF78004B2101F0AE046B0731003C056B0731F067FFBF0F4B9001F06F2F1E804B9001F02B
:20AF9800AE264B9001F0AE036F060580020902A602B56F061180DA004BF001F0AE27DA0029
:20AFB8004BF001F0370F61F06E03DA003C02DA016E023C04C2FAFF2AB47F3F5409006F0679
:20AFD80007006F050580025F026502F6DA024BF601229AD2370F4800C2F5370568F037F8E5
:20AFF8000680DA024BF601421A52C2FF370F68F037F802838E03020F3C02DA0037F8028564
:20B018008E0382323C01370268F037F8028409CF5408EE03DA013C02DA0037F8018609CFAA
:20B038005308EE03DA003C02DA0137F8818609CF580837F8018702823C0100900248BC41FC
:20B058006D00810BDA004BF801F0AE217B0008F44BF841F04BF251004B0031F14B0F41F190
:20B078006B0F31F07B00F0134B1F01F0AE244B0031F13C044B0031F1C21F8B1F40135341E6
:20B0980020F04B0F61F14BF251F06B0F31F882004B0F01F0AE0A534120F04B0F61F14BF2A9
:20B0B80051F06B0F31583C0B534120F04B0F61F14BF251F06B0F31F867FFBF5F82463C2DC7
:20B0D8004B0661F14BF841F04BF251F07B00F0036B0021FF4B0F7101F6023C2373600AF0DA
:20B0F8004B0F61F14BF251306B0331F882044B4F01F0AE046B0331383C056B0331F867FF5F
:20B11800BF3F4B5301F0AE230235020137057FF0BA0F6E023C06C2163B801FF07F6FD2FFF8
:20B13800C2F18B0140233C01009082F282003C17538020F0911000F8D9FF60F710FFD4FFB2
:20B158007D4F0D80538020F0911000F8D9FF60F710FF481F370F48203C04C210BF40EAFFB5
:20B178003C010090494F102A3C0554FFB45FB025C2F4FF14FC7F0090494F102A3C0554FF62
:20B19800745FB045C2F4FF14FC7F0090494F102A3C0554FF345FB015C2F4FF14FC7F009069
:20B1B800DA084BF40102534120F0104F49FF241A3C06095FC00874FFB025C2F5FF15FB7FCB
:20B1D8000090DA084BF40102534120F0104F49FF241A3C05545F74FFB045C2F5FF15FC7F78
:20B1F8000090DA084BF40102534120F0104F49FF241A3C05145F74FFB015C2F5FF15FC7FC8
:20B218000090094F5908EE047B1000003C028210CC420C4C0FF0100068100090094F59084A
:20B23800EE0382103C037B100000CC420C4C0FF0100068100090404E405C406D0248D4E453
:20B258006D0025040229DF093780D4EFF4FE821089E0300889ECBC0989E88018821089E050
:20B278001B0889ED841989E8881809EF4C186E0440E46DFFC8FF09EF5D081E1409EF5D085E
:20B298005E3540E46D00E3073C1609EF5D08DE40C812C81F09FFD818C2F837087000370F53
:20B2B80010F0892F981840E46D00D1073C0440E46D004E0402923C010090D4423C0100903E
:20B2D8008202D44F094F7008EE0348AF6E0282123C0100902008404C405D09D2B809F4C283
:20B2F80009D2BC09F4A2DA0089CF300809DF740889CF1C0809DF750889CF1D084CD96CC47F
:20B318004CDA6CC509DF52080920510837F001038920110849DE2C0A5E1754EFEE05DA002B
:20B3380089CF18083C0E54EF6E08CCDB481F370F68F089CF18083C0509DF600889CF18084D
:20B3580009C05808DA084BF00182534920F0D4A4104F029440D56DFFB9FD022F6CF809C45A
:20B37800580840D5B04554D5D4A46DFFEBFC022F6CC1821009CF58080FF000008F00011090
:20B3980009DF5708EE03DA003C02DA0109C458080F4F10F0D4A4494F081A8F000140A640F7
:20B3B800A6F10203021249F240080CC7370F64F28F7F00416DFF8BFC4B0271F189CF36094B
:20B3D80054EFEE05DA0089CF0C183C39D4EF09F2C80989C2C80909DF570889CF190809DF01
:20B3F8005108EE18DA0189CF0C1840C46DFF18FFD4EF09D5700809DA7108DA80C82408C471
:20B41800A6F56DFF10FCC82408C402A56DFF3DFC3C16DA0089CF0C18D4EF09D5700809DA59
:20B438007108D4E2092F5008C82408C4A6F56DFFFAFBC82408C402A56DFF27FC09DF56084D
:20B4580089CF1A0809DF801909FF5A086E13911000FF09D2801909201908534920F0D4A26E
:20B4780010224922241A530022F010FF802F59FF0C02D4CFF4FC82023C010090DA00744FCF
:20B49800DA01894F1008DA01894F1108DA00894F1208DA00894F1308DA00894F1408DA01BB
:20B4B800894F1508DA08894F1608DA00894F1708DA006C42DA006C43DA006C41DA00894F8C
:20B4D8001808DA00894F1908DA00894F1C08DA00894F1D08DA00894F1E08DA00894F1F0803
:20B4F800A00FEC4BDA80894F3008DA00894F3108A00FEC4BDA00894F3008DA00894F34083B
:20B51800DA02894F350882FF6C49DA006C4ACC51EC4F495F080A894F80198945B8090090BA
:20B53800404D405CBBF0FFFF89DF141909CF56086E44823840D46DFFFAFD538221F060FF2E
:20B558009140003F30F3D93F10683C0109CF1508370F70F014F0370F68F037F008F034FF44
:20B57800081F378F82F12CF1083F96022CF3081F96042CF140D46DFFDAFD538221F060FFBE
:20B598009140003F30F3D93F1068B04F3C0109CF1408370F70F014F0370F68F037F008F039
:20B5B80034FF081F378F82F12CF1083F96022CF3081F96042CF13C6D09CFDC086E2140D4DF
:20B5D8006DFFB5FD538221F060FF9140003F30F3D93F10683C0109C06C0809CFDC0814F1F2
:20B5F800370F68F037F108F034FF081F370F82F12CF1083F96022CF3081F96042CF109CF91
:20B61800DA086E2240D46DFF92FD538221F060FF9140003F30F3D93F1068B04F3C0109C084
:20B638006C0809CFDA0814F1370F68F037F108F034FF081F370F82F12CF1083F96022CF3D3
:20B65800081F96042CF109CFDE086E2340D46DFF6EFD538221F060FF9140003F30F3D93F2A
:20B67800106849FF080A3C0109C06C0809CFDE0814F1370F68F037F108F034FF081F370F45
:20B6980082F12CF1083F96022CF3081F96042CF100902040404D405FC81E911000CF6D0047
:20B6B800EF0D022802846D003E0C14EFB70F01F034EF088F6E03DA003C02DA0114E037F01C
:20B6D80081F134EF02846D00FB0D820848A440E46DFFB6FC370268F037F80880DA0F37F8AA
:20B6F8000485DA0037F8828C089F6E03DA013C02DA0037F8818DDA0737F8048E89E810091E
:20B7180048AF6CD9820009FFDE086E043BF01FF03C02DA0037F00900820109FFDC08EE0410
:20B7380009FF56086E02821137108104820109FFDA08EE0409FF56086E02821137100105A7
:20B7580008BF37F0020808CF37F0020909FF580837F0020D09FF590837F0020E89E014090C
:20B77800C8446D00D10089DE840909FF5608DF0F8B00DA0189DF220849A4000A40C56DFFBF
:20B7980063F649A4040A49A5000A6DFFAAF609FF150889DF210809DF21082CA8DA0089AF8C
:20B7B8002708DA0189AF3408DA0089AF0A09DA0089AF2A08DA0089AF2F08DA00ACAFDA0032
:20B7D80089AF230849E2241A802F89AF0E09DA0089AF2D08DA0189AF3008DA0089AF2108BA
:20B7F800DA0089AF2208DA0089AF200809FF6C0889AF3A0809FFDC0889AFB80849D4140AA6
:20B8180049A5040A6DFF22F609FF140889DF200809DF20082CA8DA0089AF2708DA0189AFA4
:20B83800340849E2102A802F89AF0A09DA0089AF2A08DA0189AF2F08DA0089AF0E09DA00C4
:20B8580089AF2D08DA0089AF3008DA00ACAFDA0089AF2108DA0089AF2208DA0089AF230830
:20B87800DA0089AF200809FF6C0889AF3A0809FFDA0889AFB80849D4080A49A5040A6DFF07
:20B89800E5F53C04DA0089DF220840E440F56DFF49FE09EF5308960189EF13080090DA0017
:20B8B800344FDA00AC4DDA00AC4EDA00AC4FDA00894F2C08DA00894FA008A00FEC4989457F
:20B8D8008409DA002C48DA002C49DA002C4ADA002C4BDA002C4CDA00894F1808DA00894FAF
:20B8F8001908A00FEC4482FF894F140882FF894F1508DA00894F1608BB00C2FB9BEFC3F4BC
:20B918006C4A0090404CBD0C3B00D4CFBCFF0CC409C85508C814088408C5A6F56DFF83F925
:20B93800C814088402856DFFB0F9CCC2BCFF0CCC09C85508C814088408C5A6F56DFF73F9F4
:20B95800C814088402856DFFA0F9CCC4BD0F180009CF140809C85508C8140884370F6850DF
:20B978006DFF61F9C814088402856DFF8EF9D4F2D4F40C4408C0370F03F02C240090404FB9
:20B99800C812092FC0188FFF1FF13C01BBF0FF0F8920141940F46DFF92FC402C911000DF21
:20B9B8002E04821089C020082E14821089C021082E24821089C022082E74821089C02708F1
:20B9D8002E34821089C023082E44821089C024082E54821089C025082E64821089C0260849
:20B9F8006E0D09CF4C186E0440C46DFF0CFCDA0089CF300840F46D00A80009FF62086E31CA
:20BA180009F02008530022F010D2392F1E02370F61F18B0F20F25E1C530022F010D25300C6
:20BA380022F010D4394F1F029604E92F1F023C0109F02108530022F010DF39FF1E02370F2B
:20BA580061F18B0F20F25E1C530022F010DF530022F010D2392F1F029604E9FF1F023C0152
:20BA78000090404CD4C46D001B00D4C2D4CF48BFC21F6C2B0090404CD4C46D006900D4C29A
:20BA9800D4CF48AFC21F6C2A0090DA01494F2808EE0382023C0282123C010090404CD4CF07
:20BAB800C81449CD041A094F4218370FE3F13C0109C088180BF080F1370F508054DFEE0A3F
:20BAD80082003C05094110293C01C2103F80FC7F3C2609C05A08FF900B80D4D502846DFF7D
:20BAF80057FBD4DF01F800F6F4DF3C1909C05A08DA103F0F0C80D4D502846DFF35FB5328DD
:20BB180020F0D4DF10FFF4DF3C0AD4D502846DFF35FB534820F0D4DF10FFF4DF09CF88189F
:20BB3800A28F89CF881809CF8818EE0D09CF4C186E0440C46DFF74FBDA0089CF3008D4C4C2
:20BB58006D0003000090DA006C4A00902008404C49CD3C0AD4CF09FF6208DF0F880291106F
:20BB780000EFC814F4A46DFFE2FA538221F03C0109F8210809F920084DC0E2FF370FE1F77F
:20BB98008B0F20A23C010D00400300003C0109C08018BF20E60009C08018C2F0530822F0C1
:20BBB80010EF530822F010E2B92F140237007000370F0EF0F9FF140209CF5A08FF9F1080B0
:20BBD8008200530822F010EF530822F010E2392F1602370F83F2E9FF16023C2109C05A083D
:20BBF800DA103F0F10808210530822F010EF530822F010E2392F1602370F83F2E9FF1602CD
:20BC18003C0E8220530822F010EF530822F010E2392F1602370F83F2E9FF160254DFEE40B9
:20BC380049CF100A80FFB70F1C007B0000FDFE014DC0E1FF16073C0149CF100A80F0B70042
:20BC58000C0AB770030E7B000011E21FA2F03C0449CF100A80F0530822F010EF59F00802BE
:20BC7800820082118222530822F010EF19F31002370303303713813137230434530822F001
:20BC980010EF59F31002530822F010EF530822F010E2392F12029610E9FF12023C3A54DF9D
:20BCB800B70F1C007B0000FD7E0F4DC0E1FF16073C0154D0B7000C0AB770030E7B00001189
:20BCD800E21FA2F03C0254D0530822F010EF59F00802820082118202530822F010EF19F387
:20BCF8001002370303303713813137230434530822F010EF59F31002530822F010EF53088E
:20BD180022F010E2392F1202B70F01F2E9FF1202D4AF49FF241A530822F010E280FF592F67
:20BD38000C02820082118202530822F010EF19F3100237030332371381333723043653085E
:20BD580022F010EF59F31002530822F010EF530822F010E2392F1F029604E9FF1F0209C09C
:20BD78008018530922F010EF530922F010E2B92F140237007000370F0EF0F9FF140209CF77
:20BD98005A08FF9F10808200530922F010EF530922F010E2392F1602370F83F2E9FF160271
:20BDB8003C2109C05A08DA103F0F10808210530922F010EF530922F010E2392F1602370FF6
:20BDD80083F2E9FF16023C0E8220530922F010EF530922F010E2392F1602370F83F2E9FFFA
:20BDF800160209CF0419EE4049CF140A80FFB70F1C007B0000FDFE014DC0E1FF16073C019B
:20BE180049CF140A80F0B7000C0AB770030E7B000011E21FA2F03C0449CF140A80F05309FE
:20BE380022F010EF59F00C02820082118222530922F010EF19F310023703033237138133D1
:20BE580037230436530922F010EF59F31002530922F010EF530922F010E2392F120296206C
:20BE7800E9FF12023C3D09CF0419B70F1C007B0000FDFE004DC0E1FF16073C0109C00419BB
:20BE9800B7000C0AB770030E7B000011E21FA2F03C0309C00419530922F010EF59F00C027D
:20BEB800820082118202530922F010EF19F31002370303323713813337230436530922F0D7
:20BED80010EF59F31002530922F010EF530922F010E2392F1202B70F81F2E9FF1202530913
:20BEF80022F010EF530922F010E2392F1F029604E9FF1F02BBF0FFFFD4A4894F14196DFFFB
:20BF180016F9538221F060FF9140003F30F3D93F10683C01083F96022CF3D4A46DFF07F9D3
:20BF3800538221F060FF9140003F30F3D93F1068B04F3C01083F96022CF3D4A46DFFF7F8D4
:20BF5800538221F060FF9140003F30F3D93F106849FF080A3C01083F96022CF3530922F0BE
:20BF780010EF530922F010E2392F1F029604E9FF1F02534920F010EF534920F010E2392F6D
:20BF9800C2819601E9FFC28109CF8018BF2F2B00530822F010EF530822F010E2392F1F02A7
:20BFB8009604E9FF1F02534820F010EF534820F010E2392FC2819601E9FFC28109CF5C08D6
:20BFD800EE094CC18200370F01F0D4AF89FF20193C084CC18210370F01F0D4AF89FF2019EA
:20BFF8003C4054DFEE0C4CC18210370F01F0D4AF89FF20194CC489FF24193C334CC1821083
:20C01800370F01F0D4AF89FF201909CF5A08FF9F0C80D4DF09CF801810FF09FF7FF8D4AFF5
:20C0380089FF24193C1E09C05A08DA103F0F0F8009CF8018C2FF532F20F0D4DF10FF09FF4A
:20C05800C008D4AF89FF24193C0C09CF8018C2FF534F20F0D4DF10FF54FFD4AF89FF241930
:20C0780076A30D0000031D00F10009CF8018BF1FED00C81E0CC7370F644209EF4218160722
:20C098003C018B4F000109CF5B085E12C2F009CF80187E02C2F009CF80180B0F80F1370F30
:20C0B8005080BF18D30009C08018A28089C0801809CF8018EE0382113C02820109CF5B089A
:20C0D800DE12BF28110009CF80186E0D4DC0E20F3700E1078B0020923C010D00400300008E
:20C0F8003C013C084DC0E20F3700E1078B0020923C0109CF5B08DE14820089C01B0809CF1D
:20C118005C08EE084CC18200370F01F089EF20193C074CC18210370F01F089EF201954DF39
:20C13800EE1E09C01009DF01130082013C0489E02419C2119AF83FF1FC7F4CC18211371F97
:20C1580001F089EF201989E024193C08DA003C0489E02419C21F3F8FFD7F3C7409CF5A0866
:20C17800FF9F2480DF011800BF280800D4D59AF840E402F56DFF37F84CC18210370F01F0B7
:20C1980089EF2019D4DF01F800F609FF7FF889EF24193C06D4D540E402856DFF24F8D4DF2F
:20C1B80001F800F6F4DF3C4E09C05A08DA103F0F2780DF011A00BF280800D4D59AF840E4C9
:20C1D80002F56DFFEFF74CC18210370F01F089EF2019C2F8532820F0D4DF10FF09FFC008A0
:20C1F80089EF24193C0BD4D540E402856DFFDAF7532820F0D4DF10FFF4DF3C24DF01190021
:20C21800BF280800D4D59AF840E402F56DFFDBF74CC18210370F01F089EF2019C2F85348A7
:20C2380020F0D4DF10FF54FF89EF24193C0BD4D540E402856DFFC7F7534820F0D4DF10FFDA
:20C25800F4DF76930D00000300902008404F49FD3C0AD4FC09FF801882404B0F0102F61969
:20C2780009FF801882404B0F0102370068F03C0909FF801882404B0F0102370068F0C21FE4
:20C29800370F688009FF5D089E4B09F08018DA104BF00102F61909F08018DA104BF0010281
:20C2B800370068F03C0909F08018DA104BF00102370068F0C21F42F8C2F83708688009CF76
:20C2D8006208DF0F1702911000EF09C48409F4A46DFF2DF7538221F03C0109C9210809CAD2
:20C2F80020084DC0E2FF370FE1F78B0F20B23C010D00400300003C01530922F010E2530900
:20C3180022F010E4B940140237800E00F92014028220530922F010E2530922F010E4394F10
:20C338001602370F83F2E92F160254DFB70F1C007B0000FD7E0F4DC0E1FF16073C0154D05D
:20C35800B7000C0AB770030E7B000011E21FA2F03C0254D0530922F010E2592008028200DA
:20C3780082118202530922F010E219231002370303303713813137230434530922F010E285
:20C3980059231002530922F010E2530922F010E4394F1202B70F01F2E92F120209FF5D0847
:20C3B8009E4DD4A249221C1A530922F010E4802F594F0C02820082118202530922F010E2A3
:20C3D80019231002370303323713813337230436530922F010E259231002530922F010E2A8
:20C3F800530922F010E4394F1F029604E92F1F0209FF801882404B0F0102F61909FF8018D9
:20C4180082404B0F0102370068003C0909FF801882404B0F010237006800C210530A22F062
:20C4380010E2530A22F010E4B94F140237007000370F0EF0F92F14028220530A22F010E245
:20C45800530A22F010E4394F1602370F83F2E92F160209FF0419EE4049F2140A802FB70FB5
:20C478001C007B0000FDFE014DC0E1FF16073C0149F2140A8020B7000C0AB770030E7B0051
:20C498000011E21FA2F03C0449F2140A8020530A22F010E259200C02820082118222530AA9
:20C4B80022F010E219231002370303323713813337230436530A22F010E259231002530AC5
:20C4D80022F010E2530A22F010E4394F12029620E92F12023C3D09FF0419B70F1C007B0064
:20C4F80000FDFE004DC0E1FF16073C0109F00419B7000C0AB770030E7B000011E21FA2F0A8
:20C518003C0309F00419530A22F010E259200C02820082118202530A22F010E2192310027E
:20C53800370303323713813337230436530A22F010E259231002530A22F010E2530A22F023
:20C5580010E4394F1202B70F81F2E92F1202530A22F010E2530A22F010E4394F1F029604C7
:20C57800E92F1F02BBF0FFFFD4A4894F14196DFFDEF5538221F060F29140003F3023D9325F
:20C5980010683C010C2396022C23D4A46DFFCFF5538221F060F29140003F3023D9321068F2
:20C5B800B0423C010C2396022C23D4A46DFFBFF5538221F060F29140003F3023D932106868
:20C5D8004922080A3C010C2396022C23530A22F010E2530A22F010E4394F1F029604E92F54
:20C5F8001F02534A20F010E2534A20F010E4394FC2819601E92FC28109FF5D08DF3F2980D1
:20C6180009F08018DA103FF0090009F0C608DA0F37F085F3ACF33C0B09F0C60809FF8018B3
:20C63800C2FF370F70F037F085F3ACF309F08018DA103FF00700084FB70F01F02CF43C041E
:20C65800084F96012CF4086F96402CF63C2C09FF5D08DE1E09F08018DA103FF0090009F0C8
:20C67800C608DA0F37F085F3ACF33C0B09F0C60809FF8018C2FF370F70F037F085F3ACF35A
:20C69800084F96012CF4086F96402CF63C0C084F96012CF4086F96402CF609FFC608B70FA4
:20C6B80085F3ACF3530922F010E2530922F010E4394F1F029604E92F1F02534920F010E26F
:20C6D800534920F010E4394FC2819601E92FC28109FF5D081E46481FD4AF89FF1C193C052C
:20C6F800481FD4AF89FF201976B30D0000033C010090913000FFD9FF300654F8370864F0C4
:20C71800EE0382023C096D001E00370864F04B0F41F14BF251203C010090913000FFD9FF8A
:20C73800300654F8370864F2EE0382023C096D000A00370864F24B0F41F14BF251203C018D
:20C7580000906D00DA00913000FF39FF3106370F6402DA003E0CDA01BE0BDA02BE0EDA03C2
:20C778005F0F2100DA045F0F23003C26913000FF39FF0C16160FEE023C0A913000FF39FFD4
:20C798000C16160F4B0F41F14BF251203C177B0017F44BF251203C127B001FF44BF25120EF
:20C7B8003C0D7B0027F44BF251203C087B002FF44BF251203C0382023C013C0100909100E6
:20C7D80000F6D9FF040454FF4B0F61213C010090913000FF39FF3706370F62F2EE06BB00F1
:20C7F800C22B9BE2CB243C11913000FF39FF3706370F62F25E19910000F6D9FF040454FF7B
:20C818004B0F61213C0282023C010090913000FFD9FF00066DFFDEFF09FF640816015E1AAB
:20C8380009FF6E08167FC21F4B0F41F14BF251203C2409FF6408370FE1F15E1EBB00C20BC2
:20C858009BE0CB0409FF6C08167FC21F4B0F41F14BF051203C1209FF6908370FE5F0C21F89
:20C878004B0F41F14BF2410009FF6C08167FC21F4B0F41F14BF051203C010090913000FFDF
:20C89800D9FF00066DFFA6FF09FF540816015E1A09FF5E08167FC21F4B0F41F14BF2512080
:20C8B8003C2909FF5408370FE1F15E1EBB00C20B9BE0CB0409FF5C08167FC21F4B0F41F1C3
:20C8D8004BF051203C1709FF5908370FE7F0C21F4B0F41F14BF2411009FF5C08167F92101D
:20C8F80009FF5B08160FC21FE2F04B0041F14BF151203C010090913000FF39FF3306370F6F
:20C9180062F282003E0482103E083C0ABB00C22B9BE2CB243C013C066DFFB2FF3C03820256
:20C938003C013C0100906DFFE8FF913000FF39FF3106370F6402DA003E0CDA01BE0CDA0202
:20C95800BE0FDA035F0F2200DA045F0F24003C27913000FF39FF3206160FEE0382023C0AA2
:20C97800913000FF39FF3206160F4B0F41F14BF251203C177B001FF44BF251203C127B00B8
:20C9980027F44BF251203C0D7B002FF44BF251203C087B0037F44BF251203C0382023C0189
:20C9B8003C010090404F820891000026D922040409FF1019742F6D00630402296D00740407
:20C9D800022A02946D00AF029130002F392F3046370FE1B19130002F392F3046960891308C
:20C9F800002FE92F304602946D006A0402A46D00C2023C019130002F392F3306370FE1F332
:20CA1800EEFA9130002F392F3306B70F02F29130002FE92F33069130002F392F3306964023
:20CA38009130002FE92F33069130002F392F180696109130002FE92F18063C019130002F2E
:20CA5800392F3706370FE1F3EEFA9130002F392F3706B71F02F29130002FE92F37069130B2
:20CA7800002F392F370696409130002FE92F37066D00C401A62802A46D004904DF08928155
:20CA980002A46D0078023C019130002F392F1406370FE1F26EFA9130002F39201C0608AF9F
:20CAB80037F007F09130002FE92F1C069130002F39201B06088F37F004F09130002FE92FF2
:20CAD8001B069130002F39201906089F37F087F09130002FE92F19069130002F392F1806D3
:20CAF80096409130002FE92F18069130002F392F1A06B70F01F09130002FE92F1A0691300A
:20CB1800002F392F180696209130002FE92F18069130002F392F1A0696019130002FE92F55
:20CB38001A069130002F392F1A0696049130002FE92F1A06BB70714B9B1485436D00BB01FC
:20CB58003C019130002F392F1406370F61F16EFA9130002F392F1806B70F01F09130002FF1
:20CB7800E92F18063C019130002F392F3306370FE1F3EEFA9130002F392F3306B71F02F23C
:20CB98009130002FE92F33063C019130002F392F3306370FE1F3EEFA48346D008C01913035
:20CBB800002F19203006485F82F1C61F26F0485F4841261FA6F0DA0137F0020EDA0137F08B
:20CBD800010F9130002FD922300674203C019130002F392F3706370FE1F3EEFA9130002FB4
:20CBF80019203406487F82F1C61F26F0487F4861261FA6F0DA0137F0020EDA0137F0010F06
:20CC18009130002FD922340674203C019130002F392F0316370FE1F3EEFA9130002F19206A
:20CC38000016489F82F1C61F26F0489F4881261FA6F0DA0137F0010F9130002FD9220016D3
:20CC580074203C019130002F392F0F16370FE1F3EEFA9130002F19200C1648BF82F1C61FC2
:20CC780026F048BF48A1261FA6F0DA0137F0010F9130002FD9220C1674209130002F1920DF
:20CC9800002648DF82F1C61F26F048DF48C1261FA6F09130002FD922002674209130002F21
:20CCB8001920042648FF82F1C61F26F048FF48E1261FA6F09130002FD9220426742091308F
:20CCD800002F192F082609F0041982F1C610260F09F0041909F100192610A60F9130002FFF
:20CCF800D9220826742F02A46D0011039100802F192F140209F00C1982F1C610260F09F0F6
:20CD18000C1982F1C610260F09F00C1909F108192610A60F02946D0006019100802FD922EF
:20CD38001402742F02946D00CB02820C3C3702A46D0021013C019130002F392F1406370F27
:20CD5800E1F26EFA9130002F39201C0653CC20F0C8121022142F37F007F09130002FE92F71
:20CD78001C0602A46D00D30253CC20F0C81210224C226E0953CC20F0C8121022092288097A
:20CD98002D02000053CC20F0C8121022092402096D009100C21C370C68C014FF3FFCC9FF7C
:20CDB80002A46D00E800913000FF39FF1806B70F01F3913000FFE9FF180602A46D00A7020E
:20CDD80002946D00B000913000FF39FF2C469608913000FFE9FF2C46913000FF39FF3046F8
:20CDF80037BF81F1913000FFE9FF304602946D00670202823C0100903B00288082096D00FD
:20CE18003F02022A913000FF39F01006B7008202913000FFE9F01006913000FF39F01206A3
:20CE3800910000F6D9FF040454F13B005AF29B6F02F04BF111229AF2370F68F037F005F0F6
:20CE5800913000FFE9FF1206913000FF39FF10069604913000FFE9FF10063C05C2F8F68320
:20CE780082193C0D913000FF39FF10066F1FF87F913000FF39FF11066F0FF27F02A46D0092
:20CE98005200913000FF39FF2C469608913000FFE9FF2C46913000FF39FF30469608913039
:20CEB80000FFE9FF304602A46D000A0202923C01009002486DFF21FD913000FF39FF350676
:20CED800160F4B0F41F14BF251F03C014B8F41F04B0F71F185F110003C0185F01000A2100D
:20CEF8003FF0FDFF00904DC0E1FF16073C0153CF20F060FF9130003F30F3D93F004654FFB3
:20CF18002E179601B70F81F0374F0EF174FF96019602375F10F874FF3C0154FF6F0FFF7F22
:20CF380000904DC0E1FF16073C0153CF20F060FF9130003F30F3D93F004654FF2E1B8F24A1
:20CF580020F0960154F0370070088F002100A60F74FF86248F2440F154F0370070088F0037
:20CF78002100A60F74FF3C0154FF1601DF1FFE7F0090913000FF19FF30366F1F12008F240D
:20CF980020F09601913000FF19F03036370070088F002100A60F913000FF59FF3036862467
:20CFB8008F2440F1913000FF19F03036370070088F002100A60F913000FF59FF30363C0177
:20CFD800913000FF19FF30361601DF1FFB7F00904DC0E1FF16073C0153CF20F060FF913043
:20CFF800003F30F3D93F004654FF2E1B8F2420F0960154F0370070088F002100A60F74FF98
:20D018008F2420F0960254F0370070088F002100A60F74FF3C0154FF1601DF1FFE7F084F59
:20D0380096082CF454FF2E1B8F2420F0960154F0370070088F002100A60F74FF86248F34EC
:20D0580040F154F0370070088F002100A60F74FF3C0154FF6F0FFF7F0090913000FF19FFC8
:20D0780030366F1F12008F2420F09601913000FF19F03036370070088F002100A60F913034
:20D0980000FF59FF30368F2420F09602913000FF19F03036370070088F002100A60F91305C
:20D0B80000FF59FF30363C01913000FF19FF30361601DF1FFB7F913000FF39FF3436960891
:20D0D800913000FFE9FF3436913000FF19FF30366F1F12008F2420F09601913000FF19F025
:20D0F8003036370070088F002100A60F913000FF59FF303686248F3440F1913000FF19F0B9
:20D118003036370070088F002100A60F913000FF59FF30363C01913000FF19FF30366F0F06
:20D13800FC7F00904DC0E1FF16073C0153CF20F060FF9130003F30F3D93F004654FF2E1BD7
:20D158008F2420F0960154F0370070088F002100A60F74FF8F2420F0960254F03700700844
:20D178008F002100A60F74FF3C0154FF1601DF1FFE7F084FB70F81F12CF454FF2E1B8F249F
:20D1980020F0960154F0370070088F002100A60F74FF86248F3440F154F0370070088F00E5
:20D1B8002100A60F74FF3C0154FF6F0FFF7F0090913000FF19FF30366F1F12008F2420F051
:20D1D8009601913000FF19F03036370070088F002100A60F913000FF59FF30368F2420F01C
:20D1F8009602913000FF19F03036370070088F002100A60F913000FF59FF30363C019130C0
:20D2180000FF19FF30361601DF1FFB7F913000FF39FF3436B70F81F1913000FFE9FF34363E
:20D23800913000FF19FF30366F1F12008F2420F09601913000FF19F03036370070088F0031
:20D258002100A60F913000FF59FF303686248F3440F1913000FF19F03036370070088F0057
:20D278002100A60F913000FF59FF30363C01913000FF19FF30366F0FFC7F00904DC0E1FF51
:20D2980016073C0153CF20F060FF9130003F30F3D93F004654FF370F6EF18FFF83213C01A3
:20D2B8003C010090913000FFD9FF303654FF370F6EF18FFF83213C013C0100904DC0E1FF6A
:20D2D80016073C0153CF20F060FF9130003F30F3D93F004654FF2E1B8F2420F0960154F090
:20D2F800370070088F002100A60F74FF86248F3440F154F0370070088F002100A60F74FF26
:20D318003C0154FF6F0FFF7F0090913000FF19FF30366F1F12008F2420F09601913000FFE1
:20D3380019F03036370070088F002100A60F913000FF59FF303686248F3440F1913000FF76
:20D3580019F03036370070088F002100A60F913000FF59FF30363C01913000FF19FF303639
:20D378006F0FFC7F0090404F02486DFF9DFF022902946DFF00FEDA207FF80B8009FF0829CB
:20D3980082100F801000A60F89FF08293C0B09F00C2982118FF801F10FF11010A61089F006
:20D3B8000C2902946DFFB3FF0090404F0248025FFF881F803BF0014040F46D001B008210C2
:20D3D8008B0801100F1010005E1709FF0029A60F89FF00293C0809FF002982F1C610260F63
:20D3F80089FF00293BF0014040F46DFFBEFF0090404F02486DFF58FF022902946DFFBBFD8A
:20D41800DA207FF80D8009FF082982100F80100082F1C610260F89FF08293C0D09F00C29DE
:20D4380082118FF801F10FF1101082FFC6F1261089F00C2902946DFF6AFF0090404F6DFF96
:20D4580074FA09FF4028161FC21F4B0F61F14BF251203C010090404F6DFF67FA09FF4128CC
:20D478001603C21F4B0F61F14BF251203C010090BF450B80C2C56F0405003B9000403C039B
:20D498003B8000403C01DA0403F40AF5534F20F0911000F8D9FFF03710FF54FF60F23C012D
:20D4B8000090404F09FF002937046800370F02F48210370F81F73BF0014040F46DFF9AFF30
:20D4D80089FF00293BF0014040F46DFF4EFF0090404F09FF002937046800370F05F082106A
:20D4F800370F81F73BF0014040F46DFF83FF89FF00293BF0014040F46DFF37FF0090404FB6
:20D51800024F6DFF12FA4B0271014BF011229AF28B3F20439A144BF0118240F46DFFC3FF66
:20D5380002823C010090404F024F6DFFFEF94B0271018F2000104BF111229A2206EFC2FFE0
:20D558008BFF21F392114B1011823B00D0129B1113107F810A80C21F8BFF21F392114B1091
:20D57800110202083C013B90D00306503F0808803B00D0029B1013007F80048082083C055D
:20D5980040F402F46DFFA6FF02823C010090404F09FF0029374F01F78210370F81F73BF02E
:20D5B800014040F46DFF26FF89FF00293BF0014040F46DFFDAFE0090DF0431004C418B8775
:20D5D80001000F041040A64F6C414C418230534720100F10000082F1C610260F6C414C414D
:20D5F800534720000F051050A65F6C41766B4C41821053472010C2310F100000A60F6C41F5
:20D618003C0C4C41821053472010C2310F10000082F1C610260F6C413C0B4C4182108B870C
:20D6380001100F10000082F1C610260F6C410090404F3BF0014040F46DFFDCFE09FF4328FF
:20D65800968089FF03283BF0014040F46DFF8DFE820082013C0E3B0040F0E21F10F2392F2D
:20D678004320370F61F23C016E0382103C01C211BF81F3FFDF10EE7F0090404C405F820873
:20D69800C852D42D3C01C852092E84093C01C85289C2840909C284090929480809FA0C081C
:20D6B80040D402946DFFA6FE08E0534A20F010E2534A20F010E4094141683701810189201A
:20D6D800016808F0534A20F010E2534A20F010E4094F4268370F04F0892F026809F05008E2
:20D6F800534A20F010E2534A20F010E4094F4068370F02F2892F006809F05108534A20F079
:20D7180010E2534A20F010E4094F4068370F02F3892F00680810534A20F010E2534A20F09F
:20D7380010E4094F4168370F01F1892F016808D0534A20F010E2534A20F010E4094F40686B
:20D75800370F02F0892F006809F05308534A20F010E2534A20F010E4094F4168370F02F08C
:20D77800892F01680830534A20F010E2534A20F010E4094F4268370F81F2892F026814F017
:20D79800534A20F010E2534A20F010E4094F4268370F01F2892F026809F05208534A20F0D4
:20D7B80010E2534A20F010E4094F4168370F04F2892F01688B0901F0370F684040D46DFF6D
:20D7D80019FE082FEE084CE282100FA01000A60F6CE23C094CE282100FA0100082F1C6105E
:20D7F800260F6CE28B0901F0370F684040D46DFFBCFD08B009C2000809E12049DA0F534286
:20D8180020300F3F00F082F3C63F26F189E1204909EF2049534220100F101000A60F89EF7C
:20D83800204909FFC6086E2008B502946DFF22FE09F00C08DA010F0F10F089EF10490890B5
:20D8580009FFC6081421370F68F037F108F0342F0C21370F82F12C210C2396022C230C210E
:20D8780096042C213C0108FFFF8F1A8008A008F109E23049DA0F534120300F3F00F082F3B8
:20D89800C63F26F289E2304909EF3049534120100F101000A60F89EF30493C1B08A008F16D
:20D8B80009E234493BF000309A81534F20F00FF3003082FFC6F3263289E2344909EF34499F
:20D8D800C281534120100F101000A60F89EF344909FFC4086E2908A502946DFFCBFD08F076
:20D8F800534020F010E4534020F010E5395F03809680E94F0380BBF0FFFF89EF14490880EF
:20D9180009FFC4081421370F68F037F108F0342F0C21370F82F12C210C2396022C230C214F
:20D9380096042C213C0140D402946DFF1EFD08FF2CC109FF0C0834CF02823C010090911075
:20D9580000F8D9FFB81749FF000A4942000AA05644FF642FFC6E894594090090405F8208CF
:20D97800D4F2D42C084F3B004000E20F10C2D92D4020894D8409D4F2D422F4420849894956
:20D99800080840C46DFF5CFD022A8B0901003700684040C46DFF2EFD09FF6F085E1B8214CD
:20D9B80009F5620809F66308820740D46DFF06FE3C08820482058206820740D46DFFFEFD93
:20D9D80009FF70085E1B821409F55A0809F65B08821740D46DFFF2FD3C08820482058206FD
:20D9F800821740D46DFFEAFD09FF71085E1B821409F56A0809F66B08822740D46DFFDEFD99
:20DA18003C08820482058206822740D46DFFD6FD085F5F9F2300085F538920009110002865
:20DA3800D922EF8701200026102214203C0109DF401882414B100122373F02F089DF00180A
:20DA580009D10019DA0882424B2001220F3F00F0A6F189D100193C01DA0014D037F002F02B
:20DA780034DF09FF6E0814D037F002F234DF09FF6F08DF1F5D8049F21C0A09FF61086E2D24
:20DA980009DF4428960489DF042809FF610809F05F0809D1002982123721811737F18216D4
:20DAB8003701041489D1002909F05F08DA0FFE0409FF5E08821009D1002982123721811BA5
:20DAD80037F1041889D1002909DF4428370F02F089DF04283C013C0709DF4428B70F01F1BB
:20DAF80089DF042809F05F08DA0FBE0509FF5E0809F0600809D1002982123721811B37F1EC
:20DB1800041889D1002909DF4428370F02F089DF04283C01142F6E03DA013C02DA0009D071
:20DB3800452837F001F189DF05283C0109FF7008DF1F5D8049F2140A09FF59086E2D09DFD5
:20DB58006428960489DF242809FF590809F0570809D1202982123721811737F18216370173
:20DB7800041489D1202909F05708DA0FFE0409FF5608821009D1202982123721811B37F1C4
:20DB9800041889D1202909DF6428370F02F089DF24283C013C0709DF6428B70F01F189DF3A
:20DBB800242809F05708DA0FBE0509FF560809F0580809D1202982123721811B37F104184F
:20DBD80089D1202909DF6428370F02F089DF24283C01142F6E03DA013C02DA0009D06428E1
:20DBF80037F001F289DF24283C0109FF7108DF1F578049F2240A09FF69086E2D39CF0480A3
:20DC18009604E9CF048009FF690809F0670819C1008082123721811737F182163701041447
:20DC380059C1008009F06708DA0FFE0409FF6608821019C1008082123721811B37F10418B1
:20DC580059C1008039CF0480370F02F0E9CF04803C013C0109F06708DA0FBE0509FF66080E
:20DC780009F0680819C1008082123721811B37F1041859C1008039CF0480370F02F0E9CFE7
:20DC980004803C01142F6E03DA013C02DA0039C0048037F001F2E9CF04803C01085F7E937C
:20DCB800DA033C02DA0014D037F002F034DF09F56C0840C402946DFF7AFB82013C365361B1
:20DCD80020F010F209204A08534120F010D2534120F010D4094F6108370F03F0892F2108B6
:20DCF800536120F010F2092F06094BAF41F04B0F7101C2E0DA1F7F0F0780DA104BF0112200
:20DD18008BF200008BF02F033C01534120F010D2534120F010D4094F600837006800370FD1
:20DD380005F0892F2008C211BF21CBFF8B0901F0370F684040C46DFF18FB02823C01009032
:20DD5800911000F8D9FF902749FF000A4942000AA0C644FF642FFC6EDA002C44F4450C4423
:20DD78002C45DA00894F2C080090405C8208D4CDF44D6DFF85FA022F02F46DFFD4F88200D0
:20DD980074D002F46DFF9CFA09C45D0840D46DFF00FC4CC54B0F714140D46DFFC6FBF6230A
:20DDB80082123C634CC44B0F714140D46DFFA9FB40D46DFF45FB82013C34536120F010CF82
:20DDD8000880534120F010D2534120F010DF09FF6128370F03F0892F2128536120F010CF1C
:20DDF800481F4B2F41F04B0F7101C2E0DA1F7F0F0780DA104BF011428BF400008BF02F03D9
:20DE18003C01534120F010DF534120F010D2092F602837006800370F05F089FF2028C21157
:20DE3800BF21CDFF09CF5C08DE1E82093C178B09014040D46DFFDEFA3B0040F0E29F10DF00
:20DE5800D9FF4020DA0314F037F002F034FF8B09014040D46DFF89FAC219BF89EAFF40D44D
:20DE78006DFFE8FB02823C010090404FF4F5BB0068F99B8FB9F46CF540546DFFEEFA68428C
:20DE98006DFF53F56862DA002CF83BD07BF39B6F58F36CF1DA002CFE3BD07BF39B6F58F3F1
:20DEB80089FF0A09DA0089FF1C08DA0089FF1D080090C2F437045040D44F094FC40810FF3B
:20DED80014FF345FB015094FC408C21FAC42094FC4080940C6083F0F0480DA00AC42FF14E4
:20DEF800EA7F40523C010090C2F437045040D44F094FC40810FF145F34FFB015094FC408DC
:20DF1800C21FAC42094FC4080940C6083F0F0480DA00AC42FF14EA7F40523C0100904DC05D
:20DF3800E2FF370FE1F78B0F20023C010D00400300003C018C423C010BF480F1370F501023
:20DF58008C4B4BF10122A23137015020DA00894F1808A2248C4A0BF480F1894F06097603BA
:20DF78000D0000033C0100904DC0E2FF370FE1F78B0F20023C010D00400300003C010941D0
:20DF980084083C018C4AA21F0BF480F1370F50108C4B4BF10122A23137015020DA00894F90
:20DFB8001908A2248C4A0BF480F1894F0A0976030D0000033C010090025FC234B7040200C7
:20DFD800370050808BC801008B8000406D00A11EBC2640240B8F10486D0032003C010090B3
:20DFF8004DC0E2FF370FE1F78B0F20123C010D00400300003C018C42125089408408094099
:20E018008E088C420BF0A0F1AC47094F06096E0F094F0609A25F894F0609094F06094EF726
:20E03800DA00894F0609DA01894F180876130D000003A254370450203C010090C234B7047C
:20E0580002F0370F5000DA00894F1808DA01894F1908804F8BCF01F0C27FB70F03F0744FA3
:20E07800DA00AC42DA00AC47DA00894F0A09894F0609DA00AC49AC488940940889459608B3
:20E0980040423C0100902008404F405C02488209DF08D400D4F2F4A288AFACA3888FACA2EF
:20E0B80091100028D9223828092040090B0610F10B1780F2EE0891100028D9223828092ABF
:20E0D80040093C264DC0E2FF370FE1F78B0F20F23C010D00400300003C0185F010008203F1
:20E0F800020285F12C008200A620A6313C0191100028D922382809224009262026316E0360
:20E118000D0000033C010B6040A00B7150B03C0140F402846DFF05FF022F6E0E49A4000AC8
:20E1380040C502F46DFFC7FE402C40F40B8F10486D0087000228DF09388091100028D92287
:20E158003828092040090B0A10F10B1B80F2EE03DA003C284DC0E2FF370FE1F78B0F20F240
:20E178003C010D00400300003C0185F010008203020285F12C008200A620A6313C01911010
:20E198000028D922382809224009262026316E030D0000033C010BA050F10BB100F20B1B55
:20E1B80090F23C016E05DA0089FF06093C43DF0840003C0109FF5808EE3791100028D92270
:20E1D8003828092040090B0A10F10B1B80F2EE03DA003C284DC0E2FF370FE1F78B0F20F2C0
:20E1F8003C010D00400300003C0185F010008203020285F12C008200A620A6313C01911090
:20E218000028D922382809224009262026316E030D0000033C010BA050F10BB100F20B1BD4
:20E2380090F23C016EC809FF58088B0F0092DF0871FF09AFC408ACF802823C0100904DC060
:20E25800E2FF370FE1F78B0F20023C010D00400300003C018C42A25FAC42094F0A096E0F7C
:20E27800094F0A09A25F894F0A09094F0A094EF7DA00894F0A09DA01894F190876030D0060
:20E298000003A254370450203C0100902008404F405C02488209DF08D400D4F2F4A288AF7F
:20E2B800ACA3889FACA291100028D9223828092040090B0610F10B1780F2EE089110002887
:20E2D800D9223828092A40093C264DC0E2FF370FE1F78B0F20F23C010D00400300003C016B
:20E2F80085F010008203020285F12C008200A620A6313C0191100028D92238280922400962
:20E31800262026316E030D0000033C010B6040A00B7150B03C0140F402846DFF27FE022F0A
:20E338006E0E49A4000A40C502F46DFFDFFD402C40F40B8F10486DFF55FE0228DF093880F4
:20E3580091100028D9223828092040090B0A10F10B1B80F2EE03DA003C284DC0E2FF370FFE
:20E37800E1F78B0F20F23C010D00400300003C0185F010008203020285F12C008200A6203F
:20E39800A6313C0191100028D922382809224009262026316E030D0000033C010BA050F172
:20E3B8000BB100F20B1B90F23C016E05DA0089FF0A093C43DF0840003C0109FF5908EE3759
:20E3D80091100028D9223828092040090B0A10F10B1B80F2EE03DA003C284DC0E2FF370F7E
:20E3F800E1F78B0F20F23C010D00400300003C0185F010008203020285F12C008200A620BF
:20E41800A6313C0191100028D922382809224009262026316E030D0000033C010BA050F1F1
:20E438000BB100F20B1B90F23C016EC809FF59088B0F0092DF0871FF09AFC408ACF9028262
:20E458003C0100908F841EF08F0F0801B70408FC3704E81BB71F812BDA7F7FF104808202BF
:20E478000090DA967F1F048082023C068B6109F1325F0FF200203702502076043252370224
:20E4980050200090B70408FC3704E80BB71F811BDA7F3FF00580DA967F0F04808202009062
:20E4B8008B6009F1325F0FF1001037016820009091200048D94430781D0002008208404F78
:20E4D8008209820A820BC81CC82D483C09FF1001DF1F238080CF160180D08F100001FE0411
:20E4F8006E04C2FC04DF24CF76CF8F3C00018FEC1FF06E0902F140D2C2F16014442164C136
:20E51800FC4E90DD020CDF0CE07FC2FC60C204DF24CFFC2E3CD9DE2580CF2E03C2FC24C9B1
:20E53800DF0CD37F8F3C00F106EC76C5C2FC60C264CAFC2F6EC9C2FF60F224CBFC2F3CC400
:20E558008F0F1F00DF002E008F3F0001DF102B8080CF8F3F00D180DF1603FEDB76DB02D40A
:20E5780040C440D56D00540001CD00C601DD00D6A2DC76CF8F3C00018FEC1FF06E0902F1DE
:20E5980040D2C2F16014442164C1FC4E90DD020CDF0C9B7F02C440C440D56D0039003C9481
:20E5B80000901603DF2F91FF80CF16036E0702F440C46D00160010CCA2FCDF0C867F8F3C6D
:20E5D800004106EC76C5C2FC60C264C8FC2FDF047C7F40C46D0005001DFF77FF00903BF0DD
:20E5F8000F00804F1603063F0FF0100082FFC6F0C2F4604F804FB70F02F060F2B014542FFC
:20E61800260F742F77000004FCF60090804F16033BF00F008F3F00100F10100082F1C61095
:20E63800C2F4604F8041B7010220095101008F3F0030B0140F3110106022C21F5422160353
:20E658002602A612742277000004FDF0ED7F0090910000F6D9FF0C04D4F291200056D9555E
:20E67800C08901240046015420F4EE0891200056D955C08A014530F4EE0482FF60F2009031
:20E69800F4F40090DA034BF411023B40CEF03F0F048082023C113B8006F13FF005803B40FE
:20E6B80006203C0A1BC031FF534F26F03B4038004B0F11223C010090207049A4000A9120CE
:20E6D800005F6DFFD4FBDA0189AF1D0891000046D9443C2449A5000A6DFF49FB49A4200A3D
:20E6F80091000056D9553C246DFF2CFBDA0089AF2408DA0089AF2508DA0189AF0F18DA0168
:20E7180089AF001891000046D944282449A5200A6DFF26F949A4141A91000056D955282432
:20E738006DFF0FF9DA0489AF2018DA0489AF2318DA0189AF171891000046D944202449A546
:20E75800141A6DFF9CF7910000F6D9FF20248210C81209228409081F534F2010012100F69C
:20E77800534F20F01022392F0380370F01F0E9FF0380910000F6D9FF3824DA0074FF910077
:20E7980000F6D9FF3424DA0074FF910000F6D9FF0034DA00B4FF49A42C1A6D007600DF02D7
:20E7B800230009AFEC183B40CE00E20F3BF0FF004B0F1102910000F6D9FF342474F09100E5
:20E7D80000F6D9FF003453B020F03B803E004B0F1102B4F0910000F6D9FF003409F4C008AA
:20E7F8006D00B14100902008910000F6D9FF382491000026D9223824542FC21F74FF9100B9
:20E8180000F6D9FF382454F0DA0A4BF0110276123C3A49A4000A6D003800F6223C3409AF66
:20E83800C0083B40CE00E20F3BF0FF004B0F1102910000F6D9FF342454FFA2F0910000F604
:20E85800D9FF342491000026D9223424542F86C0420F74FF910000F6D9FF0034910000268F
:20E87800D9223424542F53BF20F03B803E004B0F1102B4F0910000F6D9FF003409F4C00826
:20E898006D006141009091000026D9222024DA00CC21C81F09200008A6F089F010293B0069
:20E8B8007D00910000F6D9FF2024C81209228409081F534F20F0102F19F100A03C013C0152
:20E8D800C2F03701E1FFEE03FF10EDFF3701E1FFEE0382023C08370170F0B70F14F6B44F2E
:20E8F80082123C010090145F344F0C512C41DA003C07104F1052092042082820C21FBF4F57
:20E91800FAFFDA003C07104F1052092006082860C21FBF4FFAFF494F0A0A09508A08370093
:20E9380070F016FF34FF370070F0868F16FF2C4B494F0C0A09508C08370070F016FF34FF65
:20E95800370070F0868F16FF2C4D89440E080090DA70344F89440108DA003C07104F105271
:20E97800092000082820C21FBF4FFAFF82003C17534020F0104F49FF060A534020F01062DA
:20E9980054218FF10FF134FF370168F42CF1370168F82CF2370168FC2CF3C210BF40EAFF5B
:20E9B800894516080090404C405D40D46D00A4007CC382023C5491100058D955CAA78244C4
:20E9D80040C46D002A1A762382023C490CC41E1382023C4549C2120A142F09C053088F8025
:20E9F8002000A60F3C013B20014040C46D00DA2E3E2382023C34DA003C0C10D210CF086038
:20EA18008920020810D210CF08A089200608C21FBF4FF5FF49CF0E0A14F00CCF8F8F20F0EB
:20EA3800A6F0370050F03C01ACD549CF100A14FF09C051088F802000A60F370F50F03C01E5
:20EA5800ACD640D46D009800F62640D46D00540082023C05DA012CD182123C010090404C88
:20EA7800405D91100058D955CAA7824440D46D00E11914CF2CD40CC12CD5DA003C0710D258
:20EA980010CF082089200608C21FBF4FFAFFDA003C0710DF10C20920060828A0C21FBF4FEC
:20EAB800FAFF49DF0E0A09C08A08370070F016FF34FF370070F0868F16FF2CDF49DF100ABD
:20EAD80009C08C08370070F016FF34FF370070F0868F16FF89DF11083B20014040D46D0083
:20EAF800612E49DF120A8FF20FF134FF868289D213080090DA01344FDA002C41DA003C0DA1
:20EB1800104F91100028D922C6A7102214202820104F82102860C21FBF4FF4FF3B803EF05B
:20EB3800AC45DA30AC460090BC43BC527C6382023C21144FBF4F048082023C1C404FB01F44
:20EB580014F00C428F8F20F0A6F0370050F03C013B401F007FF004003B401FF03BC0E00F52
:20EB78007F0F04003BC0E0FF14403450B46F82123C0100907C4382023C328C453B400600B2
:20EB98003F0F07008C453B8038017FF0040082023C268C463BE001003F0F07008C463B801A
:20EBB8000C007FF0040082023C1ADA003C14104F09F00608DF100900104F09F00608DFF027
:20EBD800040082023C0C104F0820BF40048082023C06C21FBF4FEDFF82123C010090BC4441
:20EBF800BC53DA0C3E4382023C2BDA003C0B105F104214202820105F104209204408286080
:20EC1800C21FBF4FF6FF494F080A14F00C498F8F20F0A6F0370050F03C01AC55494F0A0AD0
:20EC380014F00C4B8F8F20F0A6F0370050F03C01AC56DA01345F40546DFF9EFF3C0100900F
:20EC5800202849A4000A6D00150149A4000A49A5140A6DFFAAFE762891100048D944CEA7AA
:20EC78006D00103F3C0791100048D944EAA76D00093F49A4140A6D00C743910000F6D9FF50
:20EC98003434DA0034FF910000F6D9FF0434DA0034FF0090201049A4000A6DFF2DFF49A407
:20ECB800000A6D00B1436D003000822449A4000A6D00B60200902028404F024F49A4000AC3
:20ECD8006D00904349A2040A49A4140AA03544206440FC5E49A5140A40F402F46DFF81FF7F
:20ECF800F6246D0012003C0FDA0289AF150849A4140A6D0089436D000800821449A4140A8D
:20ED18006D008E020090203849A4240A6D006A43DA0534AFDA232CA1DA0F2CA209AF690855
:20ED3800EE0382043C02821449A4030A49A5280A6DFFDBFD49A4000A6D00724000906D00FF
:20ED5800D001910000F6D9FF343414FFEE023C4D6D000C0276246D004A003C476D00F63392
:20ED7800910000F6D9FF3434485FA2F2CE223C3D910000F6D9FF343414FF5E2E6D004100FC
:20ED98007628910000F6D9FF3434DA0034FF3C036D002D003C2A91000046D9443434B0445A
:20EDB8006D007900762382183C028228910000F6D9FF043414FF6E0E91000046D9440834E4
:20EDD80002846D004602910000F6D9FF0434DA0034FFDF180980910000F6D9FF3434DA001B
:20EDF80034FF3C036D0003000090910000F6D9FF34346D00AB331B421FF06CF500906DFFAE
:20EE18003FF2022F02F46DFF8EF002F46DFF58F20D004003BB0000FE9B1FF0FA9110F0FAB4
:20EE3800D9FF909A9110F02AD922989A9110F04AD944A8AA9110F05AD955A8AA74FFDA01CD
:20EE5800742FDA80744FDA50745F0D0080046D006900022F0D0000036DFF12F20228028415
:20EE78006DFF61F002846DFF2BF202F23C010090DA003C0B104FBB00000E9B10F00A42F0CD
:20EE98006002142034F0C21F3B4001003F0FF4FF009091000056D95520346DFFE2FD6DFF52
:20EEB800EFF1022F02F46DFF3EF002F46DFF08F20D004003BB0000FE9B1FF0FA9110F0FA05
:20EED800D9FF909A9110F02AD922989A9110F04AD944A8AA9110F05AD955A8AA74FFDA012D
:20EEF800742FDA80744FDA50745F0D0080046D001900022F6E0891000046D94420346D00CA
:20EF18002F00022F0D0000036DFFBAF1022802846DFF09F002846DFFD3F102F23C010090C6
:20EF38006D0014338B820C803C106DFFA9F1022F02F46DFFF8EF02F46DFFC2F16D000633E5
:20EF5800A2820E2382023C0A910080FF39FF1002370FE1F0EEEB82123C0100902008404C1B
:20EF780082083C2382003C10DA0803F80A10DA147FF1068001C100F614FF3C02DA0001A063
:20EF980000F634FFC210BF80F1FFDA08BB00000E9B10F00A03F80A4049A4000A6D001E0018
:20EFB800F62382023C19C218BF38DEFF82003C0FBB0000FE9B1FF0FA420F60FF14F101C0F9
:20EFD80000F614FF3E1382023C07C210DA143FF0F1FF82123C0100900248404FDA006E0196
:20EFF8009100F02AD9225455DAFA742F0D0080049100F02AD9225455B70818007B0000FA07
:20F018007E05DA50742F82003C0EB70818007B00F0FA7E05DA5D742F82003C050D008004CF
:20F0380082103C018B00002276236DFF7BFFDF024C0014F0081F8F8F00F0A6F0082F8F0FEC
:20F0580001F0A6F0083F8F8F01F0A6F03C0140F2B0421421085F8F8F00F0A6F1086F8F0F6E
:20F0780001F0A6F1087F8F8F01F00FF1A0303C0176819100F0FAD9FF70758202820502040D
:20F098000F42A0000F53A01089F040090D0080049110F0FAD9FF909A9110F02AD922989A8D
:20F0B8009110F04AD944A8AA9110F05AD955A8AA74F8DA00742FDAA0744FDAAA745F0D00F9
:20F0D80080046DFF2FFFDA006E019100F0FAD9FF5455DAFA74FF0D0080043C0100902018D8
:20F0F800910000F6D9FF043414FF6E0E91000046D944083482246D00AC00910000F6D9FF84
:20F118000434DA0034FF49A4000A6D00453DF6223C2B0CA1EE2449A4020A6D005500910022
:20F1380000F6D9FF343414FFDE14910000F6D9FF083449A2000A49FF000AA054442F64FFD0
:20F15800FC4E910000F6D9FF0434DA0134FF3C0C49A4000A82246D007C003C0649A4000AA1
:20F1780082046D0076000090202849A4000A6D00403F82003C09532020F010AF94FF6E0346
:20F1980082123C20C210BF40F8FF49A4200A49A5220A49A6240A6D00CA4009AFA008EE0488
:20F1B80009AFA2086E0382123C0D49A40C0A6D00C53D8CA6EE038CA76E0382123C038202F7
:20F1D8003C0100902028404C49A4000A6D000A4149AF040A49A2140AA03444FF642FFC4EC4
:20F1F800DA003C0810AF10C20920000889F01A08C21FBF4FF9FF49A4140A6DFFBDFCF6224D
:20F218003C0DDA0189AF150849A4140A6D00FC40821449A4140A6D0003000090910000F681
:20F23800D9FF343434F4910000F6D9FF34344942000A49FF040AA034442F64FFFC4E910017
:20F2580000F6D9FF34346D0081316852009020280245DA0534AFDA222CA1DA172CA249AF26
:20F27800030A094441084045B0254046B06640F46DFF70FB49A4000A6D00D23D0090404F40
:20F29800024F6D003D00022440F402F56D003B0002246D0004003C01009082F2C6423C0145
:20F2B8000090910000F6D9FF4C4414FF6E023C2682013C1A021082023C0C6F00090006F0AD
:20F2D800BB0032F89B8FDBFEC6F03C0206F0C212BF82F5FF534120F0910000F6D9FF0C44E8
:20F2F80010FF74F0C2113B0010F03FF1E5FF910000F6D9FF4C44DA0134FF009082F23C0123
:20F3180000900248404F02596DFFCDFF82003C1101F00026142FC68F16FF534F20F0910003
:20F338000026D9220C441022542F0688C6F8C2103F90F0FF02823C010090910000F6D9FF03
:20F35800100454FFEE3B91000046D944504491100058D955E5B76D001601910000F6D9FFD7
:20F37800504449F4200A91100058D955C5C76D000A01910000F6D9FF504449F4001A911064
:20F398000058D955A4E76D00E200910000F6D9FF504449F4201A91000056D9555044910051
:20F3B80000F6D9FF504449F6200A6D002B01910000F6D9FF1004DA0174FF91000026D9225E
:20F3D80050443C010090D9AAF02F404F405C406D024FBCF4BCC37CD46E0382F23C6949A4F3
:20F3F800000A40F56D00FD03762382F23C6149C4200A91100058D955C5B76D004105F623F9
:20F4180082F23C56D9A400A06D00712CD9A400A03B00024040C56D007B2CD9A400A03B009C
:20F43800024040F56D00742CD9A400A040D502F46D006E2CD9A400A0D9A500806D00F82B56
:20F45800D9A40090D9A500806D00320549A4002AD9A5009049A6000A6D006C036DFF6FFF11
:20F4780049A4004A49C5200A40266D00630349A4002A49A5002A6D002F0349A4006A49A5B9
:20F49800004A49A6002A6D008802D9A4209049A5006A6D008003D9A420903B00024040C5D6
:20F4B8006D00BB14F62382023C0282F23C010090404C820782043C1C534420F0105F54FF80
:20F4D800820102F0534420F0106F54FF820302F20B2040000B315010820302720B204060E2
:20F4F8000B315070534420F010CF74F6C214DA083FF4E47FDF07270082050274FB600260F3
:20F518006DFF90C554CF820102F00B0240000B13501074C082123C12534220F010CF54FFC2
:20F53800820502F4820702160B6440000B755010534220F010CF74F0C2127614DA083FF2AD
:20F55800ED7F40C46D00530100903B0002406D0071140090820082023C0C534220F0104F81
:20F5780054F1534220F0105F54FFC6F1A610C212DA083FF2F47FF60382123C0282023C0174
:20F59800009082013C1F534120F01042534120F0105F14F0534120F0105F081F8F8F00F090
:20F5B800A6F0534120F0105F082F8F0F01F0A6F0534120F0105F083F8F8F01F0A6F074209B
:20F5D800C211DA083FF1E17F6D001101009091100068D966F0676D00C80000908200820156
:20F5F8003C07534120F0104F54FFA6F0C211DA083FF1F97FF60382123C0282023C0100904B
:20F618002060404C405D406E49A4000A82043B0004506D00411482083C48D2000B0110A809
:20F6380082093C24534820F010DF54F48205534920F010EF54F682076DFFF4C41A98534F68
:20F6580020F010AF54FF820102F00B0240000B1350100BA040000BB150101A98534F20F0C5
:20F6780010AF74F0021A820BC219DA083FF9DC7F8B8800003C12534020F010AF54FF8203BB
:20F6980002F20BA240200BB35030534020F010AF74F2023A820BC210BA0A8B0B00F4EE0470
:20F6B800DA103FF0EA7FC218DA083FF8B87F8209820A3C228B8A00F0534F20F010AF54F453
:20F6D8008205FB6002606DFFADC4534A20F010AF54FF820102F00B0240000B13501082036D
:20F6F80002920B2040800B315090534A20F010AF89F80019C21ADA083FFADE7FDF092A00EB
:20F7180082050294FB6002606DFF8CC45810820102F00B0240000B13501089A000198212BD
:20F738003C14534220F010AF09FF0019820502F4820702160B6440000B755010534220F08A
:20F7580010AF89F00019C2127614DA083FF2EB7F49A5001A3B00024040C46D006B1340C4ED
:20F778006D00450000902040404F405C406D820849A4000A91100058D955A4E76DFFE7FE73
:20F7980049A4200A40C56DFFE2FE82793C273BF001A03C21768749A4000A49A5000A6D0009
:20F7B8009700534920F010D2542F570F61FA6E12768A49A4000A49A5000A49A6200A6DFFD4
:20F7D80021FF3C0849A4000A49A5200A6DFFBFFE8218C2FAFF0AE07FC2F9FF09DA7F49A5AD
:20F7F800000A40F46DFFB3FE00902020404C82083C6B8204820082713C24534120F010CF2B
:20F8180054F2534120F0911000F8D9FF84F710FF54F37F23048082103C16534120F010CF17
:20F8380054F2534120F0911000F8D9FF84F710FF54F37F32048082003C06F6128210C2F13E
:20F85800FF01DD7FF6023C4282033C33534320F010CF54F0534320F0911000F8D9FF84F76F
:20F8780010FF54F1A210A2408201534320F010CF54F2534320F0911000F8D9FF84F710FF99
:20F8980054FF3FF21080764F534320F010CF54F2534320F0911000F8D9FF84F710FF54FFB8
:20F8B8007E2282110214534320F010AF74F0C213DA083FF3CD7F49A5000A3B00024040C470
:20F8D8006D00B812C218BF38967F009040566DFF99FE00902020820082013C20F6143BA0B4
:20F8F800FD2F3C0282F2534120F010AF534120F01062542F5AF2A20F74FF8203534120F07D
:20F91800106F54FF3FF208807607534120F0106F54FF7E2282130230C211DA083FF1E07FA6
:20F9380049A6000A6DFFC6FD00902020404C49A4000A6DFF0CFE49A4000A6DFF58FF820082
:20F958003C27534020F010CF534020F010A2542F34FF534020F010CF534020F010A2542F45
:20F97800068F2CF1534020F010CF534020F010A2542F8F0F1FF02CF2534020F010CF534083
:20F9980020F010A2542F8F8F1EF02CF3C210DA083FF0D97F009049AA00BA404F405C406D6F
:20F9B80049A4004A49C5200A40C66DFF95FF49A4204A49D5200A40D66DFF8EFF49A4000A15
:20F9D80049A5004A49A6204A6DFF1CFE49A4004A49C5200A40C66DFF6DFD49A4204A49D538
:20F9F800200A40D66DFF66FD49A4200A49A5004A49A6204A6DFF06FE49A4004A49C5201A49
:20FA180049D6201A6DFFFEFD49A4001A49A5004A91100068D96684E76DFFF4FD49A4001AB8
:20FA380049A5001A49A6001A6DFF44FD49A4004A49C5001A49D6001A6DFFE4FD49A4201AE4
:20FA580049A5004A49A6004A6DFF34FD49A4002A49A5200A49A6000A6DFF3EFF49A4202A78
:20FA780049A5201A49A6001A6DFF36FF49A4003A49A5201A49A6001A6DFF1CFD49A4203A78
:20FA980049A5200A49A6000A6DFF14FD49A5002A49A6202A40F46DFFB5FD49F4200A49A5C8
:20FAB800003A49A6203A6DFFADFD49F4201A49A5002A49A6203A6DFFA5FD49F4001A49A56A
:20FAD800202A49A6003A6DFF9DFD009040566DFF64FF00902020404F405C49A4000A91100D
:20FAF8000058D955C40740C66DFFF6FE49A5000A40F46DFF2CFD49F4200A49C5200A6DFF6B
:20FB180026FD49F4001A49C5001A6DFF20FD49A4000A91100058D955C40749C6201A6DFF04
:20FB3800DBFE49F4201A49A5000A6DFF10FD00902080404D405F406C49A4000A6D007F0100
:20FB5800DA1F3C1C82783C1749A4000A49A5000A6DFFBEFF10F21420028132510F1010006C
:20FB78006F00090049A4000A49A5000A40C66DFF14FFC2F8FF08EA7FC2FFFF0FE57F49AF2C
:20FB9800000A49D2000AC5041F0044FF642FFC4E00902060404F405C49A4000A49C5001ABC
:20FBB8006DFF17FD49A4200A49A6000A40C56DFF29FD49A4001A49C5200A49A6000A6DFF62
:20FBD80021FD49A5001A40F46DFFB1FE09F05F0858081601067FA6F089F01F08009049AA83
:20FBF80000BA404C095F5F088F9F3F80820949A4004A3B0002406D001D1109AF5F48167F1D
:20FC180089AF1F4849A4000A49A5004A6DFFBBFC82703C21534020F010AF54F1534020F042
:20FC3800911000F8D9FF84F710FF54FF7F1F048082193C13534020F010AF54F1534020F008
:20FC5800911000F8D9FF84F710FF54FF7FF103803C04C2F0FF00E07F769482F21D00EE0072
:20FC780049A4001A49A5000A6DFF32FE49A4001A49A5001A91100068D966A4E76DFF2CFE59
:20FC980049A4201A49A5000A6DFF22FE49A4201A49A5201A91100068D96684E76DFFB2FC85
:20FCB80049A4201A49A5201A91100068D966A4E76DFF00FC49A4002A49A5201A6DFF08FEF1
:20FCD80049A4002A49A5002A49A6201A6DFF9AFC49A4202A49A5002A6DFFFAFD49A4202AC9
:20FCF80049A5202A49A6201A6DFF8CFC49A4003A49A5001A49A6202A6DFF84FC49A4200A2C
:20FD180049A5003A91100068D966D0676DFF2DFD49A4200A49A5200A49A6002A6DFF72FC6C
:20FD380049A4200A49A5200A49A6001A6DFF6AFC49A4203A49A5200A6DFFCAFD49A4203AC8
:20FD580049A5203A49A6201A6DFF5CFC49A4203A49A5001A6DFF00FCDF02388049A4204AAF
:20FD780091100058D955C40749A6001A6DFFB4FD49A4203A49A5204A6DFFEEFBDF0224005A
:20FD980049A4200A49A5200A91100068D966A4F76DFF38FC49A4203A49A5200A6DFF98FD39
:20FDB80049A4203A49A5203A49A6201A6DFF2AFC49A4203A49A5001A6DFFCEFBF62382F2D0
:20FDD8003C3C3C0382F23C3949A4200A6DFF08FC7624768382F23C3158081601BE8149A4CD
:20FDF800204A91100058D95584F749A6200A6DFF73FD49A4200A49A5204A6DFFA8FB49A57E
:20FE1800200A40C46DFFA3FB49C4200A49A5000A6DFF9DFB49C4001A91100058D955A4E786
:20FE38006DFF95FB49C4201A49A5200A49A6000A6DFFE8FB82023C010090404F911000582E
:20FE5800D955C40740F46DFF82FB49F4200A91100058D955A4E76DFF7AFB49F4001A911082
:20FE78000058D955A4E76DFF72FB49F4201A91100058D955C4076DFF6AFB0090DA1F3C126F
:20FE9800104F14F0105F14F17F10048082123C0E104F14F0105F14F17F01048082023C06E1
:20FEB800C2FFFF0FEF7F82023C0100902040404C405D49A4000A82043B0002506D00EC0FA1
:20FED8003BF003803C7F82793C7A820001D800F614F1029232520F2110108F1100118202FD
:20FEF8003C1001A200F614FF869F160101A200F601A2002614238613A63034F002F0C212C4
:20FF1800DA203FF2F07F14AFA6F134A18200DA1F3C1C10AF14F1911000F8D9FFC5B710FF6D
:20FF380014F27F12048082103C1210AF14F1911000F8D9FFC5B710FF14F27F210480820042
:20FF58003C06EE028210C2FFFF0FE57FDF0037008200DA003C2710AF14F1911000F8D9FF88
:20FF7800C5B710FF14F2A221A201820210AF14F3911000F8D9FFC5B710FF14F43F430D8015
:20FF9800760C10AF14F0911000F8D9FFC5B710FF14F35F3003808212022010AF89F12008D8
:20FFB800C21F3B0002103F1FD87F49A4000A49A5200A3B0002406D003D0FC2F9FF09877F38
:20FFD800C2F8FF08827F49A5000A3B00024040C46D00300F0090FF440B80910000F6D9FF65
:08FFF800200401F400F609F2F7
:02000004800179
:2000000000083C0282023C01009082003C0E534020F0104F534020F091000026D922707442
:200020001022542F74FFC210BF40F3FF0090DA003C078B0F015002F46D005103C21FBF8F57
:20004000FAFF82003C14534020F0910000F6D9FF707410FFDA0074FF534020F0910000F669
:20006000D9FF408410FFDA0074FFC210BF40EDFF910000F6D9FF24043B803EF074FF910057
:2000800000F6D9FF2804DA3074FF910000F6D9FF5884DA0074FF910000F6D9FF5884DA004C
:2000A0006CF1910000F6D9FF5084DA0074FF910000F6D9FF5084DA006CF1910000F6D9FF9A
:2000C0006C74DA0034FF00902018910000F6D9FF588454FF3B803E00E20F910000F6D9FF94
:2000E000240454F04B0F0102B4A0910000F6D9FF5884481F3B803E00E20F910000F6D9FFF8
:20010000240454F04B0F010289A0820894AF3B803E007FF005003B803EF0B4AF94AF3B8069
:20012000C10F7F0F05003B80C1FFB4AF8CA13B803E007FF005003B803EF0ACA18CA13B80C6
:20014000C10F7F0F05003B80C1FFACA1910000F6D9FF588454F46D00680389A284089100D1
:2001600000F6D9FF588448146D005F0389A28608910000F6D9FF508454FF7802910000F66A
:20018000D9FF5084481F7803910000F6D9FF6C7414FF89AF100849A4000A6D00C535009041
:2001A000DA643FF407003B8038F13F4F03003C033B803E40910000F6D9FF240474F400905B
:2001C000FF440380F6523C0C8E53DA013C0282FF910000F6D9FF200401F400F634FF00901D
:2001E000DA1E3FF40600DAC83F4F03003C033B000340910000F6D9FF280474F4009020102B
:200200006D00B02982013C27534120F010AF534120F091000026D9227074102254205341DB
:2002200020F091000026D92250641022542FA2F074F0534120F0910000F6D9FF506410FFD7
:20024000534120F091000026D92270741022542F74FFC211BF41DAFF54A0580142F05802B7
:2002600009A10C091213910000F6D9FF1C0414FF6E0C910000F6D9FF1C04820134F19100D6
:2002800000F6D9FF687474F2F6027636910000F6D9FF687474F2910000F6D9FF6C74910039
:2002A0000026D92268745421A2128B427F1234F1910000F6D9FF140414F1534120F09100E4
:2002C00000F6D9FF606410FF74F0910000F6D9FF140414F1534120F0910000F6D9FF4074E6
:2002E00010FF74F3910000F6D9FF140491000026D92214041421C211DA084BF1114234F5A5
:20030000910000F6D9FF140414FFEE07910000F6D9FF1804DA0134FF910000F6D9FF18045A
:2003200014FF6E043B8000503C06910000F6D9FF140414F58202820682013C16534120F0E6
:20034000910000F6D9FF606410FF54F44242534120F0910000F6D9FF407410FF54F4424609
:20036000C211370168103F51EBFFBF153D80BB00007A9B475074910000F6D9FF280454F144
:200380004B0141113BB0FD409B9404444B4141404B0241114B0561214B2151F04B06411152
:2003A0004B0561214B2151107BA047244B2F41F04B7F51F04B4F41F0910000F6D9FF58845C
:2003C0004B0F31F174FF7BA047F44BF141F04B7F51F04B4F41F0910000F6D9FF58844B0F00
:2003E00031F16CF10E044B0041F13C0432504B0041F1910000F6D9FF607491000026D922CB
:20040000607454206B0F21F074FF0E344B0341013C0432534B034101910000F6D9FF60743C
:2004200091000026D92260744C216B0021FF6CF1910000F6D9FF280454FF4B0F41F13BB08C
:20044000FD009B9004044B0F41F0BB00000A9B4050044B0F5100910000F6D9FF508491007E
:200460000026D9226074542F4B0F41F04B0F71F174FF910000F6D9FF508491000026D92265
:2004800060744C214B0F41F04B0F71F16CF16DFF1DFE00900D000002910001FFD9FF0001E7
:2004A000820049F2002A802F80F1A21F80F1030F0AF160FF3C01DA016CFB820482156D008E
:2004C000BB000D00400200800D000002910001FFD9FF0001821049F2002A802F80F1A21F41
:2004E00080F1030F0AF160FF3C01DA016CFB821482056D00A1000D00400200800D00000297
:20050000910001FFD9FF0001822049F2002A802F80F1A21F80F1030F0AF160FF3C01DA0194
:200520006CFB822482156D0087000D00400200800D000002910001FFD9FF0001823049F2EE
:20054000002A802F80F1A21F80F1030F0AF160FF3C01DA016CFB823482056D006D000D0010
:20056000400200800D000002910001FFD9FF0001824049F2002A802F80F1A21F80F1030FB5
:200580000AF160FF3C01DA016CFB824482156D0053000D00400200800D000002910001FFF6
:2005A000D9FF0001825049F2002A802F80F1A21F80F1030F0AF160FF3C01DA016CFB825418
:2005C00082056D0039000D00400200800D000002910001FFD9FF0001826049F2002A802FB0
:2005E00080F1A21F80F1030F0AF160FF3C01DA016CFB826482156D001F000D004002008095
:200600000D000002910001FFD9FF0001827049F2002A802F80F1A21F80F1030F0AF160FF4C
:200620003C01DA016CFB827482056D0005000D004002008002488FF83F9076539A183C0422
:200640009AF8370F68F0DF05140002846D00FE00022802F46D00FA007686762382F03C02B5
:2006600082103C05762382103C0282F03C1202F46D00EC00022F02846D00E80076266E0316
:2006800082103C0282F03C056E0382F03C028210534920F0910000F6D9FF707410FF910095
:2006A0000026D92220040129002609210008534920F091000026D92270741022542F031069
:2006C0000AFF74FF534920F0910000F6D9FF408410FF6D00472774F200900B451088910076
:2006E00001FFD9FF000149F2002A802F80F0A20F80F0038F0AF060FF3C01534820F0911008
:200700000028D922E4071022D4243B0001406DFF2AD2489FB72F83F06CF9489FB70F03FC6C
:200720006CF9489FB70F81F66CF9489FB71F01F76CF9489FB70F01F66CF9489FB73F02F4D5
:200740006CF9489FB73F02F56CF9489F96016CF9489FB71F01F86CF9489FB70F82F86CF971
:20076000489FB71F01FA6CF9489FB71F01FB6CF99100014F40F56DFF1AD23BD07BF39B6F4D
:2007800060F34BF241F04B0F7101BBF0FFFF9BFF0FF07F0F0680BBF0FF0F9BF00F00487F5C
:2007A000370F18F06CF7488F370F18F06CF8822440F46DFF39D2821482058206820740F44C
:2007C0006DFF17D2DA016CFB910001FF19FF3811821053482010C2210F100000A60F9100EB
:2007E00001FF59FF3811910001FF8200BCF153482010914000FFD9FF40E9530022F010FF88
:2008000001F100F63C01821014FF379F08F034FF081F370F82F12CF1083F96022CF3081FEB
:2008200096042CF100903BF0FFF77F4F05003BF0FF273C0A3B0000F87FF405003B000028D8
:200840003C0302423C010090534420F0911000F8D9FFE40710FFD4FFC812534420F0911041
:2008600000F8D9FFE40710FFD4FF088F09202409570061FF6E0382123C0282023C013C01F6
:200880000090DF1405803BD001803C0282286D0084020229910000F6D9FF6084DA0034FF6E
:2008A000820A3C111AA8538F20F0911000F8D9FF5C4710FF54F402956D00A001F6238202FE
:2008C0003C07C21ADA193FFAEFFF82123C010090910000F6D9FF608414FF6E0409FF6A083C
:2008E0003E4382023C1309FF020909F00609420F3E5382023C0B40F46D005802F623820244
:200900003C05DA0034FF82123C01009091100048D944C4176D00911200900D004003DA007D
:200920006E019100F0FAD9FF5455DAFA74FF0D008004DF140780BB0000FC9B1FF0FA3C055E
:20094000BB0000FA9B1FF0FA3C019110F0FAD9FF909A9110F02AD922989A9110F04AD94494
:20096000A8AA9110F05AD955A8AA74FFDA01742FDA80744FDA50745F0D0080040D0000030E
:2009800082246D008A02DA006E019100F0FAD9FF5455DAFA74FF0D0080043C010090DF14DB
:2009A0000780BB00000C9B10F00A3C05BB00000A9B10F00A3C01DA003C07104F120160125B
:2009C000142134F1C21F3F5FFAFF00902008404C0258DF140780BB00009C9B19F09A3C0557
:2009E000BB00009A9B19F09A3C01820A76853B0000027F80058082021D008B001D00850011
:200A000082003C0D1A0A7F8F06801A0A10CF14FF3C02DAFF01A000F634FFC210BF80F4FF58
:200A20000D004003DA006E019100F0FAD9FF5455DAFA74FF0D0080040BA900009100F0FA1A
:200A4000D9FF5455B70018107B0000FA7E15DA5074FFDA003C0EB70018007B00F0FA7E05B6
:200A6000DA5D74FFDA003C050D008004DA013C016E050D00000382023C4B49A4000A6D0016
:200A8000F300022B49A4040A6D00EE001AA96E019100F0FAD9FF70750D00800474FBB04F77
:200AA0000D00800474F20D0080041AA99110F0FAD9FF909A9110F02AD922989A9110F04A9B
:200AC000D944A8AA9110F05AD955A8AA74FFDA00742FDAA0744FDAAA745F0D0080040D001A
:200AE000000382246D00D901DA006E019100F0FAD9FF5455DAFA74FF0D008004F62382024C
:200B00003C078B8A00A03F8A7DFF82123C010090DF140780BB0000089B00020A3C05BB0057
:200B200000089B00000A3C0182013C09014100F61A50421F60F2142F34FFC2113F61F8FFCE
:200B400082123C0100900258404C0269910000D6D9DD6084FF240F80BB0000089BF00100E1
:200B60003F900980BB0000089BF00100A2907F80048082023C4114DFEE0C821034D089D438
:200B80002A08B708050089D00209DA0089DF060909DF6A087E4709DF020909D00609420F5F
:200BA0003E8382023C2909DF0609EE0AB70805F089DF0209B70805F03E8382023C1D3C18CF
:200BC00009D00609DA207E0740D46D00EF00F62382023C1209DF060910DF14CF2CFA09DF7C
:200BE0000609C21F89DF0609B01CC2F9C218FF19E9FF82123C0100900D004003DA006E0133
:200C00009100F0FAD9FF5455DAFA74FF0D0080049110F0FAD9FF909A9110F02AD922989A8B
:200C20009110F04AD944A8AA9110F05AD955A8AA74F4DA01742FDA80744FDA50745F0D00F2
:200C400080040D00000302546D002701DA006E019100F0FAD9FF5455DAFA74FF0D008004F8
:200C60003C010090144F8F8F01000C418F0F01F0A6F00C428F8F00F0A6F00C430FF0A020B3
:200C80003C0100900248404C02590D004003DA006E019100F0FAD9FF5455DAFA74FF0D006D
:200CA00080049100F0FAD9FF5455B70818007B0000FA7E05DA5074FFDA003C0EB70818004D
:200CC0007B00F0FA7E05DA5D74FFDA003C050D008004DA013C016E050D00000382023C5B20
:200CE000820A3C1D534A20F010C46DFFBDFF022B534A20F010CF49F4020A6DFFB5FF76814D
:200D00009100F0FAD9FF70750D00800474FBB04F0D00800474F20D008004C21ABF8AE4FF0C
:200D20009110F0FAD9FF909A9110F02AD922989A9110F04AD944A8AA9110F05AD955A8AA89
:200D400074F8DA00742FDAA0744FDAAA745F0D0080040D00000302946D009F00DA006E018A
:200D60009100F0FAD9FF5455DAFA74FF0D008004DF02110082003C0B1A0860FF14F101C09D
:200D800000F614FF3E1382023C06C210DA203FF0F5FF3C010090DF1405803B0001203C0364
:200DA0003B8000203C010090404C14CF6E0409CF0609EE0382123C353C0B09CF060910CFC0
:200DC000DAFF2CFA09CF0609C21F89CF060909C00609DA203FF0F3FF09CF6A085E16BB0079
:200DE00000F89B0F02FA3C05BB0000F89B0F00FA3C0109C00209420F09C46A086DFFCDFFE4
:200E000049C40A0A0BF210486DFF3EFFDA0089CF060909CF02098B0F02F089CF02093C0163
:200E2000009085FF10003C01A24F6D0006000BF220213C010090910000F6D9FF2C0454FF00
:200E4000FF0F2400910000FF3B00B4849BC80480BCF16DFF5EDD913000FF39FF3506160FCA
:200E60004B0F41F14BF251F03C013C014B0F31F13B90D00306604B0F0102E2083C01910059
:200E800000F6D9FF2C0474F8910000F6D9FF2C0454F23C010090024F85F810003C013C07E8
:200EA00002846DFFC0FF762382023C24910080FF19F0100226F0DF00F5FF910080FF39FFA8
:200EC0001102370FE1F1EE08910080FF39FF1102370FE1F26E0DDA006E019100F0FAD9FF66
:200EE0005455DAFA74FF0D00800482023C0382123C0100906DFF13FD762382123C028202E2
:200F00003C0100906DFF4DFD00906DFF61FD762382123C0282023C0100900248A00C8F783B
:200F200000F16E0D8F7800F18B8F00018BF01F110B8130F1EE0342083C0282086D00B5268F
:200F4000910000F6D9FF300454FFEE0E910000F6D9FF300491000026D9224C94B0728020C8
:200F6000B70003F074FFBF182C80910000F6D9FF340454FF8BF81F010BF030F1EE21910088
:200F800000F6D9FF340454FF428F3B80FF077F0F1880910000F6D9FF3004D4FF9100002623
:200FA000D9223404542F10FC910000F6D9FF340491000026D9223404542F42F874F86D0058
:200FC000F72840C23C0100900090911000F8D9FF2C0854FF6E06C4F22D02000054FFEEFC05
:200FE0000090910000F68210D9FF0804820149F0C008F6056DFFEBFFDA0274FF54FFDF2FDF
:20100000FFFF00902048911000F6D9FF589C14F8911000F6D9FF589C485991100046D94463
:2010200070BC82046D000C05022A911000F6D9FF589C09F00829911000F6D9FF589C09F16A
:201040000C294210911000F6D9FF589C09F124194210911000F6D9FF589C48EF42F09110B0
:2010600000F6D9FF589C48FF42F0911000F6D9FF589C09FF0E09120B8200910000F6D9FFB5
:20108000380454FFFE83910000F6D9FF3C0454FF7E9D910000F6D9FF001454FF7EA79100B7
:2010A00000F6D9FF041454FF3EB28210910000F6D9FF081491000026D9220814542FC21FC8
:2010C00074FFF60A910000F6D9FF081454FFFFAF04801D009600910000F6D9FF0814DA0095
:2010E00074FF910000F6D9FF380474F8910000F6D9FF3C0474F9910000F6D9FF001474FA89
:20110000910000F6D9FF041474FB74A86D00A4207623DA013C02DA00780189A9080989AA21
:201120000C09911000F6D9FF589C09FF06097804911000F6D9FF589C09FF0A097805911008
:2011400000F6D9FF589C09FF02097806911000F6D9FF589C09FF0E097807911000F6D9FFCC
:20116000589C09FF04297808911000F6D9FF589C09FF08297809911000F6D9FF589C09FF3E
:201180000C29780A911000F6D9FF589C09FF2419780B911000F6D9FF589C48EF780C9110AE
:2011A00000F6D9FF589C48FF780D911000F6D9FF589C489F780E911000F6D9FF589C48AF77
:2011C000780F911000F6D9FF589C48CF7810911000F6D9FF589C487F78118B0B20F26E06B7
:2011E00091100048D944DED73C0591100048D944E7D749A5000A3B2001406D005730009017
:20120000BC4E911000F6D9FF589C49FF000A4942000AC504240044FF642FFC4E0090024F8C
:2012200091100046D944B44C82043B4005506D003F0691100046D944589C82043B40095050
:201240006D00360691100046D944986C82043B003F506D002D06911000F6D9FF8C6C820004
:2012600034F0911000F6D9FF946C820034F0911000F6D9FF906C820034F091100046D94420
:2012800048CC6D00CD1B911000F6D9FF549C820034F0911000F6D9FF509C820074F09110FE
:2012A00000F6D9FF4C9C820074F0910000F6D9FF0C14820034F002F46D00BD1F911000F697
:2012C000D9FF6CBC6D004E2174F20090910000F6D9FF0C1414FF8B1F00223C0100906D00A4
:2012E00080006D003F2102246D00220400900B451088404C026ADAF83FAF048076A47CC3DB
:2013000082023C3A911000F6D9FF946C14F46D000804022B911000F6D9FF8C6C14FF7EBE00
:20132000911000F6D9FFB44C91100026D922B44C4C26C21F6CF682023C1F911000F6D9FF79
:20134000946C14FF53CF2FF0911000F6D9FF986C10F4344889490108894A020876A6B0348E
:2013600040C502A46D007205911000F6D9FF946C34FB82123C01009020587C4382023C2FB9
:20138000494F000A49A2000AA0A444FF642FFC4E911000F6D9FF886C91100026D922886C39
:2013A000542FC21F74FF911000F6D9FF886C54FF74AF49A4000A49A52C0A3B6002406D0018
:2013C0008F1BCE2382023C0B82243B00015049A42C0A3B6002606DFF8CFF3C0100906D0024
:2013E000C120022F6D00381FF629911000F6D9FF6CBC54F05200CE023C4D911000F6D9FF03
:201400006CBCC22F74FF6D006703F6223C4391100046D94470BC82046D0012033B1060F4FB
:201420009B3FF5F53E2B911000F6D9FF549CDA0034FF82046D0016033C2D91100046D9449A
:2014400070BC82446D00FC02022F91100046D94470BC3B8000406D00F30202283B004000CC
:201460007F8004803B0040806E0402F46D00C00002846D0006026D00752091100046D94458
:2014800048CC02246D00F51A6D006C2002246D00D00300902008404F14FF1E6314FF5E7A71
:2014A00014F40835C82409F6C4086D007E0E1D009E0014FF9E10911000F6D9FFB44C9110AB
:2014C0000026D922B44C092F0019C21F89FF00191D008D00083F9E11083F1E3F083F1E4D22
:2014E000911000F6D9FFB44C91100026D922B44C4C2EC21F6CFE3C7A09FFC408EE0D9110D0
:2015000000F6D9FFB44C91100026D922B44C4C2DC21F6CFD3C6BC8221428083FDF1F5D8089
:2015200009FFC4081E5D911000F6D9FFB44C91100026D922B44C4C2DC21F6CFD3C57DA20DB
:201540007E823C54DA505F8F2280C822B01214200C218F8F20F0A6F03C0137005040C82F75
:20156000B03F14F0081F8F8F20F0A6F03C013700505049A4020A6D00B2003B00014049A4F8
:20158000020A82256D0028013C31DA10FE8FC822B01214240C218F8F20F0A6F43C016D009B
:2015A000600134A2C82FB03F14F4081F8F8F20F0A6F43C016D00550189A2010849A4000AEC
:2015C000822502846D0008013C11A004820502846D0002013C0BC824B01409FFC408C2FF6E
:2015E000370F685002846D00F7000090024A82083B0028F07FAF0F80911000F6D9FFB44C1E
:2016000091100026D922B44C4C22C21F6CF23B0028A03C483B4010F07FAF05803B4010F02B
:201620003C0202AFC23FB70F02F0370F70903B4010F07F9F04803B401090C218824482055D
:20164000A00491100056D955B00C821702966D001E1E762F911000F6D9FFB44C9110002650
:20166000D922B44C092F0C19C21F89FF0C193C1C911000F6D9FFB44C91100026D922B44CFB
:201680004C21C21F6CF16D006D1F91100046D944B00C0B9210486D0056007F9A03803C0452
:2016A000A29AFF1AB9FFBF1819803B8000408205A004A005820682076D00E91D762E911019
:2016C00000F6D9FFB44C91100026D922B44C092F0C19C21F89FF0C190090534426F03B8097
:2016E00025004B0F0102534526F03BC012204B2F0122A220534426F03B8025104B1F012204
:20170000534526F03BC012104B1F01421A423B4006107F0104003B4006003BC0F91F7F10BD
:2017200004003BC0F90F3B4006107FF10300DA643BC0F91F7F1F04003BC0F9FF34402C41D7
:2017400000902010404C0B451088820A3C4191100046D94448CC01CA00F614F449A5000A73
:2017600002956D005818DA013E27DA02BE2582505F201F003C29911000F6D9FFB44C911011
:201780000026D922B44C4C27C21F6CF749A4000A6DFF82FE3C1A911000F6D9FFB44C911028
:2017A0000026D922B44C4C28C21F6CF83C0E911000F6D9FFB44C91100026D922B44C4C295F
:2017C000C21F6CF93C023C01C21A370A70A03F8AC0FF009020180248404F0259DA107F9F8F
:2017E0000E80911000F6D9FFB44C91100026D922B44C4C2CC21F6CFC3C32DA327E836D0081
:20180000CB2A34A889A90108769749A4020A40F502946D001B0349A4000A6D00262ADF02CB
:201820001480911000F6D9FFB44C91100026D922B44C4C2BC21F6CFB91100048D944E5C772
:201840006D00312D3C0C911000F6D9FFB44C91100026D922B44C4C2AC21F6CFA00903704BC
:201860005020DA647F2F05003B4006203C073BC0F9FF7FF204003BC0F92F3C0100902008A3
:2018800002488209820A911000F6D9FF8C6C14F0911000F6D9FF946C14FF3E03FFA804808E
:2018A0001D00C0003C6A911000F6D9FF8C6C14F053C02FF0911000F6D9FF986C10FF08245A
:2018C0006D0001193B401000A2907F2003803C61082FB4AF3B4010F0A29F370F70F0ACA2BB
:2018E00014F491100026D922906C142582060817B03F91100026D922B00C0129005640F421
:201900006D000617FF021A00911000F6D9FFB44C91100026D922B44C4C25C21F6CF591109D
:2019200000F6D9FF8C6C91100026D9228C6C14246D00F70034F23C21422937097090C21A81
:20194000370A70A0911000F6D9FF906C91100026D922906C142FC21F34FF911000F6D9FF47
:201960008C6C91100026D9228C6C14246D00D90034F23F8903803C0D911000F6D9FF8C6C16
:2019800014FF911000F6D9FF946C14F05F0F8DFFF6923C478234820591100046D944B00CBF
:2019A000A005820702966D00721C762F911000F6D9FFB44C91100026D922B44C092F0C1933
:2019C000C21F89FF0C193C2D911000F6D9FFB44C91100026D922B44C4C23C21F6CF391108F
:2019E00000F6D9FFB44C91100026D922B44C4C2442AF6CF482748205A004A00582068207BF
:201A00006D00451C762E911000F6D9FFB44C91100026D922B44C092F0C19C21F89FF0C1938
:201A20000090404582248205A0043B80016082176D002D1C8B0200223C010090014400F69E
:201A400014F0081F8F8F00F0A6F0082F8F0F01F0A6F0083F8F8F0120A6023C013C01009023
:201A6000910000F6D9FF0C1414FF7E423C33910000F6D9FF0C1434F4DF241880911000F6CC
:201A8000D9FFB44C91100026D922B44C092F1019C21F89FF10196D007F2991100048D9449E
:201AA000F4C76D00002C3C16DF140F8091100046D94448CC6D00B41791100048D944FEC7E3
:201AC0006D00F12B3C0791100048D944C6D76D00EA2B0090911000F6D9FFB44C911000264F
:201AE000D922B44C542FC21F74FF91100046D94470BC6DFF98FFDF021180911000F6D9FF00
:201B0000B44C91100026D922B44C092F0C19C21F89FF0C1982023C0382123C010090C2141E
:201B2000DA044BF4110202123C0100900248911000F6D9FF589C49F4042A6D006E1B9110E5
:201B400000F6D9FF589C91000026D9220C14142F34FF911000F6D9FF549C14FF6E089110F2
:201B600000F6D9FF4C9C54FFA2F83C028208911000F6D9FF589C89F80209911000F6D9FF9C
:201B8000589C91100046D94470BC82446DFF58FF89F20609911000F6D9FF589C91100046C4
:201BA000D94470BC3B8000406DFF4AFF89F20A09911000F6D9FF589C91100046D94470BC0B
:201BC0003B0001406DFF3CFF89F20E09911000F6D9FF589C6D001A1B89F21208911000F61F
:201BE000D9FF589C6D00F81A6852911000F6D9FF589C91100026D922B44C4922000A49FFFE
:201C0000180AC5041400442F64FFFC4E911000F6D9FF589C91100026D92248CC4922104AA7
:201C200049FF2C1AA054442F64FFFC4E0090024891100046D94470BC3BC000406DFF00FF52
:201C4000911000F6D9FF549C14FF6E07911000F6D9FF509C54FFBE22911000F6D9FF509CB4
:201C600074F2911000F6D9FF549CDA0134FF911000F6D9FF4C9C74F83C12911000F6D9FF11
:201C80004C9C54FFA2F83B401FF03FF8068082246DFFE8FE3C0482146DFFE4FE0090094231
:201CA000900909458409CC42EC5209458809CC41EC51CC217D4F0580CC42EC213C01A00FF6
:201CC000EC44542FC2FF742F54223C010090494F080AEC4182FF6C42494F080AEC43494F33
:201CE000080AEC44DA00744F0090A00FEC440090545F5EF3CC443C09494F080A3C02C81FDE
:201D0000C81254207F0FFDFFC812895284090952840989258809EC52E81589549009544F2E
:201D2000C21F744F0090C234B70402F06E669249DF096400910000C6D9CC1C2454CFEE156F
:201D400082046DFF93E4802F325F160392446DFF8DE48020DFF05200102FF4CF9100002694
:201D6000B52F1824820074F0D4CD820A3C0410DF49FD3FFA54DF6E036F0FFBFFF4CD3C1D4C
:201D8000B70801F010DF6F08188054FFEE1182046DFF6CE449F4040A7D420F803258028458
:201DA0006DFF64E4802F1EF874DA82083C0CAE0442F874D840DF40FD54D876856F08E2FF77
:201DC0003F98E0FFDF082680BF19180002946DFF4DE4802F9EF249DF040A01F220F4EE0D26
:201DE000012F30F4EE12802F325F1603102F92446DFF3CE4802F5EF3A002009001DF202043
:201E0000802F960174DF40FD01D900F674FA3C0A9A493FF8078001D900F6A29874F83C0213
:201E200002898F1940F174DF49D2040A00903C09144F1450C2F43E0352020090B014B015C2
:201E4000DF04F8FF82020090DF043000404FBF842780804F8F3F000180518F3100115F1059
:201E60001F802E06C2F4045F344F494F010A80FF2E16045F24FFC2E4045F24FF8F740001D7
:201E80008FD41FF06E0B02F14052C2F160160922480189F24801FC6CD05502047646C2F46C
:201EA0006042045F24FFFC2E40420090404FBF852380804F2E05C2F53444494F010A80FFF5
:201EC0002E1424F4C2E524F48F7500F106D5DF051200D200764A370468008F802010A610F9
:201EE0008F002110A6100201C2F5605289F04801FC2E02F57655C2F5605224F4FC2F404224
:201F00000090538422F0911000F6D9FFC86C10FFC86209F05C08DA010F0F10F06C21C8823F
:201F200009F06408DA010F0F10F06C2182056D002301009020289100014F6DFFF5C2910031
:201F4000014F6DFF2BC502289100014F02846DFF84C59100014F820402856DFF2DC59100B2
:201F6000014F82249B0408406DFFA3C482091D00D90049A4000A9100015F6DFF6CC4534910
:201F800020F0911000F8D9FFD02710FFD4FF14FF2CA4534920F0911000F8D9FFD02710FFE1
:201FA000D4FF09FF01082CA5DA0189AF1208DA0189AF1308534920F0911000F8D9FFD027FD
:201FC00010FFD4FFF807DA8089AF2008DA0089AF21080CA43B008000E20F60FF9110013F8F
:201FE00030F3D934000D09A4050882056DFF37C33B0000F49BCF69F44BF851F04B0F71F1C7
:202000007802DA007803538922F0911000F6D9FFC86C10F449A5000A6DFF83C3538922F0C4
:20202000911000F6D9FFC86C10FF58026CF5538922F0911000F6D9FFC86C10FF530921F026
:2020400091100028D922D01710220922C00989F2D809538922F0911000F6D9FFC86C10FFB3
:20206000530921F091100028D922D01710220922C80989F2E009530921F0911000F8D9FFD8
:20208000D01710FFD4F4530921F0911000F8D9FFD01710FF08443B0008506DFFD0C5530972
:2020A00021F0911000F8D9FFD01710FFC824530921F0911000F8D9FFD01710FF08C43B00E1
:2020C00008506DFFBCC5530921F0911000F8D9FFD01710FFD4F2530921F0911000F8D9FF43
:2020E000D01710FF084F7B1000000FF0100089200409530921F0911000F8D9FFD01710FF6F
:20210000C822530921F0911000F8D9FFD01710FF08CF7B1000000FF0100089200409C219FF
:20212000BF4929FF0090538422F0911000F6D9FFC86C10FF91100028D922F0D7012400266E
:20214000142FC65F6E0382103C037B100000C86209F15C080F101000892004096E047B10E0
:2021600000F03C02DA01C88209F064080F0F10F06C210090538422F0911000F6D9FFC86CE0
:2021800010FFC82409F405086DFF7CC2C8346DFF52C200900B541088BF4903803C2C3B80DF
:2021A0003EF07F8F05003B803E803C073B80C1FF7FF804003B80C18FF68502946D001D0086
:2021C0003C1A8B18805202946DFFAFFF8E823C023258538922F0911000F6D9FFC86C10FF0C
:2021E000485FE2F83B803EF04BF811020B9010486DFFC2FF0090538422F0911000F6D9FF17
:20220000C86C10FFC86209F05C087B1000F00F0F10F06C21C88209F064087B1000F00F0F86
:2022200010F06C2182056DFFA7FF0090DA003C0502F46DFFE2FFC21FBF4FFCFF0090024FBF
:202240000258820402F56DFFA7FF821402F56DFFA3FF822402856DFF9FFF823402856DFF1A
:202260009BFF0090201849A4000A6D00C72814AF910000F6D9FF101414F07E023C369100DC
:2022800000F6D9FF101414AF34FF0CA56E03DA013C02DA00911000F6D9FFC89C14F0BE02AA
:2022A000911000F6D9FFC89C34FF6E0691100048D944C0F73C0591100048D944DAF76D0062
:2022C000F227DA003C0810AF09F50A0802F46DFF79EFC21FBF4FF9FF09A48E086DFF62EF47
:2022E00009A490086DFF7EEF0090911000F6D9FFDC9CDA00B4FF911000F6D9FFE09CDA00F7
:20230000B4FF911000F6D9FFDC9CDA00ACF1911000F6D9FFE09CDA00ACF182046DFFF3FD68
:2023200082146DFFF0FD82246DFFEDFD82346DFFEAFD820482056D004E280090911000F692
:20234000D9FFEC8C14FF6E18911000F6D9FFEC8CDA0034FF911000F6D9FFEC8CDA002CF2C1
:202360006DFF66FF82146D00600091100048D944E9E76D00982700902010911000F6D9FFF8
:20238000EC8C08146DFF39FF49A4000A6DFF3FEE911000F6D9FFEC8C081F534F20F0911014
:2023A00000F6D9FFEC8C10F2911000F6D9FFEC8C081F534F20F010AF54F0911000F6D9FFA3
:2023C000EC8C482FA2F089200C09911000F6D9FFEC8C081F534F20F0911000F6D9FFEC8C17
:2023E00010FF483FFF0F1300911000F6D9FFEC8C08146DFFFEED325237024850911000F6E0
:20240000D9FFEC8C08146DFFDDEE911000F6D9FFEC8CDA022CF2911000F6D9FFEC8C6D00E4
:20242000A11868120090201889A4010882083C1501A800F602846DFFDCED2822534820F041
:2024400010A2534820F0911000F6D9FFEC8C10FF483F892F0609C218BF48ECFF49A4000A18
:202460006D008A230090201049A4000A6DFFCFED82003C0B534020F0911000F6D9FFEC8C10
:2024800010FFDA006CF3C210BF40F6FF911000F6D9FFEC8CDA0134FF911000F6D9FFEC8C52
:2024A000DA002CF1911000F6D9FFEC8CDA012CF2911000F6D9FFEC8C6D005418681291106A
:2024C00000F6D9FFEC8C54AF6CF26D000E2482046D008E1082146D008B106DFFA9FE9110D3
:2024E0000048D944F9D76D00DE26009020206D0039180228911000F6D9FFEC8C082F8200DE
:202500005F0F940082103E058220BE091D008E00911000F6D9FFEC8C08143B8007506DFF4F
:202520003BFE911000F6D9FFEC8C481F0BF88000DAFA3FF004806DFF21FF3C7E911000F62D
:20254000D9FFEC8C08146DFF58FE911000F6D9FFEC8C481F0BF88000DA503FF0668091109C
:2025600000F6D9FFEC8C91100026D922EC8C0C21C21F2CF1911000F6D9FFEC8C081FBF4F94
:20258000378082083C16534820F010AF02846DFF30ED74F29A48534F20F010A2534820F0D8
:2025A000911000F6D9FFEC8C10FF483F742FC218BF48EBFF91100048D944E2E749A5000A69
:2025C0003B8000406D00182682046DFF2EFF911000F6D9FFEC8CDA0034FF911000F6D9FFD3
:2025E000EC8CDA002CF26DFF23FE3C1E49A4000A6DFF0DED91100026D922EC8C911000F656
:20260000D9FFEC8C081F534F20F010AF54FF6C22911000F6D9FFEC8CDA012CF2911000F67A
:20262000D9FFEC8C68183C08911000F6D9FFEC8CDA0034FF3C0100902018911000C6D9CC81
:20264000DC9C911000F6D9FFDC9C8814911000F6D9FFDC9C94F56D00E00189C2820891104B
:2026600000C6D9CCE09C911000F6D9FFE09C8814911000F6D9FFE09C94F56D00CE0189C2F1
:20268000820849A4000A6D00652309AF50086E09911000F6D9FFC89C14FF6E03DA013C02CD
:2026A000DA008204911000F6D9FFDC9C881594A602F76D00A90F02288214911000F6D9FFAF
:2026C000E09C881509A6820802F76D009D0F022F0B8F10486DFFB5FD0B8F10486D007B2655
:2026E00049A4000A0B8F10486D00030000902018404C0B4510886D003517022A911000F6C9
:20270000D9FFDC9C881FEE14911000F6D9FFE09C881FEE0EF68DF69C94CFEE0A8CC1EE087F
:20272000911000F6D9FFE49CDA0034FF3C3991100026D922E49C142F6E09911000F6D9FFBD
:20274000E88C54FF5AFABF0F2C00911000F6D9FFDC9C881F74AF94CF780189A808099110F4
:2027600000F6D9FFE09C881F78038CC1780489A9140991100048D944F4D749A5000A826426
:202780006D003A25911000F6D9FFE88C1B8A3EF074FF911000F6D9FFE49CDA0134FF0090B7
:2027A000911000F6D9FFDC9CDA00B4FF911000F6D9FFE09CDA00B4FF911000F6D9FFDC9C46
:2027C000DA00ACF1911000F6D9FFE09CDA00ACF1911000F6D9FFD49CDA0074FF911000F65D
:2027E000D9FFD89C6D00BE1674F2911000F6D9FFE89CDA0034FF911000F6D9FFE49CDA001D
:2028000034FF911000F6D9FFEC8CDA0034FF911000F6D9FFEC8CDA002CF1911000F6D9FF44
:20282000EC8CDA002CF2911000F6D9FFEC8CDA006CF1911000F6D9FFEC8CDA006CF291104A
:2028400000F6D9FFD09CDA0074FF911000F6D9FFCC9CDA0074FF910000F6D9FF1014DAFF71
:2028600034FF911000F6D9FFC89CDA0034FF6D00B00E6DFF2FDF6DFFDBFC009020206D0020
:202880007116022849A4000A6D00BF23911000F6D9FFD09C54FF3E2E911000F6D9FFD09CCC
:2028A000580274FF911000F6D9FFCC9C1BC812F074FF911000F6D9FFCC9C54FFEE0382027D
:2028C0003C50911000F6D9FFCC9C54FFA2F8BF0814006D00480082046D008A0E82146D008A
:2028E000870E6DFFA5FC91200048D9440D086D00DA2482023C36820494A56DFF4DFC8214A0
:2029000009A582086DFF48FC822409A584086DFF43FC823409A586086DFF3EFC94A08CA14B
:2029200042F0370050408CA209A08608420F370F50506D00502549A40C0A6D000B2249A496
:202940000C0A94A08CA142F0370050408CA209A08608420F370F50506DFFCBFE82123C0165
:202960000090911000F6D9FFCC9CDA0074FF6D0037230090200849A4000A49A5020A49A644
:20298000040A6D00E02402286D00EC15911000F6D9FFD49C54FF3E8B911000F6D9FFD49C46
:2029A00074F8911000F6D9FFD89C74F2911000F6D9FFE89C0CA434FF911000F6D9FFD89CA9
:2029C00054FFA2F2DA967F2F0680DA00B4AFDA00ACA1911000F6D9FFDC9C94AFB4FF91108A
:2029E00000F6D9FFE09C8CA1B4FF00906D00BA15022F3C106D0020006DFF4ED40228028499
:202A00006DFF9DD202846DFF67D4C21F02F46D00BF153CF10090A245370550F0BF3F040074
:202A2000DA023C04FFEF030082EF42F4370450203C0100906DFFE5EB6DFFE3DE6DFF14FC85
:202A40006DFF9AFF911000F6D9FFE89C14FFEE056D009B21DF0215006DFF72FC911000F6E8
:202A6000D9FFCC9C54FF6E036DFF7DFF6DFF3FFC82046D00BD0D82146D00BA0D3C1C911043
:202A800000F6D9FFEC8C14FF6E0A6D002E21762482246DFFCAFC6DFF2BFD3C0D6D002521A7
:202AA00076246DFFE2FC3C076DFFEAFE76223C036DFFC4FD0090911000F8D9FF200880FFEF
:202AC000BB0000089B0002083F0F048082123C0282023C0100906DFF1BEF911000F6D9FFB4
:202AE000F89C6DFFEAFF34F2911000F6D9FFF89C91200028D9221638E812911000F6D9FF39
:202B0000F89C91100028D922E612E822911000F6D9FFF89C91100028D922E852E83291109F
:202B200000F6D9FFF89C91100028D922F612E842911000F6D9FFF89C91100028D922FA423A
:202B4000E852911000F6D9FFF89C91100028D922FC32E862911000F6D9FFF89C9110002830
:202B6000D922F822E872911000F6D9FFF89C91100028D922D052E882911000F6D9FFF89C90
:202B800091100028D922CA52E89291100046D944F89C6D003303911000F6D9FFEC9C6D003C
:202BA000E11474F2911000F6D9FFF09CDA0034FF911000F6D9FFF49CDA0034FF00902018DE
:202BC000911000F6D9FFF09C14FF6E023C4C6DFF7FF37627911000F6D9FFF49CDA0134FF67
:202BE000911000F6D9FFF49C14FF6E0D6D00BA14911000F6D9FFEC9C54FFA2F23B8038F14B
:202C00007FF203803C30911000F6D9FFF09CDA0134FF49A4000A6D003800F62D9120004893
:202C2000D9442E186D003F2349A4000A6D000D0176223C1949A4000A6D00A000DF0214000A
:202C400049A4000A6D000101762891200048D94416286D0028233C0791200048D9443B28A8
:202C60006D00212300906DFF0EEE762382123C0282023C0100906DFF2DEE762382123C02FD
:202C800082023C010090404F6D00E701762D6D00DE014922000A49FF000AA044442F64FF8F
:202CA000FC4E82123C096DFF08FF40F402246D003A0282023C0100902018024F6D00CD0166
:202CC000F6223C1C6D00C301492F000A49A2000AA04444F06420FC4E49A4000A02F46D009C
:202CE0006E00762C49A4000A6D00AF00762791200048D9441A186D00D62200902018024F4E
:202D000049A4000A6DFFC1FF49A4000A02F46D006E00762D49A4000A6D00970076289120DB
:202D20000048D94419086D00BE223C0791200048D94435086D00B72200906DFFEBEE762376
:202D400082123C0282023C0100906DFFD2F20090913000FF39FF20169602913000FFE9FF22
:202D600020163C013C0000906DFFEFEE762382123C0282023C010090404F54FF3B40350479
:202D80009BF0D4047E04088FBF2F048082023C15088F40F402F46D004700DF320400820262
:202DA0003C0C824540F402F46D003600DA002CFCDAFF2CF982123C010090404F024854F0B9
:202DC0003B4035F49BFFD4F47E03BF28048082023C0C820540F402846D001E00089F7E83C1
:202DE000DAFF2CF982123C010090404F024854F03B4035F49BFFD4F47E03BF2804808202E1
:202E00003C09822540F402846D000600289882123C010090DF14058089450B083C03894512
:202E20000A080090DF14058009424B083C0309424A083C010090911000F6D9FFE0ACF4F44E
:202E40006D005B0100902048911000F6D9FFE0AC54FF6E027C4482021D008300494F000A6D
:202E600049A2300AA04444FF642FFC4E3B4035F49BFFD4F4780C911000F6D9FFFCAC14FF75
:202E80006E08911000F6D9FFE4AC481FC21F3C02DA01780DEE0382023C63911000F6D9FF54
:202EA000FCAC14FF6E09911000F6D9FFF8AC14FF8F1F80F13C02DA00911000F6D9FFE0AC88
:202EC000D4FFD4FF02F42D0F0000F62382023C4849A4300A49A5000A6D008200911000F654
:202EE000D9FFE0ACD4FFC81F49A4000A3B80015002F42D0F0000F62382023C32911000F6DD
:202F0000D9FFE0ACD4FFC82F49A4180A3B80015002F42D0F000049A4000A49A5180A3B8074
:202F200001406DFF86F7762382023C1A911000F6D9FFE4AC49A2300A49FF000AA044442036
:202F400064F0FC4E911000F6D9FFF8AC34FF911000F6D9FFFCACDA0134FF82123C01009007
:202F6000404F405C14F0DA547E0D081F3B3004007E09082F3BF004007E05083F3BD004000D
:202F80003E0382023C2B3B40014040F46DFF85E1022F49F4140A6D00EC003E2382023C1E1F
:202FA00082043B40015040C46DFF82F73B4035F49BFFD4F474CF40F4B0446D00DA0089C2D3
:202FC0000409088F2CC8089F2CC908AF2CCA08BF2CCB08CF2CCC82123C010090404C405FF7
:202FE000DA5434FFDA432CF1DA4F2CF2DA4D2CF340F4B04409C404096D00CA000CC82CF878
:203000000CC92CF90CCA2CFA0CCB2CFB0CCC2CFC0CCD2CFD0CCE2CFE0CCF2CFFDA0089FF4E
:203020001008DA0089FF1108DA0089FF1208DA0089FF13083B40014040F46DFF2EE149F45C
:20304000140A02246D00A400009091100026D922E4AC3C010090203082088209911000F670
:20306000D9FFFCACDA0034FF911000F6D9FFE0AC54FFEE0382023C3F820A3C35911000F6F1
:20308000D9FFE0ACD4FFC82F49A4000A3B80015002A42D0F000049A4000A49A5180A6DFFAA
:2030A00061FFF6223C1F769458077FF81C80911000F6D9FFE4AC49A2180A49FF000AA0447F
:2030C000442F64FFFC4E911000F6D9FFF8AC34FA911000F6D9FFFCACDA0134FF09A81C0994
:2030E0008219C21ABF2ACCFF911000F6D9FFFCAC14F23C010090911000F6D9FFFCACDA00CA
:2031000034FF911000F6D9FFF8ACDA0034FF91100046D944E4AC82043B4001506DFFC8F64C
:203120000090404F024882043B40015040F46DFFBFF63B4035F49BFFD4F474FFDA006CF1CF
:20314000DF180480DA013C02DA002CF8DAFF2CF9088FEE03DA043C02DA002CFA088F5E1333
:20316000DA043C02DA002CFBDA002CFC009014400C418F8F00F0A6F00C428F0F01F0A6F0E8
:203180000C438F8F0120A6023C0100908FF40FF1344F370468F42C41370468F82C423704DE
:2031A00068FC2C430090911000F6D9FFC0BC91100026D922C0BC4C27C21F6CF7DF641680F3
:2031C000DA303E56DA313E58DA353E5A3C0C02646D00FF003C0902646D00A7013C056D0081
:2031E000E5003C023C013C08DF740780DA347E536D006B023C010090404F91100046D94438
:20320000C0BC82043B801B506DFF52F691100026D922C0BCF42F911000F6D9FFC0BCDA00AC
:203220002CF4911000F6D9FFC0BCDAFF2CF5911000F6D9FFC0BCBBF0FFFFACFC009091101C
:2032400000F6D9FFC0BC084F1E1C911000F6D9FFC0BC084F5E243B4006203C0282023C141C
:20326000911000F6D9FFC0BC09FF1209534F26F0911000F6D9FFC0BC09F006094B0F110228
:20328000370068203C010090911000F6D9FFC0BC09F40E096DFF0FE0911000F6D9FFC0BC5D
:2032A00009FF0A093E29911000F6D9FFC0BC08546D005C003C59911000F6D9FFC0BC49F4BF
:2032C000200A6D00D518DF220A00911000F6D9FFC0BC08546D004A003C47911000F6D9FF6F
:2032E000C0BCD4FFC842911000F6D9FFC0BC0854911000F6D9FFC0BC48952D020000DF1246
:203300000A00911000F6D9FFC0BC08546D002E003C2B6D004202F629911000F6D9FFC0BC9F
:2033200008546D0023003C20911000F6D9FFC0BCDA022CF4911000F6D9FFC0BCD4FF486FE9
:203340006E0E911000F6D9FFC0BCD4FFC862911000F6D9FFC0BC08542D02000082243B4072
:2033600006506D0000020090911000F6D9FFC0BCD4FF487F6E09911000F6D9FFC0BCD4FF3E
:20338000C87F2D0F0000911000F6D9FFC0BCDA002CF4911000F6D9FFC0BCDAFF2CF582342A
:2033A00082056D00E0010090911000F6D9FFC0BC084FEE06823482056D00D5013C0891100D
:2033C00000F6D9FFC0BC08546DFFD0FF0090FF840880823482056D00C6011D00A50091109D
:2033E00000F6D9FFC0BC084F5E196DFF2AFF821402256D00B8011D00970014400C418F8FCA
:2034000000F0A6F00C428F0F01F0A6F00C438F8F01F00FF0A080094144080C458F8F00F041
:20342000A6F10C468F0F01F0A6F10C478F8F01F00FF1A090DA947F8F0880BB4009F89BFF51
:2034400001F07F8F0780823482056D008C013C6B911000F6D9FFC0BCD4FF14FF5E13DA00EC
:203460003C02DA01911000F6D9FFC0BC2CF5911000F6D9FFC0BCD4FFC82F370F68402D0F48
:203480000000DF120A00911000F6D9FFC0BC08546DFF6CFF3C48911000F6D9FFC0BC49F467
:2034A000200A911000F6D9FFC0BCD4FFC8156D00FE17911000F6D9FFC0BC89F806099110A9
:2034C00000F6D9FFC0BC89F90A09911000F6D9FFC0BC6DFF21DF89F20E09911000F6D9FFB5
:2034E000C0BCDA0089FF1209911000F6D9FFC0BCDA00ACFB911000F6D9FFC0BCBBF0FFFFD3
:20350000ACFC911000F6D9FFC0BCDA0089FF1A08911000F6D9FFC0BCDA012CF48214820591
:203520006D0021010090404CFF3404801D00CC0014C00CC18F8F20F00FF0A0908BE41F8034
:203540007684DAF07F8F0880825502946D00EC001D00BA00911000F6D9FFC0BC084F1E17FD
:20356000823502946D00E0001D00AE0091100026D922C0BC092FD8087E97820502946D00F1
:20358000D3001D00A10091100026D922C0BC092FD6083E9E821502946D00C600911000F673
:2035A000D9FFC0BC08546DFFE1FE1D008D00911000F6D9FFC0BC91100026D922C0BC092410
:2035C0000E0940C4B02402856DFFA9DE89F20E09911000F6D9FFC0BC49F4200AB02CA0061C
:2035E00091100078D97774B340C502846D00D616DF021600DF121400DF221200DA097E23C4
:2036000082253C02824502946D008E00911000F6D9FFC0BC08546DFFA9FE3C55911000F6EB
:20362000D9FFC0BC91100026D922C0BC09201209420889F81209911000F6D9FFC0BCA8C972
:20364000911000F6D9FFC0BC9A19ACFB820502946D006A00911000F6D9FFC0BC09FF120923
:20366000534F26F0911000F6D9FFC0BC09F006094B0F110237006850911000F6D9FFC0BC58
:2036800009FF5A083E5A911000F6D9FFC0BC89F51A0882146D006700911000F6D9FFC0BC48
:2036A00009FF6008DE20911000F6D9FFC0BC09FF1209911000F6D9FFC0BC09F006097E031A
:2036C0006DFFE4FD0090911000F6D9FFC0BC084F1E223C10911000F6D9FFC0BCD4FF488FAA
:2036E0006E09911000F6D9FFC0BCD4FFC88F2D0F00000090024F0256911000F6D9FFC0BCDE
:20370000D4FFC832911000F6D9FFC0BC085402F540542D020000DF12048082023C02821210
:203720003C01009020088FF40FF134AF868489A4010889A50208911000F6D9FFC0BCD4FFF8
:20374000489F6E0F911000F6D9FFC0BCD4FFC89F82743B20035049A4000A82362D0F000051
:203760000090200834A489A50108911000F6D9FFC0BCD4FF489F6E0F911000F6D9FFC0BC75
:20378000D4FFC89F82743B30035049A4000A82262D0F00000090D9AAF0BE8208911000F67E
:2037A000D9FFC0BC489FD9A400116D00AC0A3C2552893B0000017F9004803B0000919110A5
:2037C00000F6D9FFC0BCD4FFC852911000F6D9FFC0BC085449A4000A028502962D02000026
:2037E000DF12040082023C22D9A4001149A5000A02946D00990A42983FF8DCFFD9A400114C
:20380000D9A500016D00200AD9A40001911000F6D9FFC0BC49F5280A3B0002406DFF09F3D4
:20382000F62382123C0282023C0100902008404DF4A5406C8208A00F0D0040030D00800438
:203840004D80E39F370964F88FCF01F0379F10F360FE3C01BCEB54E854EF370F64088FC093
:20386000010037F010F360FF3C01BCE8BCF754FFCD8FE30F0D00C0043C030D0000020D005D
:20388000000382043B00045040F46DFF11F380DF6CF23BF08FF06CF17B0002F074FF820442
:2038A0003B00045040E46DFF03F380CF6CE8D4AF80FF6CE1B73802FA74EF40D2B0C2DA0055
:2038C000742FB0C274293C010090DA1F0D0040034DC0E20FB700080016FFA6F0CDC0E20F3A
:2038E0000D00C0040D000003910000F6D9FF141491000026D9221414542FC21F74FF91001E
:2039000000F6D9FF141454FF5E134D40E0FF0090910000F6D9FF141491000026D922141490
:20392000542FC2FF74FF910000F6D9FF141454FFEE10DA000D0040034DC0E20FB700080011
:2039400016FFA6F0CDC0E20F0D00C0040D0000030090D44F54FFB70F0C0A370064F88FCF8A
:2039600001F0370F10F360FF3C013C0E54FFB70F0CFA74FF54FF370F64188FC1011037F1F7
:2039800010F360FF3C0154FFB70F0CFAEEF00D0040030D0080044D80E3FF74FFCD80E30F49
:2039A0000D00C0040D0000030090DA003E423C046D0007003C023C0182023C010090DA02E0
:2039C0000D0080044D00E00F6E19370064188FC1011037011003600F3C0182003C0B54F17A
:2039E000370164288FC2012037121013601F3C01C21092F13F10F57F54F0370064F88FCF1C
:203A000001F0370F10F360FF3C0154FF370F64188FC1011037F110F360FF3C0191000026DC
:203A2000D9221C14D422482F742FD42FB0CFF42FD42F91000046D9441414544F74FFD42F6E
:203A4000B0CFF42FD42F74F06D003D11DA020D008004910000F6D9FF1C14D4FFD4F2542099
:203A6000D4F2B042F4F291000026D9221414D4F454417421D4F2B042F4F2EE06CD00E00F8E
:203A80000D00C0043C1B4D00E01F370164288FC2012037121013601F3C0182013C0B54F244
:203AA000370264388FC3013037231023602F3C01C21192F23F21F57F74F000900D00000227
:203AC0000D004003DA000D0080044D00E00F6E19370064188FC1011037011003600F3C015D
:203AE00082003C0B54F1370164288FC2012037121013601F3C01C21092F13F10F57F54F0FE
:203B0000370064F88FCF01F0370F10F360FF3C0154FF370F64188FC1011037F110F360FFDE
:203B20003C0191000026D9221C14D422482F742FD42FB0CFF42FD42F91000046D944141492
:203B4000544F74FFD42FB0CFF42FD42F74F06D00BA10DA000D008004910000F6D9FF1C1412
:203B6000D4FCD4CF54FAD4CFB04FF4CF910000F6D9FF1414D4CD54D874F8D4CFB04FF4CFFA
:203B8000EE06CD0AE00F0D00C0043C1B4D00E08F370864988FC9019037891083608F3C01E4
:203BA00082083C0B54F9370964B88FCB01B0379B1093609F3C01C21892F93F98F57F74FAB1
:203BC0000D0000030D00400200800D000002911000F8D9FFE427D4F2911000F8D9FFE42739
:203BE000D4FF48CF3B50C3000650420F6C2C911000F8D9FFE427D4FF91100028D922E42730
:203C0000D422092F0019960189FF0019911000F8D9FFE427D4FF48CF911000F8D9FFE42743
:203C2000D4FF484FDA1F0D0040034DC0E28FB708080016FFA6F0CDC0E20F0D00C0040D0085
:203C400000033C016D00EC100D004003CDC8E20F0D00C0040D0000038208914000FF19FF92
:203C60009068370F61FC1E1376228218914000FF19FF90688FA80180A68F914000FF59FF51
:203C800090680D0080040D00C0040D0040020080911000F8D9FFE427D4FFDA1F6CFE9110A8
:203CA00000F8D9FFE427D4F2911000F8D9FFE427D4FF48FFB70F01F16C2FDA006E03DA0154
:203CC0003C02DA00911000F8D9FFE827D4FF8FBF20F0960274FF911000F8D9FFE827D4FFBD
:203CE00091100028D922E827D422542FB71F01F574FF911000F8D9FFE427D4F2911000F85E
:203D0000D9FFE427D4FF484F6C2C911000F8D9FFE427D4FF91100028D922E427D422092F72
:203D20000019960189FF0019911000F8D9FFE427D4F2911000F8D9FFE427D4FF48FF9601C3
:203D40006C2F911000F8D9FFE427D4F2911000F8D9FFE427D4FF484F3B50C3000650420FAB
:203D60006C2C911000F8D9FFE427D4FF7B0020F189FF2839DA006E03DA013C02DA00911008
:203D800000F8D9FFE027D4FF8FBF20F0960174FF911000F8D9FFE027D4FF91100028D92202
:203DA000E027D422542FB71F01F574FF0D004003DA000D008004910000F6D9FF1C14D4FF27
:203DC000D4F25420D4F2B042F4F291000026D9221414D4F454417421D4F2B042F4F2EE06AD
:203DE000CD00E00F0D00C0043C1B4D00E01F370164288FC2012037121013601F3C018201B2
:203E00003C0B54F2370264388FC3013037231023602F3C01C21192F23F21F57F74F04D4048
:203E2000E0FFB70F07F0CD4FE00F0D00C0040D004002008000000000000082023C010090EA
:203E400020080248404F025982105F80390082205F803B0082305F80380082405F80350001
:203E600082505F80320082605F802F00DA075F8F2C00DA085F8F2900DA095F8F2600DA109A
:203E80005F8F2900DA215F8F3A00DA305F8F3A00DA315F8F3A00DA325F8F3A00DA705F8F17
:203EA0003A00DA715F8F3A00DA725F8F5B00DA735F8F5B00DA745F8F5D003C5E6D001D026B
:203EC0006D00F4023C5A6D00180202846D0024023C546D001202BF290B8014FF370F4840E4
:203EE000081F370F48506D00B1023C07769614FF370F48406D0090023C406D00FE013C3D0D
:203F00006D0087023C3A6D00C0013C376D00E0013C346D00FC163C31DF390A8049A5000A50
:203F200049A6020A40F46DFF0DD6F62891200048D94436386D00B7193C206D00C602F62479
:203F40006D001303762891200048D94411486D00AA193C1314A409A582086D0075183C0D1F
:203F60006DFFDFD63C0A40F402946DFFB2D63C056DFF9ED63C023C010090094F00196E15FC
:203F8000CC43094F001910FFEC434C43094008093F0F0580D44FEC433C01CC4309440019A3
:203FA000405440F56DFF52EF0090F653F4553C02F45489543C0989550019821440546D0033
:203FC00092000090404F6DFF82FC48EFEE03DA013C02DA006DFF9EFC02F23C010090404FD5
:203FE0006DFF75FC09F805183C12489FEE03DA013C02DA00EE0A49F4240A6D00271076240C
:204000006D00D30D3C013C023C04C2F8FF18EF7F82FF89FF05186DFF7DFC6DFF58FC09F88D
:2040200004183C12484FEE03DA013C02DA00EE0B49F4100A6D000A1076246D00B60D3C01BD
:20404000C2F83C023C03FF18EF7F82FF89FF04186DFF60FC0090404F0B4510886DFF37FC11
:2040600009FF04185EF4DA0089FF041809FF05185EF4DA0089FF05186DFF4CFC48EFEE0875
:2040800049F4240A0B8910486D00A50D3C0140F46DFFA7FF00900B451088026AA00FBF18BD
:2040A0001F8082FF4B8F11023F901A8073980AF03B70FB0F3FF0148073980AF08B8F0440AA
:2040C0006DFF2DE7402FBCFA49F4081A0B89104802A640F56DFF6BFF3C013C0140F23C0154
:2040E0000090404F02488219BD0F440048FF6E4182F048FF4BF0110209F200193F203A8082
:204100006DFFE5FBD4F248FF09F00019E20F1022E822DA006CFED4F2E812D4F248FFC2FF35
:2041200009F00019E20F1022E83282FF89FF041882FF89FF0518DF081280484FEE03DA0109
:204140003C02DA00EE0A49F4100A6D007F0F7624AD0080003C013C013C0949F4100A6DFFB4
:20416000B8ED49F4240A6DFFB4ED6DFFD3FB3C02820902923C0100902010404F405C74A44B
:2041800082087CC409FF00196E016D002F0EF62354AF6E013C6C6DFF9AFB48EF6E1A40F4F4
:2041A00040C56DFFECFEC2FF6CFE484FEE03DA013C02DA00EE0A49F4100A6D00470F762452
:2041C000AD0080003C013C016DFFA4FB82123C5054AFEE056DFF9EFB82023C4AF68749A49E
:2041E000040A6D00D50C82183C016DFF93FB6D005C0D6DFF6CFB09FF04185EF4820089F078
:20420000041809FF05185EF4DA0089FF05186DFF81FB49A4040A49A5000A6D00AB0DDF02AB
:204220001C8040F46DFFD0FEDF02110049F4240A54A46D00C10C40F46DFFD3FE6D00B80F40
:20424000F624AD0080003C013C0640F46DFFC9FE6D00AE0F3C0C40F46DFFC3FE6D00A80F3A
:2042600040F46DFFB1FE762382023C023C950090911000F6D9FF381D2824911000F6D9FFB4
:20428000381D28350090911000F6D9FF381D08BFEE023C1C911000F6D9FF381DDA002CFA45
:2042A000911000F6D9FF381DDA002CFB911000F6D9FF381D6D00AD0D89F2060982048205B7
:2042C0006DFFD8FF82146D005E010090911000F6D9FF381DDA012CFA911000F6D9FF381D20
:2042E000DA012CFB820482056DFFC4FF3BA000406D0049010090911000F6D9FF381D6D00ED
:20430000880D89F20609911000F6D9FF381DDA012CF40090911000F6D9FF381D09F5010864
:20432000911000F6D9FF381D08BF6E023C70DA02BE46DA03BE4BDA045F4F2600DA055F4FD1
:204340002D00DA065F4F3600DA075F4F3D00DA085F4F4500DA095F4F4D003C5802546DFF97
:2043600089FF82246D000F013C52025F325F370F48403255370548506DFF7CFF82346D00DF
:2043800002013C45025F325F370F48406DFF72FF82446D00F8003C3B025F325F370F48F0EA
:2043A000025402F56DFF66FF82546D00EC003C2FDA024BF5010202046DFF5CFF82646D0006
:2043C000E2003C25DA024BF50102025402056DFF51FF82746D00D7003C1A025F325F370F9A
:2043E00048406DFF47FF3B8000406D00CC003C0F025F325F370F48F0025402F56DFF3AFFA2
:204400003B9000406D00BF003C023C0100906D00720000903BC0F9FF7FF405003BC0F94F3D
:204420003C06DA647F4F04003B400640CE4332543C01911000F6D9FF381D2814370448F022
:20444000EE036D00330000900B451088911000F6D9FF381D08BF6E023C270B8910486DFF9D
:2044600009FFF686F69582146D008D003C1D5F9809808E9382243C0282346D0084003C14C8
:20448000029F325F7E8ACE843B8000403C033B9000406D0078003C087F98040082643C02E3
:2044A00082746D0070000090911000F6D9FF381D08BF6E023C08820482056DFFDBFE821472
:2044C0006D0061000090911000F6D9FF381D08B23C010090911000F6D9FF381D09F2C208AA
:2044E0003C010090911000F6D9FF381D14F23C010090911000F6D9FF381DDA0034FF9110E6
:2045000000F6D9FF381DDA322CF1911000F6D9FF381DDA002CF2911000F6D9FF381DDA00F5
:204520002CF3911000F6D9FF381DDA002CF4911000F6D9FF381D6D006C0C89F206099110CA
:2045400000F6D9FF381DDA002CFA911000F6D9FF381DDA002CFB820482056DFF8BFE8214DB
:204560006D0011000090911000F6D9FF381D08A23C010090911000F6D9FF381D08423C01A7
:204580000090911000F6D9FF381D34F400906D00400C911000F6D9FF381D09FF0609A2F2E7
:2045A000DA647F2F1580911000F6D9FF381D08BFEE0E911000F6D9FF381DDA002CF48204AF
:2045C00082056DFF57FE82146DFFDDFF009082003C0B534020F0911000F6D9FF042D10FF0A
:2045E000DA0074FFC210BF20F6FF0090FF240B80534420F0911000F6D9FF042D10FFDA005A
:2046000074FF0090BF24048082023C73534420F0911000F6D9FF042D10FFF675DA0074FFEF
:2046200002523C674B0541F14B0641016B00311F7B0004F44BF101F0AE287B0004FC4BF186
:2046400001F0370F61F06E20BBA070FD9B3FC2F354F06BF161F074FF54FF7B6039044B0FC4
:2046600001F0370F61F16E057B6039F474FF3C0C54FF7B60390C4B0F01F0370F61F06E04B4
:204680007B6039FC74FF4B0541F17B00F803BBD0CC2C9BC2F4234B2141106B0F61F154F0DB
:2046A0006B00214F7BA047F44BF401F0370F61F16E047BA047443C0A7BA047FC4BF401F015
:2046C000370F61F06E037BA0474C7B000AF44BF401F0370F61F06E0A7B000AFC4BF401F0BB
:2046E000370F61F16E0382023C046DFFB9CE3C010090DA5A7E4989440108DA01894F8448DD
:20470000DA01344F3C036D00CA010090200802490B5610A8027C404C09ADC808405F09A8C8
:20472000CC08BCF6DAF83FDF04807CC476D382F23C438BAD00E002D46D00C50174A27F2825
:20474000048082F23C39DA5A34FFDA012CF12829283A284B40F2B0528FFD0FF1342F8F8D28
:204760003FF02CF6287CDA003C0910F210C4144089200808C21F370F70F03FDFF8FF8B8D8E
:20478000004040F46D001A0001FD00268F823FF02C288B8D00F010F28FF20FF12C2102EF9D
:2047A0003C0710F282003420C21F370F70F054A23F2FF9FF3C010090404F0248BBF0FF4F5C
:2047C0007CF382023C0FDA003C0910F214256D000B000224C21F370F70F03F8FF8FF024213
:2047E0003C0100908F852020C64282003C0E6FF209008612370270203B1002F1C6F23C04C3
:20480000861237027020C210DA083FF0F27F3C010090404F405CBCF27CC482321D00FF002D
:2048200014FF82003E0E8210BE0882205F0F520082305F0F690082405F0F75001D00E300AF
:20484000DA5A7E492814DA0189FF844889F50C49DA0134FF1D00E10009FFC44810F2892450
:20486000010809FFC448C21F89FF844889F50C4909FFC448BF8F2C80082F1E1C09FF1C4927
:20488000C21F89FF1C4940F46DFF35FF82421D00C60049F2060A1420087F8F8F20F0A6F005
:2048A0003C01DAF87F0F0D8009FF1849C21F89FF184940F46DFF1FFF82321D00B00089F0E3
:2048C00086487603DA023C02DA0334FF1D00A50009FFC44810F28924010809FFC448C21FE4
:2048E00089FF844889F50C4909FFC44809F0C6488B800000370070003F0F0480DA0334FFE2
:204900001D008B0009FFC44810F28924010809FFC448C21F89FF844889F50C49DA0434FFF6
:204920003C7B09FFC44810F28924010809FFC448C21F89FF844889F50C4949F2060A142059
:20494000087F8F8F20F00FF0A0903C0101F900260C298F8F20808B8900F010F20C22A6F851
:2049600040F4B0148B890000370070406DFF26FF022F40F46D0093003E8809FF1449C21F42
:2049800089FF144982223C4A09FF49486E1E084409F548486D008C00DF02188009FF204926
:2049A000C21F89FF204909FF4A48C21F89FF0A4809FF4A48BF8F0880DA0089FF0948DA00D3
:2049C00089FF0A4882523C2A084F89FF0848DA0189FF0948DA0089FF0A4809FF1049C21FEA
:2049E00089FF1049083F34CF084F2CC1085F2CC2088F2CC389C9840849FF090AECC28212F2
:204A00003C0D09FF1849C21F89FF184940F46D00460082323C0382023C010090BD04280006
:204A2000DA00344FDA00894F8448DA00894F8648DA00894F0848DA00894F0948DA00894F64
:204A40000A48DA00894F0C49DA00894F1049DA00894F1449DA00894F1849DA00894F1C49B9
:204A6000DA00894F2049DA00894F24490090BC43144FEE0382023C11094F0C49A2F4FF44C2
:204A8000048082023C0A094F2449C21F894F24496D00050082623C010090DA00344FDA0083
:204AA000894F8448DA00894F86480090A2543704680082027605DA203F0F038082123C010E
:204AC0000090DAF87F4F048082023C088BA400F0C23FBBC0FF2F26F23C010090BC45BC549B
:204AE000DA267FF4058082F21D00AD0054408FF00FF1345F370068F42C51370068F82C52B5
:204B0000370068FC2C53405FB04F094004098FF00FF134FF370068F42C55370068F82C56A8
:204B2000370068FC2C570C482C58495F090A094FCA088FFF0F0134F0868F2C5A495F0B0A80
:204B40008C46370F70F08FFF0F0134F0868F2C5C495F0D0A8C47370F70F08FFF0F0134F084
:204B6000868F2C5E495F0F0A8C48370F70F08FFF0F0134F0868F895F1008495F110A8C49EC
:204B8000370F70F08FFF0F0134F0868F895F1208495F130A094FD4088FFF0F0134F0868FC6
:204BA000895F1408094F5608895F1508495F160A4C468FFF0F0134F0370F68048950170870
:204BC000370F680889501808370F68FC895F1908495F1A0A4C478FFF0F0134F0370F6804A0
:204BE00089501B08370F680889501C08370F68FC895F1D08495F1E0A094FE0088FFF0F01A1
:204C000034F0868F895F1F08094F6208895F2008495F210A4C498FFF0F0134F0370F68049E
:204C200089502208370F680889502308370F68FC895F2408094F6808895F25083B6002205F
:204C40003C0100902018404C405D09C84019DA8034AF912000F8D9FF264849FF000A49A293
:204C6000010AA0F404FF242FFC4E49A5000A821440C46D005900DA0034AF3C0749A5000AA5
:204C8000821440C46D00500009C00839DA705F0FF7FF820A3C0F01AA00F6538A20008B8085
:204CA00003610B8910486DFFE399370268F02CF9C21ADA083FFAF17F49A5010A3B0001402A
:204CC00040C46D00310082083C1982793C14DA088B79000103F80AF010DF538820F010C280
:204CE00009244009538920606DFFC299370268F034FFC2F9FF09ED7FC218DA083FF8E77FCF
:204D00000090404F91100058D95584373B00044040F46DFF9BE8D20089F04019DA0089FFEA
:204D200008390090404F405C024882050284FB8000606DFF839909F040190B0240000B1300
:204D4000501089F040193C2509FF08398B0F08F17FF80380028F09F0083901F0002649249B
:204D6000081A40C502F46DFF71E809F0083942F089F0083910CCA2F809F00839DA807E099A
:204D800049F5081A40F46D000800DA0089FF0839FF18DCFF0090D9AAD85F82043C5353843F
:204DA00020F010A2538420F0105F14FF82008F8F0110538420F0105F081F82028F0F013047
:204DC000A620A631538420F0105F082F82028F8F0030A620A631538420F0105F0833820225
:204DE000A620A631538420F0105F084F820302F27723003C8F820120A620A631538420F064
:204E0000105F085F820302F2772300388F020120A620A631538420F0105F086F820302F2DC
:204E2000772300348F820020A620A631538420F0105F087F820302F2A620A63189204009F1
:204E4000C214DA103FF4AD7F3B0001601D0099008B161F00538020F010AF09F040098FF1BD
:204E60001F307701802F8B161F00538020F010AF09F0400982048FF00150A624A6358B167C
:204E80001F00538020F010AF09F040098F811F307701002C8B161FF0538F20F010AF09F0B2
:204EA000400982088F8001900F82A0000F93A010C640C6518B161FF0538F20F010AF09F283
:204EC00040098F931F507723804CC604C6159AE6538F20F010AF09F040098FD11E30770154
:204EE00080269AE6538F20F010AF09F0400982088FD00090A682A6939AE6538F20F010AF8E
:204F000009F0400982098F311E809AE6538F20F010AF09F04009770180110630A680A69157
:204F2000C620C6319AE6538F20F010AF09F240098FA31F907723008D0F80C0200F91C03018
:204F4000538620F010AF8B061FF0538F20F010A2092040090B4040000B5150109A96538F9A
:204F600020F010A2092440090B4040000B5150100B2040000B31501089F04009C216DA50E7
:204F80003FF6687F094040090B011028094048090B011048094050090B0110680940580951
:204FA000D9A320A089304009094060090B01108809406809D9A300A08930400909407009C3
:204FC000D9A308A08930400909407809D9A310A089304009DA0078A61D00B0008F291F1007
:204FE00077890009820A8F2801B0A6A0A6B18FE91EB0778900A7820C8FE800D0A6CAA6DB64
:20500000C6A0C6B1820B8F791FA0778980DB8F7801C0A6CAA6DBC60AC61B58A00FF880C05B
:2050200058A10FF980D0D2F0C680C69158A226F058A326F1C60CC61D58A40BAF400058A5F6
:205040000BBF50100BC040000BD1501058A6538F20F0911000F8D9FF844710FF09FA400958
:205060000BA040000BB1501058A6538F20F010AF09FA40090BA040C00BB150D08F431E10A7
:2050800077230002820A8F4200B00FA0A0E00FB1A0F082018FE31F00772300BF8FE201A069
:2050A000A6A0A6B1C60EC61F82018F931F00772380BC8F9201A0A6A0A6B1C60EC61F0F4297
:2050C00080000F5380100F6280A00F7380B0C6A0C6B10F6480A00F7580B0C6A0C6B10B0E01
:2050E00040A00B1F50B0D9A308A009304009D9A310A089304009D9A300A009304009D9A3B8
:2051000008A089304009D9A300A08938400958A80BCF408058A90BDF5090D9A320A089365F
:2051200040090B4510680B2310480BAC40200BBD503058A6C21F78A6DA5019A018A03FF0B2
:205140004F7F094040090B2040000B31501089404009094048090B4040000B51501089402C
:205160004809094050090B6040000B715010894050090940580958A80BF0400058A90BF1B1
:20518000501089405809094060090B8040000B915010894060090940680958A00BF04000ED
:2051A00058A10BF15010894068090940700958A20BF0400058A30BF1501089407009094087
:2051C000780958A40BF0400058A50BF15010894078090090911000F6D9FF007D09F23609BE
:2051E0003C010090BF540880911000F8D9FFD07754F23C0A534420F0911000F8D9FFD077A4
:2052000010FF54F23C010090910000F6D9FF181414F23C010090BC4D911000F6D9FF108DF9
:2052200049FF000A4942000AA03444FF642FFC4E0090024F91100046D944108D82043B0050
:2052400001506DFF35E6BF5F0380DA0002F46D0017010090914000FFD9FF00CC8200489F13
:20526000570F61F06E03DA013C02DA003C018B0F20223C01009091100046D944007D6DFF40
:205280002DB08B1200223C010090405C0B6710883B4010003F800B808F3800F1EE07768384
:2052A000F692BC44768676957CC482121D00A1008B380000911000F6D9FF208D34F4911025
:2052C00000F6D9FF208D2815911000F6D9FF208DDA002CF2DA033C1176943BF00F103C0444
:2052E000104F09F17DF8911000F6D9FF208D10FF34F1C21F370F70F03F0FF0FF911000F635
:20530000D9FF108D482B91100046D944007D91100056D955208D91100066D9660C2D37009C
:2053200050406DFF96AFDF120F80911000F6D9FF108D91100026D922108D4C23C21F6CF392
:2053400082223C56762E911000F6D9FF108D91100026D922108D4C22C21F6CF282423C4813
:20536000911000F6D9FF108D91100026D922108D5420C21074F06D00F500022A3C1A6D00C7
:20538000F100A2A2BFA21680911000F6D9FF108D91100026D922108D4C21C21F6CF191003A
:2053A00000F6D9FF181414F46D006A0082323C206DFF63FFDF02E5FF911000F6D9FF108D65
:2053C000482F3EB382423C14DF091100DA003C0C10C2911000F6D9FF0C2D10FF0830342021
:2053E000C21F370F70F03F8FF5FF82023C0100900D00000291100046D944146D6DFFCDB294
:20540000911000F6D9FF108D911000C6D9CC108D4CC2C21F6CF20D0040020080204849A466
:20542000000A91100056D955146D6DFF35B0910000F6D9FF181414F46DFFD6FE4B0261F1F9
:2054400074AF911000F8D9FF4CF7F80BDA8089AF3008DA0089AF3108DA0089AF3408DA0035
:2054600089AF3508DA0189AF140891100046D944007D49A5000A6DFF3BAF00902048024877
:2054800049A4000AC5F5C0C16DFF17B2DA0034AFBB0068F99B8FB9F4780ADA06ACAEDA0956
:2054A000ACADDA0AACAFDA0289AF2C08911000F8D9FFEC2749FF000A49A2300AA05444FFDA
:2054C000642FFC4E49AF300AF80491100046D944146D49A5000A6DFFEAB09140004FD94401
:2054E00000CC82043B0001506DFFA9AB910000F6D9FF181434F86DFF93FF00900D000002BA
:2055000091100046D944146D6DFFB9B20D00400200800D00000291100046D944146D6DFF60
:20552000B8B20D0040020080910000FFBCF16DFFF0B9913000FF39FF3506160F4B0F41F1FC
:205540004BF251F03C013C01911000F6D9FF28CD7BA047044B0F51F04B0F71F174FF00902F
:2055600085FF1000820102F085F32C0082020F20A0400F31A0503C01911000F6D9FF28CD1A
:2055800054F682076DFF3A963C010090024F3C016DFFE8FFA2F2BF02FD7F0090404F044F0B
:2055A000EEFF01F420F080F2C2F2009015D0C0E315D0C0F74D40E0FFB72F02F5CD4FE00FCB
:2055C0000D00C0044D4020F99601CD4F20090D00C0044D4020F99602CD4F20090D00C00453
:2055E000910000F8C5023F0040F4A0358940C103FC5E49FF200AFC294D4020F96F0FFEFF74
:205600004D4020F96F1FFAFF85DFC4F3CD4FE00F0D00C00415D0C0FF15D0C0EB0D008004A1
:205620000D00C004000000001D0003000090000000A000900B451088910000F6D9FF04244A
:2056400054FA911000F6D9FF2CCDD4FC911000F6D9FF30CDD4FD910000F6D9FF1C14D4F430
:20566000B0446DFF1EE3DF02198091000026D9223014910000F6D9FF301454F0821191004E
:2056800000F6D9FF1C14D4FF48BF0FF1001082F2C621261074203C01DFF84380DF094100FD
:2056A000911000F6D9FF7C0DC81591000026D9221C14D4224922080AF42591000026D922F5
:2056C0001C14D42249220C0A09548809F4240952880991000046D9441C14D44FB04FEC21DE
:2056E000910000F6D9FF1C14D4FFB04FEC52910000F6D9FF1C14D4FF49FF140A911000267C
:20570000D9227C0DF4F2911000F6D9FF7C0D91100026D9227C0D542FC21F74FF3C2B42A8B4
:20572000910000F6D9FF1C14D4FFB04F74F87FA80C80910000F6D9FF1C14D4F5B04540D488
:205740006DFFD8E23C17910000F6D9FF1C14D4F5B04540C46DFFCEE2910000F6D9FF3414BC
:2057600054FF7FF80880910000F6D9FF341474F83C010090404C6DFFAAF091000026D922B3
:20578000201491000046D9442014544FC21F742F91000026D9221C14542FEE10910000F69C
:2057A000D9FF1C14F4FC910000F6D9FF201454FF5E146D0079013C013C18910000F6D9FFC2
:2057C000002454FFEE12910000F6D9FF1C14D4FF48BF09C02C093FF00880910000F6D9FFD5
:2057E0001C14F4FC3C013C01910000F6D9FF2C1491000026D9222C14542FC21F74FF910016
:2058000000F6D9FF301491000026D9223014542082114CCB0FF10010A61074F04CCB534F7F
:2058200021F0911000F6D9FF34CD10FFC81FECC2C82289C28C09C82240C4B044892484095D
:2058400040C2B042E8224CCB534F21F0911000F6D9FF34CD10FFECC54CCB534F21F09110E5
:2058600000F6D9FF34CD10FF4CCB534F21F091100026D92234CD1022542FC21F74FF6DFF48
:2058800049F0910000F6D9FF002454FF6E0F910000F6D9FF1C14D4FF48BF09C02C097F0F87
:2058A0000580AD0080003C013C0100903C286DFF0EF0911000F6D9FF501DC83FC83C40C473
:2058C000B0446DFFEEE1910000F6D9FF201491000026D9222014542FC2FF74FF910000F6E2
:2058E000D9FF241491000026D9222414542FC2FF74FF6DFF0FF040C46D007E00910000F616
:20590000D9FF241454FFEED4009020108212912000F8D9FF264849FF000A49A2000AA0F444
:2059200004FF242FFC4EDA003C1010AF91200028D922364810220920000834F010AF09F051
:205940000008F6023C04C21FBFFFF1FF10AFDA0034FF82083C1891100048D9448A8549A5CB
:20596000000A3B001040A0068205534820F0911000F6D9FF640D10F76D002D02DF12030043
:205980003C04C218BF18E97F3C010090201089A48C0989A588090248406C0259407D534887
:2059A00020406DFFBCDA402FBD0F14003BC006406DFFB5DA402EBCE982043BC0065040E4EC
:2059C0006DFF76E2ECEC3C0440F46DFFFFDA3C02A00EBCEEF4AEDA00780109A48C0909A5F7
:2059E0008809028440C6029540D76D00150040E23C010090404F40F46DFFADEFC8C46DFFA8
:205A0000E5DA40F46DFFE2DA00903C036DFF50FF3CFE00902008F4A4406C0258407DD802BA
:205A2000C2F4534420F0C8C210228020B7000300600E89FE8419BD051800DA003C0D10F262
:205A400010540940000889203408105209200008F6023C06C21F3B0001003F0FF2FFDA00A9
:205A600089FF03183C01BFA805803B9000803C0168B889F8081940F4B0446DFF38E149F426
:205A8000180A6DFF34E1ECF48BA800F16CF6ECF940E4D4A540C66DFFCBEEF4F2BCD3F4DF08
:205AA0003C01009082083C0B534821F0911000F6D9FF34CD10F46DFF0CE1C218BFA8F6FF99
:205AC00091100046D9443CFD6DFF03E191100046D944500D6DFFFDE091100046D944680D16
:205AE0006DFFF7E091100046D944501D6DFFF1E091100046D9447C0D6DFFEBE0911000F65A
:205B0000D9FF2CCD91100026D9223CFDF4F2911000F6D9FF30CD91100026D922500DF4F262
:205B20000090911000F6D9FF2CCDD4FF54FFEE03DA013C02DA006E08910000F6D9FF341446
:205B400082FF74FF3C0D91000026D9223414911000F6D9FF2CCDD4FFC83F54FF742F009046
:205B6000024F82026E0F6D00A000910000F6D9FF281454F0820502F46DFF5EFD6D0018031B
:205B80003C01F624AD0080003C010090910000F6D9FF381454FF744F910000F6D9FF04246C
:205BA00054FF6C410090910000F6D9FF0824DA0174FF0090024F910000F6D9FF1C14D4FF39
:205BC00049F5180A6DFF96E0821502F46DFF34FD009040450956840991000026D9221C1476
:205BE000D42249221C0AF42691000026D9221C14D4224922200A09648809F4240962880985
:205C0000910000F6D9FF1C14D4FF49FF180AEC21910000F6D9FF1C14D4FF49FF180AEC6291
:205C2000910000F6D9FF1C14D4FF49FF280AF4F5545FC21F745F765282F46DFFFDFC009005
:205C40006DFF65FEDF1205806D0077063C01DF122680DA1F0D0040034DC0E20FB70008003B
:205C600016FFA6F0CDC0E20F0D00C0040D000003910000F6D9FF341482FF74FF910000F6F8
:205C8000D9FF0024DA0174FF910000F6D9FF0424DA0074FF6DFFFEEF3C01911000F8D9FFDF
:205CA000E47754FF0090910000F6D9FF281491000026D9222814542FC21F74FF0D008004B5
:205CC0000090910000F6D9FF281454FF6E08910000F6D9FF0824DA0174FF3C4A910000F6EA
:205CE000D9FF0824DA0074FF910000F6D9FF1C14D4FF54F0910000F6D9FF1C14D4FF48CF34
:205D00003F0F1080910000F6D9FF1C14D4FF49F5340A910000F6D9FF1C14D4F46DFF65930C
:205D2000910000F6D9FF301454FF0F0FB0F18BFF01F1534F21F0911000F6D9FF34CD10FF00
:205D4000C81209228409E812C81249F4080A7D420480C832E81291000026D9221C14C81F8E
:205D6000C83FF42F910000F6D9FF1C1454FF0090404F405C6DFFABED91000026D92204247E
:205D80005420481F0BF0801054CF5EF3DA003C1D91000026D9223814542254FF3E28481F62
:205DA0003FF00680DA01820074C03C0F54CF7FF10A8054CFA21F74CF40F46DFFE9FEDA00AD
:205DC0003C04DA0074CFDA016DFFA4ED02F23C0100906DFFDDFDBC2640246DFFCDFC821278
:205DE0003C0282F23C010090910000F6D9FF002454FFEE0382123C0A910000F6D9FF2814E8
:205E000054FFEE0382223C0282023C010090910000F6D9FF042454F23C0100908208910056
:205E200000F6D9FF281454FFDF0F0281910000F6D9FF042454FF9219910000F6D9FF042488
:205E400074F9DF092C80911000F6D9FF2CCDD4FF54FFEE023C01911000F6D9FF2CCDD4FF4B
:205E600091100026D9222CCD91100046D94430CDD444F42491100026D92230CDF42F9100C3
:205E800000F6D9FF381491000026D92238145420C21074F06DFF47FE3C01910000F6D9FFF3
:205EA000341454F03F09A9801D00A500911000F6D9FF2CCDD4FF54FFEE03DA013C02DA00B1
:205EC0006E09910000F6D9FF341482FF74FF1D009400911000F6D9FF2CCDD4FFC83FC83FB6
:205EE000481F7FF90980910000F6D9FF341474FF1D008300C852C824C83589458809C83422
:205F0000C825894584090924840940F5B0457D540580C83489248409A004E854542FC2FFA5
:205F2000742F48AF6E19C8A2C874C88589458809C884C875894584090924840949F5180AF0
:205F40007D540580C88489248409A004E8A4542FC2FF742F3C0191000026D922301491008A
:205F60000046D94430145440821148BF0FF10010A610742048BF534F21F091100026D92276
:205F800034CD102209228409E82209248809E8340924880940F5B0458945840940F4B044C7
:205FA0008924880948BF534F21F091100026D92234CD1022E85248BF534F21F09110002639
:205FC000D92234CD102248BF534F21F091100046D94434CD1044544FC21F742F48B09100D0
:205FE00000F6D9FF1C14D4FF48BF7F0F048082183C011DFF5DFF910000F6D9FF1C14D4FF06
:2060000048BF534F21F0911000F6D9FF34CD10FF54FFBF2F048082183C01910000F6D9FF4C
:20602000082454FF6E0382183C013C0C910000F6D9FF3C1491000026D9223C14542FC21F3C
:2060400074FF02823C010090CC43C83FC8A2C874C88589458809C884C87589458409092403
:20606000840949F5180A7D540580C88489248409A004E8A4542FC2FF742F91000026D9228E
:206080002814542FEE5CC852C824C83589458809C834C825894584090924840940F5B0456D
:2060A0007D540580C83489248409A004E854542FC2FF742F91000026D922301491000046C0
:2060C000D94430145440821148BF0FF10010A610742048BF534F21F091100026D92234CD5A
:2060E000102209228409E82209248809E8340924880940F5B0458945840940F4B0448924BA
:20610000880948BF534F21F091100026D92234CD1022E85248BF534F21F091100026D92289
:2061200034CD102248BF534F21F091100046D94434CD1044544FC21F742F3C2591100026CA
:20614000D922680D09228409E87209248809E8840924880949F5180A8945840949F4180ABB
:206160008924880991100026D922680DE8A291100026D922680D91100046D944680D544FCD
:20618000C21F742F48BF910000F6D9FF1C14D4FF48B07FF00A808212910000F6D9FF082402
:2061A000DA0174FF3C0282023C010090A00F82086DFF8DEB820991000026D9222814542FE9
:2061C00091000026D922281491000046D9442814544FC2FF742F91000026D9222814542F29
:2061E000DF0FD78091000026D9222014542FBF1FCF801D008F00911000F6D9FF680DC83F2D
:20620000C83FC8A2C874C88589458809C884C875894584090924840949F5180A7D540580D1
:20622000C88489248409A004E8A4542FC2FF742F0D008004C852C824C83589458809C834D2
:20624000C825894584090924840940F5B0457D540580C83489248409A004E854542FC2FF62
:20626000742F91000026D922301491000046D94430145440821148BF0FF10010A6107420C5
:2062800048BF534F21F091100026D92234CD102209228409E82209248809E83409248809F5
:2062A00040F5B0458945840940F4B0448924880948BF534F21F091100026D92234CD102244
:2062C000E85248BF534F21F091100026D92234CD102248BF534F21F091100046D94434CD16
:2062E0001044544FC21F742F48BF91000026D9221C14D42209202C097FF00C809100002634
:20630000D9220824534920F01022DA01742F3C0191100026D922680D542FEE03DA013C02F9
:20632000DA00DF0F6A7FBCF36DFFFDFB910000F6D9FF3C1454FABF1A19806DFF71FD762BAF
:20634000910000F6D9FF0824534920F010FFDA0174FF3C01C2FAFF1AF2FF910000F6D9FF47
:206360003C14DA0074FF3C01910000F6D9FF0824534920F010FF54FF6E0A8218910000F611
:20638000D9FF1C1454FFAD0080003C013C016DFFC1EA02823C010090404F405C0248406D71
:2063A000407EBCF37CC77686BCF314F23C0282623C5D14F0BF20048014F23C583C5314FF1E
:2063C000EE2709F004398B4009F17FF80380028F09F0043901F000264924300A40C502F433
:2063E0006DFF34DD09F0043942F089F0043910CCA2F809F00439DA947E0A40F46D006A0055
:2064000034F214FFBF2F048014F23C303C2B481F09F00839A20F7FF80480028F3C0149F4A0
:206420000C3A40C502F46DFF7FF4BCED09F4083940D440C502F52D0E00007625DA0934FF59
:2064400014F23C1409F0083942F089F0083910CCA2F809F00839481F7E05DA0234FF76821F
:206460003C03FF18AEFF14F23C0100902040404F7CF382623C1A14FF1E25DA0834FF14F23D
:206480003C1449F40C3A49A5000A6DFFDDF349A4000A49F5080A3B0002406DFFCADC762386
:2064A000DA0734FF14F23C010090404F405C82043B80195040F46DFFFBDCDA0034FFE8BCF8
:2064C000009014420C418F8F00F0A6F23C0100902020404F49FC300A91200058D9553B480E
:2064E000824440C46DFFA5DC762382323C5A09FF74081E1382423C5540C4B0646DFFE3FF92
:20650000DA943E2382423C4D49F4380A6DFF31E6022849F43C0A6DFF2CE6022949F4201A90
:206520006DFF27E6769BBB0000F89BFF01F03F9F0680F6248B4909F03E8382623C3249A448
:20654000000A82043B0002506DFFB2DC48BF6E09C8B449A5000A3B0002406DFF6ADCF623EA
:2065600082523C1FC8B449F5042A3B40054040C66DFF37C7762382523C14681909FF750811
:2065800089FF280849F4080A49F5001A3B0002406DFF5CDC49F40C3A6DFFB5F382123C0113
:2065A00000906DFF94E9910000F6D9FF102454FFEE2B91100046D9446C1D6DFF8ADB911064
:2065C0000046D944402D6DFF84DB911000F6D9FF641D91100026D9226C1DF4F2911000F668
:2065E000D9FF681D91100026D922402DF4F2910000F6D9FF102482543BC0005082066DFF81
:206600004CEDF4F23C016DFF85E90090911000F6D9FF641DD4FF54FFEE03DA013C02DA00BA
:20662000744FEE09911000F6D9FF641DD4FFC83F54F23C0282023C0100908208894404099D
:20664000894490093F451380A2654C463FF5048082183C0B911000F6D9FF681DD4FF40453F
:20666000B04540F46DFF46DB3C117F6506803F64048082183C0B911000F6D9FF641DD4FFE2
:206680004045B04540F46DFF35DB02823C0100900B451088911000F6D9FF641DD4FFC83FCD
:2066A000C83F40F4B0446DFFFCDA09FF64082E2740F40B8910486D00D9003C0609FF640884
:2066C00016FE89FF2408C88240F42D02000000902010911000F8D9FFC43749FF000A49A2DC
:2066E000000AA02444FF642FFC4E3C7C54AFBF0F7A00D802BD0F7700485FEE03DA013C02DB
:20670000DA00EE0640F4B0446DFFCBDA3C0149A40C0A6D00BF00022854A0DA01BE07DA026C
:20672000BE0582315F013B0082415F013E0082515F014A00DA063E0ADA073E08DA085F0FCB
:206740002E00DA095F0F31003C4B09FF6408960189FF240809A40409486F42F409A60409E0
:2067600040F402856DFF6BFFDF02180009FF64082E2A09A40409486F42F440F402856D00F4
:2067800075003C0609FF640816FE89FF2408C88240F42D0200003C013C2409FF640816FE34
:2067A00089FF24083C1E09FF6408960189FF240858016CF6486F128440F4028502866DFF55
:2067C0003EFF3C0F09FF6408AE1540F46DFFFED33C0609FF640816FE89FF24083C023C0190
:2067E0003C01910000F6D9FF1024D4F449A5000A82046DFFC3ECDF027BFF0090200802480B
:20680000025F6DFF52FA49A4000A6D004300022954A0DF002880EE0A3F8909806DFFC8FC99
:206820000B8910486DFF36FF3C1C6E0B911000F6D9FF681DD4FF54FFEE03DA013C02DA00FC
:20684000910000F6D9FF1024D4F40B98804002F56DFF03EC6DFFACFCF624AD0080003C0190
:206860003C036DFFA5FC0090404F0B4510883C07486F42F8C88240F42D020000486F128497
:2068800040F4029502866DFFDAFEDF02F3FF0090404F6DFFBEFA022F91000026D9220C2438
:2068A00054207F0F07806D000F00821074F03C03820074F0910000F6D9FF0C2474FF02F2C2
:2068C0003C0100903C0B911000F6D9FF641DD4FFC83F54F482F56DFFDDFE911000F6D9FF65
:2068E000641DD4FF54FFEE03DA013C02DA006EEC911000F6D9FF641DD4FF91100026D9222E
:20690000641D91100046D944681DD444F42491100026D922681DF42F009020083C0B49A4E7
:20692000000A6DFF75FE54A502246DFF69FF6DFFD1FE3CF6009082086DFF35FE910000F6CE
:20694000D9FF102454FF6E1691100048D9449A4691200058D95500583B001040A0063B90E3
:20696000005091000076D97714246DFF34FA02283C0102823C010090200891100046D944BA
:20698000542D6DFF7091BF121300DA01ACA191100046D944542D49A5000A49A6020AD204AF
:2069A0006DFF3C95762414A46D00830000903B50C38006683C0891100046D944542D6DFF57
:2069C000BA94C2F8768E911000F6D9FF542DC81F882F3C016E03DA003C02DA013C016EECE5
:2069E0000090206049A4000AC5F540806DFF7A937B107EF47801DA0F2CAADA012CACDA08D3
:206A00002CADDA0889AFA008DA0489AFA208DA0C89AFA408DA0089AF2608911000F8D9FFA0
:206A2000D03749FF000A49A2001AA07444FF642FFC4E49AF001AF80A911000F6D9FF547D70
:206A4000F80C3B0010F089AFAE08911000F6D9FF702DF80E3B0010F089AFB40891100046E1
:206A6000D944542D49A5000A6DFF02910090404F3C1009F00008DA0A7E053BD000406D00F6
:206A8000180009FF0008370F68406D001200B01F09FF0008EEEF00906DFFEBFF3BD0004074
:206AA0006D0007003BA000406D000300009091100046D944542D6DFFC49000900D00000263
:206AC00091100046D944542D6DFF90930D00400200800D00000291100046D944542D6DFFD3
:206AE000CC930D00400200800D00000291100046D944542D6DFF1F940D00400200800D00D9
:206B0000000291100046D94478BD6DFF6F930D00400200800D00000291100046D94478BDB5
:206B20006DFFAB930D00400200800D00000291100046D94478BD6DFFFE930D0040020080C8
:206B40006D00A102911000F6D9FF54CD09FFC0086D00B60402F23C010090024F6D0093028A
:206B6000911000F6D9FF54CDB4FF0D0080046D00A7040090404F7CF23C196D0084029110B3
:206B80000026D9225CCD49FF000A4922000AA05444FF642FFC4E911000F6D9FF5CCDDA015D
:206BA00034FF0D0080046D008B040090404F6D006A0291100026D9225CCD142F6E139110CD
:206BC0000026D9225CCD4922000A49FF000AA054442064F0FC4E911000F6D9FF5CCD820094
:206BE00034F06D006D0402F23C010090404CDA006D004902911000F6D9FF74CD09F02029C2
:206C0000911000F6D9FF74CD09F124295F102800911000F6D9FF74CD09F02429DA084BF0D3
:206C20001102534121F0911000F6D9FF74CD10FF49FF000A49C2000AA04444FF642FFC4E72
:206C4000911000F6D9FF74CD91100026D92274CD092F2429C21F89FF2429DA016D003004CA
:206C600002F23C010090404C82086D000C02911000F6D9FF74CD09FF2029911000F6D9FF52
:206C800074CD09F02429A20FFF8F2A80911000F6D9FF74CD09F02029DA084BF011025341CE
:206CA00021F0911000F6D9FF74CD10FF49C2000A49FF000AA044442F64FFFC4E911000F602
:206CC000D9FF74CD91100026D92274CD092F2029C21F89FF20290D00800482186D00F003DA
:206CE00002823C0100906D00CE01911000F6D9FF58CD14FF911000F6D9FF58CD820034F026
:206D00006D00DE0302F23C0100906D00BC01911000F6D9FF58CDDA0134FF0D0080046D009A
:206D2000CF030090404F7CF23C136D00AC0191100026D9225CFD49FF000A4922000AA044C5
:206D400044FF642FFC4E0D0080046D00B9030090404F6D00980191100026D9225CFD4922AE
:206D6000000A49FF000AA044442F64FFFC4E6D00A7030090911000F6D9FF70FDDA0034FF23
:206D80000D0080040090911000F6D9FF70FD14F23C010090911000F6D9FF70FDDA0134FF39
:206DA0000D0080040090404C82086D006C01911000F6D9FF74FD54FF911000F6D9FF984D3B
:206DC00054F0BE09911000F6D9FF984D54F0DA084BF01102534122F0911000F6D9FF78FD56
:206DE00010FF49FF000A49C2000AA08444FF642FFC4E82186D00640302823C0100906D00AD
:206E00004201911000F6D9FF74FD54FF911000F6D9FF984D54F03E0C911000F6D9FF984DC6
:206E200091100026D922984D542FC21F74FF6D0047030090404F8208BCF6082F3B0002004E
:206E40007FF0048082023C396D001D0191100026D92274FD542F91100026D922984D5420EA
:206E6000A20FFF8F278091100026D92274FD5420DA084BF01102534122F091100026D922ED
:206E800078FD102249FF000A4922000AA08444FF642FFC4E911000F6D9FF74FD9110002699
:206EA000D92274FD542FC21F74FF0D00800482186D00060302823C01009091100046D94499
:206EC000384E82043BC000506DFFF2D791100046D944344E820482456DFFEAD7911000463F
:206EE000D9445CFD82043B4001506DFFE1D791100046D944185E820482656DFFD9D7911002
:206F00000046D94474CD82043B800A506DFFD0D791100046D944B04D82043B0080506DFF21
:206F2000C7D791100046D9445CCD82043B8001506DFFBED791100046D9449C4D82043B80C5
:206F400000506DFFB5D791100046D944045E82043B4001506DFFACD791100046D94478FDC9
:206F600082043B0012506DFFA3D7911000F6D9FFA84DDA0074FF911000F6D9FF70FDDA00A1
:206F800034FF911000F6D9FF58CDDA0034FF911000F6D9FF54CDDA00B4FF911000F6D9FF91
:206FA000304EDA0074FF911000F6D9FFAC4DDA0074FF911000F6D9FFA44DDA0074FF911003
:206FC00000F6D9FF74FDDA0074FF911000F6D9FF984DDA0074FF0D00800400906D005300A3
:206FE00082003C0B532020F0911000F6D9FF9C4D10FFDA00B4FFC210BF40F6FF0D008004FA
:207000006D005E020090404F6D003D0082003C0E532020F010F2532020F091100046D94402
:207020009C4D1044944FB42FC210BF40F3FF91100026D922A44D542F6CF26D00410202F252
:207040003C010090024F0258BF4F03803C1A6D001A00532F20F0911000F6D9FF9C4D10FF51
:20706000B4F8911000F6D9FFA44D91100026D922A44D542FC21F74FF0D0080046D0020025A
:2070800000903C0191100046D944A84D6DFF1592DF02FA7F0090404C40C46DFF81F2022894
:2070A0003B0010007F8004803B0010806DFFEBFF3B008000911000F6D9FF304E54F1911053
:2070C00000F6D9FFAC4D54F2A221A2109A187F0F4380DA003C20911000F6D9FF304E54F0C4
:2070E0003B0080104B101102911000F6D9FFB04D01F100F610C20920000834F0911000F645
:20710000D9FF304E91100026D922304E5420C21074F0C21F3F8FE1FF911000F6D9FF304EB3
:2071200054FF3B0080004B0F1102911000F6D9FFB04D01F100F6DA0A34FF911000F6D9FFFA
:20714000304E91100026D922304E542FC21F74FF0D0080046D00B401009049AA38BA3C3EF8
:2071600082003C24911000F6D9FFAC4D54FF3B0080104B1F1122911000F6D9FFB04D01F3AA
:2071800000F609F10008911000F6D9FFAC4D91100026D922AC4D542FC21F74FFDA0A7E1289
:2071A0003C1401A000F634F1C210911000F6D9FFAC4D54F1911000F6D9FF304E54FF3E15B1
:2071C0003B0010F03FF0D0FF01A000F6DA0034FF760549A4000A6DFF61FC911000F6D9FF28
:2071E000AC4D54FF911000F6D9FF304E54F05F0FB9FF009049AA30BA405C02488209DA1420
:207200007F8F04803B400180BD0413003C0901A900F6014900260920000834F0C21901493D
:2072200000F609FF00086E04DAF33FF9F2FF820A3C2EBCC6534A20F010CF54F43C028204D0
:20724000DAF43FF903803C2501A900F6DA2034FFC219CE4A01A900F6DA2D34FFC219C214F9
:207260003254C2143C0149A40B4A6D001A013C0801A900F6092F000834FFC219B01249AFBF
:207280000B4A7DF2F7FFC21A370A68A03F8AD3FF01A900F6DA0034FF49A4000A6DFFFDFE69
:2072A00000906DFFFAFE009049AA30BA405C0249820ADA147F9F04803B400190BD0413008A
:2072C0003C0901AA00F6014A00260920000834F0C21A014A00F609FF00086E04DAF43FFA5C
:2072E000F2FF82083C24BCC6534820F010CF54F43C02820449A40B4A6D00D300DAF53FFA11
:2073000003803C1701AA00F6DA2034FFC21A3C0801AA00F6092F000834FFC21AB01249AFFF
:207320000B4A7DF2F7FFC218370868803F98DDFF01AA00F6DA0034FF49A4000A6DFFADFE23
:207340000090404F405C406D6DFF9DFE91100026D922384E942FB4FF911000F6D9FF384E0B
:20736000881FB4CF911000F6D9FF384E084F34DF911000F6D9FF384E09FF06096D00A0006B
:2073800002F23C0100900248025F02696DFF7BFE911000F6D9FF384EB4F8911000F6D9FF21
:2073A000384EACF1911000F6D9FF384E2849911000F6D9FF384E91100026D922384E092FCF
:2073C0000609C21F89FF06090D0080046D00780000900248025F6DFF56FE911000F6D9FF46
:2073E000344EB4F8911000F6D9FF344EACF10D0080046D0065000090404F6DFF44FE911000
:207400000026D922045E4922000A49FF000AA044442F64FFFC4E6D0053000090404F7CF2D1
:207420003C1E6DFF30FE91100026D922045E49FF000A4922040AA03444FF642FFC4E9110D4
:2074400000F6D9FF045E91100026D922045E142FC21F34FF0D0080046D0032000090404F32
:207460006DFF11FE91100026D922185E0921C4085420A82174F06D0023000090404C6DFFAA
:2074800002FE911000F6D9FF185E09C1C40854C0A82174F00D0080046D0012000090B0F4EC
:2074A000DA0A4BF411028B0103F0344FDA0A4BF41142DF04F6FF40423C0100909110004610
:0A74C000D944A84D6DFF5D900090C7
:2074CC00000081F800000000000083F801000000000085F80200000000000000000000002C
:2074EC000000000000000000000000000000000000000000000000000000010000010F006F
:20750C00010F0000000000000000000000000000000000A0FF3F00A0004000A0FF7F00A0D3
:20752C00008000A0FFBF00A000C000A0FFFF00A0000001A0FF3F01A0004001A0FF7F01A043
:20754C00008001A0FFBF01A000C001A0FFFF01A0000002A0FF7F02A0008002A0FFFF02A01B
:20756C00000003A0FF7F03A0008003A0FFFF03A0000004A0FF7F04A0008004A0FFFF04A0EB
:20758C00000005A0FF7F05A0008005A0FFFF05A0000006A0FFFF06A0000007A0FFFF07A0B9
:2075AC00000008A0FFFF08A0000009A0FFFF09A000000AA0FFFF0BA000000CA0FFFF0DA077
:2075CC0000000EA0FFFF0FA0000010A0FFFF13A0000014A0FFFF17A0000018A0FFFF1BA009
:2075EC0000001CA0FFFF1FA0000020A0FF3F20A0004020A0FF7F20A0008020A0FFBF20A04C
:20760C0000C020A0FFFF20A0000021A0FF3F21A0004021A0FF7F21A0008021A0FFBF21A060
:20762C0000C021A0FFFF21A0000022A0FF7F22A0008022A0FFFF22A0000023A0FF7F23A0F6
:20764C00008023A0FFFF23A0000024A0FF7F24A0008024A0FFFF24A0000025A0FF7F25A006
:20766C00008025A0FFFF25A0000026A0FFFF26A0000027A0FFFF27A0000028A0FFFF28A052
:20768C00000029A0FFFF29A000002AA0FFFF2BA000002CA0FFFF2DA000002EA0FFFF2FA089
:2076AC00000030A0FFFF33A0000034A0FFFF37A0000038A0FFFF3BA000003CA0FFFF3FA00A
:2076CC00000702001100000000A003F00800000088000000010003000900000000A003F0C1
:2076EC000000000088000000020402003300000000C103F000000000880000000401030077
:20770C003600000000C103F003000000880000000000000000D303F0040000000A00000014
:20772C000001000000D303F005000000080000000002000000D303F0060000000900000092
:20774C000003000000D303F007000000090000000004000000D303F0000000000600000074
:20776C000005000000D303F001000000060000000006000000D303F0020000000600000057
:20778C000007000000D303F00300000006000000001F00F000D303F00D0000000300000022
:2077AC00001F00F000D303F00C00000098000000001F00F000D303F00B00000098000000CC
:2077CC00001F00F00500000000C303F00400000098000000001C00F000000000001D00F01E
:2077EC0001000000001E00F002000000001F00F003000000040017B7D1380000000000007F
:20780C00030017B7D138000000000000020017B7D1380000000000000300000000780180AD
:20782C00013B050017B7513912011202FF0F3F0312221402FFFFFF0F020000000F000000C5
:20784C00010000000F000000000000003F000000000000003F000000000000003F0000004F
:20786C0055120000FF7F0000002D31010000000000000000000000000000000000000000B8
:20788C0000000000000000000000BD3786350000BD3786350000000000000000000001007D
:2078AC0001000000000001000000000000000100000000000000000008C9BCF367E6096A79
:2078CC003BA7CA8485AE67BB2BF894FE72F36E3CF1361D5F3AF54FA5D182E6AD7F520E5177
:2078EC001F6C3E2B8C68059B6BBD41FBABD9831F79217E1319CDE05B22AE28D7982F8A42BC
:20790C00CD65EF23914437712F3B4DECCFFBC0B5BCDB8981A5DBB5E938B548F35BC2563925
:20792C0019D005B6F111F1599B4F19AFA4823F9218816DDAD55E1CAB420203A398AA07D8BD
:20794C00BE6F7045015B83128CB2E44EBE853124E2B4FFD5C37D0C556F897BF2745DBE72CF
:20796C00B196163BFEB1DE803512C725A706DC9B942669CF74F19BC1D24AF19EC1699BE4F8
:20798C00E3254F388647BEEFB5D58C8BC69DC10F659CAC77CCA10C2475022B596F2CE92D91
:2079AC0083E4A66EAA84744AD4FB41BDDCA9B05CB5531183DA88F976ABDF66EE52513E9832
:2079CC001032B42D6DC631A83F21FB98C82703B0E40EEFBEC77F59BFC28FA83DF30BE0C600
:2079EC0025A70A934791A7D56F8203E05163CA06706E0E0A67292914FC2FD246850AB727F3
:207A0C0026C9265C38211B2EED2AC45AFC6D2C4DDFB3959D130D3853DE63AF8B54730A6510
:207A2C00A8B2773CBB0A6A76E6AEED472EC9C2813B358214852C72926403F14CA1E8BFA23D
:207A4C00013042BC4B661AA89197F8D0708B4BC230BE5406A3516CC71852EFD619E892D17E
:207A6C0010A96555240699D62A20715785350EF4B8D1BB3270A06A10C8D0D2B816C1A4196A
:207A8C0053AB4151086C371E99EB8EDF4C774827A8489BE1B5BCB034635AC9C5B30C1C393E
:207AAC00CB8A41E34AAAD84E73E363774FCA9C5BA3B8B2D6F36F2E68FCB2EF5DEE828F749F
:207ACC00602F17436F63A57872ABF0A11478C884EC39641A0802C78C281E6323FAFFBE9029
:207AEC00E9BD82DEEB6C50A41579C6B2F7A3F9BE2B5372E3F27871C69C6126EACE3E27CA54
:207B0C0007C2C021C7B886D11EEBE0CDD67DDAEA78D16EEE7F4F7DF5BA6F1772AA67F0066E
:207B2C00A698C8A2C57D630AAE0DF9BE04983F111B471C13350B711B847D0423F577DB2890
:207B4C009324C7407BABCA32BCBEC9150ABE9E3C4C0D109CC4671D43B6423ECBBED4C54C0B
:207B6C002A7E65FC9C297F59ECFAD63AAB6FCB5F1758474A8C19446CA3785913CA4DEB75C6
:207B8C00ABD841414D0A700098E879777940C78C73FE6F2BEE6C03520100000000000000D6
:207BAC00000000000000000000000000000000000000000000000000EDFFFFFFFFFFFFFFD3
:207BCC00FFFFFFFFFFFFFFFFFFFFFFFFFFFFFFFFFFFFFFFFFFFFFF7FB0A00E4A271BEEC495
:207BEC0078E42FAD0618432FA7D7FB3D99004D2B0BDFC14F8024832B00000000000000009E
:207C0C000000000000000000000000000000000000000000000000001C7701802C77018020
:207C2C003C7701804C7701805C7701806C7701807C7701808C770180F40E01800A0F0180F3
:207C4C00040F018000C103F00400000000C103F00500000000C103F00200000000C203F0A8
:207C6C000300000000A003F00200000000A003F00600000000A003F00A00000000A003F097
:207C8C000C000000F476018008770180E0760180CC760180908903F0000000F0908403F044
:207CAC00BC77018080000000AC770180800000009C770180100200000000000000000000BA
:207CCC00000000000000000010000000C0800080100000000000000080000000D080008068
:207CEC0080000000808903F0848903F0888903F08C8903F0908903F0948903F0988903F0C0
:207D0C009C8903F0A08903F0A48903F0A88903F0AC8903F0B08903F0B48903F0B88903F027
:207D2C00BC8903F0C08903F0C48903F0C88903F0CC8903F0D08903F0D48903F0D88903F007
:207D4C00DC8903F0E08903F0E48903F0E88903F0EC8903F0F08903F0F48903F0F88903F0E7
:207D6C00FC8903F0A08A03F0A48A03F0A88A03F0AC8A03F0B08A03F0B48A03F0B88A03F060
:207D8C00BC8A03F0FDFFFFFFFFFFFFFFFFFFFFFFFFFFFFFFFFFFFFFFFFFFFFFFFFFFFFFFBC
:207DAC00FFFFFF0FEBFFFFFFFFFFFFFFFFFFFFFFFFFFFFFFFFFFFFFFFFFFFFFFFFFFFFFFDB
:207DCC00FFFFFF7F40420F0080841E00404B4C0080969800002D310109000000554152543F
:207DEC0020696E697469616C697A656400626C696E6B79006563686F00726F626F7400462D
:207E0C004154414C3A20737461636B206F766572666C6F7720696E207461736B3A00535089
:207E2C00443D0000010203000000000100020300000000010200030000000001020300009D
:207E4C00000000000000000001020300000000010002030000000001020003000000000103
:207E6C0002030041505046572074633237355F6361722076302E322E320000020301534426
:207E8C00433143414C4942524543206C6F616465642066726F6D2044464C4153480043417A
:207EAC004C494252454320696E76616C69642C2064656661756C747300EDD3F55C1A6312BA
:207ECC0058D69CF7A2DEF9DE14000000000000000000000000000000101AD5258F602D56D4
:207EEC00C9B2A7259560C72C695CDCD6FD31E2A4C0FE536ECDD33669215866666666666681
:207F0C00666666666666666666666666666666666666666666666666664C494E4B20636D41
:207F2C0064712066756C6C004C494E4B206C6F7374004C494E4B207570004C494E4B206498
:207F4C006F776E20286E6F2053465F524541445929004C494E4B4552523D004C494E4B4420
:207F6C0042473D00000101005352563D00454E4343414C2073746172742028776865656CA4
:207F8C0073206D757374206265206F66662067726F756E642900454E4343414C00454E43E3
:207FAC0043414C2061626F7274656420286573746F702900534552564F20636C6F7365641F
:207FCC002D6C6F6F7020656E61626C656400534552564F206F70656E2D6C6F6F70202872C1
:207FEC0065636F7264207372633D303B2063616C69627261746520766961203078373029D9
:20800C00004A4F472074696D656F7574004F54413A20736C6F74206D61726B656420444F06
:20802C00574E4C4F41444544004F54413A206D65746120636F6D6D6974204641494C454493
:20804C002028646F776E6C6F6164656429004F54413A20736C6F74206162616E646F6E652A
:20806C0064004F54413A20626C616E6B206D6574612C20636F6E6669726D20736565647315
:20808C002064656661756C7473004F54413A2073656C662D7465737420636F6E6669726D79
:2080AC0065642C20736C6F742056414C4944004F54413A20636F6E6669726D20636F6D6D55
:2080CC006974204641494C45440074510999F74248144463958ABFBDD6FC559F9AB247C398
:2080EC0011FB58F74C5D6D468B5F4A4F472072656A65637465642028626164207061796C48
:20810C006F616429004A4F472072656A656374656420286661756C74290000000000000023
:20812C000000000000000000000049444C45005443465700546D7220537663000000000062
:20814C00009E01600000000000000000000000000000000000000000002D310100000000B5
:20816C00E803000030000000FFFFFFFF00000000FFFFFFFFFFFFFFFFFFFFFFFFFFFFFFFFEC
:20818C000A000000AAAAAAAA00000000000000000000000000000000000000000000000021
:2081AC000000000000000000000000000000000000000000000000000000010101010100AE
:2081CC00FF0000000000700059B30000000000000000000000000000000064B81E799B4783
:0281EC00E1862A
:2081F000010000000040006060810180080000000100000008400060488101800800000069
:20821000010000001040006068810180040000000100000014400060C481018001000000B3
:208230000100000018400060C581018001000000010000001C400060C68101800100000027
:208250000100000020400060C78101800400000001000000244000606C8101800C00000041
:20827000010000003040006050810180040000000100000034400060788101801800000060
:20829000010000004C400060CB810180010000000100000050400060CC8101800100000053
:2082B000010000005440006090810180040000000100000058400060CD810180010000005A
:2082D000010000005C40006054810180040000000100000060400060948101803000000070
:2082F000010000009040006058810180080000000200000098400060000000002A00000077
:2083100002000000C4400060000000000100000002000000C8400060000000004504000033
:20833000020000001045006000000000DD00000002000000F045006000000000658000001D
:208350000200000058C6006000000000350300000200000090C90060000000000100000099
:208370000200000094C9006000000000010000000200000098C9006000000000B1040000B5
:20839000020000004CCE006000000000190000000200000068CE006000000000010000009F
:2083B000020000006CCE006000000000050000000200000074CE0060000000000100000067
:2083D0000200000078CE0060000000004100000002000000BCCE00600000000001000000B7
:2083F00002000000C0CE006000000000D30200000200000094D1006000000000930100004D
:208410000200000028D3006000000000EE0300000200000018D700600000000001000000AC
:20843000020000001CD7006000000000D500000002000000F4D70060000000006A09000062
:208450000000000000000000000000000000000002000000803F007000000000800000005B
:208470000000000000000000000000000000000002000000803F006000000000800000004B
:208490000000000000000000000000000000000002000000803F005000000000800000003B
:1084B00000000000000000000000000000000000BC
:02000004801F5B
:0A402000911000E8D9EEBCA3DC0EFD
:0A404000911000E8D9EE8AF3DC0EBF
:0A408000911000E8D9EE92B6DC0EB4
:0A40A000911000E8D9EE94C6DC0E82
:0A40C000911000E8D9EE5245DC0E25
:0A40E000911000E8D9EEAAC6DC0E2C
:0A410000911000E8D9EEA8B6DC0E1D
:0A412000911000E8D9EE7C35DC0EAA
:0A414000911000E8D9EE30F5DC0E16
:0A418000911000E8D9EEBCA6DC0E99
:0A41A000911000E8D9EEBEB6DC0E67
:0A420000911000E8D9EE5420DC0E06
:0A422000911000E8D9EE4830DC0EE2
:0A424000911000E8D9EE7C30DC0E8E
:0A426000911000E8D9EE7040DC0E6A
:0A428000911000E8D9EE6450DC0E46
:0A42A000911000E8D9EE5860DC0E22
:0A42C000911000E8D9EE4C70DC0EFE
:0A42E000911000E8D9EE4080DC0EDA
:20600000911000F8D9FF0A9A0D00000202F4DC0F000000000000000000000000000000007B
:20602000911000F8D9FF068A0D00000202F4DC0F000000000000000000000000000000006F
:20604000911000F8D9FF027A0D00000202F4DC0F0000000000000000000000000000000063
:20606000911000F8D9FF026A02F4DC0F000000000000000000000000000000000000000062
:20608000911000F8D9FF3E4A0D00000202F4DC0F0000000000000000000000000000000017
:2060A000911000F8D9FF3A3A0D00000202F4DC0F000000000000000000000000000000000B
:2060C000911000F8D9FF18CA0D00000202F4DC0F000000000000000000000000000000007D
:1260E000911000F8D9FF0EAA0D00000202F4DC0F009005
:20620000911000F8D9FF0A9A0D00000202F4DC0F0000000000000000000000000000000079
:20622000911000F8D9FF068A0D00000202F4DC0F000000000000000000000000000000006D
:20624000911000F8D9FF027A0D00000202F4DC0F0000000000000000000000000000000061
:20626000911000F8D9FF026A02F4DC0F000000000000000000000000000000000000000060
:20628000911000F8D9FF3E4A0D00000202F4DC0F0000000000000000000000000000000015
:2062A000911000F8D9FF3A3A0D00000202F4DC0F0000000000000000000000000000000009
:2062C000911000F8D9FF18CA0D00000202F4DC0F000000000000000000000000000000007B
:1262E000911000F8D9FF0EAA0D00000202F4DC0F009003
:0400000580008020D7
:00000001FF
