:0200000480007A
:2080000000000000700059B30000000000000000000000000000000064B81E799B47E186E8
:14802000911000F8D9FF7CF9DC0F00900000000000A03CFF10
:1280380073646820737468A0036568CA0BC300300090C0
:208050003256FF0626003B00FEFF3FF617000F6510308B0602601745802600903256FF0613
:2080700018003B00FEFF3FF60F000F6500308B060260174580260090A2F63705C13F0F65EB
:2080900010200090A2F682030F6500200090DA207FF60700174580360F6400200090A2F68C
:2080B00082020F6400300090FFFFFFFFFFFFFF7F000600F000B403F00100000000000000E3
:2080D000000600F000B403F00000000090000000000600F000000000000700F00100000075
:2080F000000800F002000000000900F003000000911000F8D9FF0CCA0D00000202F4DC0F43
:2081100000000000000000000000000000000000911000F8D9FF08BA0D00000202F4DC0F2C
:2081300000000000000000000000000000000000911000F8D9FF04AA0D00000202F4DC0F20
:2081500000000000000000000000000000000000911000F8D9FF049A02F4DC0F000000001F
:2081700000000000000000000000000000000000911000F8D9FF008A0D00000202F4DC0F04
:2081900000000000000000000000000000000000911000F8D9FF3C6A0D00000202F4DC0FC8
:2081B00000000000000000000000000000000000911000F8D9FF12EA0D00000202F4DC0F52
:2081D00000000000000000000000000000000000911000F8D9FF10DA0D00000202F4DC0F44
:0281F0000090FD
:2081F800820C822D3C130757FFCF8755BFDFCE57460546048B1480408B05A050CE7746070A
:2082180046068B1680608B07A07082028203820082013A260B2700F26E023C4F0B6430F1BA
:208238000B7500F20B75A0F26E04024002513C453A640B7500F26E0382123C3F3B0004E06B
:208258000B6030F10B7100F20B71A0F2DE1087559FFF06116701801F8B1FE0060248025943
:2082780006156745805F0614C2FE3CEB0284029506F067101F0006F1C21E82087AE86E1D48
:2082980087559FFF06116701801F8B1FE0060B60C0A00B71D0B007BB9FFF06156745805FD1
:2082B800061406136723803F8B1FE0266E0302A002B1C2183FE8E67F76C7460346028B12E3
:2082D80080208B03A030DF2D0B00071DE0FF76F7460146008B1080008B01A01000906D0020
:2082F8004A3100900D0000036D002B28BB00805F02246D005B266D002428022F02F46D0090
:20831800732602F46D003D286D002F2802246D0007276D00D0796D008E6C6D00E9766D0009
:208338004B3591000046D94408046D002A0991000046D944080482146D00130A91200048EC
:20835800D94474786D002F7791200048D9447B986D0029776D006733BC266D006433402462
:208378006D0021779140004FD944000A82543B0008506D00B91491100048D9445A089120DD
:208398000058D95545883B001040A0068215A0076D00A67091100048D9446A78912000588F
:2083B800D9554C883B001040A0068215A0076D0097706D001A6491100048D9447A0891209C
:2083D8000058D95551883B002040A0068225A0076D0086706D00BB6F3C013C000090405FF5
:2083F80091200048D94457886D00DD7640F46D00DA760D0040036D0061763C0200003CFFB2
:2084180000903C0E914000FFD9FF000ADA019B1F00F0865F6CF13BA00F406D00286F3CF394
:20843800009020681D00D4006D008B27022F02F46D00DA2502F46D00A4273C0814A449A452
:20845800020A09A541086D006D6049A4000A6D005477DF02F5FF6D0016646D0032356D009B
:208478007027022F02F46D00BF2502F46D0089276D005470531220806D00C832910000F69E
:20849800D9FF040414FF6E0DF62C910000F6D9FF000454F00B0880003B8038113F104180E6
:2084B80049A4380A49A5101A6D007E32825089A01408DA1889AF1608DA2489AF1508DA00B4
:2084D8003C0810AF10A20920780889F01708C21F3B8001003F0FF7FF49A4140A6D00A87815
:2084F800DA2589AF1508DA003C0810AF10A20920501889F01708C21F3B8001003F0FF7FF77
:2085180049A4140A6D009478910000F6D9FF000474F8910000F6D9FF0404DA0134FF6D000E
:20853800556302286D005A6389A21408370848F089AF1508370848F489AF16086D009663CD
:208558007623DA013C02DA0089AF17086D00376389A218086D0083637623DA013C02DA00EF
:2085780089AF190849A41C0A6D00F07709AF6C086E0F8CAE3BA000004B0F010289A0150842
:208598008CAF3BA000004B0F010289A0160849A4140A6D00707B6D006263370848F053AFFB
:2085B8002040370848F453AF205002266D00E87A6D005563F6266D000263F6236D00D87777
:2085D8006D00C9793BA000406D00516E1DFF2EFF00903C036D0057753CFE00900D00000362
:2085F8006D00AF26BB00805F02246D00DF246D00A826022F02F46D00F72402F46D00C126BD
:2086180091000046D94408046D00BB0791000046D944080482146D00A4086D000C6B6D0013
:208638000A506D003C406D003C546D0060553C013C0000900D0000036D00832602246D00FE
:208658002A2591000046D94408046D009A0791000046D944080482146D0083086D00EB6A55
:2086780082046D001E496D00B7556D00006B8B4201F06D00FC6A1B421F806D00F86A1B823E
:208698003E903C1F6D006D496D001A566D00EF6AA2F20E278B4F01F06D0030006D00140021
:2086B8006D00E56AA2820E251B481F806D00E5476D00DD6AA2920E251B893E906D00A90051
:2086D8003CE200902028DA003C0F14A409A5410849A4030A09A642086D004B49F6223C0C64
:2086F8006D008B77C21FFF8F088049A4000A6D005877DF02ECFF009020F849A4142A6D00BD
:20871800AB7A49A4083A6D00217749A41C2A82043BC002506D004B4F6D00A96A89A22029E7
:2087380009AF542889AF242809AF582889AFA6283B1010F09B1F00F0783009AF8C3889AFDA
:20875800AC2809AF8E3889AFAE2849A4083A6D004D0089A234296D007A7589A2B02809A424
:20877800F0286D00F22F89A2322849A42C3A49A52E3A49A6303A6D00E17909A4AC386D00EF
:20879800680089A2A82809A4AE386D00620089A2AA2849A4000A6D007548580E09A03C098A
:2087B80042F0580D420F8202BF1019806E173B803E107F1F08803B803E10E2104BF01122B0
:2087D8003C083B803E104B1F11224B2011020202DAFF7F2F04803BF00F2089A23E2849A432
:2087F8001C2A6D000B4900904C4282204B0F11024C4382224B2F112242204C428F1F00119E
:208818004C43160126F10B1000203C010090203849A4000A6D009A768CA278098CA3780A4F
:2088380049A4000A6DFFE2FF89A22C0909AF50086E03DA013C02DA00780C91200048D9446E
:20885800768849A5240A82446D00D17800902018024849A4000A6D00CC798CA7E2F83B80E7
:208878003EF04BF801223BF0FFF77F2F04003BF0FF273B0000F87FF204003B0000283C01E0
:208898000090404F6D005D25022F02F46D00AC2314F0B700010034F002F46D0072250090E5
:2088B800094F4C18161F3C0182003E0E82103E0E82203E0F8240BE003B800000BE003B00A3
:2088D8000100BE003C1282023C126D008F203C0F6D00D81F3C0C6D00FC1F3C096D00801FB5
:2088F8003C066D00691F3C0382023C013C01009082F282003C17538020F0911000F8D9FFBF
:20891800203810FFD4FF7D4F0D80538020F0911000F8D9FF203810FF481F370F48203C049C
:20893800C210BF40EAFF3C010090404F40F46DFFB9FF09FFD408370F6CF0C21F4B0F41F1BE
:208958004BF251203C0100906DFFD4FF53C220F060FF9140003F30F3D93F002849F2080A01
:208978003C0100906DFFC6FF53C220F060FF9140003F30F3D9320028B0423C0100906DFFCC
:20899800B9FF53C220F060FF9140003F30F3D93200283C010090494F081A3C0554FF345F6F
:2089B800B015C2F4FF14FCFF02423C0100902018404F0B541088026A89A70C0909FF4C182A
:2089D800161F78043C0109FFD408370F6CF0C21F74AF40F46DFFABFFC2188B4860F3370F77
:2089F80068808B1A6003370068F078024B0861014B0941A0DA007801BB0000089BB05B04BC
:208A18004B0901F016038B0F20F26E08BBA070FD9B3FC2F34BFA41B03C353B0000F59B3FB6
:208A38007CF44BF901F0370F61F06E083BF026F19B3FA8F34BFA41B03C253B0040F29B4FC7
:208A580097F44BF901F0370F61F06E08BB7071FB9B1F8DF34BFA41B03C153B0062F39BEFBF
:208A7800AFF44BF901F0AE083BD07BF39B6F58F34BFA41B03C07BBC05AFC9B7F72F34BFA74
:208A980041B04BA251F04B0F7111821CDF0124803C20BF580C80C2F84B0861F14BF941A01E
:208AB8004BA251F04B0F71113C14DA0174AF3B00018040F46DFFF6FE4B0F61F14BF251209C
:208AD8004B0861F14BF941A04BA251F04B0F7111BF11E1FF8F411FF06E3A7B0018044B0988
:208AF80041004B0251004B0071018F401FF06E1C3C1754A0C21074A08F401FF06E053BF0B1
:208B1800FF0074A03C1040F46DFFCCFE54AF4B0F61F14BF251204BA251F04B0F71118F413D
:208B38001FF0EEE83C143C10C218DA107F8F05803B0001803C0C4B0861F14BF941A04BA28A
:208B580051F04B0F71118F411FF0EEEF0219821D82034B0C61F14BF241F04B0161014B0FC6
:208B780051006B0031FA82044B4F01F0AE046B00316A3C056B0031FA67FFBF6F4BB601F0D0
:208B980016038B0F20F26E03DA017801822C3C43DF2C05808214821E3C0773C30A004BD0A2
:208BB80011428B1400E03C324B0C61014B024100031C0A744B0761F14BF051706B0731FA3C
:208BD80082004B0F01F0AE046B07310A3C056B0731FA67FFBF0F4B0601F0370F61F16E0CEB
:208BF800020602CD031C0A943BF0FFF07F9F04803BF0FF9002434BB601F016038B0F20F257
:208C18006E04DA0178013C06C2143F4E04807FD9CDFFC21C5801EE053BF0FFF07FCFBAFFDE
:208C3800820440F46D003E0009FFE00837097000370F0CF089FFA00809FFE208370D7000FF
:208C5800370F0CF089FFA20809F0D40854AFC2FF370F70F037F00CF0ACFA09FF5608C2F860
:208C780037086800370F04F089FF160809F05708580237F004F089FF170858036E03DA013A
:208C98003C02DA0009F0570837F081F389FF170840F409A410096D00050082123C0100903D
:208CB800094F4C18374F05F0894F0C18F6493C01094F4F18370FE1F33C01EEFB3C093C016C
:208CD800094F4F18370FE1F33C01DF1FFBFF0090494F041A3C05145F74FFB015C2F4FF1473
:208CF800FCFF02423C010090200834A4DA01ACA149A5000A49A6020A911000F8D9FF382864
:208D180009F440096D00EE033C010090CC4288223C013C0100902008F4A4405DD4DFF44FB5
:208D380040F46DFFB0FD820440F46DFFBBFFDA0009F05A0837F002F089FF1A0809DFC8083E
:208D580009F0D408C2FF370F70F037F00CF0ACFA09D46C0840F46DFFA5FF09D4040909D599
:208D78004A0809D64D0809D74C0840F46DFF21FE0228820440F46DFF95FF09DF7C086E03A1
:208D980082103C028200087F370F01F22CF709DF56086E03DA013C02DA0009F05B0837F059
:208DB80001F389FF1B0809DF540809F05B0837F081F389FF1B0809DF510809F0590837F054
:208DD80083F089FF190809DF530809F05B0837F001F289FF1B0809DF550809F05C0837F032
:208DF80004F089FF1C0809D0580808CF370F02F32CFC09DF590809F0500837F002F389FF0A
:208E1800100809DF500809F0D80837F003F3ACFC09D05A0808DF8BF0200337006800370F9F
:208E380004F02CFD09DF5B0809F051088BFF20F3370F68F037F004F089FF110809DF520827
:208E580009F05A0837F002F089FF1A0809DCA809BD0C7900D4CEBD0E280009C0040809C9C8
:208E78005D084CE16E2109E4840909E44808370068506D00390F09E4840909E44808029510
:208E98006D00640FD4E2DA016E0382103C0282000C27370F81F22C27D4E20CEC0920460822
:208EB80037F002F02C2609CE8809BD0E1E0009C00C0809C95D084CE16E1709E4840909E4B1
:208ED8004808370068506D000F0F09E4840909E4480802956D003A0FD4E20CEC0920440889
:208EF80037F003F02C2409CE9009BD0E150009C5540809C95D0809E4840909E448080CEC90
:208F1800A6F56D00F10E09E4840909E4480802956D001C0F09CE9809BD0E150009C55C08C2
:208F380009C95D0809E4840909E448080CECA6F56D00DA0E09E4840909E4480802956D0088
:208F5800050F09D46C0840F46DFFACFEDA0089FF001982FF6CFFDA00D4A22C2E09DF6D08DC
:208F78002E0CDA016E03DA013C02DA0009F0421837F001F089FF021809DF6D082E1CDA01D1
:208F98006E03DA013C02DA0009F0421837F001F189FF021809DF6D082E2CDA016E03DA0169
:208FB8003C02DA0009F0431837F001F189FF031809DF6D082E3CDA016E03DA013C02DA006B
:208FD80009F0431837F081F189FF031809DF6D082E4CDA016E03DA013C02DA0009F043187F
:208FF80037F001F389FF0318DA002C2DDA002C2C09DF7D082C2FD20089205409DA006C242C
:209018000C2F82003E0482103E043C0682193C063BC000903C0382093C014CDC6E0C09D435
:20903800B00909D4AE0802956D006B28D4A4894284093C0909D4AE0802956D002028D4A4C9
:20905800894284094CDE6E0C09D4B80909D4B40802956D005628D4A4894288093C0909D44D
:20907800B40802956D000B28D4A48942880909D9660809DFE208EE03DF39228040F46DFFA4
:2090980073FC09DFE2081420370F68F037F008F0342F0C21379F82F12C210C2396022C234A
:2090B800DA016E03DA013C02DA0009F0431837F001F289FF03180C2196042C2109DFE00864
:2090D800EE03DF39228040F46DFF5BFC09DFE0081420370F68F037F008F0342F0C21379FAF
:2090F80082F12C210C2396022C23DA016E03DA013C02DA0009F0431837F081F389FF0318B1
:209118000C2196042C2109DFE4086E2140F46DFF1DFC09DFE4081420370F68F037F008F042
:20913800342F0C21379F82F12C210C2396022C23DA016E03DA013C02DA0009F0421837F022
:2091580001F089FF02180C2196042C21DA016E03DA013C02DA0009F0500837F081F089FFA0
:209178001008DA016E0382103C02820008CF370F81F02CFC09FF5008960189FF100808CFFD
:2091980096012CFC02823C010090F445DA00894F3C08DA01894F2C08DA01AC447B107EF4C9
:2091B8006C41DA032C4ADA002C4CDA032C4DDA00894F1008DA01894F1108DA01894F12088C
:2091D800DA00894F1308DA00894F1608DA00894F1408DA07894F1508DA01894F1808DA0188
:2091F800894F1908DA00894F1A08DA00894F1B08DA00894F1C08DA00894FA208DA00894FD1
:20921800A008DA00894FA408DA00894F2608DAFF894F2D08A00FEC4AA00FEC4EA00FEC4CB5
:20923800DA00894FAE08DA00894FB408DA00894F3D0800902010404F08CFEE2BC8128C2282
:209258003C016E03DA003C02DA013C01EE22DA012CFC08FF82003E0482103E0A3C14C81434
:2092780049A5000A8214D2066D0070273C0CC81449A5040A3BC00040D2066D0067270CAC86
:2092980034AF3C01D4F449A5000A82146DFF22FD0090D44F09FF760816013C016E0909FFA9
:2092B8007E08960189FF3E080C4E96012C4E09FF7608370F61F13C016E0909FF7E08960446
:2092D80089FF3E080C4E96022C4E09FF7708370F61F13C016E0909FF7F08960489FF3F0871
:2092F8000C4E96042C4E09FF7708370FE1F13C016E0909FF7F08960889FF3F080C4E9608A1
:209318002C4E09FF7708370F61F33C016E0909FF7F08964089FF3F080C4E96102C4E0090A8
:209338002020404F08FF82003E048210BE083C56D4F2092F5208161F3C01D4F449A5000A07
:2093580002F46DFF2AFBC82449A5000AD20602F46D00FF277623DA012CFD3C403C384DC08F
:20937800E2FF370FE1F78B0F20F23C010D00400300003C0185F010008203020285F12C00B0
:209398008200A620A6313C0191100028D922382809224009262026316E030D0000033C0166
:2093B80089A05009D4F449A5000A82146DFFF5FA14AF89AF1808C82449A5100A3BC0004018
:2093D800D2066D00C6277623DA012CFDD4F2092F5208161F3C01EEC43C0100902018404F96
:2093F8004DC0E2FF370FE1F78B0F20F23C010D00400300003C0185F010008203020285F14F
:209418002C008200A620A6313C0191100028D922382809224009262026316E030D000003F6
:209438003C0189F05409484FC21F6CF4C8128C223C016E03DA003C02DA013C01EE4008FF8E
:2094580082003E0582105F0F29003C38DA0089AF1008C8128C223C01370F7000D4F20C2EED
:20947800161F3C0189AF100809AF50088B0F01F1370F70F07FF00380020FC81449A5000AF9
:20949800370F5040D2066D006126D4F449A5000A02F46DFF1FFC3C12C81449A5000A3BC0B8
:2094B8000040D2066D0052260CA82CACD4F449A50C0A82146DFF0EFC3C013C03DA002CFCB5
:2094D8000090406F0B4510680944880994F46D003D2694FFA22FB4FF8B0200223C010090A4
:2094F800404F405C406D0B451088821208CFC81209209408370070A094D0DF003100EE1FC2
:2095180094DF7FFA1D00C814370A504040C50B8910686D001E2740F46DFF8EFEC81401CAE7
:20953800005694DFA2AF370F50400B8910686D001027022840F46DFF7FFE3C0CC81494D4A0
:2095580040C50B8910686D000427022840F46DFF73FE94DFA28FB4DF8B0800223C01009056
:2095780020088202DA0174AF54A0DA0002F14940C00874A054AFEE0282123C0100904DC0A2
:20959800E1FFD710210F494040080090404F40F46D002F0082504DC0E1FF16073C013E287D
:2095B8009110003030F3D933C04F54313C034D00D01F3701E2F05E1382003C173701E2F02A
:2095D800EE13534220F060FF9130003F30F3D93F1436081F16075E1382103C05081F16071D
:2095F8005E3282203C02825002023C010090823282003C17538020F0911000F8D9FFD83754
:2096180010FFD4FF7D4F0D80538020F0911000F8D9FFD83710FF481F370F68203C04C2103E
:20963800BF30EAFF3C010090DA00744F0090404F024F40F46DFFDDFF02286E031E325E4358
:2096580082093C0282195E23821A3C02820ADF194C804DC0E1FF16073C015F8F29006D0018
:20967800841E022F02F46D00E71C40F46DFFC1FF5342200060029130003F3023D93214367A
:20969800142037A00200342002F46D00A11E9110003030F3D933C04F543FB72F82F0911094
:2096B800003030F3D933C04F743F3C1E6D00491E022F02F46D00981C53482000600F913010
:2096D800003F30F3D93F14365348200060029130003F3023D9321436142037A0020034F0B8
:2096F80002F46D004E1E02923C01009082124DC0E1FF16073C01FF3F0B80538F20F09110EB
:2097180000F8D9FFD83710FFD4FF3C02A00F3C017DF4048082023C109110003030434933C1
:20973800088A543F06F4374F9FF09110003030434933088A743F3C010090404FDA0140F46D
:209758006DFFD6FF262F40F46DFF22FFF626821440F46DFF6EFF262F02F23C01009002487B
:20977800804FB70F1CF07B00000D7E0D804FB70F0CFAB77F03FE4DC0E10F7B000011E210D0
:20979800A20F3C02804F60FF82096D0017199130002F392F3506160F4B0F41F14BF251F0AA
:2097B8003C017BA047044B0F51F04B0861014B0F41F04B0F710185F110003C09000085FFF8
:2097D8001000A21F3F0F048082193C0554FF1607DF7FF6FF02923C0100906DFF82F56D007E
:2097F8003B3F0090913000FFD9FF004654FF370F6EF18FFF83813C01912000A7D9AA4089FE
:209818000D0080043B0098F0CD4FE00F0D00C0044D00E0FFB70F14F0CD0FE00F0D00C0046E
:2098380082117617DA009601CD4F20090D00C0044DC0E1FF8F7F00213C0153C22000600F6C
:209858009130003F30F3D93F004654F037006E018FF083313C0153C22000600F9130003F71
:2098780030F3D93F004654FF2E1B8F2320F0960154F0370070088F002100A6F074F08F230B
:2098980020F0960254F0370070088F002100A60F74FF3C0154FF1601DF1FFE7FDA007613B8
:2098B80082003C028210370F81F0CDCF20090D00C00453C220F060FF9130003F30F3D93F32
:2098D800004654FF2E1B8F2320F0960154F0370070088F002100A60F74FF86238F3340F1CE
:2098F80054F0370070088F002100A60F74FF3C0154FF6F0FFF7F0D00C00482014DC0E1FFB8
:209918008F7F00213C0153C22000600F9130003F30F3D93F004654F037006E018FF0833181
:209938003C0153C22000600F9130003F30F3D93F004654FF2E1B8F2320F0960154F037003D
:2099580070088F002100A6F074F08F2320F0960254F0370070088F002100A60F74FF3C016B
:2099780054FF1601DF1FFE7FDA00761382003C028210370F81F0CD0F04090D00C00453C2AF
:2099980020F060FF9130003F30F3D93F004654FF2E1B8F2320F0960154F0370070088F0048
:2099B8002100A60F74FF86238F3340F154F0370070088F002100A60F74FF3C0154FF6F0FD1
:2099D800FF7F0D00C004913000FFD9FF004654FF2E1B8F2820F0960154F0370070088F00C6
:2099F8002100A60F74FF8F2820F0960254F0370070088F002100A60F74FF3C0154FF160135
:209A1800DF1FFE7F911000F8D9FF004880FFCD4FE20F0D00C00491F001F8D9FF000480FFC8
:209A3800CD0FE20F0D00C004912000F7D9FF80C980FFCD8FE20F0D00C004913000FFD9FF72
:209A5800004654FF2E1B8F2820F0960154F0370070088F002100A60F74FF8F2820F0960383
:209A780054F0370070088F002100A60F74FF3C0154FF6F0FFF7F91000000D900000091007C
:209A98000010D911000091000080D988000091000090D9990000912000F7D9FFC0099120B5
:209AB8000027D922C00B40F4802080FFA2F0DA404BF0114282003C1E804FB70F1CF08F4FB9
:209AD8001F10804FBBF0FF2F0662262F06AFA6F1F606CD81E30F0D00C0043C0274F19AD470
:209AF8007E05CDC1E30F0D00C004404F4944001AC2103F40E3FFDA0074FF6D00361C022FD4
:209B180002846D00C81A02F46D000A1B6D00973D6DFF65FE6D00933D02846D00661B02F419
:209B38006D00A91B91200048D94430086D009D179130884F911000F8D9FFB8D980F46DFFF3
:209B5800FEFD9150884F911000F8D9FFDAA980F46DFFF5FD911000F8D9FF3CB8DC0F009094
:209B7800913000FFD9FF0C4654FF370F6EF18FFF83113C01912000A6D9AA408B0D00800456
:209B98003B0098F0CD4FE00F0D00C0044D00E0FFB70F14F0CD0FE00F0D00C004821276274B
:209BB800DA009601CD4F20090D00C0044DC0E1FF8F7F00313C0153C32000600F9130003FF8
:209BD80030F3D93F004654F037006E018FF083413C0153C32000600F9130003F30F3D93FA2
:209BF800004654FF2E1B8F2420F0960154F0370070088F002100A6F074F08F2420F0960219
:209C180054F0370070088F002100A60F74FF3C0154FF1601DF1FFE7FDA00762382003C020C
:209C38008210370F81F0CDCF20090D00C00453C320F060FF9130003F30F3D93F004654FFD4
:209C58002E1B8F2420F0960154F0370070088F002100A60F74FF86248F3440F154F0370065
:209C780070088F002100A60F74FF3C0154FF6F0FFF7F0D00C00482124DC0E1FF8F7F00315F
:209C98003C0153C32000600F9130003F30F3D93F004654F037006E018FF083413C0153C3C9
:209CB8002000600F9130003F30F3D93F004654FF2E1B8F2420F0960154F0370070088F0004
:209CD8002100A6F074F08F2420F0960254F0370070088F002100A60F74FF3C0154FF160184
:209CF800DF1FFE7FDA00762382003C028210370F81F0CD0F04090D00C00453C320F060FF16
:209D18009130003F30F3D93F004654FF2E1B8F2420F0960154F0370070088F002100A60F5C
:209D380074FF86248F3440F154F0370070088F002100A60F74FF3C0154FF6F0FFF7F0D0096
:209D5800C004913000FFD9FF0C4654FF2E1B8F2120F0960154F0370070088F002100A60FF2
:209D780074FF8F2120F0960254F0370070088F002100A60F74FF3C0154FF1601DF1FFE7F13
:209D980091F001F8D9FF008680FFCD4FE20F0D00C00491F001F8D9FF000480FFCD0FE20FD4
:209DB8000D00C004912000F6D9FF80CB80FFCD8FE20F0D00C004913000FFD9FF0C4654FF16
:209DD8002E1B8F2120F0960154F0370070088F002100A60F74FF86218F3140F154F03700ED
:209DF80070088F002100A60F74FF3C0154FF6F0FFF7F91000000D900000091000010D9117A
:209E1800000091000080D988000091000090D9990000912000F6D9FFC00B91200026D92209
:209E3800C00D40F4802080FFA2F0DA404BF0114282003C1E804FB70F1CF08F4F1F10804F57
:209E5800BBF0FF2F0662262F06AFA6F1F606CD81E30F0D00C0043C0274F19AD47E05CDC1D9
:209E7800E30F0D00C004404F4944001AC2103F40E3FFDA0074FF911000F8D9FF7478DC0F09
:209E98000090913000FFD9FF184654FF370F6EF18FFF83113C01912000A5D9AA408B0D001C
:209EB80080043B0098F0CD4FE00F0D00C0044D00E0FFB70F14F0CD0FE00F0D00C004821241
:209ED8007627DA009601CD4F20090D00C0044DC0E1FF8F7F00313C0153C32000600F913077
:209EF800003F30F3D93F004654F037006E018FF083413C0153C32000600F9130003F30F358
:209F1800D93F004654FF2E1B8F2420F0960154F0370070088F002100A6F074F08F2420F075
:209F3800960254F0370070088F002100A60F74FF3C0154FF1601DF1FFE7FDA00762382008F
:209F58003C028210370F81F0CDCF20090D00C00453C320F060FF9130003F30F3D93F0046C6
:209F780054FF2E1B8F2420F0960154F0370070088F002100A60F74FF86248F3440F154F026
:209F9800370070088F002100A60F74FF3C0154FF6F0FFF7F0D00C00482124DC0E1FF8F7F36
:209FB80000313C0153C32000600F9130003F30F3D93F004654F037006E018FF083413C018B
:209FD80053C32000600F9130003F30F3D93F004654FF2E1B8F2420F0960154F0370070085A
:209FF8008F002100A6F074F08F2420F0960254F0370070088F002100A60F74FF3C0154FFE9
:20A018001601DF1FFE7FDA00762382003C028210370F81F0CD0F04090D00C00453C320F03A
:20A0380060FF9130003F30F3D93F004654FF2E1B8F2420F0960154F0370070088F0021008F
:20A05800A60F74FF86248F3440F154F0370070088F002100A60F74FF3C0154FF6F0FFF7FCB
:20A078000D00C004913000FFD9FF184654FF2E1B8F2120F0960154F0370070088F0021006B
:20A09800A60F74FF8F2120F0960254F0370070088F002100A60F74FF3C0154FF1601DF1FB8
:20A0B800FE7F91F001F8D9FF000680FFCD4FE20F0D00C00491F001F8D9FF000480FFCD0FA5
:20A0D800E20F0D00C004912000F5D9FF80CB80FFCD8FE20F0D00C004913000FFD9FF18464A
:20A0F80054FF2E1B8F2120F0960154F0370070088F002100A60F74FF86218F3140F154F0AE
:20A11800370070088F002100A60F74FF3C0154FF6F0FFF7F91000000D90000009100001009
:20A13800D911000091000080D988000091000090D9990000912000F5D9FFC00B91200025F9
:20A15800D922C00D40F4802080FFA2F0DA404BF0114282003C1E804FB70F1CF08F4F1F1008
:20A17800804FBBF0FF2F0662262F06AFA6F1F606CD81E30F0D00C0043C0274F19AD47E0575
:20A19800CDC1E30F0D00C004404F4944001AC2103F40E3FFDA0074FF911000F8D9FF4C984B
:20A1B800DC0F0090200840BF3C0180F2370368F4B75F08F037F30834370468F037F3083037
:20A1D8004DC0E1FF16073C013703680837F003F037F308383C0189A2400909A0400900A0AF
:20A1F8000D00400200800090200840BF3C0180F2370368F4B74F08F037F30834370468F085
:20A2180037F308304DC0E1FF16073C013703680837F003F037F308383C0189A2400909A0F5
:20A23800400900A00D00400200800090200840BF3C0180F2370368F4B73F08F037F30834FE
:20A25800370468F037F308304DC0E1FF16073C013703680837F003F037F308383C0189A214
:20A27800400909A0400900A000800090200840BF3C0180F2370368F4B72F08F037F308342B
:20A29800370468F037F308304DC0E1FF16073C013703680837F003F037F308383C0189A2D4
:20A2B800400909A0400900A00D00400200800090200840BF3C0180F2370368F4B71F08F012
:20A2D80037F30834370468F037F308304DC0E1FF16073C013703680837F003F037F3083896
:20A2F8003C0189A2400909A0400900A00D00400200800090200840BF3C0180F2370368F438
:20A31800B70F08F037F30834370468F037F308304DC0E1FF16073C013703680837F003F001
:20A3380037F308383C0189A2400909A0400900A00D00400200800090200840BF3C0180F223
:20A35800370368F4B77F08F037F30834370468F037F308304DC0E1FF16073C0137036808D5
:20A3780037F003F037F308383C0189A2400909A040090D00400200800090200840BF3C01DB
:20A3980080F2370368F4B76F08F037F30834370468F037F308304DC0E1FF16073C013703A3
:20A3B800680837F003F037F308383C0189A240090CA48FFF0F416D006A4E0D00400200805E
:20A3D8000090200840BF3C0180F2370368F4B76F08F037F30834370468F037F308304DC0E3
:20A3F800E1FF16073C013703680837F003F037F308383C0189A2400909A040090D004002EB
:20A4180000800090DA000950DA08370F0EF009505C08370F03F809505D08370F81F90950E6
:20A438005E08370F01FA09505F08370F83FA09506108370F01FE09506008370F03FC6C451C
:20A45800820109506408370103100950650837018111095066083701041409506B083701A6
:20A47800011A09506708370103120950680837018113095069083701041609506C083701DE
:20A49800811A09506A083701041809506D083701011B09506E083701011C09506F0837019C
:20A4B800811C095F70086E0382203C028200095F71086E03DA013C02DA00A6F03701021D02
:20A4D800095F720837F1041E095F730837F1811B89411009095F06096C42095F0A096C435F
:20A4F800095F16096C41095F1209744F095F6A086E0A095F6A081E17095F6A081E24095FE5
:20A518000E096C460090F4450090404F405CD4C2D42DF4FD09CF04082CF409CF0408530F04
:20A5380022F010D2D9220002E822C82440C56DFF6BFF820009CF63086E05DA0137F00108FE
:20A558003C04DA0137F0810809FF0408534F20F010D25920C08109CFF4086E22D4F209FF84
:20A578000408BC21534F20F060FF9140003F30F3D93F40483C0109C0760809CFF40814F199
:20A59800370F68F037F108F034FF081F370F82F12CF1083F96022CF3081F96042CF1009049
:20A5B8002038911000F8D9FFF03749FF000A49A2000AA0D644FF642FFC6E49AF000A494209
:20A5D800000AA0D644FF642FFC6EF4450090404F6D00B716022F02F46D00061591A0003001
:20A5F80030F3D933C04F5430B700010091A0003030F3D933C04F743002F46D00C2160090BB
:20A618006D00DC11913000FF39FF3506370F64F24B0F41F14BF251203C013C01009037047A
:20A638006800DA084BF00102DA0203F10AF6370F68F0DF15068082220FF210203C048212E9
:20A658000FF210203C010090404F024F0268820602F46DFFE6FF02201607061F82310FF1B4
:20A67800001040F2B0420213020249224008768749FF080A0213020249F240080090404FB0
:20A69800024F0268820602F46DFFCBFF02201607061F82310FF1001049F2100A021302029E
:20A6B80049224008768749FF140A0213020249F240080090404F024F3B00016002F46DFF62
:20A6D800B0FF02201607061F8B0F0110DA030F1F00F002F3020249F240080090DA01744FFF
:20A6F8000090BC41DA024BF50102534020F053042100600F9140003F30F3D93FC06910F296
:20A718003C010090804F53042800420F60FF3C01481F375F03F66CF10090804F53042800E8
:20A73800420F60FF3C0168550090804F53042800420F60FF3C0168350090804F5304280011
:20A75800420F60FF3C0168450090804F53042800420F60FF3C0168250090804F5304280011
:20A77800420F60FF3C01481F375F02F06CF10090804F53042800420F60FF3C014890DA000B
:20A798006CF948BF375F02F06CFB68907663DA013C02DA0037F001F0767382103C0282002F
:20A7B800370F81F06CF90090804F53042800420F60FF3C01DF15048082103C028200481F69
:20A7D800370F81F56CF10090404C405F8218D4F2F4C2084F2CC4084F3B008000E20FD4F267
:20A7F8001022911000303023D93D000D89CD880909FF05082CC549DE001A89CE8C0909FFA6
:20A8180052085E1709F40508821540E46DFF54FF09F4050809F5500840D46DFFC7FF09F42A
:20A838000508086540D46DFF9AFF487F6E08C87409F4600809F561086D00BE0109FF540898
:20A858001E1509FF5508DF1F278009F4050809F5560809F6540809F7550840D46DFF8AFF7C
:20A87800D4F4084409F505086DFF3DFF09F0570809FFD8081421370F68F037F108F0342F63
:20A898000C21370F82F12C210C2396022C230C2196042C2109FF52085E1E09F405084825EE
:20A8B80040D46DFF54FF09F40508483540D46DFF3EFF3C0D09F40508482540D46DFF3FFFEB
:20A8D80009F40508483540D46DFF29FF09F405088215820640E46DFFB9FE09F40508821520
:20A8F800820640E46DFFCDFE09FF53085E1509C48C096DFFF5FE02823C010090F445DA0062
:20A918002C44DA002C45DA146C42DA0A6C43DA01894F1008DA022C46DA00894F1108DA0077
:20A93800894F1208DA01894F1308DA00894F1408DA00894F1508DA02894F1608DA00894F1E
:20A958001708DA00AC4CA00FEC47DA80894F2008DA00894F21080090594400C00090404FCB
:20A97800024F025840F402F46D007100F623DF0853008200BE0182103E0F82203E0D8230FA
:20A998003E0B82403E0982503E078260BE0582705F0F29003C3D40F46D004100534F20F0FB
:20A9B80010FF19FF0CC0370F78F0C21F4B0F41F14BF251203C2F19FF24C0EF8F0F8040F41B
:20A9D8006D002D0019FF24C0370F78F0C21F4B0F41F14BF251203C05821440F46D00E700A1
:20A9F8003C1919FF28C0EF8F0F8040F46D00170019FF28C0370F78F0C21F4B0F41F14BF2CD
:20AA180051203C05820440F46D00D1003C0382023C013C0282023C010090194F08C0370F6F
:20AA380078F04B0F41F1194004C0370078004B0041014B0F51F06D0006004BF241203C01C8
:20AA580000906DFFDFFD3C010090194F00C053242000570F62F08B3F00223C010090404F7A
:20AA78000B54108840F46DFFDAFF4B8251007B00F8136B0131004B0071814B0861116B019F
:20AA980031007B00F0134B1001F0370F61F16E02C2186D005614022A02A46D00A512DA001A
:20AAB800BE90DA013E9EDA023E9CDA033E9ADA043E98DA053E96DA06BE91DA07BE963C1CEB
:20AAD800534920F010F2534920F010FF19FF0CC0378F18F0592F0CC03C1019FF24C0378FE1
:20AAF80018F059FF24C03C0919FF28C0378F18F059FF28C03C023C0102A46D004214009033
:20AB1800404F0248028940F46DFF9DFF0223821A821B82153C2982044B0561014B0351202C
:20AB380002563C1D4B0661014B0241006B003108B700810F4B900110370161F06E0402092E
:20AB58000B6510A8BBD0CC0C9BC0DC034B0901F0370F61F06E0382143C04C2F6FF16E4FF45
:20AB780076423C08C215BBF0FFFF9BFF0FF03FF5D4FF6D00E613022802846D00351219FFBF
:20AB980004C037BF18F059FF04C019FF04C037BF18F059FF04C019FF08C037AF18F059FFA3
:20ABB80008C002846D00ED130090BC41764182023C010090404F0258481F8FCF1F00481FF9
:20ABD800160F532F2010082F0F1F00F082320F12002053402000600291A0013F3023D93258
:20ABF800F04F542082F1C621261026F2A6207420C82408CF09F55008A64502F46D007400AD
:20AC1800C82408C402856D00A10000900C41534F2000144F534F20F060FF91A0013F30F328
:20AC3800D93FD04FDA0F0F0F00100C4C0F0F00F054F082F2C612262026F1A61074F0DFF46E
:20AC58000A00CC410C483704685040F402F46D004B000090404F40546D001B00DA003E2821
:20AC7800DA013E28DA023E28DA033E283C0982043C0982143C0782643C0582743C0382042B
:20AC98003C01821540F46DFF6CFE3C0100904C49370FE2283C0100904C4C764382103C021E
:20ACB8008200370F01F0765382103C028200370F01F1766382103C028200370F81F07673A5
:20ACD80082103C028200370F81F16C4C009009403009DA006C4C4C4E374F02F06C4E894061
:20ACF80030090090404F0B4510A849FC100A82404B0A01828F3A00F1538F20C09140002F67
:20AD1800D922000E7D2F15806D001B13022F02F46D006A1109F0201982110FA1101082F21E
:20AD3800C621261089F0201902F46D002A13534820F010CFDAFF0FCF00F00FCB10B002F3CC
:20AD580002B249F240080090404F0B4510886D00F812022A02A46D00471149FF001ADA084B
:20AD78004BF801028F7800F1534F2040534020F010FFDA0F0F4F00F00F49109002F3029211
:20AD980049F2400802A46D00FC1200902020404CDA084BF401826D00370D534920F010A2E8
:20ADB800534920F010CF488F742F09CF500816FFC21F4B0F41F14BF25100534920F010AFCB
:20ADD80014FF163FC21F4B0F41F14BF05100534920F010AF14FF370F62F39211534920F092
:20ADF80010AF081F160342F1534920F010AF081F370F62F142F14B0141F14BF051203C0144
:20AE1800009020080248405F37057FF08B0F20F26E01820949A6000A028440F56D003900CE
:20AE3800DA0037F9019014AF37F983900CA137F903920CA237F983930CA337F903950CA4CC
:20AE580037F983960CA537F9039809FF5508EE03DA003C02DA0137F98199DA0037F9019ADD
:20AE780009FF5108EE03DA003C02DA0137F9819ADA0037F9019B09FF5208C2FF370F70F0BB
:20AE980037F9859B3789049E02923C010090405C406D82088209DA084BF40122094F500835
:20AEB80016FF9210534320F0104F09FF6008163FC21FE2F0534320F0104F09FF6008370F8B
:20AED80062F39211534320F0104F09FF6108160342F1534320F0104F09FF6108370F62F191
:20AEF80042F173100AA0820B3C4E534B20F010CF54FFE2AF4B0F61F17B0000044B0F51C0BC
:20AF1800820D820E3C328210532E20F00FF010004B0041F14BFC51F07B00F0036B00214F0C
:20AF38006D00131BFF922180532E20F00FF210F04B0F41F14BCF01F016068B0F20F26E09C4
:20AF5800C2F28B0240F3370F689002E8821D3C0FFF820B809A12C2FF8B0F40F3370F6890CF
:20AF780002E8821D3C04C21EBF8ECFFFF6D382798278532B20F010DF2819532B20F010DFFC
:20AF980034F8C21BBF3BB3FF0090404F405C7641820854FF6E016D00370C3C0109FF5008D9
:20AFB80016FFC21F4B0F41F14BF251F03C017B00F8034BF0513054C03B800040821502461C
:20AFD80037007F10BA016E037B00F8037B00F8134B0151703B0040929B499794024A3C4D6D
:20AFF8004B0A41014B0341004B0751107B00F0236B0221114B0131B1DA407FBF05003B006D
:20B0180004B03C0973AB0A10FF410400822B3C034EB2821B4B0B41114B1041006B07311023
:20B0380082024B2101F0AE046B0731003C056B0731F067FFBF0F4B9001F06F2F1E804B90D7
:20B0580001F0AE264B9001F0AE036F060580020902A602B56F061180DA004BF001F0AE2751
:20B07800DA004BF001F0370F61F06E03DA003C02DA016E023C04C2FAFF2AB47F3F54090053
:20B098006F0607006F050580025F026502F6DA024BF601229AD2370F4800C2F5370568F0DE
:20B0B80037F80680DA024BF601421A52C2FF370F68F037F802838E03020F3C02DA0037F8FB
:20B0D80002858E0382323C01370268F037F8028409CF5408EE03DA013C02DA0037F801863B
:20B0F80009CF5308EE03DA003C02DA0137F8818609CF580837F8018702823C010090024861
:20B11800BC416D00810BDA004BF801F0AE217B0008F44BF841F04BF251004B0031F14B0F04
:20B1380041F16B0F31F07B00F0134B1F01F0AE244B0031F13C044B0031F1C21F8B1F401387
:20B15800534120F04B0F61F14BF251F06B0F31F882004B0F01F0AE0A534120F04B0F61F191
:20B178004BF251F06B0F31583C0B534120F04B0F61F14BF251F06B0F31F867FFBF5F824632
:20B198003C2D4B0661F14BF841F04BF251F07B00F0036B0021FF4B0F7101F6023C237360AA
:20B1B8000AF04B0F61F14BF251306B0331F882044B4F01F0AE046B0331383C056B0331F80A
:20B1D80067FFBF3F4B5301F0AE230235020137057FF0BA0F6E023C06C2163B801FF07F6FA3
:20B1F800D2FFC2F18B0140233C01009082F282003C17538020F0911000F8D9FFECF710FF68
:20B21800D4FF7D4F0D80538020F0911000F8D9FFECF710FF481F370F48203C04C210BF407E
:20B23800EAFF3C010090494F102A3C0554FFB45FB025C2F4FF14FC7F0090494F102A3C050B
:20B2580054FF745FB045C2F4FF14FC7F0090494F102A3C0554FF345FB015C2F4FF14FC7FE5
:20B278000090DA084BF40102534120F0104F49FF241A3C06095FC00874FFB025C2F5FF15F4
:20B29800FB7F0090DA084BF40102534120F0104F49FF241A3C05545F74FFB045C2F5FF15B8
:20B2B800FC7F0090DA084BF40102534120F0104F49FF241A3C05145F74FFB015C2F5FF1507
:20B2D800FC7F0090094F5908EE047B1000003C028210CC420C4C0FF0100068100090094F70
:20B2F8005908EE0382103C037B100000CC420C4C0FF0100068100090404E405C406D0248EA
:20B31800D4E46D0025040229DF093780D4EFF4FE821089E0300889ECBC0989E88018821040
:20B3380089E01B0889ED841989E8881809EF4C186E0440E46DFFC8FF09EF5D081E1409EF99
:20B358005D085E3540E46D00E3073C1609EF5D08DE40C812C81F09FFD818C2F83708700073
:20B37800370F10F0892F981840E46D00D1073C0440E46D004E0402923C010090D4423C01C7
:20B3980000908202D44F094F7008EE0348AF6E0282123C0100902008404C405D09D2B809E8
:20B3B800F4C209D2BC09F4A2DA0089CF300809DF740889CF1C0809DF750889CF1D084CD938
:20B3D8006CC44CDA6CC509DF52080920510837F001038920110849DE2C0A5E1754EFEE0515
:20B3F800DA0089CF18083C0E54EF6E08CCDB481F370F68F089CF18083C0509DF600889CFD3
:20B41800180809C05808DA084BF00182534920F0D4A4104F029440D56DFFB9FD022F6CF846
:20B4380009C4580840D5B04554D5D4A46DFFEBFC022F6CC1821009CF58080FF000008F0013
:20B45800011009DF5708EE03DA003C02DA0109C458080F4F10F0D4A4494F081A8F0001400B
:20B47800A640A6F10203021249F240080CC7370F64F28F7F00416DFF8BFC4B0271F189CFE3
:20B49800360954EFEE05DA0089CF0C183C39D4EF09F2C80989C2C80909DF570889CF1908E9
:20B4B80009DF5108EE18DA0189CF0C1840C46DFF18FFD4EF09D5700809DA7108DA80C82494
:20B4D80008C4A6F56DFF10FCC82408C402A56DFF3DFC3C16DA0089CF0C18D4EF09D57008B0
:20B4F80009DA7108D4E2092F5008C82408C4A6F56DFFFAFBC82408C402A56DFF27FC09DF08
:20B51800560889CF1A0809DF801909FF5A086E13911000FF09D2801909201908534920F0C5
:20B53800D4A210224922241A530022F010FF802F59FF0C02D4CFF4FC82023C010090DA005B
:20B55800744FDA01894F1008DA01894F1108DA00894F1208DA00894F1308DA00894F140812
:20B57800DA01894F1508DA08894F1608DA00894F1708DA006C42DA006C43DA006C41DA00C8
:20B59800894F1808DA00894F1908DA00894F1C08DA00894F1D08DA00894F1E08DA00894F91
:20B5B8001F08A00FEC4BDA80894F3008DA00894F3108A00FEC4BDA00894F3008DA00894F8F
:20B5D8003408DA02894F350882FF6C49DA006C4ACC51EC4F495F080A894F80198945B8094E
:20B5F8000090404D405CBBF0FFFF89DF141909CF56086E44823840D46DFFFAFD538221F03D
:20B6180060FF9140003F30F3D93F10683C0109CF1508370F70F014F0370F68F037F008F057
:20B6380034FF081F378F82F12CF1083F96022CF3081F96042CF140D46DFFDAFD538221F029
:20B6580060FF9140003F30F3D93F1068B04F3C0109CF1408370F70F014F0370F68F037F011
:20B6780008F034FF081F378F82F12CF1083F96022CF3081F96042CF13C6D09CFDC086E213A
:20B6980040D46DFFB5FD538221F060FF9140003F30F3D93F10683C0109C06C0809CFDC0822
:20B6B80014F1370F68F037F108F034FF081F370F82F12CF1083F96022CF3081F96042CF1A3
:20B6D80009CFDA086E2240D46DFF92FD538221F060FF9140003F30F3D93F1068B04F3C01B5
:20B6F80009C06C0809CFDA0814F1370F68F037F108F034FF081F370F82F12CF1083F960269
:20B718002CF3081F96042CF109CFDE086E2340D46DFF6EFD538221F060FF9140003F30F362
:20B73800D93F106849FF080A3C0109C06C0809CFDE0814F1370F68F037F108F034FF081FB2
:20B75800370F82F12CF1083F96022CF3081F96042CF100902040404D405FC81E911000CFAD
:20B778006D00EF0D022802846D003E0C14EFB70F01F034EF088F6E03DA003C02DA0114E015
:20B7980037F081F134EF02846D00FB0D820848A440E46DFFB6FC370268F037F80880DA0FF1
:20B7B80037F80485DA0037F8828C089F6E03DA013C02DA0037F8818DDA0737F8048E89E847
:20B7D800100948AF6CD9820009FFDE086E043BF01FF03C02DA0037F00900820109FFDC0829
:20B7F800EE0409FF56086E02821137108104820109FFDA08EE0409FF56086E0282113710FB
:20B81800010508BF37F0020808CF37F0020909FF580837F0020D09FF590837F0020E89E062
:20B838001409C8446D00D10089DE840909FF5608DF0F8B00DA0189DF220849A4000A40C54D
:20B858006DFF63F649A4040A49A5000A6DFFAAF609FF150889DF210809DF21082CA8DA0097
:20B8780089AF2708DA0189AF3408DA0089AF0A09DA0089AF2A08DA0089AF2F08DA00ACAF13
:20B89800DA0089AF230849E2241A802F89AF0E09DA0089AF2D08DA0189AF3008DA0089AF48
:20B8B8002108DA0089AF2208DA0089AF200809FF6C0889AF3A0809FFDC0889AFB80849D4DA
:20B8D800140A49A5040A6DFF22F609FF140889DF200809DF20082CA8DA0089AF2708DA01FE
:20B8F80089AF340849E2102A802F89AF0A09DA0089AF2A08DA0189AF2F08DA0089AF0E09A6
:20B91800DA0089AF2D08DA0089AF3008DA00ACAFDA0089AF2108DA0089AF2208DA0089AFC0
:20B938002308DA0089AF200809FF6C0889AF3A0809FFDA0889AFB80849D4080A49A5040A87
:20B958006DFFE5F53C04DA0089DF220840E440F56DFF49FE09EF5308960189EF13080090C4
:20B97800DA00344FDA00AC4DDA00AC4EDA00AC4FDA00894F2C08DA00894FA008A00FEC49B2
:20B9980089458409DA002C48DA002C49DA002C4ADA002C4BDA002C4CDA00894F1808DA00F8
:20B9B800894F1908A00FEC4482FF894F140882FF894F1508DA00894F1608BB00C2FB9BEFDA
:20B9D800C3F46C4A0090404CBD0C3B00D4CFBCFF0CC409C85508C814088408C5A6F56DFF2A
:20B9F80083F9C814088402856DFFB0F9CCC2BCFF0CCC09C85508C814088408C5A6F56DFF24
:20BA180073F9C814088402856DFFA0F9CCC4BD0F180009CF140809C85508C8140884370F6A
:20BA380068506DFF61F9C814088402856DFF8EF9D4F2D4F40C4408C0370F03F02C240090CF
:20BA5800404FC812092FC0188FFF1FF13C01BBF0FF0F8920141940F46DFF92FC402C9110B0
:20BA780000DF2E04821089C020082E14821089C021082E24821089C022082E74821089C080
:20BA980027082E34821089C023082E44821089C024082E54821089C025082E64821089C087
:20BAB80026086E0D09CF4C186E0440C46DFF0CFCDA0089CF300840F46D00A80009FF62087A
:20BAD8006E3109F02008530022F010D2392F1E02370F61F18B0F20F25E1C530022F010D2BA
:20BAF800530022F010D4394F1F029604E92F1F023C0109F02108530022F010DF39FF1E025E
:20BB1800370F61F18B0F20F25E1C530022F010DF530022F010D2392F1F029604E9FF1F0288
:20BB38003C010090404CD4C46D001B00D4C2D4CF48BFC21F6C2B0090404CD4C46D00690032
:20BB5800D4C2D4CF48AFC21F6C2A0090DA01494F2808EE0382023C0282123C010090404C53
:20BB7800D4CFC81449CD041A094F4218370FE3F13C0109C088180BF080F1370F508054DFD3
:20BB9800EE0A82003C05094110293C01C2103F80FC7F3C2609C05A08FF900B80D4D5028430
:20BBB8006DFF57FBD4DF01F800F6F4DF3C1909C05A08DA103F0F0C80D4D502846DFF35FB2B
:20BBD800532820F0D4DF10FFF4DF3C0AD4D502846DFF35FB534820F0D4DF10FFF4DF09CF04
:20BBF8008818A28F89CF881809CF8818EE0D09CF4C186E0440C46DFF74FBDA0089CF3008FA
:20BC1800D4C46D0003000090DA006C4A00902008404C49CD3C0AD4CF09FF6208DF0F8802B7
:20BC3800911000EFC814F4A46DFFE2FA538221F03C0109F8210809F920084DC0E2FF370FF5
:20BC5800E1F78B0F20A23C010D00400300003C0109C08018BF20E60009C08018C2F053083A
:20BC780022F010EF530822F010E2B92F140237007000370F0EF0F9FF140209CF5A08FF9F6D
:20BC980010808200530822F010EF530822F010E2392F1602370F83F2E9FF16023C2109C04E
:20BCB8005A08DA103F0F10808210530822F010EF530822F010E2392F1602370F83F2E9FFC2
:20BCD80016023C0E8220530822F010EF530822F010E2392F1602370F83F2E9FF160254DF0F
:20BCF800EE4049CF100A80FFB70F1C007B0000FDFE014DC0E1FF16073C0149CF100A80F00B
:20BD1800B7000C0AB770030E7B000011E21FA2F03C0449CF100A80F0530822F010EF59F050
:20BD38000802820082118222530822F010EF19F31002370303303713813137230434530848
:20BD580022F010EF59F31002530822F010EF530822F010E2392F12029610E9FF12023C3AFD
:20BD780054DFB70F1C007B0000FD7E0F4DC0E1FF16073C0154D0B7000C0AB770030E7B00A6
:20BD98000011E21FA2F03C0254D0530822F010EF59F00802820082118202530822F010EFC1
:20BDB80019F31002370303303713813137230434530822F010EF59F31002530822F010EF1C
:20BDD800530822F010E2392F1202B70F01F2E9FF1202D4AF49FF241A530822F010E280FFD4
:20BDF800592F0C02820082118202530822F010EF19F3100237030332371381333723043671
:20BE1800530822F010EF59F31002530822F010EF530822F010E2392F1F029604E9FF1F0249
:20BE380009C08018530922F010EF530922F010E2B92F140237007000370F0EF0F9FF1402C5
:20BE580009CF5A08FF9F10808200530922F010EF530922F010E2392F1602370F83F2E9FFF0
:20BE780016023C2109C05A08DA103F0F10808210530922F010EF530922F010E2392F160263
:20BE9800370F83F2E9FF16023C0E8220530922F010EF530922F010E2392F1602370F83F2DB
:20BEB800E9FF160209CF0419EE4049CF140A80FFB70F1C007B0000FDFE014DC0E1FF16072F
:20BED8003C0149CF140A80F0B7000C0AB770030E7B000011E21FA2F03C0449CF140A80F05D
:20BEF800530922F010EF59F00C02820082118222530922F010EF19F3100237030332371369
:20BF1800813337230436530922F010EF59F31002530922F010EF530922F010E2392F1202AD
:20BF38009620E9FF12023C3D09CF0419B70F1C007B0000FDFE004DC0E1FF16073C0109C061
:20BF58000419B7000C0AB770030E7B000011E21FA2F03C0309C00419530922F010EF59F0AD
:20BF78000C02820082118202530922F010EF19F3100237030332371381333723043653091A
:20BF980022F010EF59F31002530922F010EF530922F010E2392F1202B70F81F2E9FF12029C
:20BFB800530922F010EF530922F010E2392F1F029604E9FF1F02BBF0FFFFD4A4894F14194A
:20BFD8006DFF16F9538221F060FF9140003F30F3D93F10683C01083F96022CF3D4A46DFFA7
:20BFF80007F9538221F060FF9140003F30F3D93F1068B04F3C01083F96022CF3D4A46DFF03
:20C01800F7F8538221F060FF9140003F30F3D93F106849FF080A3C01083F96022CF3530920
:20C0380022F010EF530922F010E2392F1F029604E9FF1F02534920F010EF534920F010E202
:20C05800392FC2819601E9FFC28109CF8018BF2F2B00530822F010EF530822F010E2392F9F
:20C078001F029604E9FF1F02534820F010EF534820F010E2392FC2819601E9FFC28109CF58
:20C098005C08EE094CC18200370F01F0D4AF89FF20193C084CC18210370F01F0D4AF89FFFE
:20C0B80020193C4054DFEE0C4CC18210370F01F0D4AF89FF20194CC489FF24193C334CC11B
:20C0D8008210370F01F0D4AF89FF201909CF5A08FF9F0C80D4DF09CF801810FF09FF7FF826
:20C0F800D4AF89FF24193C1E09C05A08DA103F0F0F8009CF8018C2FF532F20F0D4DF10FF0F
:20C1180009FFC008D4AF89FF24193C0C09CF8018C2FF534F20F0D4DF10FF54FFD4AF89FFA4
:20C13800241976A30D0000031D00F10009CF8018BF1FED00C81E0CC7370F644209EF421841
:20C1580016073C018B4F000109CF5B085E12C2F009CF80187E02C2F009CF80180B0F80F198
:20C17800370F5080BF18D30009C08018A28089C0801809CF8018EE0382113C02820109CFF6
:20C198005B08DE12BF28110009CF80186E0D4DC0E20F3700E1078B0020923C010D0040036A
:20C1B80000003C013C084DC0E20F3700E1078B0020923C0109CF5B08DE14820089C01B0834
:20C1D80009CF5C08EE084CC18200370F01F089EF20193C074CC18210370F01F089EF2019D4
:20C1F80054DFEE1E09C01009DF01130082013C0489E02419C2119AF83FF1FC7F4CC18211FA
:20C21800371F01F089EF201989E024193C08DA003C0489E02419C21F3F8FFD7F3C7409CFB1
:20C238005A08FF9F2480DF011800BF280800D4D59AF840E402F56DFF37F84CC18210370F85
:20C2580001F089EF2019D4DF01F800F609FF7FF889EF24193C06D4D540E402856DFF24F830
:20C27800D4DF01F800F6F4DF3C4E09C05A08DA103F0F2780DF011A00BF280800D4D59AF879
:20C2980040E402F56DFFEFF74CC18210370F01F089EF2019C2F8532820F0D4DF10FF09FF83
:20C2B800C00889EF24193C0BD4D540E402856DFFDAF7532820F0D4DF10FFF4DF3C24DF01B1
:20C2D8001900BF280800D4D59AF840E402F56DFFDBF74CC18210370F01F089EF2019C2F869
:20C2F800534820F0D4DF10FF54FF89EF24193C0BD4D540E402856DFFC7F7534820F0D4DF8E
:20C3180010FFF4DF76930D00000300902008404F49FD3C0AD4FC09FF801882404B0F0102A8
:20C33800F61909FF801882404B0F0102370068F03C0909FF801882404B0F0102370068F0F5
:20C35800C21F370F688009FF5D089E4B09F08018DA104BF00102F61909F08018DA104BF0E2
:20C378000102370068F03C0909F08018DA104BF00102370068F0C21F42F8C2F8370868808A
:20C3980009CF6208DF0F1702911000EF09C48409F4A46DFF2DF7538221F03C0109C921080C
:20C3B80009CA20084DC0E2FF370FE1F78B0F20B23C010D00400300003C01530922F010E2C8
:20C3D800530922F010E4B940140237800E00F92014028220530922F010E2530922F010E47C
:20C3F800394F1602370F83F2E92F160254DFB70F1C007B0000FD7E0F4DC0E1FF16073C0139
:20C4180054D0B7000C0AB770030E7B000011E21FA2F03C0254D0530922F010E25920080277
:20C43800820082118202530922F010E219231002370303303713813137230434530922F034
:20C4580010E259231002530922F010E2530922F010E4394F1202B70F01F2E92F120209FFF9
:20C478005D089E4DD4A249221C1A530922F010E4802F594F0C02820082118202530922F06F
:20C4980010E219231002370303323713813337230436530922F010E259231002530922F0E7
:20C4B80010E2530922F010E4394F1F029604E92F1F0209FF801882404B0F0102F61909FFBE
:20C4D800801882404B0F0102370068003C0909FF801882404B0F010237006800C210530A1C
:20C4F80022F010E2530A22F010E4B94F140237007000370F0EF0F92F14028220530A22F065
:20C5180010E2530A22F010E4394F1602370F83F2E92F160209FF0419EE4049F2140A802FC8
:20C53800B70F1C007B0000FDFE014DC0E1FF16073C0149F2140A8020B7000C0AB770030E45
:20C558007B000011E21FA2F03C0449F2140A8020530A22F010E259200C02820082118222CA
:20C57800530A22F010E219231002370303323713813337230436530A22F010E25923100204
:20C59800530A22F010E2530A22F010E4394F12029620E92F12023C3D09FF0419B70F1C00C1
:20C5B8007B0000FDFE004DC0E1FF16073C0109F00419B7000C0AB770030E7B000011E21FFE
:20C5D800A2F03C0309F00419530A22F010E259200C02820082118202530A22F010E219233E
:20C5F8001002370303323713813337230436530A22F010E259231002530A22F010E2530A63
:20C6180022F010E4394F1202B70F81F2E92F1202530A22F010E2530A22F010E4394F1F028E
:20C638009604E92F1F02BBF0FFFFD4A4894F14196DFFDEF5538221F060F29140003F30230F
:20C65800D93210683C010C2396022C23D4A46DFFCFF5538221F060F29140003F3023D9329E
:20C678001068B0423C010C2396022C23D4A46DFFBFF5538221F060F29140003F3023D932A7
:20C6980010684922080A3C010C2396022C23530A22F010E2530A22F010E4394F1F02960433
:20C6B800E92F1F02534A20F010E2534A20F010E4394FC2819601E92FC28109FF5D08DF3FA1
:20C6D800298009F08018DA103FF0090009F0C608DA0F37F085F3ACF33C0B09F0C60809FFE2
:20C6F8008018C2FF370F70F037F085F3ACF309F08018DA103FF00700084FB70F01F02CF406
:20C718003C04084F96012CF4086F96402CF63C2C09FF5D08DE1E09F08018DA103FF00900C0
:20C7380009F0C608DA0F37F085F3ACF33C0B09F0C60809FF8018C2FF370F70F037F085F33F
:20C75800ACF3084F96012CF4086F96402CF63C0C084F96012CF4086F96402CF609FFC6080A
:20C77800B70F85F3ACF3530922F010E2530922F010E4394F1F029604E92F1F02534920F0DA
:20C7980010E2534920F010E4394FC2819601E92FC28109FF5D081E46481FD4AF89FF1C19BA
:20C7B8003C05481FD4AF89FF201976B30D0000033C010090913000FFD9FF300654F8370816
:20C7D80064F0EE0382023C096D001E00370864F04B0F41F14BF251203C010090913000FF4E
:20C7F800D9FF300654F8370864F2EE0382023C096D000A00370864F24B0F41F14BF2512032
:20C818003C0100906D00DA00913000FF39FF3106370F6402DA003E0CDA01BE0BDA02BE0EA1
:20C83800DA035F0F2100DA045F0F23003C26913000FF39FF0C16160FEE023C0A913000FF6E
:20C8580039FF0C16160F4B0F41F14BF251203C177B0017F44BF251203C127B001FF44BF267
:20C8780051203C0D7B0027F44BF251203C087B002FF44BF251203C0382023C013C01009045
:20C89800910000F6D9FF0C0454FF4B0F61213C010090913000FF39FF3706370F62F2EE0652
:20C8B800BB00C22B9BE2CB243C11913000FF39FF3706370F62F25E19910000F6D9FF0C044A
:20C8D80054FF4B0F61213C0282023C010090913000FFD9FF00066DFFDEFF09FF6408160110
:20C8F8005E1A09FF6E08167FC21F4B0F41F14BF251203C2409FF6408370FE1F15E1EBB0057
:20C91800C20B9BE0CB0409FF6C08167FC21F4B0F41F14BF051203C1209FF6908370FE5F0DC
:20C93800C21F4B0F41F14BF2410009FF6C08167FC21F4B0F41F14BF051203C01009091303C
:20C9580000FFD9FF00066DFFA6FF09FF540816015E1A09FF5E08167FC21F4B0F41F14BF231
:20C9780051203C2909FF5408370FE1F15E1EBB00C20B9BE0CB0409FF5C08167FC21F4B0FC3
:20C9980041F14BF051203C1709FF5908370FE7F0C21F4B0F41F14BF2411009FF5C08167FCC
:20C9B800921009FF5B08160FC21FE2F04B0041F14BF151203C010090913000FF39FF330652
:20C9D800370F62F282003E0482103E083C0ABB00C22B9BE2CB243C013C066DFFB2FF3C03D4
:20C9F80082023C013C0100906DFFE8FF913000FF39FF3106370F6402DA003E0CDA01BE0C9A
:20CA1800DA02BE0FDA035F0F2200DA045F0F24003C27913000FF39FF3206160FEE0382024B
:20CA38003C0A913000FF39FF3206160F4B0F41F14BF251203C177B001FF44BF251203C122C
:20CA58007B0027F44BF251203C0D7B002FF44BF251203C087B0037F44BF251203C0382028A
:20CA78003C013C010090404F820891000026D9220C0409FF1019742F6D00630402296D0079
:20CA98007404022A02946D00AF029130002F392F3046370FE1B19130002F392F3046960814
:20CAB8009130002FE92F304602946D006A0402A46D00C2023C019130002F392F3306370F84
:20CAD800E1F3EEFA9130002F392F3306B70F02F29130002FE92F33069130002F392F330665
:20CAF80096409130002FE92F33069130002F392F180696109130002FE92F18063C019130C7
:20CB1800002F392F3706370FE1F3EEFA9130002F392F3706B71F02F29130002FE92F370683
:20CB38009130002F392F370696409130002FE92F37066D00C401A62802A46D004904DF08E6
:20CB5800928102A46D0078023C019130002F392F1406370FE1F26EFA9130002F39201C0682
:20CB780008AF37F007F09130002FE92F1C069130002F39201B06088F37F004F09130002F92
:20CB9800E92F1B069130002F39201906089F37F087F09130002FE92F19069130002F392F18
:20CBB800180696409130002FE92F18069130002F392F1A06B70F01F09130002FE92F1A06EC
:20CBD8009130002F392F180696209130002FE92F18069130002F392F1A0696019130002FEC
:20CBF800E92F1A069130002F392F1A0696049130002FE92F1A06BB70714B9B1485436D00E0
:20CC1800BB013C019130002F392F1406370F61F16EFA9130002F392F1806B70F01F09130A3
:20CC3800002FE92F18063C019130002F392F3306370FE1F3EEFA9130002F392F3306B71F40
:20CC580002F29130002FE92F33063C019130002F392F3306370FE1F3EEFA48346D008C0141
:20CC78009130002F19203006485F82F1C61F26F0485F4841261FA6F0DA0137F0020EDA0130
:20CC980037F0010F9130002FD922300674203C019130002F392F3706370FE1F3EEFA9130FB
:20CCB800002F19203406487F82F1C61F26F0487F4861261FA6F0DA0137F0020EDA0137F026
:20CCD800010F9130002FD922340674203C019130002F392F0316370FE1F3EEFA9130002FD3
:20CCF80019200016489F82F1C61F26F0489F4881261FA6F0DA0137F0010F9130002FD922F0
:20CD1800001674203C019130002F392F0F16370FE1F3EEFA9130002F19200C1648BF82F1D0
:20CD3800C61F26F048BF48A1261FA6F0DA0137F0010F9130002FD9220C1674209130002F72
:20CD58001920002648DF82F1C61F26F048DF48C1261FA6F09130002FD92200267420913056
:20CD7800002F1920042648FF82F1C61F26F048FF48E1261FA6F09130002FD9220426742060
:20CD98009130002F192F082609F0041982F1C610260F09F0041909F100192610A60F9130AC
:20CDB800002FD9220826742F02A46D0011039100802F192F140209F00C1982F1C610260FFF
:20CDD80009F00C1982F1C610260F09F00C1909F108192610A60F02946D0006019100802F31
:20CDF800D9221402742F02946D00CB02820C3C3702A46D0021013C019130002F392F1406B2
:20CE1800370FE1F26EFA9130002F39201C0653CC20F0C8121022142F37F007F09130002F82
:20CE3800E92F1C0602A46D00D30253CC20F0C81210224C226E0953CC20F0C8121022092232
:20CE580088092D02000053CC20F0C8121022092402096D009100C21C370C68C014FF3FFCF2
:20CE7800C9FF02A46D00E800913000FF39FF1806B70F01F3913000FFE9FF180602A46D002E
:20CE9800A70202946D00B000913000FF39FF2C469608913000FFE9FF2C46913000FF39FF04
:20CEB800304637BF81F1913000FFE9FF304602946D00670202823C0100903B002880820933
:20CED8006D003F02022A913000FF39F01006B7008202913000FFE9F01006913000FF39F08E
:20CEF8001206910000F6D9FF0C0454F13B005AF29B6F02F04BF111229AF2370F68F037F00B
:20CF180005F0913000FFE9FF1206913000FF39FF10069604913000FFE9FF10063C05C2F8E3
:20CF3800F68382193C0D913000FF39FF10066F1FF87F913000FF39FF11066F0FF27F02A4C5
:20CF58006D005200913000FF39FF2C469608913000FFE9FF2C46913000FF39FF30469608CC
:20CF7800913000FFE9FF304602A46D000A0202923C01009002486DFF21FD913000FF39FF2F
:20CF98003506160F4B0F41F14BF251F03C014B8F41F04B0F71F185F110003C0185F01000C3
:20CFB800A2103FF0FDFF00904DC0E1FF16073C0153CF20F060FF9130003F30F3D93F004693
:20CFD80054FF2E179601B70F81F0374F0EF174FF96019602375F10F874FF3C0154FF6F0F8D
:20CFF800FF7F00904DC0E1FF16073C0153CF20F060FF9130003F30F3D93F004654FF2E1B16
:20D018008F2420F0960154F0370070088F002100A60F74FF86248F2440F154F03700700852
:20D038008F002100A60F74FF3C0154FF1601DF1FFE7F0090913000FF19FF30366F1F120070
:20D058008F2420F09601913000FF19F03036370070088F002100A60F913000FF59FF30369D
:20D0780086248F2440F1913000FF19F03036370070088F002100A60F913000FF59FF303649
:20D098003C01913000FF19FF30361601DF1FFB7F00904DC0E1FF16073C0153CF20F060FF06
:20D0B8009130003F30F3D93F004654FF2E1B8F2420F0960154F0370070088F002100A60F89
:20D0D80074FF8F2420F0960254F0370070088F002100A60F74FF3C0154FF1601DF1FFE7F7D
:20D0F800084F96082CF454FF2E1B8F2420F0960154F0370070088F002100A60F74FF862498
:20D118008F3440F154F0370070088F002100A60F74FF3C0154FF6F0FFF7F0090913000FF5C
:20D1380019FF30366F1F12008F2420F09601913000FF19F03036370070088F002100A60F1C
:20D15800913000FF59FF30368F2420F09602913000FF19F03036370070088F002100A60F9B
:20D17800913000FF59FF30363C01913000FF19FF30361601DF1FFB7F913000FF39FF3436AD
:20D198009608913000FFE9FF3436913000FF19FF30366F1F12008F2420F09601913000FFCF
:20D1B80019F03036370070088F002100A60F913000FF59FF303686248F3440F1913000FFF8
:20D1D80019F03036370070088F002100A60F913000FF59FF30363C01913000FF19FF3036BB
:20D1F8006F0FFC7F00904DC0E1FF16073C0153CF20F060FF9130003F30F3D93F004654FFE2
:20D218002E1B8F2420F0960154F0370070088F002100A60F74FF8F2420F0960254F03700B2
:20D2380070088F002100A60F74FF3C0154FF1601DF1FFE7F084FB70F81F12CF454FF2E1B19
:20D258008F2420F0960154F0370070088F002100A60F74FF86248F3440F154F03700700800
:20D278008F002100A60F74FF3C0154FF6F0FFF7F0090913000FF19FF30366F1F12008F2411
:20D2980020F09601913000FF19F03036370070088F002100A60F913000FF59FF30368F245B
:20D2B80020F09602913000FF19F03036370070088F002100A60F913000FF59FF30363C01B0
:20D2D800913000FF19FF30361601DF1FFB7F913000FF39FF3436B70F81F1913000FFE9FF27
:20D2F8003436913000FF19FF30366F1F12008F2420F09601913000FF19F030363700700896
:20D318008F002100A60F913000FF59FF303686248F3440F1913000FF19F030363700700896
:20D338008F002100A60F913000FF59FF30363C01913000FF19FF30366F0FFC7F00904DC0E1
:20D35800E1FF16073C0153CF20F060FF9130003F30F3D93F004654FF370F6EF18FFF83213F
:20D378003C013C010090913000FFD9FF303654FF370F6EF18FFF83213C013C0100904DC04C
:20D39800E1FF16073C0153CF20F060FF9130003F30F3D93F004654FF2E1B8F2420F0960133
:20D3B80054F0370070088F002100A60F74FF86248F3440F154F0370070088F002100A60F94
:20D3D80074FF3C0154FF6F0FFF7F0090913000FF19FF30366F1F12008F2420F096019130AD
:20D3F80000FF19F03036370070088F002100A60F913000FF59FF303686248F3440F19130B6
:20D4180000FF19F03036370070088F002100A60F913000FF59FF30363C01913000FF19FFDF
:20D4380030366F0FFC7F0090404F02486DFF9DFF022902946DFF00FEDA207FF80B8009FFD5
:20D45800082982100F801000A60F89FF08293C0B09F00C2982118FF801F10FF11010A6108D
:20D4780089F00C2902946DFFB3FF0090404F0248025FFF881F803BF0014040F46D001B001A
:20D4980082108B0801100F1010005E1709FF0029A60F89FF00293C0809FF002982F1C61045
:20D4B800260F89FF00293BF0014040F46DFFBEFF0090404F02486DFF58FF022902946DFF4C
:20D4D800BBFDDA207FF80D8009FF082982100F80100082F1C610260F89FF08293C0D09F09B
:20D4F8000C2982118FF801F10FF1101082FFC6F1261089F00C2902946DFF6AFF0090404F0D
:20D518006DFF74FA09FF4028161FC21F4B0F61F14BF251203C010090404F6DFF67FA09FF08
:20D5380041281603C21F4B0F61F14BF251203C010090BF450B80C2C56F0405003B900040B0
:20D558003C033B8000403C01DA0403F40AF5534F20F0912000F8D9FF7C3810FF54FF60F2CD
:20D578003C010090404F09FF002937046800370F02F48210370F81F73BF0014040F46DFFCB
:20D598009AFF89FF00293BF0014040F46DFF4EFF0090404F09FF002937046800370F05F0A2
:20D5B8008210370F81F73BF0014040F46DFF83FF89FF00293BF0014040F46DFF37FF0090F2
:20D5D800404F024F6DFF12FA4B0271014BF011229AF28B3F20439A144BF0118240F46DFFD9
:20D5F800C3FF02823C010090404F024F6DFFFEF94B0271018F2000104BF111229A2206EF1F
:20D61800C2FF8BFF21F392114B1011823B00D0129B1113107F810A80C21F8BFF21F392116A
:20D638004B10110202083C013B90D00306503F0808803B00D0029B1013007F800480820882
:20D658003C0540F402F46DFFA6FF02823C010090404F09FF0029374F01F78210370F81F757
:20D678003BF0014040F46DFF26FF89FF00293BF0014040F46DFFDAFE0090DF0431004C419B
:20D698008B8701000F041040A64F6C414C418230534720100F10000082F1C610260F6C4107
:20D6B8004C41534720000F051050A65F6C41766B4C41821053472010C2310F100000A60F54
:20D6D8006C413C0C4C41821053472010C2310F10000082F1C610260F6C413C0B4C418210B1
:20D6F8008B8701100F10000082F1C610260F6C410090404F3BF0014040F46DFFDCFE09FF98
:20D718004328968089FF03283BF0014040F46DFF8DFE820082013C0E3B0040F0E21F10F269
:20D73800392F4320370F61F23C016E0382103C01C211BF81F3FFDF10EE7F0090404C405FD4
:20D758008208C852D42D3C01C852092E84093C01C85289C2840909C284090929480809FAE5
:20D778000C0840D402946DFFA6FE08E0534A20F010E2534A20F010E40941416837018101EE
:20D798008920016808F0534A20F010E2534A20F010E4094F4268370F04F0892F026809F0D0
:20D7B8005008534A20F010E2534A20F010E4094F4068370F02F2892F006809F05108534A70
:20D7D80020F010E2534A20F010E4094F4068370F02F3892F00680810534A20F010E2534ADF
:20D7F80020F010E4094F4168370F01F1892F016808D0534A20F010E2534A20F010E4094F43
:20D818004068370F02F0892F006809F05308534A20F010E2534A20F010E4094F4168370F15
:20D8380002F0892F01680830534A20F010E2534A20F010E4094F4268370F81F2892F026868
:20D8580014F0534A20F010E2534A20F010E4094F4268370F01F2892F026809F05208534A1F
:20D8780020F010E2534A20F010E4094F4168370F04F2892F01688B0901F0370F684040D408
:20D898006DFF19FE082FEE084CE282100FA01000A60F6CE23C094CE282100FA0100082F107
:20D8B800C610260F6CE28B0901F0370F684040D46DFFBCFD08B009C2000809E12049DA0F84
:20D8D800534220300F3F00F082F3C63F26F189E1204909EF2049534220100F101000A60F9F
:20D8F80089EF204909FFC6086E2008B502946DFF22FE09F00C08DA010F0F10F089EF104915
:20D91800089009FFC6081421370F68F037F108F0342F0C21370F82F12C210C2396022C23E2
:20D938000C2196042C213C0108FFFF8F1A8008A008F109E23049DA0F534120300F3F00F03F
:20D9580082F3C63F26F289E2304909EF3049534120100F101000A60F89EF30493C1B08A030
:20D9780008F109E234493BF000309A81534F20F00FF3003082FFC6F3263289E2344909EF62
:20D998003449C281534120100F101000A60F89EF344909FFC4086E2908A502946DFFCBFD30
:20D9B80008F0534020F010E4534020F010E5395F03809680E94F0380BBF0FFFF89EF1449BE
:20D9D800088009FFC4081421370F68F037F108F0342F0C21370F82F12C210C2396022C2334
:20D9F8000C2196042C213C0140D402946DFF1EFD08FF2CC109FF0C0834CF02823C01009029
:20DA1800912000F8D9FF042849FF000A4942000AA05644FF642FFC6E894594090090405F8A
:20DA38008208D4F2D42C084F3B004000E20F10C2D92D4020894D8409D4F2D422F4420849DD
:20DA58008949080840C46DFF5CFD022A8B0901003700684040C46DFF2EFD09FF6F085E1BD0
:20DA7800821409F5620809F66308820740D46DFF06FE3C08820482058206820740D46DFF37
:20DA9800FEFD09FF70085E1B821409F55A0809F65B08821740D46DFFF2FD3C0882048205C9
:20DAB8008206821740D46DFFEAFD09FF71085E1B821409F56A0809F66B08822740D46DFF2B
:20DAD800DEFD3C08820482058206822740D46DFFD6FD085F5F9F2300085F538920009120E2
:20DAF8000028D9227B8801200026102214203C0109DF401882414B100122373F02F089DFAD
:20DB1800001809D10019DA0882424B2001220F3F00F0A6F189D100193C01DA0014D037F044
:20DB380002F034DF09FF6E0814D037F002F234DF09FF6F08DF1F5D8049F21C0A09FF61080C
:20DB58006E2D09DF4428960489DF042809FF610809F05F0809D1002982123721811737F110
:20DB780082163701041489D1002909F05F08DA0FFE0409FF5E08821009D1002982123721E8
:20DB9800811B37F1041889D1002909DF4428370F02F089DF04283C013C0709DF4428B70F50
:20DBB80001F189DF042809F05F08DA0FBE0509FF5E0809F0600809D1002982123721811B61
:20DBD80037F1041889D1002909DF4428370F02F089DF04283C01142F6E03DA013C02DA0062
:20DBF80009D0452837F001F189DF05283C0109FF7008DF1F5D8049F2140A09FF59086E2D24
:20DC180009DF6428960489DF242809FF590809F0570809D1202982123721811737F1821602
:20DC38003701041489D1202909F05708DA0FFE0409FF5608821009D1202982123721811BF3
:20DC580037F1041889D1202909DF6428370F02F089DF24283C013C0709DF6428B70F01F1B9
:20DC780089DF242809F05708DA0FBE0509FF560809F0580809D1202982123721811B37F142
:20DC9800041889D1202909DF6428370F02F089DF24283C01142F6E03DA013C02DA0009D090
:20DCB800642837F001F289DF24283C0109FF7108DF1F578049F2240A09FF69086E2D39CFDA
:20DCD80004809604E9CF048009FF690809F0670819C1008082123721811737F1821637011B
:20DCF800041459C1008009F06708DA0FFE0409FF6608821019C1008082123721811B37F1F5
:20DD1800041859C1008039CF0480370F02F0E9CF04803C013C0109F06708DA0FBE0509FF9F
:20DD3800660809F0680819C1008082123721811B37F1041859C1008039CF0480370F02F070
:20DD5800E9CF04803C01142F6E03DA013C02DA0039C0048037F001F2E9CF04803C01085F14
:20DD78007E93DA033C02DA0014D037F002F034DF09F56C0840C402946DFF7AFB82013C3693
:20DD9800536120F010F209204A08534120F010D2534120F010D4094F6108370F03F0892F6A
:20DDB8002108536120F010F2092F06094BAF41F04B0F7101C2E0DA1F7F0F0780DA104BF049
:20DDD80011228BF200008BF02F033C01534120F010D2534120F010D4094F60083700680024
:20DDF800370F05F0892F2008C211BF21CBFF8B0901F0370F684040C46DFF18FB02823C01BC
:20DE18000090912000F8D9FF1C2849FF000A4942000AA0C644FF642FFC6EDA002C44F44585
:20DE38000C442C45DA00894F2C080090405C8208D4CDF44D6DFF85FA022F02F46DFFD4F841
:20DE5800820074D002F46DFF9CFA09C45D0840D46DFF00FC4CC54B0F714140D46DFFC6FBE0
:20DE7800F62382123C634CC44B0F714140D46DFFA9FB40D46DFF45FB82013C34536120F087
:20DE980010CF0880534120F010D2534120F010DF09FF6128370F03F0892F2128536120F05B
:20DEB80010CF481F4B2F41F04B0F7101C2E0DA1F7F0F0780DA104BF011428BF400008BF06B
:20DED8002F033C01534120F010DF534120F010D2092F602837006800370F05F089FF202838
:20DEF800C211BF21CDFF09CF5C08DE1E82093C178B09014040D46DFFDEFA3B0040F0E29F5C
:20DF180010DFD9FF4020DA0314F037F002F034FF8B09014040D46DFF89FAC219BF89EAFFB1
:20DF380040D46DFFE8FB02823C010090404FF4F5BB0068F99B8FB9F46CF540546DFFEEFA61
:20DF580068426DFF53F56862DA002CF83BD07BF39B6F58F36CF1DA002CFE3BD07BF39B6FD1
:20DF780058F389FF0A09DA0089FF1C08DA0089FF1D080090C2F437045040D44F094FC4083E
:20DF980010FF14FF345FB015094FC408C21FAC42094FC4080940C6083F0F0480DA00AC4227
:20DFB800FF14EA7F40523C010090C2F437045040D44F094FC40810FF145F34FFB015094FD4
:20DFD800C408C21FAC42094FC4080940C6083F0F0480DA00AC42FF14EA7F40523C010090DE
:20DFF8004DC0E2FF370FE1F78B0F20023C010D00400300003C018C423C010BF480F1370FB6
:20E0180050108C4B4BF10122A23137015020DA00894F1808A2248C4A0BF480F1894F060912
:20E0380076030D0000033C0100904DC0E2FF370FE1F78B0F20023C010D00400300003C01E0
:20E05800094184083C018C4AA21F0BF480F1370F50108C4B4BF10122A23137015020DA005D
:20E07800894F1908A2248C4A0BF480F1894F0A0976030D0000033C010090025FC234B70430
:20E098000200370050808BC801008B8000406D00CB21BC2640240B8F10486D0032003C0153
:20E0B80000904DC0E2FF370FE1F78B0F20123C010D00400300003C018C4212508940840891
:20E0D80009408E088C420BF0A0F1AC47094F06096E0F094F0609A25F894F0609094F060962
:20E0F8004EF7DA00894F0609DA01894F180876130D000003A254370450203C010090C23432
:20E11800B70402F0370F5000DA00894F1808DA01894F1908804F8BCF01F0C27FB70F03F0EA
:20E13800744FDA00AC42DA00AC47DA00894F0A09894F0609DA00AC49AC48894094088945CD
:20E15800960840423C0100902008404F405C02488209DF08D400D4F2F4A288AFACA3888FDE
:20E17800ACA291100028D9223828092040090B0610F10B1780F2EE0891100028D9223828E3
:20E19800092A40093C264DC0E2FF370FE1F78B0F20F23C010D00400300003C0185F0100082
:20E1B8008203020285F12C008200A620A6313C0191100028D922382809224009262026318B
:20E1D8006E030D0000033C010B6040A00B7150B03C0140F402846DFF05FF022F6E0E49A4A1
:20E1F800000A40C502F46DFFC7FE402C40F40B8F10486D0087000228DF09388091100028B8
:20E21800D9223828092040090B0A10F10B1B80F2EE03DA003C284DC0E2FF370FE1F78B0F96
:20E2380020F23C010D00400300003C0185F010008203020285F12C008200A620A6313C01DE
:20E2580091100028D922382809224009262026316E030D0000033C010BA050F10BB100F219
:20E278000B1B90F23C016E05DA0089FF06093C43DF0840003C0109FF5808EE379110002884
:20E29800D9223828092040090B0A10F10B1B80F2EE03DA003C284DC0E2FF370FE1F78B0F16
:20E2B80020F23C010D00400300003C0185F010008203020285F12C008200A620A6313C015E
:20E2D80091100028D922382809224009262026316E030D0000033C010BA050F10BB100F299
:20E2F8000B1B90F23C016EC809FF58088B0F0092DF0871FF09AFC408ACF802823C01009087
:20E318004DC0E2FF370FE1F78B0F20023C010D00400300003C018C42A25FAC42094F0A092B
:20E338006E0F094F0A09A25F894F0A09094F0A094EF7DA00894F0A09DA01894F190876032F
:20E358000D000003A254370450203C0100902008404F405C02488209DF08D400D4F2F4A2E8
:20E3780088AFACA3889FACA291100028D9223828092040090B0610F10B1780F2EE089110B7
:20E398000028D9223828092A40093C264DC0E2FF370FE1F78B0F20F23C010D0040030000BF
:20E3B8003C0185F010008203020285F12C008200A620A6313C0191100028D92238280922AD
:20E3D8004009262026316E030D0000033C010B6040A00B7150B03C0140F402846DFF27FE32
:20E3F800022F6E0E49A4000A40C502F46DFFDFFD402C40F40B8F10486DFF55FE0228DF09BB
:20E41800388091100028D9223828092040090B0A10F10B1B80F2EE03DA003C284DC0E2FFCB
:20E43800370FE1F78B0F20F23C010D00400300003C0185F010008203020285F12C008200FE
:20E45800A620A6313C0191100028D922382809224009262026316E030D0000033C010BA02C
:20E4780050F10BB100F20B1B90F23C016E05DA0089FF0A093C43DF0840003C0109FF59087C
:20E49800EE3791100028D9223828092040090B0A10F10B1B80F2EE03DA003C284DC0E2FFDE
:20E4B800370FE1F78B0F20F23C010D00400300003C0185F010008203020285F12C0082007E
:20E4D800A620A6313C0191100028D922382809224009262026316E030D0000033C010BA0AC
:20E4F80050F10BB100F20B1B90F23C016EC809FF59088B0F0092DF0871FF09AFC408ACF9E5
:20E5180002823C0100908F841EF08F0F0801B70408FC3704E81BB71F812BDA7F7FF10480FE
:20E5380082020090DA967F1F048082023C068B6109F1325F0FF20020370250207604325218
:20E55800370250200090B70408FC3704E80BB71F811BDA7F3FF00580DA967F0F04808202F8
:20E5780000908B6009F1325F0FF1001037016820009091200048D94480A81D000200820836
:20E59800404F8209820A820BC81CC82D483C09FF1001DF1F238080CF160180D08F100001C3
:20E5B800FE046E04C2FC04DF24CF76CF8F3C00018FEC1FF06E0902F140D2C2F16014442198
:20E5D80064C1FC4E90DD020CDF0CE07FC2FC60C204DF24CFFC2E3CD9DE2580CF2E03C2FCB9
:20E5F80024C9DF0CD37F8F3C00F106EC76C5C2FC60C264CAFC2F6EC9C2FF60F224CBFC2F53
:20E618003CC48F0F1F00DF002E008F3F0001DF102B8080CF8F3F00D180DF1603FEDB76DB1F
:20E6380002D440C440D56D00540001CD00C601DD00D6A2DC76CF8F3C00018FEC1FF06E093A
:20E6580002F140D2C2F16014442164C1FC4E90DD020CDF0C9B7F02C440C440D56D0039009D
:20E678003C9400901603DF2F91FF80CF16036E0702F440C46D00160010CCA2FCDF0C867FA7
:20E698008F3C004106EC76C5C2FC60C264C8FC2FDF047C7F40C46D0005001DFF77FF00907C
:20E6B8003BF00F00804F1603063F0FF0100082FFC6F0C2F4604F804FB70F02F060F2B01493
:20E6D800542F260F742F77000004FCF60090804F16033BF00F008F3F00100F10100082F128
:20E6F800C610C2F4604F8041B7010220095101008F3F0030B0140F3110106022C21F5422D6
:20E7180016032602A612742277000004FDF0ED7F0090910000F6D9FF1404D4F291200056AA
:20E73800D955C08901240046015420F4EE0891200056D955C08A014530F4EE0482FF60F2D2
:20E758000090F4F40090DA034BF411023B40CEF03F0F048082023C113B8006F13FF0058028
:20E778003B4006203C0A1BC031FF534F26F03B4038004B0F11223C010090207049A4000A43
:20E798009120005F6DFFD4FBDA0189AF1D0891000046D944183449A5000A6DFF49FB49A409
:20E7B800200A91000056D95518346DFF2CFBDA0089AF2408DA0089AF2508DA0189AF0F186C
:20E7D800DA0189AF001891000046D944043449A5200A6DFF26F949A4141A91000056D955F7
:20E7F80004346DFF0FF9DA0489AF2018DA0489AF2318DA0189AF171891000046D9443C2420
:20E8180049A5141A6DFF9CF7910000F6D9FF3C248210C81209228409081F534F20100121C7
:20E8380000F6534F20F01022392F0380370F01F0E9FF0380910000F6D9FF1434DA0074FF65
:20E85800910000F6D9FF1034DA0074FF910000F6D9FF1C34DA00B4FF49A42C1A6D00740060
:20E87800DF02220009AFEC183B40CE00E20F3BF0FF004B0F11023C01910000F6D9FF103410
:20E8980074F03B80AFF2E2F03B803EF04BF01102370070403C01910000F6D9FF1C34B4F41C
:20E8B8006D00E24400902008910000F6D9FF143491000026D9221434542FC21F74FF9100EC
:20E8D80000F6D9FF143454F0DA0A4BF0110276123C3949A4000A6D003700F6223C3309AFBD
:20E8F800C0083B40CE00E20F3BF0FF004B0F11023C01910000F6D9FF103454FFA2F0910011
:20E9180000F6D9FF103491000026D9221034542F86C0420F74FF910000F6D9FF103454FF54
:20E938003B80AF02E20F3B803E004B0F1102370070403C01910000F6D9FF1C34B4F46D0014
:20E958009344009091000026D9223C24DA00CC21C81F09200008A6F089F010293B007D0047
:20E97800910000F6D9FF3C24C81209228409081F534F20F0102F19F100A03C013C01C2F040
:20E998003701E1FFEE03FF10EDFF3701E1FFEE0382023C08370170F0B70F14F6B44F82128B
:20E9B8003C010090405CDA003C0B104F91200028D9227B9810220920000834F0C21F3B804C
:20E9D80001003F0FF4FFDA00894F17086D002B00DA003C0CBC27102F09F000083700680090
:20E9F8003C02820010CF34F0C21F3B8001003F0FF3FFDA0089CF17080090910000F6D9FF1F
:20EA18001804DA0134FF0090910000F6D9FF180414F2910000F6D9FF1804DA0034FF3C01DE
:20EA3800009091000028D922C08709200008DA53FE0109200108DA427E0D09200208DA4CA4
:20EA58007E0909200308DA467E0509200408DA573E03A0023C023C010090145F344F0C5199
:20EA78002C41DA003C07104F1052092042082820C21FBF4FFAFFDA003C07104F1052092089
:20EA980006082860C21FBF4FFAFF494F0A0A09508A08370070F016FF34FF370070F0868FBE
:20EAB80016FF2C4B494F0C0A09508C08370070F016FF34FF370070F0868F16FF2C4D894431
:20EAD8000E080090DA70344F89440108DA003C07104F1052092000082820C21FBF4FFAFF96
:20EAF80082003C17534020F0104F49FF060A534020F0106254218FF10FF134FF370168F4FE
:20EB18002CF1370168F82CF2370168FC2CF3C210BF40EAFF894516080090404C405D40D4DC
:20EB38006D00A4007CC382023C5491200058D95556A8824440C46D00FB1C762382023C4934
:20EB58000CC41E1382023C4549C2120A142F09C053088F802000A60F3C013B20014040C448
:20EB78006D00A6313E2382023C34DA003C0C10D210CF08608920020810D210CF08A08920D4
:20EB98000608C21FBF4FF5FF49CF0E0A14F00CCF8F8F20F0A6F0370050F03C01ACD549CF4C
:20EBB800100A14FF09C051088F802000A60F370F50F03C01ACD640D46D009800F62640D47C
:20EBD8006D00540082023C05DA012CD182123C010090404C405D91200058D95556A882443A
:20EBF80040D46D00B21C14CF2CD40CC12CD5DA003C0710D210CF082089200608C21FBF4F51
:20EC1800FAFFDA003C0710DF10C20920060828A0C21FBF4FFAFF49DF0E0A09C08A0837004C
:20EC380070F016FF34FF370070F0868F16FF2CDF49DF100A09C08C08370070F016FF34FFCA
:20EC5800370070F0868F16FF89DF11083B20014040D46D002D3149DF120A8FF20FF134FFE7
:20EC7800868289D213080090DA01344FDA002C41DA003C0D104F91200028D92252A8102247
:20EC980014202820104F82102860C21FBF4FF4FF3B803EF0AC45DA30AC460090BC43BC5212
:20ECB8007C6382023C21144FBF4F048082023C1C404FB01F14F00C428F8F20F0A6F0370000
:20ECD80050F03C013B401F007FF004003B401FF03BC0E00F7F0F04003BC0E0FF14403450DA
:20ECF800B46F82123C0100907C4382023C328C453B4006003F0F07008C453B8038017FF0EC
:20ED1800040082023C268C463BE001003F0F07008C463B800C007FF0040082023C1ADA00EE
:20ED38003C14104F09F00608DF100900104F09F00608DFF0040082023C0C104F0820BF4082
:20ED5800048082023C06C21FBF4FEDFF82123C010090BC44BC53DA0C3E4382023C2BDA00DA
:20ED78003C0B105F104214202820105F1042092044082860C21FBF4FF6FF494F080A14F0A7
:20ED98000C498F8F20F0A6F0370050F03C01AC55494F0A0A14F00C4B8F8F20F0A6F037008B
:20EDB80050F03C01AC56DA01345F40546DFF9EFF3C010090202849A4000A6D000A0291207B
:20EDD8000048D94450B86D00DD0449A4000A49A5140A6DFFA4FE762891200048D94459B88A
:20EDF8006D00E1413C0791200048D94475B86D00DA4149A4140A6D000E47910000F6D9FF32
:20EE18003444DA0034FF910000F6D9FF0444DA0034FF0090201049A4000A6DFF27FF49A46B
:20EE3800000A6D00F8466D003000822449A4000A6D00310500902028404F024F49A4000A79
:20EE58006D00D74649A2040A49A4140AA03544206440FC5E49A5140A40F402F46DFF7BFFB9
:20EE7800F6246D0012003C0FDA0289AF150849A4140A6D00D0466D000800821449A4140AC1
:20EE98006D0009050090203849A4240A6D00B146DA0534AFDA232CA1DA0F2CA209AF69080C
:20EEB800EE0382043C02821449A4030A49A5280A6DFFD5FD49A4000A6D00BA4300906D0039
:20EED800CD036D008603910000F6D9FF344414FFEE031D008C006D00840476256D0088004B
:20EEF8001D0085006D00C336910000F6D9FF3444485FA2F2CE223C7A910000F6D9FF344463
:20EF180014FFDF2F2D806D000F017628910000F6D9FF3444DA0034FF3C21910000F6D9FF50
:20EF3800344409FF5808C21F370F68F0910000F6D9FF344489FF1808BF3F0F80910000F6C7
:20EF5800D9FF3444DA0034FF91200048D94450C86D00A4453C036D004B003C489100004666
:20EF7800D9443444B0446D004601762382183C028228910000F6D9FF044414FF6E0E91005A
:20EF98000046D944084402846D00A504910000F6D9FF0444DA0034FFDF180980910000F653
:20EFB800D9FF3444DA0034FF3C21910000F6D9FF344409FF5808C21F370F68F0910000F63A
:20EFD800D9FF344489FF1808BF3F0F80910000F6D9FF3444DA0034FF91200048D94468C86A
:20EFF8006D005C453C036D0003000090910000F6D9FF34446D003B361B421FF06CF500909A
:20F018006DFFB3F1913000FF19FF30366F1F12008F2200F09601913000FF19F0303637004C
:20F0380070088F000100A60F913000FF59FF303606228F2240F1913000FF19F0303637000D
:20F0580070088F000100A60F913000FF59FF303682003C0A913000FF19FF30361601EE034F
:20F0780082123C17C2103B00E2F43FF0F5FF910000F6D9FF3C349100802F192F100274FFAF
:20F09800910000F6D9FF0044DA0534FF82023C0100906DFF6AF1913000FF19FF30366F1FBF
:20F0B80012008F2200F09601913000FF19F03036370070088F000100A60F913000FF59FFB3
:20F0D800303606228F3240F1913000FF19F03036370070088F000100A60F913000FF59FF5D
:20F0F800303682003C0A913000FF19FF303616016E0382123C17C2103B00E2F43FF0F5FF17
:20F11800910000F6D9FF3C349100802F192F100274FF910000F6D9FF0044DA0534FF8202C2
:20F138003C0100906DFF0DF1022F02F46DFF5CEF02F46DFF26F10D004003DA006E019100FF
:20F15800F0FAD9FF5455DAFA74FF0D0080046DFF59FFDF022200910000F6D9FF1C0454FFBB
:20F178009110F0FAD9FF909A9110F02AD922989A9110F04AD944A8AA9110F05AD955A8AA4D
:20F1980074FFDA01742FDA80744FDA50745F0D0080046DFF80FF0D00000382146D00ED00D0
:20F1B8000228DA006E019100F0FAD9FF5455DAFA74FF0D0080046DFFC4F0022F02F46DFF3D
:20F1D80013EF02F46DFFDDF002823C010090DA003C0C104F91000026D9221C04542042F09C
:20F1F8006002142034F0C21F3B4001003F0FF3FF0090201091000056D95520446DFFEBFC14
:20F218006DFF9FF0022F02F46DFFEEEE02F46DFFB8F091200048D9445AA86D00B302910097
:20F2380000F6D9FF1C0454FF74AF91200048D94464A849A5000A82146D00D943910080FF09
:20F2580019F810020D004003DA006E019100F0FAD9FF5455DAFA74FF0D0080046DFFD2FECA
:20F278000229DF092200910000F6D9FF1C0454F09110F0FAD9FF909A9110F02AD922989A09
:20F298009110F04AD944A8AA9110F05AD955A8AA74F082107420DA80744FDA50745F0D00F0
:20F2B80080046DFFF8FE910080FF19FA10020D000003769582146D0060000229DF091E006C
:20F2D8003B2003406D00AC34910000F6D9FF1C0454F0600F14FF6E11910000F6D9FF3C3498
:20F2F8009100802F1920100274F0910000F6D9FF0044821034F08209769891000046D94421
:20F3180020446D0091000229DA006E019100F0FAD9FF5455DAFA74FF0D0080046DFF11F0BE
:20F33800022F02F46DFF60EE02F46DFF2AF0DF092180910000F6D9FF004414FF74AF89A8C5
:20F35800040989AA0809910000F6D9FF3C3454FF780391200048D9446CA849A5000A8244BF
:20F378006D00454391200048D94446B86D000A0202923C010090024ADF1A05803B007DF020
:20F398003C02DAC86D00733412283C1F6DFFD9EF022902946DFF28EE02946DFFF2EF6D0005
:20F3B8006634A282BF021200910000F6D9FF3C349100802F1920100274F0910000F6D9FF87
:20F3D800004434FA82023C2E910080FF19FF10021603EEDD910080FF39FF1102370FE1F223
:20F3F800EE0F910080FF39FF1102370FE1F1EE08910080FF39FF1102370F61F26E1191008B
:20F4180000F6D9FF3C349100802F192F100274FF910000F6D9FF004434FA82023C03821261
:20F438003C0100902008404C82083C2482003C10DA0803F80A10DA147FF1068001C100F6E8
:20F4580014FF3C02DA0001A000F634FFC210BF80F1FFDA08910000F6D9FF1C0454F003F8FE
:20F478000A4049A4000A6D002E00F62382023C29C218BF38DDFF82003C1F910000F6D9FFAD
:20F498001C0454FF420F60FF14F101C000F614FFBE12910000F6D9FF3C349100802F192F3B
:20F4B800100274FF910000F6D9FF0044DA0434FF82023C07C210DA143FF0E1FF82123C0194
:20F4D80000900248404F0D004003DA006E019100F02AD9225455DAFA742F0D00800491002A
:20F4F800F02AD9225455B70818007B0000FA7E05DA50742FDA003C0EB70818007B00F0FA3A
:20F518007E05DA5D742FDA003C050D008004DA013C016E140D000003910000F6D9FF3C3451
:20F538009100802F192F100274FF910000F6D9FF0044DA0234FF82023C4A40F46D00CE0E6D
:20F55800022FB04F40F46D00C90E76819100F0FAD9FF70750D00800474FFB04F0D00800428
:20F5780074F20D0080046DFF4DFD0229DF091D009110F0FAD9FF909A9110F02AD922989A21
:20F598009110F04AD944A8AA9110F05AD955A8AA74F8DA00742FDAA0744FDAAA745F0D0014
:20F5B80080046DFF78FD0D000003769582346DFFE4FE0229DA006E019100F0FAD9FF54553F
:20F5D800DAFA74FF0D00800402923C0100902018910000F6D9FF044414FF6E0E9100004695
:20F5F800D944084482246D007601910000F6D9FF0444DA0034FF49A4000A6D005E3EF62234
:20F618003C2B0CA1EE2449A4020A6D001801910000F6D9FF344414FFDE14910000F6D9FFF2
:20F63800084449A2000A49FF000AA054442F64FFFC4E910000F6D9FF0444DA0134FF3C0C0E
:20F6580049A4000A82246D0046013C0649A4000A82046D0040010090205882086D0007339B
:20F67800022949A4000A6D00CC4082003C08532020F010AF94FF6E028218C210BF40F9FF69
:20F6980049A40C0A6D00623FDF081F00910000F6D9FF203414FFEE1882003C0F534020F0FF
:20F6B800910000F6D9FF2C3410FF534020F010A2092F1E0974FFC210BF40F2FF910000F6F4
:20F6D800D9FF283474F97686910000F6D9FF243474F9910000F6D9FF203434F8F68B910060
:20F6F80000F6D9FF243454FF1B0F19F05AF90EF23C47910000F6D9FF283454FF5AF9CEF24F
:20F718003C3F910000F6D9FF28348B4906F074FFDA0589AF3008DA2689AF3108DA1189AF7B
:20F7380032087683DA013C02DA0089AF330882013C21534120F010AF49FF340A534120F0AB
:20F7580010A209201E09534120F091000026D9222C341022542FA2F08FF00FF134FF3700A9
:20F7780068F42CF1370068F82CF2370068FC2CF3C211BF41E0FF49A4300A6D00593F00901B
:20F798002018910000F6D9FF1C0454FF60F282003C1F534020F010A5534020F0102F14FFCB
:20F7B8008F8F0110534020F0102F081F8F0F01F0A6F1534020F0102F082F8F8F00F0A6F115
:20F7D800534020F0102F083FA6F17451C210BF50E2FF49A5000A82546D0063410090203803
:20F7F80049A4000A6D000D4082003C09532020F010AF94FF6E0382123C20C210BF40F8FF7B
:20F8180049A4300A49A5320A49A6340A6D00964109AFB008EE0409AFB2086E0382123C0DEC
:20F8380049A40C0A6D00923E8CA6EE038CA76E0382123C0382023C0100902028404C49A4C4
:20F85800000A6D00D64149AF040A49A2140AA03444FF642FFC4EDA003C0810AF10C2092027
:20F87800000889F01A08C21FBF4FF9FF49A4140A6DFF3CFAF6223C0DDA0189AF150849A4BB
:20F89800140A6D00C841821449A4140A6D0003000090910000F6D9FF344434F4910000F695
:20F8B800D9FF34444942000A49FF040AA034442F64FFFC4E910000F6D9FF34446D00D731B5
:20F8D8006852910000F6D9FF3444DA0089FF1808009020280245DA0534AFDA222CA1DA1762
:20F8F8002CA249AF030A094441084045B0254046B06640F46DFFE8F849A4000A6D00983ED7
:20F918000090404F024F6D003D00022440F402F56D003B0002246D0004003C01009082F2E4
:20F93800C6423C010090910000F6D9FF505414FF6E023C2682013C1A021082023C0C6F00CC
:20F95800090006F0BB0032F89B8FDBFEC6F03C0206F0C212BF82F5FF534120F0910000F68A
:20F97800D9FF105410FF74F0C2113B0010F03FF1E5FF910000F6D9FF5054DA0134FF0090FD
:20F9980082F23C0100900248404F02596DFFCDFF82003C1101F00026142FC68F16FF534F6D
:20F9B80020F091000026D92210541022542F0688C6F8C2103F90F0FF02823C010090910096
:20F9D80000F6D9FF200454FFEE3B91000046D944545491200058D9555FD86D001601910082
:20F9F80000F6D9FF545449F4200A91200058D9557FD86D000A01910000F6D9FF545449F4C8
:20FA1800001A91200058D95530E86D00E200910000F6D9FF545449F4201A91000056D95583
:20FA38005454910000F6D9FF545449F6200A6D002B01910000F6D9FF2004DA0174FF91009B
:20FA58000026D92254543C010090D9AAF02F404F405C406D024FBCF4BCC37CD46E0382F2C9
:20FA78003C6949A4000A40F56D00FD03762382F23C6149C4200A91200058D9557FC86D0064
:20FA98004105F62382F23C56D9A400A06D00B52CD9A400A03B00024040C56D00BF2CD9A40A
:20FAB80000A03B00024040F56D00B82CD9A400A040D502F46D00B22CD9A400A0D9A50080FD
:20FAD8006D003C2CD9A40090D9A500806D00320549A4002AD9A5009049A6000A6D006C0390
:20FAF8006DFF6FFF49A4004A49C5200A40266D00630349A4002A49A5002A6D002F0349A4B1
:20FB1800006A49A5004A49A6002A6D008802D9A4209049A5006A6D008003D9A420903B003E
:20FB3800024040C56D000415F62382023C0282F23C010090404C820782043C1C534420F02A
:20FB5800105F54FF820102F0534420F0106F54FF820302F20B2040000B3150108203027264
:20FB78000B2040600B315070534420F010CF74F6C214DA083FF4E47FDF072700820502745E
:20FB9800FB6002606DFF4EC254CF820102F00B0240000B13501074C082123C12534220F0F6
:20FBB80010CF54FF820502F4820702160B6440000B755010534220F010CF74F0C212761408
:20FBD800DA083FF2ED7F40C46D00530100903B0002406D00BA140090820082023C0C53420E
:20FBF80020F0104F54F1534220F0105F54FFC6F1A610C212DA083FF2F47FF60382123C0240
:20FC180082023C01009082013C1F534120F01042534120F0105F14F0534120F0105F081F56
:20FC38008F8F00F0A6F0534120F0105F082F8F0F01F0A6F0534120F0105F083F8F8F01F030
:20FC5800A6F07420C211DA083FF1E17F6D001101009091200068D9667C686D00C80000900D
:20FC7800820082013C07534120F0104F54FFA6F0C211DA083FF1F97FF60382123C0282028C
:20FC98003C0100902060404C405D406E49A4000A82043B0004506D008A1482083C48D20031
:20FCB8000B0110A882093C24534820F010DF54F48205534920F010EF54F682076DFFB2C1B7
:20FCD8001A98534F20F010AF54FF820102F00B0240000B1350100BA040000BB150101A989D
:20FCF800534F20F010AF74F0021A820BC219DA083FF9DC7F8B8800003C12534020F010AF5B
:20FD180054FF820302F20BA240200BB35030534020F010AF74F2023A820BC210BA0A8B0BF7
:20FD380000F4EE04DA103FF0EA7FC218DA083FF8B87F8209820A3C228B8A00F0534F20F0ED
:20FD580010AF54F48205FB6002606DFF6BC1534A20F010AF54FF820102F00B0240000B1309
:20FD78005010820302920B2040800B315090534A20F010AF89F80019C21ADA083FFADE7F91
:20FD9800DF092A0082050294FB6002606DFF4AC15810820102F00B0240000B13501089A017
:20FDB800001982123C14534220F010AF09FF0019820502F4820702160B6440000B755010FC
:20FDD800534220F010AF89F00019C2127614DA083FF2EB7F49A5001A3B00024040C46D0044
:20FDF800B41340C46D00450000902040404F405C406D820849A4000A91200058D95530E8D6
:20FE18006DFFE7FE49A4200A40C56DFFE2FE82793C273BF001A03C21768749A4000A49A5A8
:20FE3800000A6D009700534920F010D2542F570F61FA6E12768A49A4000A49A5000A49A66C
:20FE5800200A6DFF21FF3C0849A4000A49A5200A6DFFBFFE8218C2FAFF0AE07FC2F9FF09D7
:20FE7800DA7F49A5000A40F46DFFB3FE00902020404C82083C6B8204820082713C2453414C
:20FE980020F010CF54F2534120F0912000F8D9FF10F810FF54F37F23048082103C165341F4
:20FEB80020F010CF54F2534120F0912000F8D9FF10F810FF54F37F32048082003C06F61271
:20FED8008210C2F1FF01DD7FF6023C4282033C33534320F010CF54F0534320F0912000F8E7
:20FEF800D9FF10F810FF54F1A210A2408201534320F010CF54F2534320F0912000F8D9FFAD
:20FF180010F810FF54FF3FF21080764F534320F010CF54F2534320F0912000F8D9FF10F8DF
:20FF380010FF54FF7E2282110214534320F010AF74F0C213DA083FF3CD7F49A5000A3B00CD
:20FF5800024040C46D000113C218BF38967F009040566DFF99FE00902020820082013C2082
:20FF7800F6143BA0FD2F3C0282F2534120F010AF534120F01062542F5AF2A20F74FF8203B5
:20FF9800534120F0106F54FF3FF208807607534120F0106F54FF7E2282130230C211DA080B
:20FFB8003FF1E07F49A6000A6DFFC6FD00902020404C49A4000A6DFF0CFE49A4000A6DFF46
:20FFD80058FF82003C27534020F010CF534020F010A2542F34FF534020F010CF534020F01B
:08FFF80010A2542F068F2CF11A
:02000004800179
:20000000534020F010CF534020F010A2542F8F0F1FF02CF2534020F010CF534020F010A2E4
:20002000542F8F8F1EF02CF3C210DA083FF0D97F009049AA00BA404F405C406D49A4004A6B
:2000400049C5200A40C66DFF95FF49A4204A49D5200A40D66DFF8EFF49A4000A49A5004A85
:2000600049A6204A6DFF1CFE49A4004A49C5200A40C66DFF6DFD49A4204A49D5200A40D6A1
:200080006DFF66FD49A4200A49A5004A49A6204A6DFF06FE49A4004A49C5201A49D6201AA1
:2000A0006DFFFEFD49A4001A49A5004A91200068D96610E86DFFF4FD49A4001A49A5001ADE
:2000C00049A6001A6DFF44FD49A4004A49C5001A49D6001A6DFFE4FD49A4201A49A5004A26
:2000E00049A6004A6DFF34FD49A4002A49A5200A49A6000A6DFF3EFF49A4202A49A5201AFA
:2001000049A6001A6DFF36FF49A4003A49A5201A49A6001A6DFF1CFD49A4203A49A5200AF9
:2001200049A6000A6DFF14FD49A5002A49A6202A40F46DFFB5FD49F4200A49A5003A49A628
:20014000203A6DFFADFD49F4201A49A5002A49A6203A6DFFA5FD49F4001A49A5202A49A6CB
:20016000003A6DFF9DFD009040566DFF64FF00902020404F405C49A4000A91200058D95521
:20018000500840C66DFFF6FE49A5000A40F46DFF2CFD49F4200A49C5200A6DFF26FD49F475
:2001A000001A49C5001A6DFF20FD49A4000A91200058D955500849C6201A6DFFDBFE49F423
:2001C000201A49A5000A6DFF10FD00902080404D405F406C49A4000A6D007F01DA1F3C1C37
:2001E00082783C1749A4000A49A5000A6DFFBEFF10F21420028132510F1010006F000900B7
:2002000049A4000A49A5000A40C66DFF14FFC2F8FF08EA7FC2FFFF0FE57F49AF000A49D2F0
:20022000000AC5041F0044FF642FFC4E00902060404F405C49A4000A49C5001A6DFF17FDD2
:2002400049A4200A49A6000A40C56DFF29FD49A4001A49C5200A49A6000A6DFF21FD49A547
:20026000001A40F46DFFB1FE09F05F0858081601067FA6F089F01F08009049AA00BA404CBA
:20028000095F5F088F9F3F80820949A4004A3B0002406D00661109AF5F48167F89AF1F48EC
:2002A00049A4000A49A5004A6DFFBBFC82703C21534020F010AF54F1534020F0912000F8AA
:2002C000D9FF10F810FF54FF7F1F048082193C13534020F010AF54F1534020F0912000F8DD
:2002E000D9FF10F810FF54FF7FF103803C04C2F0FF00E07F769482F21D00EE0049A4001AE9
:2003000049A5000A6DFF32FE49A4001A49A5001A91200068D96630E86DFF2CFE49A4201A0D
:2003200049A5000A6DFF22FE49A4201A49A5201A91200068D96610E86DFFB2FC49A4201A59
:2003400049A5201A91200068D96630E86DFF00FC49A4002A49A5201A6DFF08FE49A4002AD5
:2003600049A5002A49A6201A6DFF9AFC49A4202A49A5002A6DFFFAFD49A4202A49A5202A19
:2003800049A6201A6DFF8CFC49A4003A49A5001A49A6202A6DFF84FC49A4200A49A5003AAD
:2003A00091200068D9665C686DFF2DFD49A4200A49A5200A49A6002A6DFF72FC49A4200A52
:2003C00049A5200A49A6001A6DFF6AFC49A4203A49A5200A6DFFCAFD49A4203A49A5203A09
:2003E00049A6201A6DFF5CFC49A4203A49A5001A6DFF00FCDF02388049A4204A9120005860
:20040000D955500849A6001A6DFFB4FD49A4203A49A5204A6DFFEEFBDF02240049A4200A20
:2004200049A5200A91200068D96630F86DFF38FC49A4203A49A5200A6DFF98FD49A4203ADD
:2004400049A5203A49A6201A6DFF2AFC49A4203A49A5001A6DFFCEFBF62382F23C3C3C03D1
:2004600082F23C3949A4200A6DFF08FC7624768382F23C3158081601BE8149A4204A9120DA
:200480000058D95510F849A6200A6DFF73FD49A4200A49A5204A6DFFA8FB49A5200A40C43F
:2004A0006DFFA3FB49C4200A49A5000A6DFF9DFB49C4001A91200058D95530E86DFF95FB8D
:2004C00049C4201A49A5200A49A6000A6DFFE8FB82023C010090404F91200058D955500806
:2004E00040F46DFF82FB49F4200A91200058D95530E86DFF7AFB49F4001A91200058D955BA
:2005000030E86DFF72FB49F4201A91200058D95550086DFF6AFB0090DA1F3C12104F14F0D9
:20052000105F14F17F10048082123C0E104F14F0105F14F17F01048082023C06C2FFFF0FE6
:20054000EF7F82023C0100902040404C405D49A4000A82043B0002506D0035103BF00380E9
:200560003C7F82793C7A820001D800F614F1029232520F2110108F11001182023C1001A22D
:2005800000F614FF869F160101A200F601A2002614238613A63034F002F0C212DA203FF2F9
:2005A000F07F14AFA6F134A18200DA1F3C1C10AF14F1912000F8D9FF7FC810FF14F27F1298
:2005C000048082103C1210AF14F1912000F8D9FF7FC810FF14F27F21048082003C06EE023E
:2005E0008210C2FFFF0FE57FDF0037008200DA003C2710AF14F1912000F8D9FF7FC810FFC6
:2006000014F2A221A201820210AF14F3912000F8D9FF7FC810FF14F43F430D80760C10AFF5
:2006200014F0912000F8D9FF7FC810FF14F35F3003808212022010AF89F12008C21F3B0093
:2006400002103F1FD87F49A4000A49A5200A3B0002406D00860FC2F9FF09877FC2F8FF08BB
:20066000827F49A5000A3B00024040C46D00790F0090FF440B80910000F6D9FF300401F425
:2006800000F609F200083C0282023C01009082003C0E534020F0104F534020F091000026AA
:2006A000D92274841022542F74FFC210BF40F3FF0090DA003C078B0F015002F46D00550309
:2006C000C21FBF8FFAFF82003C14534020F0910000F6D9FF748410FFDA0074FF534020F027
:2006E000910000F6D9FF449410FFDA0074FFC210BF40EDFF910000F6D9FF34043B803EF02A
:2007000074FF910000F6D9FF3804DA3074FF910000F6D9FF5C94DA0074FF910000F6D9FF53
:200720005C94DA006CF1910000F6D9FF5494DA0074FF910000F6D9FF5494DA006CF19100EF
:2007400000F6D9FF7084DA0034FF00902028910000F6D9FF5C9454FF3B803E00E20F9100D5
:2007600000F6D9FF340454F04B0F0102B4A0910000F6D9FF5C94481F3B803E00E20F91004D
:2007800000F6D9FF340454F04B0F010289A0820894AF3B803E007FF005003B803EF0B4AF03
:2007A00094AF3B80C10F7F0F05003B80C1FFB4AF8CA13B803E007FF005003B803EF0ACA12A
:2007C0008CA13B80C10F7F0F05003B80C1FFACA1910000F6D9FF5C9454F46D006C0389A268
:2007E0008408910000F6D9FF5C9448146D00630389A28608910000F6D9FF549454FF780222
:20080000910000F6D9FF5494481F7803910000F6D9FF708414FF89AF100849A4120A6DFF84
:2008200038FF49A4000A6D0087360090DA643FF407003B8038F13F4F03003C033B803E406B
:20084000910000F6D9FF340474F40090FF440380F6523C0C8E53DA013C0282FF910000F6B1
:20086000D9FF300401F400F634FF0090DA1E3FF40600DAC83F4F03003C033B00034091000C
:2008800000F6D9FF380474F4009020106D00FB2982013C27534120F010AF534120F0910017
:2008A0000026D922748410225420534120F091000026D92254741022542FA2F074F053411C
:2008C00020F0910000F6D9FF547410FF534120F091000026D92274841022542F74FFC21189
:2008E000BF41DAFF54A0580142F0580209A10C091213910000F6D9FF2C0414FF6E0C9100B5
:2009000000F6D9FF2C04820134F1910000F6D9FF6C8474F2F6027636910000F6D9FF6C8489
:2009200074F2910000F6D9FF708491000026D9226C845421A2128B427F1234F1910000F629
:20094000D9FF240414F1534120F0910000F6D9FF647410FF74F0910000F6D9FF240414F1B8
:20096000534120F0910000F6D9FF448410FF74F3910000F6D9FF240491000026D9222404D5
:200980001421C211DA084BF1114234F5910000F6D9FF240414FFEE07910000F6D9FF28049B
:2009A000DA0134FF910000F6D9FF280414FF6E043B8000503C06910000F6D9FF240414F53C
:2009C0008202820682013C16534120F0910000F6D9FF647410FF54F44242534120F091004B
:2009E00000F6D9FF448410FF54F44246C211370168103F51EBFFBF153D80BB00007A9B47DD
:200A00005074910000F6D9FF380454F14B0141113BB0FD409B9404444B4141404B02411149
:200A20004B0561214B2151F04B0641114B0561214B2151107BA047244B2F41F04B7F51F0B9
:200A40004B4F41F0910000F6D9FF5C944B0F31F174FF7BA047F44BF141F04B7F51F04B4F25
:200A600041F0910000F6D9FF5C944B0F31F16CF10E044B0041F13C0432504B0041F19100BE
:200A800000F6D9FF648491000026D922648454206B0F21F074FF0E344B0341013C043253FD
:200AA0004B034101910000F6D9FF648491000026D92264844C216B0021FF6CF1910000F6E9
:200AC000D9FF380454FF4B0F41F13BB0FD009B9004044B0F41F0BB00000A9B4050044B0F2F
:200AE0005100910000F6D9FF549491000026D9226484542F4B0F41F04B0F71F174FF9100F6
:200B000000F6D9FF549491000026D92264844C214B0F41F04B0F71F16CF16DFF19FE009061
:200B20000D000002910001FFD9FF0001820049F2002A802F80F1A21F80F1030F0AF160FF97
:200B40003C01DA016CFB820482156D00BB000D00400200800D000002910001FFD9FF000189
:200B6000821049F2002A802F80F1A21F80F1030F0AF160FF3C01DA016CFB821482056D00B7
:200B8000A1000D00400200800D000002910001FFD9FF0001822049F2002A802F80F1A21F84
:200BA00080F1030F0AF160FF3C01DA016CFB822482156D0087000D00400200800D000002CA
:200BC000910001FFD9FF0001823049F2002A802F80F1A21F80F1030F0AF160FF3C01DA01BE
:200BE0006CFB823482056D006D000D00400200800D000002910001FFD9FF0001824049F232
:200C0000002A802F80F1A21F80F1030F0AF160FF3C01DA016CFB824482156D0053000D0043
:200C2000400200800D000002910001FFD9FF0001825049F2002A802F80F1A21F80F1030FDE
:200C40000AF160FF3C01DA016CFB825482056D0039000D00400200800D000002910001FF49
:200C6000D9FF0001826049F2002A802F80F1A21F80F1030F0AF160FF3C01DA016CFB826431
:200C800082156D001F000D00400200800D000002910001FFD9FF0001827049F2002A802FE3
:200CA00080F1A21F80F1030F0AF160FF3C01DA016CFB827482056D0005000D0040020080E8
:200CC00002488FF83F9076539A183C049AF8370F68F0DF05140002846D00FE00022802F480
:200CE0006D00FA007686762382F03C0282103C05762382103C0282F03C1202F46D00EC00FD
:200D0000022F02846D00E80076266E0382103C0282F03C056E0382F03C028210534920F0D8
:200D2000910000F6D9FF748410FF91000026D92230040129002609210008534920F09100A8
:200D40000026D92274841022542F03100AFF74FF534920F0910000F6D9FF449410FF6D00D7
:200D6000922774F200900B451088910001FFD9FF000149F2002A802F80F0A20F80F0038F3B
:200D80000AF060FF3C01534820F091200028D92270081022D4243B0001406DFF45CF489FB9
:200DA000B72F83F06CF9489FB70F03FC6CF9489FB70F81F66CF9489FB71F01F76CF9489FDA
:200DC000B70F01F66CF9489FB73F02F46CF9489FB73F02F56CF9489F96016CF9489FB71FE0
:200DE00001F86CF9489FB70F82F86CF9489FB71F01FA6CF9489FB71F01FB6CF99100014FED
:200E000040F56DFF35CF3BD07BF39B6F60F34BF241F04B0F7101BBF0FFFF9BFF0FF07F0F4D
:200E20000680BBF0FF0F9BF00F00487F370F18F06CF7488F370F18F06CF8822440F46DFF92
:200E400054CF821482058206820740F46DFF32CFDA016CFB910001FF19FF3811821053483F
:200E60002010C2210F100000A60F910001FF59FF3811910001FF8200BCF1534820109140FD
:200E800000FFD9FF40E9530022F010FF01F100F63C01821014FF379F08F034FF081F370FA6
:200EA00082F12CF1083F96022CF3081F96042CF100903BF0FFF77F4F05003BF0FF273C0AAB
:200EC0003B0000F87FF405003B0000283C0302423C010090534420F0912000F8D9FF700814
:200EE00010FFD4FFC812534420F0912000F8D9FF700810FFD4FF088F09202409570061FF10
:200F00006E0382123C0282023C013C010090DF1405803BD001803C0282286D0083020229F7
:200F2000910000F6D9FF6494DA0034FF820A3C111AA8538F20F0911000F8D9FFE84710FF11
:200F400054F402956D00A001F62382023C07C21ADA193FFAEFFF82123C010090910000F6E6
:200F6000D9FF649414FF6E0409FF6A083E4382023C1309FF020909F00609420F3E538202CD
:200F80003C0B40F46D005702F62382023C05DA0034FF82123C01009091200048D944501846
:200FA0006D00D61200900D004003DA006E019100F0FAD9FF5455DAFA74FF0D008004DF14EC
:200FC0000780BB0000FC9B1FF0FA3C05BB0000FA9B1FF0FA3C019110F0FAD9FF909A91102A
:200FE000F02AD922989A9110F04AD944A8AA9110F05AD955A8AA74FFDA01742FDA80744FE7
:20100000DA50745F0D0080040D00000382246D008902DA006E019100F0FAD9FF5455DAFA7B
:2010200074FF0D0080043C010090DF140780BB00000C9B10F00A3C05BB00000A9B10F00A4E
:201040003C01DA003C07104F12016012142134F1C21F3F5FFAFF00902008404C0258DF14EF
:201060000780BB00009C9B19F09A3C05BB00009A9B19F09A3C01820A76853B0000027F8080
:20108000058082021D008B001D00850082003C0D1A0A7F8F06801A0A10CF14F13C028201B1
:2010A00001A000F634F1C210BF80F4FF0D004003DA006E019100F0FAD9FF5455DAFA74FF94
:2010C0000D0080040BA900009100F0FAD9FF5455B70018107B0000FA7E15DA5074FFDA0071
:2010E0003C0EB70018007B00F0FA7E05DA5D74FFDA003C050D008004DA013C016E050D0001
:20110000000382023C4B49A4000A6D00F300022B49A4040A6D00EE001AA96E019100F0FA3A
:20112000D9FF70750D00800474FBB04F0D00800474F20D0080041AA99110F0FAD9FF909A1B
:201140009110F02AD922989A9110F04AD944A8AA9110F05AD955A8AA74FFDA00742FDAA088
:20116000744FDAAA745F0D0080040D00000382246D00D801DA006E019100F0FAD9FF545583
:20118000DAFA74FF0D008004F62382023C078B8A00A03F8A7DFF82123C010090DF140780C2
:2011A000BB0000089B00020A3C05BB0000089B00000A3C0182013C09014100F61A50421F14
:2011C00060F2142F34FFC2113F61F8FF82123C0100900258404C0269910000D6D9DD649416
:2011E000FF240F80BB0000089BF001003F900980BB0000089BF00100A2907F80048082020E
:201200003C4114DFEE0C821034D089D42A08B708050089D00209DA0089DF060909DF6A086C
:201220007E4709DF020909D00609420F3E8382023C2909DF0609EE0AB70805F089DF0209FD
:20124000B70805F03E8382023C1D3C1809D00609DA207E0740D46D00EE00F62382023C1227
:2012600009DF060910DF14CF2CFA09DF0609C21F89DF0609B01CC2F9C218FF19E9FF82123B
:201280003C0100900D004003DA006E019100F0FAD9FF5455DAFA74FF0D0080049110F0FA89
:2012A000D9FF909A9110F02AD922989A9110F04AD944A8AA9110F05AD955A8AA74F4DA014C
:2012C000742FDA80744FDA50745F0D0080040D00000302546D002601DA006E019100F0FA02
:2012E000D9FF5455DAFA74FF0D0080043C01009014400C418F8F00F0A6F00C428F0F01F0A6
:20130000A6F00C438F8F0120A6023C0100900248404C02590D004003DA006E019100F0FAEF
:20132000D9FF5455DAFA74FF0D0080049100F0FAD9FF5455B70818007B0000FA7E05DA505F
:2013400074FFDA003C0EB70818007B00F0FA7E05DA5D74FFDA003C050D008004DA013C01C9
:201360006E050D00000382023C5B820A3C1D534A20F010C46DFFBEFF022B534A20F010CF87
:2013800049F4020A6DFFB6FF76819100F0FAD9FF70750D00800474FBB04F0D00800474F2BE
:2013A0000D008004C21ABF8AE4FF9110F0FAD9FF909A9110F02AD922989A9110F04AD94427
:2013C000A8AA9110F05AD955A8AA74F8DA00742FDAA0744FDAAA745F0D0080040D00000332
:2013E00002946D009F00DA006E019100F0FAD9FF5455DAFA74FF0D008004DF0211008200BA
:201400003C0B1A0860FF14F101C000F614FF3E1382023C06C210DA203FF0F5FF3C01009062
:20142000DF1405803B0001203C033B8000203C010090404C14CF6E0409CF0609EE038212A4
:201440003C353C0B09CF060910CFDAFF2CFA09CF0609C21F89CF060909C00609DA203FF0DF
:20146000F3FF09CF6A085E16BB0000F89B0F02FA3C05BB0000F89B0F00FA3C0109C00209BA
:20148000420F09C46A086DFFCDFF49C40A0A0BF210486DFF3EFFDA0089CF060909CF020941
:2014A0008B0F02F089CF02093C01009085FF10003C01A24F6D0006000BF220213C01009030
:2014C000910000F6D9FF3C0454FFFF0F2400910000FF3B00B4849BC80480BCF16DFF7ADA91
:2014E000913000FF39FF3506160F4B0F41F14BF251F03C013C014B0F31F13B90D003066090
:201500004B0F0102E2083C01910000F6D9FF3C0474F8910000F6D9FF3C0454F23C0100908A
:20152000024F85F810003C013C0702846DFFC0FF762382023C24910080FF19F0100226F0DE
:20154000DF00F5FF910080FF39FF1102370FE1F1EE08910080FF39FF1102370FE1F26E0D60
:20156000DA006E019100F0FAD9FF5455DAFA74FF0D00800482023C0382123C0100906DFFBE
:2015800014FD762382123C0282023C0100906DFF4EFD00906DFF62FD762382123C0282027D
:2015A0003C0100900248A00C8F7800F16E0D8F7800F18B8F00018BF01F110B8130F1EE0399
:2015C00042083C0282086D000127910000F6D9FF001454FFEE0E910000F6D9FF001491009E
:2015E0000026D92250A4B0728020B70003F074FFBF182C80910000F6D9FF041454FF8BF827
:201600001F010BF030F1EE21910000F6D9FF041454FF428F3B80FF077F0F1880910000F676
:20162000D9FF0014D4FF91000026D9220414542F10FC910000F6D9FF041491000026D92269
:201640000414542F42F874F86D00432940C23C0100900090911000F8D9FF2C0854FF6E06A5
:20166000C4F22D02000054FFEEFC0090910000F68210D9FF1004820149F0C008F6056DFFC8
:20168000EBFFDA0274FF54FFDF2FFFFF00902050911000F6D9FF5CAC14F8911000F6D9FFC0
:2016A0005CAC485991100046D94474CC82046D005205022A911000F6D9FF5CAC09F0082926
:2016C000911000F6D9FF5CAC09F10C294210911000F6D9FF5CAC09F124194210911000F67B
:2016E000D9FF5CAC48EF42F0911000F6D9FF5CAC48FF42F0911000F6D9FF5CAC09FF0E091B
:20170000120B8200910000F6D9FF141454FFFE83910000F6D9FF181454FF7E9D910000F64F
:20172000D9FF1C1454FF7EA7910000F6D9FF201454FF3EB28210910000F6D9FF2414910099
:201740000026D9222414542FC21F74FFF60A910000F6D9FF241454FFFFAF04801D009D0083
:20176000910000F6D9FF2414DA0074FF910000F6D9FF141474F8910000F6D9FF181474F99A
:20178000910000F6D9FF1C1474FA910000F6D9FF201474FB74A86D00E5207623DA013C020A
:2017A000DA00780189A9080989AA0C09911000F6D9FF5CAC09FF06097804911000F6D9FFD2
:2017C0005CAC09FF0A097805911000F6D9FF5CAC09FF02097806911000F6D9FF5CAC09FFE2
:2017E0000E097807911000F6D9FF5CAC09FF04297808911000F6D9FF5CAC09FF08297809F6
:20180000911000F6D9FF5CAC09FF0C29780A911000F6D9FF5CAC09FF2419780B911000F6BC
:20182000D9FF5CAC48EF780C911000F6D9FF5CAC48FF780D911000F6D9FF5CAC489F780EE6
:20184000911000F6D9FF5CAC48AF780F911000F6D9FF5CAC48CF7810911000F6D9FF5CAC06
:20186000487F7811911000F6D9FF5CAC09FF041978128B0B20F26E0691200048D9445AF86E
:201880003C0591200048D94463F849A5000A3B3001406D0012310090BC4E911000F6D9FF39
:2018A0005CAC49FF000A4942000AC504240044FF642FFC4E0090024F91100046D944B85C33
:2018C00082043B4005506D007E0691100046D9445CAC82043B4009506D007506911000468C
:2018E000D9449C7C82043B003F506D006C06911000F6D9FF907C820034F0911000F6D9FFF4
:20190000987C820034F0911000F6D9FF947C820034F091100046D9444CDC6D00071C91108B
:2019200000F6D9FF58AC820034F0911000F6D9FF54AC820074F0911000F6D9FF50AC8200ED
:2019400074F0910000F6D9FF2814820034F002F46D00F71F911000F6D9FF70CC6D0093219D
:2019600074F20090910000F6D9FF281414FF8B1F00223C0100906D0080006D008421022405
:201980006D00610400900B451088404C026ADAF83FAF048076A47CC382023C3A911000F6D7
:2019A000D9FF987C14F46D004704022B911000F6D9FF907C14FF7EBE911000F6D9FFB85C01
:2019C00091100026D922B85C4C26C21F6CF682023C1F911000F6D9FF987C14FF53CF2FF0C6
:2019E000911000F6D9FF9C7C10F4344889490108894A020876A6B03440C502A46D00B1055A
:201A0000911000F6D9FF987C34FB82123C01009020587C4382023C2F494F000A49A2000AF6
:201A2000A0A444FF642FFC4E911000F6D9FF8C7C91100026D9228C7C542FC21F74FF911089
:201A400000F6D9FF8C7C54FF74AF49A4000A49A52C0A3B6002406D00C91BCE2382023C0B35
:201A600082243B00015049A42C0A3B6002606DFF8CFF3C0100906D000621022F6D00721F8D
:201A8000F629911000F6D9FF70CC54F05200CE023C4D911000F6D9FF70CCC22F74FF6D0011
:201AA000A603F6223C4391100046D94474CC82046D0051033B1060F49B3FF5F53E2B9110EE
:201AC00000F6D9FF58ACDA0034FF82046D0055033C2D91100046D94474CC82446D003B03BE
:201AE000022F91100046D94474CC3B8000406D00320302283B0040007F8004803B004080B1
:201B00006E0402F46D00C00002846D0045026D00BA2091100046D9444CDC02246D002F1BA6
:201B20006D00B12002246D000F0400902008404F14FF1E6314FF5E7A14F40835C82409F6CB
:201B4000C4086D00AE0E1D009E0014FF9E10911000F6D9FFB85C91100026D922B85C092F83
:201B60000019C21F89FF00191D008D00083F9E11083F1E3F083F1E4D911000F6D9FFB85C51
:201B800091100026D922B85C4C2EC21F6CFE3C7A09FFC408EE0D911000F6D9FFB85C911001
:201BA0000026D922B85C4C2DC21F6CFD3C6BC8221428083FDF1F5D8009FFC4081E5D91104E
:201BC00000F6D9FFB85C91100026D922B85C4C2DC21F6CFD3C57DA207E823C54DA505F8F55
:201BE0002280C822B01214200C218F8F20F0A6F03C0137005040C82FB03F14F0081F8F8F3F
:201C000020F0A6F03C013700505049A4020A6D00B2003B00014049A4020A82256D00280140
:201C20003C31DA10FE8FC822B01214240C218F8F20F0A6F43C016D009F0134A2C82FB03FE1
:201C400014F4081F8F8F20F0A6F43C016D00940189A2010849A4000A822502846D00080180
:201C60003C11A004820502846D0002013C0BC824B01409FFC408C2FF370F685002846D0079
:201C8000F7000090024A82083B0028F07FAF0F80911000F6D9FFB85C91100026D922B85C7E
:201CA0004C22C21F6CF23B0028A03C483B4010F07FAF05803B4010F03C0202AFC23FB70F91
:201CC00002F0370F70903B4010F07F9F04803B401090C21882448205A00491100056D955A4
:201CE000B41C821702966D00581E762F911000F6D9FFB85C91100026D922B85C092F0C19A5
:201D0000C21F89FF0C193C1C911000F6D9FFB85C91100026D922B85C4C21C21F6CF16D006C
:201D2000B21F91100046D944B41C0B9210486D0056007F9A03803C04A29AFF1AB9FFBF1886
:201D400019803B8000408205A004A005820682076D00231E762E911000F6D9FFB85C911098
:201D60000026D922B85C092F0C19C21F89FF0C190090534426F03B8025004B0F0102534531
:201D800026F03BC012204B2F0122A220534426F03B8025104B1F0122534526F03BC01210AC
:201DA0004B1F01421A423B4006107F0104003B4006003BC0F91F7F1004003BC0F90F3B4060
:201DC00006107FF10300DA643BC0F91F7F1F04003BC0F9FF34402C4100902010404C0B4517
:201DE0001088820A3C4191100046D9444CDC01CA00F614F449A5000A02956D009218DA01CC
:201E00003E27DA02BE2582505F201F003C29911000F6D9FFB85C91100026D922B85C4C27FD
:201E2000C21F6CF749A4000A6DFF82FE3C1A911000F6D9FFB85C91100026D922B85C4C2858
:201E4000C21F6CF83C0E911000F6D9FFB85C91100026D922B85C4C29C21F6CF93C023C0164
:201E6000C21A370A70A03F8AC0FF009020180248404F0259DA107F9F0E80911000F6D9FFAC
:201E8000B85C91100026D922B85C4C2CC21F6CFC3C71DA327E836D00872B34A889A90108A7
:201EA000769749A4020A40F502946D005A03DA107E8649A4000A6D00AA2A3C0549A4000A29
:201EC0006D00642ADF024C806D00DD1E0228911000F6D9FFB85C91100026D922B85C4C2BF8
:201EE000C21F6CFB910000F6D9FF101414FF6E0C910000F6D9FF081454F00B0880003B807D
:201F00003E103F102C80911000F6D9FFB85C48BF910000F6D9FF0C1454F0A20F780591204C
:201F20000048D9445FE849A5140A82146D00C52D910000F6D9FF1014DA0134FF910000F6DC
:201F4000D9FF081474F891000026D9220C14911000F6D9FFB85C48BF742F3C0C911000F643
:201F6000D9FFB85C91100026D922B85C4C2AC21F6CFA009037045020DA647F2F05003B403B
:201F800006203C073BC0F9FF7FF204003BC0F92F3C010090200802488209820A911000F660
:201FA000D9FF907C14F0911000F6D9FF987C14FF3E03FFA804801D00C0003C6A911000F61D
:201FC000D9FF907C14F053C02FF0911000F6D9FF9C7C10FF08246D00FC183B401000A290E7
:201FE0007F2003803C61082FB4AF3B4010F0A29F370F70F0ACA214F491100026D922947CFE
:20200000142582060817B03F91100026D922B41C0129005640F46D000117FF021A0091106A
:2020200000F6D9FFB85C91100026D922B85C4C25C21F6CF5911000F6D9FF907C91100026F3
:20204000D922907C14246D00F70034F23C21422937097090C21A370A70A0911000F6D9FF13
:20206000947C91100026D922947C142FC21F34FF911000F6D9FF907C91100026D922907CDE
:2020800014246D00D90034F23F8903803C0D911000F6D9FF907C14FF911000F6D9FF987CF7
:2020A00014F05F0F8DFFF6923C478234820591100046D944B41CA005820702966D006D1C4A
:2020C000762F911000F6D9FFB85C91100026D922B85C092F0C19C21F89FF0C193C2D91100D
:2020E00000F6D9FFB85C91100026D922B85C4C23C21F6CF3911000F6D9FFB85C911000262F
:20210000D922B85C4C2442AF6CF482748205A004A005820682076D00401C762E911000F614
:20212000D9FFB85C91100026D922B85C092F0C19C21F89FF0C190090404582248205A0040C
:202140003B80016082176D00281C8B0200223C010090014400F614F0081F8F8F00F0A6F093
:20216000082F8F0F01F0A6F0083F8F8F0120A6023C013C010090910000F6D9FF281414FF1D
:202180007E423C33910000F6D9FF281434F4DF241880911000F6D9FFB85C91100026D9226D
:2021A000B85C092F1019C21F89FF10196D00FC2991200048D94470E86D007C2C3C16DF14BE
:2021C0000F8091100046D9444CDC6D00AF1791200048D9447AE86D006D2C3C079120004857
:2021E000D94442F86D00662C0090911000F6D9FFB85C91100026D922B85C542FC21F74FFC9
:2022000091100046D94474CC6DFF98FFDF021180911000F6D9FFB85C91100026D922B85CAC
:20222000092F0C19C21F89FF0C1982023C0382123C010090C214DA044BF4110202123C0138
:2022400000900248911000F6D9FF5CAC49F4042A6D00691B911000F6D9FF5CAC91000026A3
:20226000D9222814142F34FF911000F6D9FF58AC14FF6E08911000F6D9FF50AC54FFA2F85D
:202280003C028208911000F6D9FF5CAC89F80209911000F6D9FF5CAC91100046D94474CCB8
:2022A00082446DFF58FF89F20609911000F6D9FF5CAC91100046D94474CC3B8000406DFFE9
:2022C0004AFF89F20A09911000F6D9FF5CAC91100046D94474CC3B0001406DFF3CFF89F2CE
:2022E0000E09911000F6D9FF5CAC6D00151B89F21208911000F6D9FF5CAC6D00F31A685273
:20230000911000F6D9FF5CAC91100026D922B85C4922000A49FF180AC5041400442F64FFDE
:20232000FC4E911000F6D9FF5CAC91100026D9224CDC4922104A49FF2C1AA054442F64FFD5
:20234000FC4E0090024891100046D94474CC3BC000406DFF00FF911000F6D9FF58AC14FFE9
:202360006E07911000F6D9FF54AC54FFBE22911000F6D9FF54AC74F2911000F6D9FF58ACFE
:20238000DA0134FF911000F6D9FF50AC74F83C12911000F6D9FF50AC54FFA2F83B401FF028
:2023A0003FF8068082246DFFE8FE3C0482146DFFE4FE00900942900909458409CC42EC52A9
:2023C00009458809CC41EC51CC217D4F0580CC42EC213C01A00FEC44542FC2FF742F542202
:2023E0003C010090494F080AEC4182FF6C42494F080AEC43494F080AEC44DA00744F00902A
:20240000A00FEC440090545F5EF3CC443C09494F080A3C02C81FC81254207F0FFDFFC81273
:20242000895284090952840989258809EC52E81589549009544FC21F744F0090C234B704D4
:2024400002F06E669249DF096400910000C6D9CC382454CFEE1582046DFF69E1802F325F95
:20246000160392446DFF63E18020DFF05200102FF4CF91000026B52F3424820074F0D4CD80
:20248000820A3C0410DF49FD3FFA54DF6E036F0FFBFFF4CD3C1DB70801F010DF6F0818801E
:2024A00054FFEE1182046DFF42E149F4040A7D420F80325802846DFF3AE1802F1EF874DA72
:2024C00082083C0CAE0442F874D840DF40FD54D876856F08E2FF3F98E0FFDF082680BF19FC
:2024E000180002946DFF23E1802F9EF249DF040A01F220F4EE0D012F30F4EE12802F325FB3
:202500001603102F92446DFF12E1802F5EF3A002009001DF2020802F960174DF40FD01D92C
:2025200000F674FA3C0A9A493FF8078001D900F6A29874F83C0202898F1940F174DF49D2CA
:20254000040A00903C09144F1450C2F43E0352020090B014B015DF04F8FF82020090DF049C
:202560003000404FBF842780804F8F3F000180518F3100115F101F802E06C2F4045F344F94
:20258000494F010A80FF2E16045F24FFC2E4045F24FF8F7400018FD41FF06E0B02F14052AF
:2025A000C2F160160922480189F24801FC6CD05502047646C2F46042045F24FFFC2E4042E1
:2025C0000090404FBF852380804F2E05C2F53444494F010A80FF2E1424F4C2E524F48F7585
:2025E00000F106D5DF051200D200764A370468008F802010A6108F002110A6100201C2F5BF
:20260000605289F04801FC2E02F57655C2F5605224F4FC2F40420090538422F0911000F61C
:20262000D9FFCC7C10FFC86209F05C08DA010F0F10F06C21C88209F06408DA010F0F10F0B6
:202640006C2182056D002301009020289100014F6DFFCBBF9100014F6DFF01C2022891005B
:20266000014F02846DFF5AC29100014F820402856DFF03C29100014F82249B0408406DFF03
:2026800079C182091D00D90049A4000A9100015F6DFF42C1534920F0912000F8D9FF5C2877
:2026A00010FFD4FF14FF2CA4534920F0912000F8D9FF5C2810FFD4FF09FF01082CA5DA0105
:2026C00089AF1208DA0189AF1308534920F0912000F8D9FF5C2810FFD4FFF807DA8089AF56
:2026E0002008DA0089AF21080CA43B008000E20F60FF9110013F30F3D934000D09A40508E4
:2027000082056DFF0DC03B0000F49BCF69F44BF851F04B0F71F17802DA007803538922F006
:20272000911000F6D9FFCC7C10F449A5000A6DFF59C0538922F0911000F6D9FFCC7C10FFAD
:2027400058026CF5538922F0911000F6D9FFCC7C10FF530921F091200028D9225C18102223
:202760000922C00989F2D809538922F0911000F6D9FFCC7C10FF530921F091200028D92214
:202780005C1810220922C80989F2E009530921F0912000F8D9FF5C1810FFD4F4530921F08D
:2027A000912000F8D9FF5C1810FF08443B0008506DFFA6C2530921F0912000F8D9FF5C1800
:2027C00010FFC824530921F0912000F8D9FF5C1810FF08C43B0008506DFF92C2530921F001
:2027E000912000F8D9FF5C1810FFD4F2530921F0912000F8D9FF5C1810FF084F7B100000BC
:202800000FF0100089200409530921F0912000F8D9FF5C1810FFC822530921F0912000F882
:20282000D9FF5C1810FF08CF7B1000000FF0100089200409C219BF4929FF0090538422F092
:20284000911000F6D9FFCC7C10FF91200028D9226CF801240026142FC65F6E0382103C0385
:202860007B100000C86209F15C080F101000892004096E047B1000F03C02DA01C88209F017
:2028800064080F0F10F06C210090538422F0911000F6D9FFCC7C10FFC82409F405086DFF80
:2028A00052BFC8346DFF28BF00900B541088BF4903803C2C3B803EF07F8F05003B803E80C9
:2028C0003C073B80C1FF7FF804003B80C18FF68502946D001D003C1A8B18805202946DFF4C
:2028E000AFFF8E823C023258538922F0911000F6D9FFCC7C10FF485FE2F83B803EF04BF8F1
:2029000011020B9010486DFFC2FF0090538422F0911000F6D9FFCC7C10FFC86209F05C08BE
:202920007B1000F00F0F10F06C21C88209F064087B1000F00F0F10F06C2182056DFFA7FF03
:202940000090DA003C0502F46DFFE2FFC21FBF4FFCFF0090024F0258820402F56DFFA7FFD5
:20296000821402F56DFFA3FF822402856DFF9FFF823402856DFF9BFF0090201849A4000A83
:202980006D00432914AF910000F6D9FF2C1414F07E023C36910000F6D9FF2C1414AF34FF71
:2029A0000CA56E03DA013C02DA00911000F6D9FFCCAC14F0BE02911000F6D9FFCCAC34FF3D
:2029C0006E0691200048D944BC083C0591200048D94496186D006E28DA003C0810AF09F5C6
:2029E0000A0802F46DFF34EFC21FBF4FF9FF09A48E086DFF1DEF09A490086DFF39EF009035
:202A0000911000F6D9FFE0ACDA00B4FF911000F6D9FFE4ACDA00B4FF911000F6D9FFE0ACA7
:202A2000DA00ACF1911000F6D9FFE4ACDA00ACF182046DFFF3FD82146DFFF0FD82246DFFC6
:202A4000EDFD82346DFFEAFD820482056D00CA280090911000F6D9FFF09C14FF6E18911052
:202A600000F6D9FFF09CDA0034FF911000F6D9FFF09CDA002CF26DFF66FF82146D006000C8
:202A800091200048D944A5086D00142800902010911000F6D9FFF09C08146DFF39FF49A462
:202AA000000A6DFFF6ED911000F6D9FFF09C081F534F20F0911000F6D9FFF09C10F291104B
:202AC00000F6D9FFF09C081F534F20F010AF54F0911000F6D9FFF09C482FA2F089200C09FE
:202AE000911000F6D9FFF09C081F534F20F0911000F6D9FFF09C10FF483FFF0F13009110AF
:202B000000F6D9FFF09C08146DFFB5ED325237024850911000F6D9FFF09C08146DFF98EED3
:202B2000911000F6D9FFF09CDA022CF2911000F6D9FFF09C6D00A71868120090201889A40A
:202B4000010882083C1501A800F602846DFF93ED2822534820F010A2534820F0911000F697
:202B6000D9FFF09C10FF483F892F0609C218BF48ECFF49A4000A6D0090230090201049A404
:202B8000000A6DFF86ED82003C0B534020F0911000F6D9FFF09C10FFDA006CF3C210BF40CC
:202BA000F6FF911000F6D9FFF09CDA0134FF911000F6D9FFF09CDA002CF1911000F6D9FFB6
:202BC000F09CDA012CF2911000F6D9FFF09C6D005A186812911000F6D9FFF09C54AF6CF2C0
:202BE0006D008B2482046D00891082146D0086106DFFA9FE91200048D94475F86D005A2710
:202C0000009020206D003F180228911000F6D9FFF09C082F82005F0F940082103E058220C9
:202C2000BE091D008E00911000F6D9FFF09C08143B8007506DFF3BFE911000F6D9FFF09C59
:202C4000481F0BF88000DAFA3FF004806DFF21FF3C7E911000F6D9FFF09C08146DFF58FEE4
:202C6000911000F6D9FFF09C481F0BF88000DA503FF06680911000F6D9FFF09C911000266E
:202C8000D922F09C0C21C21F2CF1911000F6D9FFF09C081FBF4F378082083C16534820F014
:202CA00010AF02846DFFE7EC74F29A48534F20F010A2534820F0911000F6D9FFF09C10FF2F
:202CC000483F742FC218BF48EBFF91200048D9449E0849A5000A3B8000406D0094268204A3
:202CE0006DFF2EFF911000F6D9FFF09CDA0034FF911000F6D9FFF09CDA002CF26DFF23FEB3
:202D00003C1E49A4000A6DFFC4EC91100026D922F09C911000F6D9FFF09C081F534F20F024
:202D200010AF54FF6C22911000F6D9FFF09CDA012CF2911000F6D9FFF09C68183C0891109F
:202D400000F6D9FFF09CDA0034FF3C0100902028911000C6D9CCE0AC911000F6D9FFE0AC64
:202D60008814911000F6D9FFE0AC94F56D00E00189C28208911000C6D9CCE4AC911000F6DD
:202D8000D9FFE4AC8814911000F6D9FFE4AC94F56D00CE0189C2820849A4000A6D00E2232D
:202DA00009AF50086E09911000F6D9FFCCAC14FF6E03DA013C02DA008204911000F6D9FF39
:202DC000E0AC881594A602F76D00A40F02288214911000F6D9FFE4AC881509A6820802F7E9
:202DE0006D00980F022F0B8F10486DFFB5FD0B8F10486D00F72649A4000A0B8F10486D00AC
:202E0000030000902018404C0B4510886D003B17022A911000F6D9FFE0AC881FEE14911043
:202E200000F6D9FFE4AC881FEE0EF68DF69C94CFEE0A8CC1EE08911000F6D9FFE8ACDA0001
:202E400034FF3C3991100026D922E8AC142F6E09911000F6D9FFEC9C54FF5AFABF0F2C0022
:202E6000911000F6D9FFE0AC881F74AF94CF780189A80809911000F6D9FFE4AC881F78034E
:202E80008CC1780489A9140991200048D94470F849A5000A82646D00B625911000F6D9FF07
:202EA000EC9C1B8A3EF074FF911000F6D9FFE8ACDA0134FF0090911000F6D9FFE0ACDA00CE
:202EC000B4FF911000F6D9FFE4ACDA00B4FF911000F6D9FFE0ACDA00ACF1911000F6D9FFD2
:202EE000E4ACDA00ACF1911000F6D9FFD8ACDA0074FF911000F6D9FFDCAC6D00C41674F2E7
:202F0000911000F6D9FFECACDA0034FF911000F6D9FFE8ACDA0034FF911000F6D9FFF09C92
:202F2000DA0034FF911000F6D9FFF09CDA002CF1911000F6D9FFF09CDA002CF2911000F608
:202F4000D9FFF09CDA006CF1911000F6D9FFF09CDA006CF2911000F6D9FFD4ACDA0074FF67
:202F6000911000F6D9FFD0ACDA0074FF910000F6D9FF2C14DAFF34FF911000F6D9FFCCAC87
:202F8000DA0034FF6D00AB0E6DFF05DC6DFFDBFC009020306D007716022849A4000A6D0006
:202FA0003C24911000F6D9FFD4AC54FF3E2E911000F6D9FFD4AC580274FF911000F6D9FFD8
:202FC000D0AC1BC812F074FF911000F6D9FFD0AC54FFEE0382023C50911000F6D9FFD0ACF3
:202FE00054FFA2F8BF0814006D00480082046D00850E82146D00820E6DFFA5FC9120004835
:20300000D94489286D00562582023C36820494A56DFF4DFC821409A582086DFF48FC82246C
:2030200009A584086DFF43FC823409A586086DFF3EFC94A08CA142F0370050408CA209A0E2
:203040008608420F370F50506D00CC2549A40C0A6D00882249A40C0A94A08CA142F0370066
:2030600050408CA209A08608420F370F50506DFFCBFE82123C010090911000F6D9FFD0ACA3
:20308000DA0074FF6D00B4230090200849A4000A49A5020A49A6040A6D005C2502286D0074
:2030A000F215911000F6D9FFD8AC54FF3E8B911000F6D9FFD8AC74F8911000F6D9FFDCACA4
:2030C00074F2911000F6D9FFECAC0CA434FF911000F6D9FFDCAC54FFA2F2DA967F2F06801E
:2030E000DA00B4AFDA00ACA1911000F6D9FFE0AC94AFB4FF911000F6D9FFE4AC8CA1B4FF9C
:2031000000906D00C015022F3C106D0020006DFF24D1022802846DFF73CF02846DFF3DD114
:20312000C21F02F46D00C5153CF10090A245370550F0BF3F0400DA023C04FFEF030082EFD1
:2031400042F4370450203C0100906DFFA0EB6DFFB8DB6DFF14FC6DFF9AFF911000F6D9FFDB
:20316000ECAC14FFEE056D001822DF0215006DFF72FC911000F6D9FFD0AC54FF6E036DFF1F
:203180007DFF6DFF3FFC82046D00B80D82146D00B50D3C1C911000F6D9FFF09C14FF6E0AB1
:2031A0006D00AB21762482246DFFCAFC6DFF2BFD3C0D6D00A22176246DFFE2FC3C076DFFC4
:2031C000EAFE76223C036DFFC4FD0090911000F8D9FF200880FFBB0000089B0002083F0FA5
:2031E000048082123C0282023C0100906DFFD6EE911000F6D9FFFCAC6DFFEAFF34F29110C5
:2032000000F6D9FFFCAC91200028D9229258E812911000F6D9FFFCAC91100028D9223CD396
:20322000E822911000F6D9FFFCAC91100028D9227E13E832911000F6D9FFFCAC911000281E
:20324000D9220CE3E842911000F6D9FFFCAC91100028D9225013E852911000F6D9FFFCACCB
:2032600091100028D9225203E862911000F6D9FFFCAC91100028D9220EF3E872911000F61E
:20328000D9FFFCAC91100028D9226613E882911000F6D9FFFCAC91100028D9226013E8923F
:2032A00091100046D944FCAC6D002403911000F6D9FFF0AC6D00E71474F2911000F6D9FF86
:2032C000F4ACDA0034FF911000F6D9FFF8ACDA0034FF00902018911000F6D9FFF4AC14FF37
:2032E0006E023C4C6DFF40F37627911000F6D9FFF8ACDA0134FF911000F6D9FFF8AC14FF53
:203300006E0D6D00C014911000F6D9FFF0AC54FFA2F23B8038F17FF203803C30911000F624
:20332000D9FFF4ACDA0134FF49A4000A6D003800F62D91200048D944AA386D00BB2349A418
:20334000000A6D000D0176223C1949A4000A6D00A000DF02140049A4000A6D0001017628FE
:2033600091200048D94492486D00A4233C0791200048D944B7486D009D2300906DFFC9EDF2
:20338000762382123C0282023C0100906DFFE8ED762382123C0282023C010090404F6D0078
:2033A000E701762D6D00DE014922000A49FF000AA044442F64FFFC4E82123C096DFF08FF1F
:2033C00040F402246D003A0282023C0100902018024F6D00CD01F6223C1C6D00C301492FBC
:2033E000000A49A2000AA04444F06420FC4E49A4000A02F46D006E00762C49A4000A6D001A
:20340000AF00762791200048D94496386D00522300902018024F49A4000A6DFFC1FF49A471
:20342000000A02F46D006E00762D49A4000A6D009700762891200048D94495286D003A23D8
:203440003C0791200048D944B1286D00332300906DFFA6EE762382123C0282023C0100902B
:203460006DFF93F20090913000FF39FF20169602913000FFE9FF20163C013C0000906DFFB2
:20348000AAEE762382123C0282023C010090404F54FF3B4035049BF0D4047E04088FBF2FD8
:2034A000048082023C15088F40F402F46D004700DF32040082023C0C824540F402F46D00FF
:2034C0003600DA002CFCDAFF2CF982123C010090404F024854F03B4035F49BFFD4F47E03B1
:2034E000BF28048082023C0C820540F402846D001E00089F7E83DAFF2CF982123C010090C2
:20350000404F024854F03B4035F49BFFD4F47E03BF28048082023C09822540F402846D0005
:203520000600289882123C010090DF14058089450B083C0389450A080090DF140580094299
:203540004B083C0309424A083C010090911000F6D9FFE4BCF4F46D005B0100902048911016
:2035600000F6D9FFE4BC54FF6E027C4482021D008300494F000A49A2300AA04444FF642FB5
:20358000FC4E3B4035F49BFFD4F4780C911000F6D9FFC0CC14FF6E08911000F6D9FFE8BCC0
:2035A000481FC21F3C02DA01780DEE0382023C63911000F6D9FFC0CC14FF6E09911000F6F5
:2035C000D9FFFCBC14FF8F1F80F13C02DA00911000F6D9FFE4BCD4FFD4FF02F42D0F00002A
:2035E000F62382023C4849A4300A49A5000A6D008200911000F6D9FFE4BCD4FFC81F49A4E6
:20360000000A3B80015002F42D0F0000F62382023C32911000F6D9FFE4BCD4FFC82F49A491
:20362000180A3B80015002F42D0F000049A4000A49A5180A3B8001406DFF86F77623820221
:203640003C1A911000F6D9FFE8BC49A2300A49FF000AA044442064F0FC4E911000F6D9FF35
:20366000FCBC34FF911000F6D9FFC0CCDA0134FF82123C010090404F405C14F0DA547E0D0D
:20368000081F3B3004007E09082F3BF004007E05083F3BD004003E0382023C2B3B400140E6
:2036A00040F46DFF3CE1022F49F4140A6DFF22EE3E2382023C1E82043B40015040C46DFF44
:2036C00082F73B4035F49BFFD4F474CF40F4B0446DFF10EE89C20409088F2CC8089F2CC917
:2036E00008AF2CCA08BF2CCB08CF2CCC82123C010090404C405FDA5434FFDA432CF1DA4F40
:203700002CF2DA4D2CF340F4B04409C404096D00BB000CC82CF80CC92CF90CCA2CFA0CCB56
:203720002CFB0CCC2CFC0CCD2CFD0CCE2CFE0CCF2CFFDA0089FF1008DA0089FF1108DA0087
:2037400089FF1208DA0089FF13083B40014040F46DFFE5E049F4140A02246D009500009016
:2037600091100026D922E8BC3C010090203082088209911000F6D9FFC0CCDA0034FF911008
:2037800000F6D9FFE4BC54FFEE0382023C3F820A3C35911000F6D9FFE4BCD4FFC82F49A4B5
:2037A000000A3B80015002A42D0F000049A4000A49A5180A6DFF61FFF6223C1F7694580762
:2037C0007FF81C80911000F6D9FFE8BC49A2180A49FF000AA044442F64FFFC4E911000F6C9
:2037E000D9FFFCBC34FA911000F6D9FFC0CCDA0134FF09A81C098219C21ABF2ACCFF911060
:2038000000F6D9FFC0CC14F23C010090911000F6D9FFC0CCDA0034FF911000F6D9FFFCBC4C
:20382000DA0034FF91100046D944E8BC82043B4001506DFFC8F60090404F024882043B40ED
:20384000015040F46DFFBFF63B4035F49BFFD4F474FFDA006CF1DF180480DA013C02DA00A4
:203860002CF8DAFF2CF9088FEE03DA043C02DA002CFA088F5E13DA043C02DA002CFBDA0083
:203880002CFC00908FF40FF1344F370468F42C41370468F82C42370468FC2C43009091101E
:2038A00000F6D9FFC4CC91100026D922C4CC4C27C21F6CF7DF641680DA303E56DA313E5889
:2038C000DA353E5A3C0C02646D00FF003C0902646D00A7013C056D00E5003C023C013C0815
:2038E000DF740780DA347E536D006B023C010090404F91100046D944C4CC82043B801B5099
:203900006DFF61F691100026D922C4CCF42F911000F6D9FFC4CCDA002CF4911000F6D9FF07
:20392000C4CCDAFF2CF5911000F6D9FFC4CCBBF0FFFFACFC0090911000F6D9FFC4CC084FC7
:203940001E1C911000F6D9FFC4CC084F5E243B4006203C0282023C14911000F6D9FFC4CCA3
:2039600009FF1209534F26F0911000F6D9FFC4CC09F006094B0F1102370068203C0100906C
:20398000911000F6D9FFC4CC09F40E096DFFD5DF911000F6D9FFC4CC09FF0A093E299110D2
:2039A00000F6D9FFC4CC08546D005C003C59911000F6D9FFC4CC49F4200A6D00EA18DF2219
:2039C0000A00911000F6D9FFC4CC08546D004A003C47911000F6D9FFC4CCD4FFC8429110CB
:2039E00000F6D9FFC4CC0854911000F6D9FFC4CC48952D020000DF120A00911000F6D9FF98
:203A0000C4CC08546D002E003C2B6D004202F629911000F6D9FFC4CC08546D0023003C20A1
:203A2000911000F6D9FFC4CCDA022CF4911000F6D9FFC4CCD4FF486F6E0E911000F6D9FF17
:203A4000C4CCD4FFC862911000F6D9FFC4CC08542D02000082243B4006506D0000020090D9
:203A6000911000F6D9FFC4CCD4FF487F6E09911000F6D9FFC4CCD4FFC87F2D0F0000911040
:203A800000F6D9FFC4CCDA002CF4911000F6D9FFC4CCDAFF2CF5823482056D00E0010090BA
:203AA000911000F6D9FFC4CC084FEE06823482056D00D5013C08911000F6D9FFC4CC08549D
:203AC0006DFFD0FF0090FF840880823482056D00C6011D00A500911000F6D9FFC4CC084F87
:203AE0005E196DFF2AFF821402256D00B8011D00970014400C418F8F00F0A6F00C428F0FF2
:203B000001F0A6F00C438F8F01F00FF0A080094144080C458F8F00F0A6F10C468F0F01F034
:203B2000A6F10C478F8F01F00FF1A090DA947F8F0880BB4009F89BFF01F07F8F0780823486
:203B400082056D008C013C6B911000F6D9FFC4CCD4FF14FF5E13DA003C02DA01911000F65D
:203B6000D9FFC4CC2CF5911000F6D9FFC4CCD4FFC82F370F68402D0F0000DF120A0091102D
:203B800000F6D9FFC4CC08546DFF6CFF3C48911000F6D9FFC4CC49F4200A911000F6D9FF3B
:203BA000C4CCD4FFC8156D001318911000F6D9FFC4CC89F80609911000F6D9FFC4CC89F91D
:203BC0000A09911000F6D9FFC4CC6DFFE7DE89F20E09911000F6D9FFC4CCDA0089FF120994
:203BE000911000F6D9FFC4CCDA00ACFB911000F6D9FFC4CCBBF0FFFFACFC911000F6D9FF86
:203C0000C4CCDA0089FF1A08911000F6D9FFC4CCDA012CF4821482056D0021010090404CCE
:203C2000FF3404801D00CC0014C00CC18F8F20F00FF0A0908BE41F807684DAF07F8F08807E
:203C4000825502946D00EC001D00BA00911000F6D9FFC4CC084F1E17823502946D00E000A2
:203C60001D00AE0091100026D922C4CC092FD8087E97820502946D00D3001D00A10091103E
:203C80000026D922C4CC092FD6083E9E821502946D00C600911000F6D9FFC4CC08546DFF5A
:203CA000E1FE1D008D00911000F6D9FFC4CC91100026D922C4CC09240E0940C4B024028587
:203CC0006DFF6FDE89F20E09911000F6D9FFC4CC49F4200AB02CA00691100078D977EC73E9
:203CE00040C502846D00EB16DF021600DF121400DF221200DA097E2382253C0282450294F6
:203D00006D008E00911000F6D9FFC4CC08546DFFA9FE3C55911000F6D9FFC4CC91100026E3
:203D2000D922C4CC09201209420889F81209911000F6D9FFC4CCA8C9911000F6D9FFC4CC5F
:203D40009A19ACFB820502946D006A00911000F6D9FFC4CC09FF1209534F26F0911000F6A4
:203D6000D9FFC4CC09F006094B0F110237006850911000F6D9FFC4CC09FF5A083E5A9110D5
:203D800000F6D9FFC4CC89F51A0882146D006700911000F6D9FFC4CC09FF6008DE209110AD
:203DA00000F6D9FFC4CC09FF1209911000F6D9FFC4CC09F006097E036DFFE4FD009091107C
:203DC00000F6D9FFC4CC084F1E223C10911000F6D9FFC4CCD4FF488F6E09911000F6D9FF13
:203DE000C4CCD4FFC88F2D0F00000090024F0256911000F6D9FFC4CCD4FFC832911000F631
:203E0000D9FFC4CC085402F540542D020000DF12048082023C0282123C01009020088FF4E1
:203E20000FF134AF868489A4010889A50208911000F6D9FFC4CCD4FF489F6E0F911000F65A
:203E4000D9FFC4CCD4FFC89F82743B20035049A4000A82362D0F00000090200834A489A573
:203E60000108911000F6D9FFC4CCD4FF489F6E0F911000F6D9FFC4CCD4FFC89F82743B3069
:203E8000035049A4000A82262D0F00000090D9AAF0BE8208911000F6D9FFC4CC489FD9A446
:203EA00000116D00B60A3C2552893B0000017F9004803B000091911000F6D9FFC4CCD4FF1B
:203EC000C852911000F6D9FFC4CC085449A4000A028502962D020000DF12040082023C2251
:203EE000D9A4001149A5000A02946D00A30A42983FF8DCFFD9A40011D9A500016D002A0AF2
:203F0000D9A40001911000F6D9FFC4CC49F5280A3B0002406DFF18F3F62382123C02820251
:203F20003C0100902008404DF4A5406C8208A00F0D0040030D0080044D80E39F370964F8B5
:203F40008FCF01F0379F10F360FE3C01BCEB54E854EF370F64088FC0010037F010F360FFED
:203F60003C01BCE8BCF754FFCD8FE30F0D00C0043C030D0000020D00000382043B000450C8
:203F800040F46DFF20F380DF6CF23BF08FF06CF17B0002F074FF82043B00045040E46DFF25
:203FA00012F380CF6CE8D4AF80FF6CE1B73802FA74EF40D2B0C2DA00742FB0C274293C016F
:203FC0000090DA1F0D0040034DC0E20FB700080016FFA6F0CDC0E20F0D00C0040D00000341
:203FE000910000F6D9FF301491000026D9223014542FC21F74FF910000F6D9FF301454FF5B
:204000005E134D40E0FF0090910000F6D9FF301491000026D9223014542FC2FF74FF910052
:2040200000F6D9FF301454FFEE10DA000D0040034DC0E20FB700080016FFA6F0CDC0E20F0D
:204040000D00C0040D0000030090D44F54FFB70F0C0A370064F88FCF01F0370F10F360FF13
:204060003C013C0E54FFB70F0CFA74FF54FF370F64188FC1011037F110F360FF3C0154FF97
:20408000B70F0CFAEEF00D0040030D0080044D80E3FF74FFCD80E30F0D00C0040D00000353
:2040A0000090DA003E423C046D0007003C023C0182023C010090DA020D0080044D00E00FED
:2040C0006E19370064188FC1011037011003600F3C0182003C0B54F1370164288FC201200A
:2040E00037121013601F3C01C21092F13F10F57F54F0370064F88FCF01F0370F10F360FFB2
:204100003C0154FF370F64188FC1011037F110F360FF3C0191000026D9223814D422482FBA
:20412000742FD42FB0CFF42FD42F91000046D9443014544F74FFD42FB0CFF42FD42F74F0DA
:204140006D005211DA020D008004910000F6D9FF3814D4FFD4F25420D4F2B042F4F291003B
:204160000026D9223014D4F454417421D4F2B042F4F2EE06CD00E00F0D00C0043C1B4D0025
:20418000E01F370164288FC2012037121013601F3C0182013C0B54F2370264388FC301305A
:2041A00037231023602F3C01C21192F23F21F57F74F000900D0000020D004003DA000D0041
:2041C00080044D00E00F6E19370064188FC1011037011003600F3C0182003C0B54F1370147
:2041E00064288FC2012037121013601F3C01C21092F13F10F57F54F0370064F88FCF01F05B
:20420000370F10F360FF3C0154FF370F64188FC1011037F110F360FF3C0191000026D922CA
:204220003814D422482F742FD42FB0CFF42FD42F91000046D9443014544F74FFD42FB0CFAA
:20424000F42FD42F74F06D00CF10DA000D008004910000F6D9FF3814D4FCD4CF54FAD4CF0E
:20426000B04FF4CF910000F6D9FF3014D4CD54D874F8D4CFB04FF4CFEE06CD0AE00F0D0074
:20428000C0043C1B4D00E08F370864988FC9019037891083608F3C0182083C0B54F9370946
:2042A00064B88FCB01B0379B1093609F3C01C21892F93F98F57F74FA0D0000030D004002A9
:2042C00000800D000002912000F8D9FF7028D4F2912000F8D9FF7028D4FF48CF3B50C3001F
:2042E0000650420F6C2C912000F8D9FF7028D4FF91200028D9227028D422092F0019960149
:2043000089FF0019912000F8D9FF7028D4FF48CF912000F8D9FF7028D4FF484FDA1F0D0070
:2043200040034DC0E28FB708080016FFA6F0CDC0E20F0D00C0040D0000033C016D0001112F
:204340000D004003CDC8E20F0D00C0040D0000038208914000FF19FF9068370F61FC1E1368
:2043600076228218914000FF19FF90688FA80180A68F914000FF59FF90680D0080040D0080
:20438000C0040D0040020080912000F8D9FF7028D4FFDA1F6CFE912000F8D9FF7028D4F25C
:2043A000912000F8D9FF7028D4FF48FFB70F01F16C2FDA006E03DA013C02DA00912000F890
:2043C000D9FF7428D4FF8FBF20F0960274FF912000F8D9FF7428D4FF91200028D9227428CD
:2043E000D422542FB71F01F574FF912000F8D9FF7028D4F2912000F8D9FF7028D4FF484FA3
:204400006C2C912000F8D9FF7028D4FF91200028D9227028D422092F0019960189FF00192D
:20442000912000F8D9FF7028D4F2912000F8D9FF7028D4FF48FF96016C2F912000F8D9FFB7
:204440007028D4F2912000F8D9FF7028D4FF484F3B50C3000650420F6C2C912000F8D9FF6D
:204460007028D4FF7B0020F189FF2839DA006E03DA013C02DA00912000F8D9FF6C28D4FF36
:204480008FBF20F0960174FF912000F8D9FF6C28D4FF91200028D9226C28D422542FB71F15
:2044A00001F574FF0D004003DA000D008004910000F6D9FF3814D4FFD4F25420D4F2B04268
:2044C000F4F291000026D9223014D4F454417421D4F2B042F4F2EE06CD00E00F0D00C004EF
:2044E0003C1B4D00E01F370164288FC2012037121013601F3C0182013C0B54F237026438D6
:204500008FC3013037231023602F3C01C21192F23F21F57F74F04D40E0FFB70F07F0CD4FEB
:20452000E00F0D00C0040D004002008000000000000082023C01009020080248404F02593F
:2045400082105F803C0082205F803E0082305F803B0082405F80380082505F803500826082
:204560005F803200DA075F8F2F00DA085F8F2C00DA095F8F2900DA105F8F2C00DA215F8F49
:204580003D00DA305F8F3D00DA315F8F3D00DA325F8F3D00DA535F8F6F00DA705F8F3A0040
:2045A000DA715F8F3A00DA725F8F5B00DA735F8F5B00DA745F8F5D003C656D0024026D0023
:2045C000FB023C616D001F0202846D002B023C5B6D001902BF290B8014FF370F4840081FF9
:2045E000370F48506D00B8023C07769614FF370F48406D0097023C476D0005023C446D009C
:204600008E023C416D00C7013C3E6D00E7013C3B6D0085173C38DF390A8049A5000A49A60C
:20462000020A40F46DFF48D3F62891200048D944B2586D003F1A3C276D00CD02F6246D0089
:204640001A03762891200048D9448D686D00321A3C1A14A409A582086D00FE183C146DFF56
:2046600020D43C1140F402946DFFF3D33C0C6DFFDFD33C09769614F0DA247E036DFFCBD1BB
:204680003C023C010090094F00196E15CC43094F001910FFEC434C43094008093F0F0580A1
:2046A000D44FEC433C01CC4309440019405440F56DFF57EF0090F653F4553C02F4548954F6
:2046C0003C0989550019821440546D0092000090404F6DFF78FC48EFEE03DA013C02DA005B
:2046E0006DFF94FC02F23C010090404F6DFF6BFC09F805183C12489FEE03DA013C02DA0064
:20470000EE0A49F4240A6D00321076246D00DE0D3C013C023C04C2F8FF18EF7F82FF89FF92
:2047200005186DFF73FC6DFF4EFC09F804183C12484FEE03DA013C02DA00EE0B49F4100A95
:204740006D00151076246D00C10D3C01C2F83C023C03FF18EF7F82FF89FF04186DFF56FC16
:204760000090404F0B4510886DFF2DFC09FF04185EF4DA0089FF041809FF05185EF4DA0058
:2047800089FF05186DFF42FC48EFEE0849F4240A0B8910486D00B00D3C0140F46DFFA7FF99
:2047A00000900B451088026AA00FBF181F8082FF4B8F11023F901A8073980AF03B70FB0F5F
:2047C0003FF0148073980AF08B8F04406DFFECE6402FBCFA49F4081A0B89104802A640F528
:2047E0006DFF6BFF3C013C0140F23C010090404F02488219BD0F440048FF6E4182F048FF37
:204800004BF0110209F200193F203A806DFFDBFBD4F248FF09F00019E20F1022E822DA00B5
:204820006CFED4F2E812D4F248FFC2FF09F00019E20F1022E83282FF89FF041882FF89FF03
:204840000518DF081280484FEE03DA013C02DA00EE0A49F4100A6D008A0F7624AD0080002B
:204860003C013C013C0949F4100A6DFFBDED49F4240A6DFFB9ED6DFFC9FB3C028209029202
:204880003C0100902010404F405C74A482087CC409FF00196E016D003A0EF62354AF6E013E
:2048A0003C6C6DFF90FB48EF6E1A40F440C56DFFECFEC2FF6CFE484FEE03DA013C02DA0065
:2048C000EE0A49F4100A6D00520F7624AD0080003C013C016DFF9AFB82123C5054AFEE0563
:2048E0006DFF94FB82023C4AF68749A4040A6D00E00C82183C016DFF89FB6D00670D6DFFCE
:2049000062FB09FF04185EF4820089F0041809FF05185EF4DA0089FF05186DFF77FB49A4EC
:20492000040A49A5000A6D00B60DDF021C8040F46DFFD0FEDF02110049F4240A54A46D0094
:20494000CC0C40F46DFFD3FE6D00C30FF624AD0080003C013C0640F46DFFC9FE6D00B90F6D
:204960003C0C40F46DFFC3FE6D00B30F40F46DFFB1FE762382023C023C950090911000F6BD
:20498000D9FF3C2D2824911000F6D9FF3C2D28350090911000F6D9FF3C2D08BFEE023C1CDE
:2049A000911000F6D9FF3C2DDA002CFA911000F6D9FF3C2DDA002CFB911000F6D9FF3C2D6E
:2049C0006D00B80D89F20609820482056DFFD8FF82146D005E010090911000F6D9FF3C2D01
:2049E000DA012CFA911000F6D9FF3C2DDA012CFB820482056DFFC4FF3BA000406D004901CE
:204A00000090911000F6D9FF3C2D6D00930D89F20609911000F6D9FF3C2DDA012CF4009034
:204A2000911000F6D9FF3C2D09F50108911000F6D9FF3C2D08BF6E023C70DA02BE46DA031F
:204A4000BE4BDA045F4F2600DA055F4F2D00DA065F4F3600DA075F4F3D00DA085F4F45007C
:204A6000DA095F4F4D003C5802546DFF89FF82246D000F013C52025F325F370F4840325582
:204A8000370548506DFF7CFF82346D0002013C45025F325F370F48406DFF72FF82446D00E4
:204AA000F8003C3B025F325F370F48F0025402F56DFF66FF82546D00EC003C2FDA024BF543
:204AC000010202046DFF5CFF82646D00E2003C25DA024BF50102025402056DFF51FF827442
:204AE0006D00D7003C1A025F325F370F48406DFF47FF3B8000406D00CC003C0F025F325F39
:204B0000370F48F0025402F56DFF3AFF3B9000406D00BF003C023C0100906D007200009074
:204B20003BC0F9FF7FF405003BC0F94F3C06DA647F4F04003B400640CE4332543C0191103F
:204B400000F6D9FF3C2D2814370448F0EE036D00330000900B451088911000F6D9FF3C2D8E
:204B600008BF6E023C270B8910486DFF09FFF686F69582146D008D003C1D5F9809808E93AA
:204B800082243C0282346D0084003C14029F325F7E8ACE843B8000403C033B9000406D00FC
:204BA00078003C087F98040082643C0282746D0070000090911000F6D9FF3C2D08BF6E0288
:204BC0003C08820482056DFFDBFE82146D0061000090911000F6D9FF3C2D08B23C010090EC
:204BE000911000F6D9FF3C2D09F2C2083C010090911000F6D9FF3C2D14F23C0100909110FF
:204C000000F6D9FF3C2DDA0034FF911000F6D9FF3C2DDA322CF1911000F6D9FF3C2DDA009D
:204C20002CF2911000F6D9FF3C2DDA002CF3911000F6D9FF3C2DDA002CF4911000F6D9FF44
:204C40003C2D6D00770C89F20609911000F6D9FF3C2DDA002CFA911000F6D9FF3C2DDA00E7
:204C60002CFB820482056DFF8BFE82146D0011000090911000F6D9FF3C2D08A23C01009018
:204C8000911000F6D9FF3C2D08423C010090911000F6D9FF3C2D34F400906D004B0C911030
:204CA00000F6D9FF3C2D09FF0609A2F2DA647F2F1580911000F6D9FF3C2D08BFEE0E911055
:204CC00000F6D9FF3C2DDA002CF4820482056DFF57FE82146DFFDDFF009082003C0B53400B
:204CE00020F0911000F6D9FF083D10FFDA0074FFC210BF20F6FF0090FF240B80534420F009
:204D0000911000F6D9FF083D10FFDA0074FF0090BF24048082023C73534420F0911000F61B
:204D2000D9FF083D10FFF675DA0074FF02523C674B0541F14B0641016B00311F7B0004F455
:204D40004BF101F0AE287B0004FC4BF101F0370F61F06E20BBA070FD9B3FC2F354F06BF18C
:204D600061F074FF54FF7B6039044B0F01F0370F61F16E057B6039F474FF3C0C54FF7B60BD
:204D8000390C4B0F01F0370F61F06E047B6039FC74FF4B0541F17B00F803BBD0CC2C9BC21F
:204DA000F4234B2141106B0F61F154F06B00214F7BA047F44BF401F0370F61F16E047BA089
:204DC00047443C0A7BA047FC4BF401F0370F61F06E037BA0474C7B000AF44BF401F0370FCF
:204DE00061F06E0A7B000AFC4BF401F0370F61F16E0382023C046DFF94CB3C010090DA5AA0
:204E00007E4989440108DA01894F8448DA01344F3C036D00CA010090200802490B5610A885
:204E2000027C404C09ADC808405F09A8CC08BCF6DAF83FDF04807CC476D382F23C438BADE4
:204E400000E002D46D00C50174A27F28048082F23C39DA5A34FFDA012CF12829283A284BBA
:204E600040F2B0528FFD0FF1342F8F8D3FF02CF6287CDA003C0910F210C4144089200808FC
:204E8000C21F370F70F03FDFF8FF8B8D004040F46D001A0001FD00268F823FF02C288B8D93
:204EA00000F010F28FF20FF12C2102EF3C0710F282003420C21F370F70F054A23F2FF9FF43
:204EC0003C010090404F0248BBF0FF4F7CF382023C0FDA003C0910F214256D000B000224FD
:204EE000C21F370F70F03F8FF8FF02423C0100908F852020C64282003C0E6FF2090086122B
:204F0000370270203B1002F1C6F23C04861237027020C210DA083FF0F27F3C010090404F81
:204F2000405CBCF27CC482321D00FF0014FF82003E0E8210BE0882205F0F520082305F0F5C
:204F4000690082405F0F75001D00E300DA5A7E492814DA0189FF844889F50C49DA0134FFFC
:204F60001D00E10009FFC44810F28924010809FFC448C21F89FF844889F50C4909FFC44837
:204F8000BF8F2C80082F1E1C09FF1C49C21F89FF1C4940F46DFF35FF82421D00C60049F2B5
:204FA000060A1420087F8F8F20F0A6F03C01DAF87F0F0D8009FF1849C21F89FF184940F4D1
:204FC0006DFF1FFF82321D00B00089F086487603DA023C02DA0334FF1D00A50009FFC44806
:204FE00010F28924010809FFC448C21F89FF844889F50C4909FFC44809F0C6488B800000B7
:20500000370070003F0F0480DA0334FF1D008B0009FFC44810F28924010809FFC448C21F9E
:2050200089FF844889F50C49DA0434FF3C7B09FFC44810F28924010809FFC448C21F89FF38
:20504000844889F50C4949F2060A1420087F8F8F20F00FF0A0903C0101F900260C298F8F9E
:2050600020808B8900F010F20C22A6F840F4B0148B890000370070406DFF26FF022F40F4D5
:205080006D0093003E8809FF1449C21F89FF144982223C4A09FF49486E1E084409F54848F6
:2050A0006D008C00DF02188009FF2049C21F89FF204909FF4A48C21F89FF0A4809FF4A484C
:2050C000BF8F0880DA0089FF0948DA0089FF0A4882523C2A084F89FF0848DA0189FF094876
:2050E000DA0089FF0A4809FF1049C21F89FF1049083F34CF084F2CC1085F2CC2088F2CC370
:2051000089C9840849FF090AECC282123C0D09FF1849C21F89FF184940F46D0046008232FD
:205120003C0382023C010090BD042800DA00344FDA00894F8448DA00894F8648DA00894FE9
:205140000848DA00894F0948DA00894F0A48DA00894F0C49DA00894F1049DA00894F1449D7
:20516000DA00894F1849DA00894F1C49DA00894F2049DA00894F24490090BC43144FEE03E8
:2051800082023C11094F0C49A2F4FF44048082023C0A094F2449C21F894F24496D0005000D
:2051A00082623C010090DA00344FDA00894F8448DA00894F86480090A25437046800820236
:2051C0007605DA203F0F038082123C010090DAF87F4F048082023C088BA400F0C23FBBC0A1
:2051E000FF2F26F23C010090BC45BC54DA267FF4058082F21D00AD0054408FF00FF1345FAF
:20520000370068F42C51370068F82C52370068FC2C53405FB04F094004098FF00FF134FFA9
:20522000370068F42C55370068F82C56370068FC2C570C482C58495F090A094FCA088FFFD8
:205240000F0134F0868F2C5A495F0B0A8C46370F70F08FFF0F0134F0868F2C5C495F0D0A2C
:205260008C47370F70F08FFF0F0134F0868F2C5E495F0F0A8C48370F70F08FFF0F0134F057
:20528000868F895F1008495F110A8C49370F70F08FFF0F0134F0868F895F1208495F130A1D
:2052A000094FD4088FFF0F0134F0868F895F1408094F5608895F1508495F160A4C468FFF3C
:2052C0000F0134F0370F680489501708370F680889501808370F68FC895F1908495F1A0AC2
:2052E0004C478FFF0F0134F0370F680489501B08370F680889501C08370F68FC895F1D0841
:20530000495F1E0A094FE0088FFF0F0134F0868F895F1F08094F6208895F2008495F210AF2
:205320004C498FFF0F0134F0370F680489502208370F680889502308370F68FC895F2408E9
:20534000094F6808895F25083B6002203C0100902018404C405D09C84019DA8034AF91206D
:2053600000F8D9FFA26849FF000A49A2010AA0F404FF242FFC4E49A5000A821440C46D00D8
:205380005900DA0034AF3C0749A5000A821440C46D00500009C00839DA705F0FF7FF820A21
:2053A0003C0F01AA00F6538A20008B8003610B8910486DFF5D96370268F02CF9C21ADA08D6
:2053C0003FFAF17F49A5010A3B00014040C46D00310082083C1982793C14DA088B790001FC
:2053E00003F80AF010DF538820F010C209244009538920606DFF3C96370268F034FFC2F97D
:20540000FF09ED7FC218DA083FF8E77F0090404F91200058D95510383B00044040F46DFF02
:20542000A0E8D20089F04019DA0089FF08390090404F405C024882050284FB8000606DFF44
:20544000FD9509F040190B0240000B13501089F040193C2509FF08398B0F08F17FF8038094
:20546000028F09F0083901F000264924081A40C502F46DFF76E809F0083942F089F00839D0
:2054800010CCA2F809F00839DA807E0949F5081A40F46D000800DA0089FF0839FF18DCFFDD
:2054A0000090D9AAD85F82043C53538420F010A2538420F0105F14FF82008F8F0110538403
:2054C00020F0105F081F82028F0F0130A620A631538420F0105F082F82028F8F0030A62011
:2054E000A631538420F0105F08338202A620A631538420F0105F084F820302F27723003C27
:205500008F820120A620A631538420F0105F085F820302F2772300388F020120A620A63165
:20552000538420F0105F086F820302F2772300348F820020A620A631538420F0105F087FAC
:20554000820302F2A620A63189204009C214DA103FF4AD7F3B0001601D0099008B161F0012
:20556000538020F010AF09F040098FF11F307701802F8B161F00538020F010AF09F04009AD
:2055800082048FF00150A624A6358B161F00538020F010AF09F040098F811F307701002C69
:2055A0008B161FF0538F20F010AF09F0400982088F8001900F82A0000F93A010C640C6517E
:2055C0008B161FF0538F20F010AF09F240098F931F507723804CC604C6159AE6538F20F018
:2055E00010AF09F040098FD11E30770180269AE6538F20F010AF09F0400982088FD00090F2
:20560000A682A6939AE6538F20F010AF09F0400982098F311E809AE6538F20F010AF09F0A3
:205620004009770180110630A680A691C620C6319AE6538F20F010AF09F240098FA31F9052
:205640007723008D0F80C0200F91C030538620F010AF8B061FF0538F20F010A209204009C6
:205660000B4040000B5150109A96538F20F010A2092440090B4040000B5150100B204000E7
:205680000B31501089F04009C216DA503FF6687F094040090B011028094048090B011048BA
:2056A000094050090B01106809405809D9A320A089304009094060090B01108809406809CC
:2056C000D9A300A08930400909407009D9A308A08930400909407809D9A310A089304009CC
:2056E000DA0078A61D00B0008F291F1077890009820A8F2801B0A6A0A6B18FE91EB077891E
:2057000000A7820C8FE800D0A6CAA6DBC6A0C6B1820B8F791FA0778980DB8F7801C0A6CA58
:20572000A6DBC60AC61B58A00FF880C058A10FF980D0D2F0C680C69158A226F058A326F126
:20574000C60CC61D58A40BAF400058A50BBF50100BC040000BD1501058A6538F20F091208F
:2057600000F8D9FF104810FF09FA40090BA040000BB1501058A6538F20F010AF09FA4009A4
:205780000BA040C00BB150D08F431E1077230002820A8F4200B00FA0A0E00FB1A0F08201D7
:2057A0008FE31F00772300BF8FE201A0A6A0A6B1C60EC61F82018F931F00772380BC8F92DC
:2057C00001A0A6A0A6B1C60EC61F0F4280000F5380100F6280A00F7380B0C6A0C6B10F647C
:2057E00080A00F7580B0C6A0C6B10B0E40A00B1F50B0D9A308A009304009D9A310A089304A
:205800004009D9A300A009304009D9A308A089304009D9A300A08938400958A80BCF4080BB
:2058200058A90BDF5090D9A320A0893640090B4510680B2310480BAC40200BBD503058A6AE
:20584000C21F78A6DA5019A018A03FF04F7F094040090B2040000B315010894040090940BD
:2058600048090B4040000B51501089404809094050090B6040000B715010894050090940E2
:20588000580958A80BF0400058A90BF1501089405809094060090B8040000B9150108940A3
:2058A00060090940680958A00BF0400058A10BF15010894068090940700958A20BF040000C
:2058C00058A30BF15010894070090940780958A40BF0400058A50BF15010894078090090FB
:2058E000911000F6D9FF048D09F236093C010090BF540880912000F8D9FF5C7854F23C0A25
:20590000534420F0912000F8D9FF5C7810FF54F23C010090910000F6D9FF341414F23C017F
:205920000090BC4D911000F6D9FF149D49FF000A4942000AA03444FF642FFC4E0090024FF2
:2059400091100046D944149D82043B0001506DFF3AE6BF5F0380DA0002F46D00170100906E
:20596000914000FFD9FF00CC8200489F570F61F06E03DA013C02DA003C018B0F20223C01D9
:20598000009091100046D944048D6DFF08AD8B1200223C010090405C0B6710883B40100004
:2059A0003F800B808F3800F1EE077683F692BC44768676957CC482121D00A1008B38000013
:2059C000911000F6D9FF249D34F4911000F6D9FF249D2815911000F6D9FF249DDA002CF2DA
:2059E000DA033C1176943BF00F103C04104F09F17DF8911000F6D9FF249D10FF34F1C21FD6
:205A0000370F70F03F0FF0FF911000F6D9FF149D482B91100046D944048D91100056D95556
:205A2000249D91100066D966103D370050406DFF71ACDF120F80911000F6D9FF149D911081
:205A40000026D922149D4C23C21F6CF382223C56762E911000F6D9FF149D91100026D92209
:205A6000149D4C22C21F6CF282423C48911000F6D9FF149D91100026D922149D5420C210A7
:205A800074F06D000001022A3C1A6D00FC00A2A2BFA21680911000F6D9FF149D9110002627
:205AA000D922149D4C21C21F6CF1910000F6D9FF341414F46D006A0082323C206DFF63FF2B
:205AC000DF02E5FF911000F6D9FF149D482F3EB382423C14DF091100DA003C0C10C29110D7
:205AE00000F6D9FF103D10FF08303420C21F370F70F03F8FF5FF82023C0100900D00000247
:205B000091100046D944187D6DFFA8AF911000F6D9FF149D911000C6D9CC149D4CC2C21F5D
:205B20006CF20D0040020080204849A4000A91100056D955187D6DFF10AD910000F6D9FF97
:205B4000341414F46DFFD6FE4B0261F174AF911000F8D9FFD8F7F80BDA8089AF3008DA000C
:205B600089AF3108DA0089AF3408DA0089AF3508DA0189AF140891100046D944048D49A565
:205B8000000A6DFF16AC00902048024849A4000AC5F5C0C16DFFF2AEDA0034AFBB0068F974
:205BA0009B8FB9F4780ADA06ACAEDA09ACADDA0AACAFDA0289AF2C08912000F8D9FF78286E
:205BC00049FF000A49A2300AA05444FF642FFC4E49AF300AF80491100046D944187D49A585
:205BE000000A6DFFC5AD9140004FD94400CC82043B0001506DFF84A8910000F6D9FF341463
:205C000034F86DFF93FF00900D00000291100046D944187D6DFF94AF0D00400200800D0097
:205C2000000291100046D944187D6DFF93AF0D0040020080024F6D00260002283C016D0094
:205C40002200A2823FF2FDFF0090910000FFBCF16DFFC0B6913000FF39FF3506160F4B0F70
:205C600041F14BF251F03C013C01911000F6D9FF2CDD7BA047044B0F51F04B0F71F174FF52
:205C8000009085FF1000820102F085F32C0082020F20A0400F31A0503C01911000F6D9FF58
:205CA0002CDD54F682076DFFA9923C010090024F3C016DFFE8FFA2F2BF02FD7F0090404FC3
:205CC000044FEEFF01F420F080F2C2F2009015D0C0E315D0C0F74D40E0FFB72F02F5CD4F40
:205CE000E00F0D00C0044D4020F99601CD4F20090D00C0044D4020F99602CD4F20090D0001
:205D0000C004910000F8C5023F0040F4A0358940C103FC5E49FF200AFC294D4020F96F0F85
:205D2000FEFF4D4020F96F1FFAFF85DFC4F3CD4FE00F0D00C00415D0C0FF15D0C0EB0D0001
:205D400080040D00C004000000001D0003000090000000A000900B451088910000F6D9FFC7
:205D6000202454FA911000F6D9FF30DDD4FC911000F6D9FF34DDD4FD910000F6D9FF381449
:205D8000D4F4B0446DFF18E3DF02198091000026D9220C24910000F6D9FF0C2454F082111E
:205DA000910000F6D9FF3814D4FF48BF0FF1001082F2C621261074203C01DFF84380DF096A
:205DC0004100911000F6D9FF402DC81591000026D9223814D4224922080AF4259100002688
:205DE000D9223814D42249220C0A09548809F4240952880991000046D9443814D44FB04F91
:205E0000EC21910000F6D9FF3814D4FFB04FEC52910000F6D9FF3814D4FF49FF140A911035
:205E20000026D922402DF4F2911000F6D9FF402D91100026D922402D542FC21F74FF3C2BA5
:205E400042A8910000F6D9FF3814D4FFB04F74F87FA80C80910000F6D9FF3814D4F5B04553
:205E600040D46DFFD2E23C17910000F6D9FF3814D4F5B04540C46DFFC8E2910000F6D9FFB9
:205E8000102454FF7FF80880910000F6D9FF102474F83C010090404C6DFF95F0910000267C
:205EA000D9223C1491000046D9443C14544FC21F742F91000026D9223814542FEE1091001C
:205EC00000F6D9FF3814F4FC910000F6D9FF3C1454FF5E146D0079013C013C18910000F645
:205EE000D9FF1C2454FFEE12910000F6D9FF3814D4FF48BF09C02C093FF00880910000F676
:205F0000D9FF3814F4FC3C013C01910000F6D9FF082491000026D9220824542FC21F74FFB3
:205F2000910000F6D9FF0C2491000026D9220C24542082114CCB0FF10010A61074F04CCB91
:205F4000534F21F0911000F6D9FF38DD10FFC81FECC2C82289C28C09C82240C4B04489240D
:205F6000840940C2B042E8224CCB534F21F0911000F6D9FF38DD10FFECC54CCB534F21F0BE
:205F8000911000F6D9FF38DD10FF4CCB534F21F091100026D92238DD1022542FC21F74FFC4
:205FA0006DFF34F0910000F6D9FF1C2454FF6E0F910000F6D9FF3814D4FF48BF09C02C095F
:205FC0007F0F0580AD0080003C013C0100903C286DFFF9EF911000F6D9FF542DC83FC83CC4
:205FE00040C4B0446DFFE8E1910000F6D9FF3C1491000026D9223C14542FC2FF74FF91007B
:2060000000F6D9FF002491000026D9220024542FC2FF74FF6DFFFAEF40C46D007E0091002C
:2060200000F6D9FF002454FFEED4009020108212912000F8D9FFA26849FF000A49A2000A33
:20604000A0F404FF242FFC4EDA003C1010AF91200028D922B26810220920000834F010AFF3
:2060600009F00008F6023C04C21FBFFFF1FF10AFDA0034FF82083C1891100048D9442C4636
:2060800049A5000A3B001040A0068205534820F0911000F6D9FF681D10F76D002D02DF121D
:2060A00003003C04C218BF18E97F3C010090201089A48C0989A588090248406C0259407DF8
:2060C000534820406DFF70DA402FBD0F14003BC006406DFF69DA402EBCE982043BC00650E6
:2060E00040E46DFF70E2ECEC3C0440F46DFFB3DA3C02A00EBCEEF4AEDA00780109A48C09AC
:2061000009A58809028440C6029540D76D00150040E23C010090404F40F46DFF98EFC8C453
:206120006DFF99DA40F46DFF96DA00903C036DFF50FF3CFE00902008F4A4406C0258407D99
:20614000D802C2F4534420F0C8C210228020B7000300600E89FE8419BD051800DA003C0D63
:2061600010F210540940000889203408105209200008F6023C06C21F3B0001003F0FF2FF5A
:20618000DA0089FF03183C01BFA805803B9000803C0168B889F8081940F4B0446DFF32E168
:2061A00049F4180A6DFF2EE1ECF48BA800F16CF6ECF940E4D4A540C66DFFB6EEF4F2BCD392
:2061C000F4DF3C01009082083C0B534821F0911000F6D9FF38DD10F46DFF06E1C218BFA886
:2061E000F6FF91100046D944401D6DFFFDE091100046D944541D6DFFF7E091100046D94444
:206200006C1D6DFFF1E091100046D944542D6DFFEBE091100046D944402D6DFFE5E09110B9
:2062200000F6D9FF30DD91100026D922401DF4F2911000F6D9FF34DD91100026D922541DCB
:20624000F4F20090911000F6D9FF30DDD4FF54FFEE03DA013C02DA006E08910000F6D9FF6D
:20626000102482FF74FF3C0D91000026D9221024911000F6D9FF30DDD4FFC83F54FF742F7B
:206280000090024F82026E0F6D00A000910000F6D9FF042454F0820502F46DFF5EFD6D0093
:2062A00018033C01F624AD0080003C010090910000F6D9FF142454FF744F910000F6D9FF66
:2062C000202454FF6C410090910000F6D9FF2424DA0174FF0090024F910000F6D9FF381469
:2062E000D4FF49F5180A6DFF90E0821502F46DFF34FD009040450956840991000026D922B2
:206300003814D42249221C0AF42691000026D9223814D4224922200A09648809F424096286
:206320008809910000F6D9FF3814D4FF49FF180AEC21910000F6D9FF3814D4FF49FF180AEF
:20634000EC62910000F6D9FF3814D4FF49FF280AF4F5545FC21F745F765282F46DFFFDFC04
:2063600000906DFF65FEDF1205806D0077063C01DF122680DA1F0D0040034DC0E20FB7008C
:20638000080016FFA6F0CDC0E20F0D00C0040D000003910000F6D9FF102482FF74FF9100D3
:2063A00000F6D9FF1C24DA0174FF910000F6D9FF2024DA0074FF6DFFE9EF3C01912000F867
:2063C000D9FF707854FF0090910000F6D9FF042491000026D9220424542FC21F74FF0D00D5
:2063E00080040090910000F6D9FF042454FF6E08910000F6D9FF2424DA0174FF3C4A91002D
:2064000000F6D9FF2424DA0074FF910000F6D9FF3814D4FF54F0910000F6D9FF3814D4FFD9
:2064200048CF3F0F1080910000F6D9FF3814D4FF49F5340A910000F6D9FF3814D4F46DFF8E
:20644000DC8F910000F6D9FF0C2454FF0F0FB0F18BFF01F1534F21F0911000F6D9FF38DD7D
:2064600010FFC81209228409E812C81249F4080A7D420480C832E81291000026D922381423
:20648000C81FC83FF42F910000F6D9FF381454FF0090404F405C6DFF96ED91000026D92291
:2064A00020245420481F0BF0801054CF5EF3DA003C1D91000026D9221424542254FF3E2872
:2064C000481F3FF00680DA01820074C03C0F54CF7FF10A8054CFA21F74CF40F46DFFE9FEF9
:2064E000DA003C04DA0074CFDA016DFF8FED02F23C0100906DFFDDFDBC2640246DFFCDFC20
:2065000082123C0282F23C010090910000F6D9FF1C2454FFEE0382123C0A910000F6D9FF4C
:20652000042454FFEE0382223C0282023C010090910000F6D9FF202454F23C01009082087C
:20654000910000F6D9FF042454FFDF0F0281910000F6D9FF202454FF9219910000F6D9FFF0
:20656000202474F9DF092C80911000F6D9FF30DDD4FF54FFEE023C01911000F6D9FF30DD8B
:20658000D4FF91100026D92230DD91100046D94434DDD444F42491100026D92234DDF42F1E
:2065A000910000F6D9FF142491000026D92214245420C21074F06DFF47FE3C01910000F63B
:2065C000D9FF102454F03F09A9801D00A500911000F6D9FF30DDD4FF54FFEE03DA013C028C
:2065E000DA006E09910000F6D9FF102482FF74FF1D009400911000F6D9FF30DDD4FFC83FBC
:20660000C83F481F7FF90980910000F6D9FF102474FF1D008300C852C824C8358945880903
:20662000C834C825894584090924840940F5B0457D540580C83489248409A004E854542F43
:20664000C2FF742F48AF6E19C8A2C874C88589458809C884C875894584090924840949F52A
:20666000180A7D540580C88489248409A004E8A4542FC2FF742F3C0191000026D9220C24E6
:2066800091000046D9440C245440821148BF0FF10010A610742048BF534F21F091100026CD
:2066A000D92238DD102209228409E82209248809E8340924880940F5B0458945840940F485
:2066C000B0448924880948BF534F21F091100026D92238DD1022E85248BF534F21F0911030
:2066E0000026D92238DD102248BF534F21F091100046D94438DD1044544FC21F742F48B0EC
:20670000910000F6D9FF3814D4FF48BF7F0F048082183C011DFF5DFF910000F6D9FF3814E8
:20672000D4FF48BF534F21F0911000F6D9FF38DD10FF54FFBF2F048082183C01910000F616
:20674000D9FF242454FF6E0382183C013C0C910000F6D9FF182491000026D9221824542F2A
:20676000C21F74FF02823C010090CC43C83FC8A2C874C88589458809C884C8758945840928
:206780000924840949F5180A7D540580C88489248409A004E8A4542FC2FF742F9100002635
:2067A000D9220424542FEE5CC852C824C83589458809C834C825894584090924840940F554
:2067C000B0457D540580C83489248409A004E854542FC2FF742F91000026D9220C249100FE
:2067E0000046D9440C245440821148BF0FF10010A610742048BF534F21F091100026D92202
:2068000038DD102209228409E82209248809E8340924880940F5B0458945840940F4B0442A
:206820008924880948BF534F21F091100026D92238DD1022E85248BF534F21F0911000269C
:20684000D92238DD102248BF534F21F091100046D94438DD1044544FC21F742F3C259110A6
:206860000026D9226C1D09228409E87209248809E8840924880949F5180A8945840949F47C
:20688000180A8924880991100026D9226C1DE8A291100026D9226C1D91100046D9446C1DEB
:2068A000544FC21F742F48BF910000F6D9FF3814D4FF48B07FF00A808212910000F6D9FF48
:2068C0002424DA0174FF3C0282023C010090A00F82086DFF78EB820991000026D922042426
:2068E000542F91000026D922042491000046D9440424544FC2FF742F91000026D92204243E
:20690000542FDF0FD78091000026D9223C14542FBF1FCF801D008F00911000F6D9FF6C1D59
:20692000C83FC83FC8A2C874C88589458809C884C875894584090924840949F5180A7D5428
:206940000580C88489248409A004E8A4542FC2FF742F0D008004C852C824C8358945880922
:20696000C834C825894584090924840940F5B0457D540580C83489248409A004E854542F00
:20698000C2FF742F91000026D9220C2491000046D9440C245440821148BF0FF10010A61099
:2069A000742048BF534F21F091100026D92238DD102209228409E82209248809E8340924B7
:2069C000880940F5B0458945840940F4B0448924880948BF534F21F091100026D92238DDAA
:2069E0001022E85248BF534F21F091100026D92238DD102248BF534F21F091100046D944AA
:206A000038DD1044544FC21F742F48BF91000026D9223814D42209202C097FF00C80910001
:206A20000026D9222424534920F01022DA01742F3C0191100026D9226C1D542FEE03DA01BA
:206A40003C02DA00DF0F6A7FBCF36DFFFDFB910000F6D9FF182454FABF1A19806DFF71FDFF
:206A6000762B910000F6D9FF2424534920F010FFDA0174FF3C01C2FAFF1AF2FF910000F63B
:206A8000D9FF1824DA0074FF3C01910000F6D9FF2424534920F010FF54FF6E0A8218910000
:206AA00000F6D9FF381454FFAD0080003C013C016DFFACEA02823C010090404F405C0248FA
:206AC000406D407EBCF37CC77686BCF314F23C0282623C5D14F0BF20048014F23C583C535D
:206AE00014FFEE2709F004398B4009F17FF80380028F09F0043901F000264924300A40C5EF
:206B000002F46DFF2EDD09F0043942F089F0043910CCA2F809F00439DA947E0A40F46D00A7
:206B20006A0034F214FFBF2F048014F23C303C2B481F09F00839A20F7FF80480028F3C014C
:206B400049F40C3A40C502F46DFF74F4BCED09F4083940D440C502F52D0E00007625DA0933
:206B600034FF14F23C1409F0083942F089F0083910CCA2F809F00839481F7E05DA0234FFBD
:206B800076823C03FF18AEFF14F23C0100902040404F7CF382623C1A14FF1E25DA0834FF24
:206BA00014F23C1449F40C3A49A5000A6DFFD2F349A4000A49F5080A3B0002406DFFC4DC03
:206BC0007623DA0734FF14F23C010090404F405C82043B80195040F46DFFF5DCDA0034FFE2
:206BE000E8BC009014420C418F8F00F0A6F23C0100902020404F49FC300A91200058D955C6
:206C0000B768824440C46DFF9FDC762382323C5A09FF74081E1382423C5540C4B0646DFF33
:206C2000E3FFDA943E2382423C4D49F4380A6DFF61D3022849F43C0A6DFF5CD3022949F487
:206C4000201A6DFF57D3769BBB0000F89BFF01F03F9F0680F6248B4909F03E8382623C32B7
:206C600049A4000A82043B0002506DFFACDC48BF6E09C8B449A5000A3B0002406DFF64DCFB
:206C8000F62382523C1FC8B449F5042A3B40054040C66DFFE8C6762382523C14681909FF9E
:206CA000750889FF280849F4080A49F5001A3B0002406DFF56DC49F40C3A6DFFAAF38212BD
:206CC0003C0100906DFF7FE9910000F6D9FF2C2454FFEE2B91100046D944702D6DFF84DB8C
:206CE00091100046D944443D6DFF7EDB911000F6D9FF682D91100026D922702DF4F2911060
:206D000000F6D9FF6C2D91100026D922443DF4F2910000F6D9FF2C2482543BC0005082068B
:206D20006DFF41EDF4F23C016DFF70E90090911000F6D9FF682DD4FF54FFEE03DA013C020D
:206D4000DA00744FEE09911000F6D9FF682DD4FFC83F54F23C0282023C0100908208894495
:206D60000409894490093F451380A2654C463FF5048082183C0B911000F6D9FF6C2DD4FF7C
:206D80004045B04540F46DFF40DB3C117F6506803F64048082183C0B911000F6D9FF682DFB
:206DA000D4FF4045B04540F46DFF2FDB02823C0100900B451088911000F6D9FF682DD4FFCC
:206DC000C83FC83F40F4B0446DFFF6DA09FF64082E2740F40B8910486D00D9003C0609FFC8
:206DE000640816FE89FF2408C88240F42D02000000902010912000F8D9FF503849FF000A97
:206E000049A2000AA02444FF642FFC4E3C7C54AFBF0F7A00D802BD0F7700485FEE03DA0106
:206E20003C02DA00EE0640F4B0446DFFC5DA3C0149A40C0A6D00BF00022854A0DA01BE07E9
:206E4000DA02BE0582315F013B0082415F013E0082515F014A00DA063E0ADA073E08DA0836
:206E60005F0F2E00DA095F0F31003C4B09FF6408960189FF240809A40409486F42F409A658
:206E8000040940F402856DFF6BFFDF02180009FF64082E2A09A40409486F42F440F402852D
:206EA0006D0075003C0609FF640816FE89FF2408C88240F42D0200003C013C2409FF6408B4
:206EC00016FE89FF24083C1E09FF6408960189FF240858016CF6486F128440F40285028686
:206EE0006DFF3EFF3C0F09FF6408AE1540F46DFFB2D33C0609FF640816FE89FF24083C0286
:206F00003C013C01910000F6D9FF2C24D4F449A5000A82046DFFB8ECDF027BFF00902008DF
:206F20000248025F6DFF52FA49A4000A6D004300022954A0DF002880EE0A3F8909806DFFEC
:206F4000C8FC0B8910486DFF36FF3C1C6E0B911000F6D9FF6C2DD4FF54FFEE03DA013C02D7
:206F6000DA00910000F6D9FF2C24D4F40B98804002F56DFFF8EB6DFFACFCF624AD008000BC
:206F80003C013C036DFFA5FC0090404F0B4510883C07486F42F8C88240F42D020000486FC9
:206FA000128440F4029502866DFFDAFEDF02F3FF0090404F6DFFBEFA022F91000026D922AB
:206FC000282454207F0F07806D000F00821074F03C03820074F0910000F6D9FF282474FF27
:206FE00002F23C0100903C0B911000F6D9FF682DD4FFC83F54F482F56DFFDDFE911000F60E
:20700000D9FF682DD4FF54FFEE03DA013C02DA006EEC911000F6D9FF682DD4FF9110002601
:20702000D922682D91100046D9446C2DD444F42491100026D9226C2DF42F009020083C0B76
:2070400049A4000A6DFF75FE54A502246DFF69FF6DFFD1FE3CF6009082086DFF35FE9100B0
:2070600000F6D9FF2C2454FF6E1691100048D9443C0791200058D955BC683B001040A00646
:207080003B90005091000076D97730246DFF34FA02283C0102823C010090200891100046C9
:2070A000D944583D6DFF408EBF121300DA01ACA191100046D944583D49A5000A49A6020A4C
:2070C000D2046DFF0C92762414A46D00830000903B50C38006683C0891100046D944583DE5
:2070E0006DFF8A91C2F8768E911000F6D9FF583DC81F882F3C016E03DA003C02DA013C01CB
:207100006EEC0090206049A4000AC5F540806DFF4A907B107EF47801DA0F2CAADA012CAC66
:20712000DA082CADDA0889AFA008DA0489AFA208DA0C89AFA408DA0089AF2608912000F85F
:20714000D9FF5C3849FF000A49A2001AA07444FF642FFC4E49AF001AF80A911000F6D9FFB5
:20716000588DF80C3B0010F089AFAE08911000F6D9FF743DF80E3B0010F089AFB408911007
:207180000046D944583D49A5000A6DFFD28D0090404F3C1009F00008DA0A7E053BD0004016
:2071A0006D00180009FF0008370F68406D001200B01F09FF0008EEEF00906DFFEBFF3BD020
:2071C00000406D0007003BA000406D000300009091100046D944583D6DFF948D00900D001D
:2071E000000291100046D944583D6DFF60900D00400200800D00000291100046D944583D21
:207200006DFF9C900D00400200800D00000291100046D944583D6DFFEF900D0040020080A5
:207220000D00000291100046D9447CCD6DFF3F900D00400200800D00000291100046D944D5
:207240007CCD6DFF7B900D00400200800D00000291100046D9447CCD6DFFCE900D0040022A
:2072600000806D001803911000F6D9FF58DD09FFC0086D002C0502F23C010090024F6D0075
:207280000A03911000F6D9FF58DDB4FF0D0080046D001D050090404F7CF23C196D00FB021E
:2072A00091100026D92260DD49FF000A4922000AA05444FF642FFC4E911000F6D9FF60DD48
:2072C000DA0134FF0D0080046D0001050090404F6D00E10291100026D92260DD142F6E136A
:2072E00091100026D92260DD4922000A49FF000AA054442064F0FC4E911000F6D9FF60DD26
:20730000820034F06D00E30402F23C010090404CDA006D00C002911000F6D9FF78DD09F060
:207320000059911000F6D9FF78DD09F104595F102800911000F6D9FF78DD09F00459DA103E
:207340004BF01102534121F0911000F6D9FF78DD10FF49FF000A49C2000AA04444FF642F46
:20736000FC4E911000F6D9FF78DD91100026D92278DD092F0459C21F89FF0459DA016D0045
:20738000A60402F23C010090404C82086D008302911000F6D9FF78DD09F00059911000F6CD
:2073A000D9FF78DD09FF0459A2F0DA107FF02A80911000F6D9FF78DD09F00059DA104BF06B
:2073C0001102534121F0911000F6D9FF78DD10FF49C2000A49FF000AA044442F64FFFC4EB7
:2073E000911000F6D9FF78DD91100026D92278DD092F0059C21F89FF00590D008004821834
:207400006D00650402823C010090404C82086D004202911000F6D9FF78DD09F000593C2507
:20742000C2F0DA104BF01122534321F0911000F6D9FF78DD10FF14F114CFFE17DA104BF0A6
:207440001102534121F0911000F6D9FF78DD10FF49C2000A49FF000AA044442F64FFFC4E36
:207460000D00800482183C09911000F6D9FF78DD09FF04595F0FD6FFDF083A80911000F6F8
:20748000D9FF78DD09F00059911000F6D9FF78DD09FF0459A2F0DA107FF02A80911000F618
:2074A000D9FF78DD09F00059DA104BF01102534121F0911000F6D9FF78DD10FF49C2000A88
:2074C00049FF000AA044442F64FFFC4E911000F6D9FF78DD91100026D92278DD092F0059EA
:2074E000C21F89FF00590D00800482186D00EF0302823C0100906D00CE01911000F6D9FF44
:207500005CDD14FF911000F6D9FF5CDD820034F06D00DD0302F23C0100906D00BC019110F8
:2075200000F6D9FF5CDDDA0134FF0D0080046D00CE030090404F7CF23C136D00AC019110D0
:207540000026D922803D49FF000A4922000AA08444FF642FFC4E0D0080046D00B8030090F9
:20756000404F6D00980191100026D922803D4922000A49FF000AA084442F64FFFC4E6D007F
:20758000A6030090911000F6D9FFA43DDA0034FF0D0080040090911000F6D9FFA43D14F2DE
:2075A0003C010090911000F6D9FFA43DDA0134FF0D0080040090404C82086D006C019110EE
:2075C00000F6D9FFA83D54FF911000F6D9FF8C8D54F0BE09911000F6D9FF8C8D54F0DA0864
:2075E0004BF01102534122F0911000F6D9FFAC3D10FF49FF000A49C2000AA08444FF642FCF
:20760000FC4E82186D00630302823C0100906D004201911000F6D9FFA83D54FF911000F674
:20762000D9FF8C8D54F03E0C911000F6D9FF8C8D91100026D9228C8D542FC21F74FF6D0024
:2076400046030090404F8208BCF6082F3B0002007FF0048082023C396D001D0191100026D4
:20766000D922A83D542F91100026D9228C8D5420A20FFF8F278091100026D922A83D542057
:20768000DA084BF01102534122F091100026D922AC3D102249FF000A4922000AA08444FF09
:2076A000642FFC4E911000F6D9FFA83D91100026D922A83D542FC21F74FF0D0080048218F0
:2076C0006D00050302823C01009091100046D9442C8E82043BC000506DFF75D791100046B6
:2076E000D944288E820482456DFF6DD791100046D944803D82043B4002506DFF64D791105E
:207700000046D9440C9E820482656DFF5CD791100046D94478DD82043B8014506DFF53D7BC
:2077200091100046D944A48D82043B0080506DFF4AD791100046D94460DD82043B80015023
:207740006DFF41D791100046D944908D82043B8000506DFF38D791100046D944388E820428
:207760003B4001506DFF2FD791100046D944AC3D82043B0012506DFF26D7911000F6D9FFE3
:207780009C8DDA0074FF911000F6D9FFA43DDA0034FF911000F6D9FF5CDDDA0034FF9110C0
:2077A00000F6D9FF58DDDA00B4FF911000F6D9FF248EDA0074FF911000F6D9FFA08DDA0055
:2077C00074FF911000F6D9FF988DDA0074FF911000F6D9FFA83DDA0074FF911000F6D9FF45
:2077E0008C8DDA0074FF0D00800400906D00530082003C0B532020F0911000F6D9FF908D6A
:2078000010FFDA00B4FFC210BF40F6FF0D0080046D005D020090404F6D003D0082003C0E14
:20782000532020F010F2532020F091100046D944908D1044944FB42FC210BF40F3FF9110A1
:207840000026D922988D542F6CF26D00400202F23C010090024F0258BF4F03803C1A6D0092
:207860001A00532F20F0911000F6D9FF908D10FFB4F8911000F6D9FF988D91100026D922BF
:20788000988D542FC21F74FF0D0080046D001F0200903C0191100046D9449C8D6DFF6E8E6B
:2078A000DF02FA7F0090404C40C46DFF0AF202283B0010007F8004803B0010806DFFEBFFCD
:2078C0003B008000911000F6D9FF248E54F1911000F6D9FFA08D54F2A221A2109A187F0FF0
:2078E0004380DA003C20911000F6D9FF248E54F03B0080104B101102911000F6D9FFA48D51
:2079000001F100F610C20920000834F0911000F6D9FF248E91100026D922248E5420C2107D
:2079200074F0C21F3F8FE1FF911000F6D9FF248E54FF3B0080004B0F1102911000F6D9FF49
:20794000A48D01F100F6DA0A34FF911000F6D9FF248E91100026D922248E542FC21F74FF8B
:207960000D0080046D00B301009049AA38BA911000F6D9FFA08D54FF911000F6D9FF248ED0
:2079800054F05F0F3F0082003C24911000F6D9FFA08D54FF3B0080104B1F1122911000F626
:2079A000D9FFA48D01F300F609F10008911000F6D9FFA08D91100026D922A08D542FC21FE3
:2079C00074FFDA0A7E123C1401A000F634F1C210911000F6D9FFA08D54F1911000F6D9FF92
:2079E000248E54FF3E153B0010F03FF0D0FF01A000F6DA0034FF760549A4000A6DFFDFFB9A
:207A0000009049AA30BA405C02488209DA147F8F04803B400180BD0413003C0901A900F653
:207A2000014900260920000834F0C219014900F609FF00086E04DAF33FF9F2FF820A3C2EF8
:207A4000BCC6534A20F010CF54F43C028204DAF43FF903803C2501A900F6DA2034FFC2197A
:207A6000CE4A01A900F6DA2D34FFC219C2143254C2143C0149A40B4A6D001A013C0801A912
:207A800000F6092F000834FFC219B01249AF0B4A7DF2F7FFC21A370A68A03F8AD3FF01A9C4
:207AA00000F6DA0034FF49A4000A6DFFFEFE00906DFFFBFE009049AA30BA405C0249820A8F
:207AC000DA147F9F04803B400190BD0413003C0901AA00F6014A00260920000834F0C21AAE
:207AE000014A00F609FF00086E04DAF43FFAF2FF82083C24BCC6534820F010CF54F43C024F
:207B0000820449A40B4A6D00D300DAF53FFA03803C1701AA00F6DA2034FFC21A3C0801AAE6
:207B200000F6092F000834FFC21AB01249AF0B4A7DF2F7FFC218370868803F98DDFF01AA2D
:207B400000F6DA0034FF49A4000A6DFFAEFE0090404F405C406D6DFF9EFE91100026D922E1
:207B60002C8E942FB4FF911000F6D9FF2C8E881FB4CF911000F6D9FF2C8E084F34DF91104E
:207B800000F6D9FF2C8E09FF06096D00A00002F23C0100900248025F02696DFF7CFE9110DB
:207BA00000F6D9FF2C8EB4F8911000F6D9FF2C8EACF1911000F6D9FF2C8E2849911000F69A
:207BC000D9FF2C8E91100026D9222C8E092F0609C21F89FF06090D0080046D0078000090D2
:207BE0000248025F6DFF57FE911000F6D9FF288EB4F8911000F6D9FF288EACF10D008004F5
:207C00006D0065000090404F6DFF45FE91100026D922388E4922000A49FF000AA044442F1E
:207C200064FFFC4E6D0053000090404F7CF23C1E6DFF31FE91100026D922388E49FF000A7B
:207C40004922040AA03444FF642FFC4E911000F6D9FF388E91100026D922388E142FC21FD6
:207C600034FF0D0080046D0032000090404F6DFF12FE91100026D9220C9E0921C408542030
:207C8000A82174F06D0023000090404C6DFF03FE911000F6D9FF0C9E09C1C40854C0A82112
:207CA00074F00D0080046D0012000090B0F4DA0A4BF411028B0103F0344FDA0A4BF411426E
:207CC000DF04F6FF40423C01009091100046D9449C8D6DFFB78C0090000081F80000000098
:207CE000000083F801000000000085F8020000000000000000000000000000000000000089
:207D0000000000000000000000000000000000000000010000010F00010F00000000000042
:207D20000000000000000000000000A0FF3F00A0004000A0FF7F00A0008000A0FFBF00A049
:207D400000C000A0FFFF00A0000001A0FF3F01A0004001A0FF7F01A0008001A0FFBF01A025
:207D600000C001A0FFFF01A0000002A0FF7F02A0008002A0FFFF02A0000003A0FF7F03A0BB
:207D8000008003A0FFFF03A0000004A0FF7F04A0008004A0FFFF04A0000005A0FF7F05A0CB
:207DA000008005A0FFFF05A0000006A0FFFF06A0000007A0FFFF07A0000008A0FFFF08A017
:207DC000000009A0FFFF09A000000AA0FFFF0BA000000CA0FFFF0DA000000EA0FFFF0FA04E
:207DE000000010A0FFFF13A0000014A0FFFF17A0000018A0FFFF1BA000001CA0FFFF1FA0CF
:207E0000000020A0FF3F20A0004020A0FF7F20A0008020A0FFBF20A000C020A0FFFF20A06A
:207E2000000021A0FF3F21A0004021A0FF7F21A0008021A0FFBF21A000C021A0FFFF21A042
:207E4000000022A0FF7F22A0008022A0FFFF22A0000023A0FF7F23A0008023A0FFFF23A016
:207E6000000024A0FF7F24A0008024A0FFFF24A0000025A0FF7F25A0008025A0FFFF25A0E6
:207E8000000026A0FFFF26A0000027A0FFFF27A0000028A0FFFF28A0000029A0FFFF29A0AE
:207EA00000002AA0FFFF2BA000002CA0FFFF2DA000002EA0FFFF2FA0000030A0FFFF33A05C
:207EC000000034A0FFFF37A0000038A0FFFF3BA000003CA0FFFF3FA0000702001100000075
:207EE00000A003F00800000088000000010003000900000000A003F0000000008800000037
:207F0000020402003300000000C103F00000000088000000040103003600000000C103F0F8
:207F200003000000880000000000000000D303F0040000000A0000000001000000D303F01B
:207F400005000000080000000002000000D303F006000000090000000003000000D303F074
:207F600007000000090000000004000000D303F000000000060000000005000000D303F056
:207F800001000000060000000006000000D303F002000000060000000007000000D303F039
:207FA0000300000006000000001F00F000D303F00D00000003000000001F00F000D303F0FE
:207FC0000C00000098000000001F00F000D303F00B00000098000000001F00F00500000071
:207FE00000C303F00400000098000000001C00F000000000001D00F001000000001E00F007
:2080000002000000001F00F003000000040017B7D138000000000000030017B7D138000097
:2080200000000000020017B7D138000000000000030000000C800180013B050017B75139BE
:2080400012011202FF0F3F0312221402FFFFFF0F020000000F000000010000000F00000032
:20806000000000003F000000000000003F000000000000003F00000055120000FF7F00005E
:20808000002D31010000000000000000000000000000000000000000000000000000000081
:2080A0000000BD3786350000BD37863500000000000000000000010001000000000001005F
:2080C0000000000000000100000000000000000008C9BCF367E6096A3BA7CA8485AE67BBDA
:2080E0002BF894FE72F36E3CF1361D5F3AF54FA5D182E6AD7F520E511F6C3E2B8C68059B58
:208100006BBD41FBABD9831F79217E1319CDE05B22AE28D7982F8A42CD65EF239144377166
:208120002F3B4DECCFFBC0B5BCDB8981A5DBB5E938B548F35BC2563919D005B6F111F159DA
:208140009B4F19AFA4823F9218816DDAD55E1CAB420203A398AA07D8BE6F7045015B8312BE
:208160008CB2E44EBE853124E2B4FFD5C37D0C556F897BF2745DBE72B196163BFEB1DE80E1
:208180003512C725A706DC9B942669CF74F19BC1D24AF19EC1699BE4E3254F388647BEEF78
:2081A000B5D58C8BC69DC10F659CAC77CCA10C2475022B596F2CE92D83E4A66EAA84744A17
:2081C000D4FB41BDDCA9B05CB5531183DA88F976ABDF66EE52513E981032B42D6DC631A84E
:2081E0003F21FB98C82703B0E40EEFBEC77F59BFC28FA83DF30BE0C625A70A934791A7D556
:208200006F8203E05163CA06706E0E0A67292914FC2FD246850AB72726C9265C38211B2E80
:20822000ED2AC45AFC6D2C4DDFB3959D130D3853DE63AF8B54730A65A8B2773CBB0A6A7655
:20824000E6AEED472EC9C2813B358214852C72926403F14CA1E8BFA2013042BC4B661AA831
:208260009197F8D0708B4BC230BE5406A3516CC71852EFD619E892D110A96555240699D6F8
:208280002A20715785350EF4B8D1BB3270A06A10C8D0D2B816C1A41953AB4151086C371E01
:2082A00099EB8EDF4C774827A8489BE1B5BCB034635AC9C5B30C1C39CB8A41E34AAAD84EE8
:2082C00073E363774FCA9C5BA3B8B2D6F36F2E68FCB2EF5DEE828F74602F17436F63A5783E
:2082E00072ABF0A11478C884EC39641A0802C78C281E6323FAFFBE90E9BD82DEEB6C50A494
:208300001579C6B2F7A3F9BE2B5372E3F27871C69C6126EACE3E27CA07C2C021C7B886D108
:208320001EEBE0CDD67DDAEA78D16EEE7F4F7DF5BA6F1772AA67F006A698C8A2C57D630A7B
:20834000AE0DF9BE04983F111B471C13350B711B847D0423F577DB289324C7407BABCA32EB
:20836000BCBEC9150ABE9E3C4C0D109CC4671D43B6423ECBBED4C54C2A7E65FC9C297F5929
:20838000ECFAD63AAB6FCB5F1758474A8C19446CA3785913CA4DEB75ABD841414D0A700084
:2083A00098E879777940C78C73FE6F2BEE6C03520100000000000000000000000000000086
:2083C00000000000000000000000000000000000EDFFFFFFFFFFFFFFFFFFFFFFFFFFFFFFBF
:2083E000FFFFFFFFFFFFFFFFFFFFFFFFFFFFFF7FB0A00E4A271BEEC478E42FAD0618432FA9
:20840000A7D7FB3D99004D2B0BDFC14F8024832B0000000000000000000000000000000049
:2084200000000000000000000000000000000000287F0180387F0180487F0180587F01803C
:20844000687F0180787F0180887F0180987F01807E150180941501808E15018000C103F006
:208460000400000000C103F00500000000C103F00200000000C203F00300000000A003F03E
:208480000200000000A003F00600000000A003F00A00000000A003F00C000000007F018005
:2084A000147F0180EC7E0180D87E0180908903F0000000F0908403F0C87F0180800000009B
:2084C000B87F018080000000A87F01801002000000000000000000000000000000000000AA
:2084E00010000000C0800080100000000000000080000000D080008080000000808903F0D0
:20850000848903F0888903F08C8903F0908903F0948903F0988903F09C8903F0A08903F0EB
:20852000A48903F0A88903F0AC8903F0B08903F0B48903F0B88903F0BC8903F0C08903F0CB
:20854000C48903F0C88903F0CC8903F0D08903F0D48903F0D88903F0DC8903F0E08903F0AB
:20856000E48903F0E88903F0EC8903F0F08903F0F48903F0F88903F0FC8903F0A08A03F0EA
:20858000A48A03F0A88A03F0AC8A03F0B08A03F0B48A03F0B88A03F0BC8A03F0FDFFFFFFA6
:2085A000FFFFFFFFFFFFFFFFFFFFFFFFFFFFFFFFFFFFFFFFFFFFFFFFFFFFFF0FEBFFFFFFDF
:2085C000FFFFFFFFFFFFFFFFFFFFFFFFFFFFFFFFFFFFFFFFFFFFFFFFFFFFFF7F40420F00A6
:2085E00080841E00404B4C0080969800002D3101090000005541525420696E697469616C26
:20860000697A656400626C696E6B79006563686F00726F626F7400464154414C3A207374B7
:2086200061636B206F766572666C6F7720696E207461736B3A005350443D00000102030049
:20864000000000010002030000000001020003000000000102030000000000000000000008
:20866000010203000000000100020300000000010200030000000001020300415050465764
:208680002074633237355F6361722076312E312E3100000203015344433143414C534C4F5C
:2086A00054303D0043414C5345433D0043414C53415645204641494C2073742F4653523085
:2086C0002F312F323D0043414C534C4F54313D0043414C534C4F543D0043414C49425245DB
:2086E00043206C6F616465642066726F6D2044464C4153480043414C494252454320696EDC
:2087000076616C69642C2064656661756C74730043414C434C454152206661696C656420C9
:2087200028666C617368290043414C53415645206661696C65642028666C6173682900EDEA
:20874000D3F55C1A631258D69CF7A2DEF9DE14000000000000000000000000000000101A10
:20876000D5258F602D56C9B2A7259560C72C695CDCD6FD31E2A4C0FE536ECDD336692158FC
:20878000666666666666666666666666666666666666666666666666666666666666664C33
:2087A000494E4B20636D64712066756C6C2078004C494E4B206C6F7374004C494E4B2075D4
:2087C00070004C494E4B20646F776E20286E6F2053465F524541445929004C494E4B455283
:2087E000523D004C494E4B4442473D00000101005352563D00454E4343414C2073746172F8
:20880000742028776865656C73206D757374206265206F66662067726F756E642900454E7E
:208820004343414C00454E4343414C2061626F7274656420286573746F70290053455256A2
:208840004F20636C6F7365642D6C6F6F7020656E61626C656400534552564F206F70656EFC
:208860002D6C6F6F7020287265636F7264207372633D303B2063616C6962726174652076DD
:208880006961203078373029004A4F472074696D656F7574004F54413A20736C6F74206D22
:2088A00061726B656420444F574E4C4F41444544004F54413A206D65746120636F6D6D6996
:2088C00074204641494C45442028646F776E6C6F6164656429004F54413A20736C6F7420AD
:2088E0006162616E646F6E6564004F54413A20626C616E6B206D6574612C20636F6E666974
:20890000726D2073656564732064656661756C7473004F54413A2073656C662D74657374F7
:2089200020636F6E6669726D65642C20736C6F742056414C4944004F54413A20636F6E66DE
:2089400069726D20636F6D6D6974204641494C45440074510999F74248144463958ABFBD23
:20896000D6FC559F9AB247C311FB58F74C5D6D468B5F4A4F472072656A65637465642028AC
:20898000626164207061796C6F616429004A4F472072656A656374656420286661756C74D3
:2089A00029000000000000000000000000000000000049444C45005443465700546D7220E9
:2089C0005376630000000000009E016000000000000000000000000000000000000000006C
:2089E00000000000002D310100E001AF00000000E803000030000000FFFFFFFF0000000071
:208A00000000000000000000FFFFFFFFFFFFFFFFFFFFFFFFFFFFFFFF0A000000AAAAAAAAB4
:208A2000000000000000000000000000000000000000000000000000000000000000000036
:1D8A4000000000000000000000000000000000000000000001010101010000FF0015
:208A5E0000000000700059B30000000000000000000000000000000064B81E799B47E18680
:208A80000100000000400060DC890180040000000100000004400060508A0180010000004A
:208AA0000100000008400060E0890180080000000100000010400060C48901800800000094
:208AC0000100000018400060518A018001000000010000001C400060E889018008000000C9
:208AE0000100000024400060528A0180010000000100000028400060538A0180010000002B
:208B0000010000002C400060548A0180010000000100000030400060558A018004000000F3
:208B20000100000034400060F08901800C0000000100000040400060CC890180040000009F
:208B40000100000044400060FC8901800C0000000100000050400060598A018001000000C8
:208B60000100000054400060088A01801400000001000000684000605A8A0180010000006A
:208B8000010000006C4000605B8A01800100000001000000704000601C8A01800400000025
:208BA00001000000744000605C8A0180010000000100000078400060D08901800400000041
:208BC000010000007C400060208A01803000000001000000AC400060D489018008000000EA
:208BE00002000000B4400060000000002A00000002000000E0400060000000000100000072
:208C000002000000E4400060000000001D0000000200000004410060000000000100000009
:208C200002000000084100600000000049040000020000005445006000000000DD00000064
:208C400002000000344600600000000065800000020000009CC60060000000003503000057
:208C600002000000D4C90060000000000100000002000000D8C900600000000001000000F0
:208C800002000000DCC9006000000000B10400000200000090CE006000000000190000003F
:208CA00002000000ACCE0060000000000100000002000000B0CE00600000000005000000F2
:208CC00002000000B8CE0060000000000100000002000000BCCE006000000000410000007E
:208CE0000200000000CF006000000000010000000200000004CF006000000000D302000038
:208D000002000000D8D100600000000093010000020000006CD3006000000000EE03000022
:208D2000020000005CD7006000000000010000000200000060D7006000000000850100007E
:208D400002000000E8D80060000000006A090000000000000000000000000000000000007E
:208D600002000000803F007000000000800000000000000000000000000000000000000042
:208D800002000000803F006000000000800000000000000000000000000000000000000032
:208DA00002000000803F005000000000800000000000000000000000000000000000000022
:02000004801F5B
:0A402000911000E8D9EE3464DC0EC4
:0A404000911000E8D9EE02B4DC0E86
:0A408000911000E8D9EE3477DC0E51
:0A40A000911000E8D9EE3687DC0E1F
:0A40C000911000E8D9EEDE05DC0ED9
:0A40E000911000E8D9EE0C97DC0EF9
:0A410000911000E8D9EE0A87DC0EEA
:0A412000911000E8D9EEC805DC0E8E
:0A414000911000E8D9EEBCB5DC0ECA
:0A418000911000E8D9EE1E77DC0E66
:0A41A000911000E8D9EE2087DC0E34
:0A420000911000E8D9EEA0C0DC0E1A
:0A422000911000E8D9EE94D0DC0EF6
:0A424000911000E8D9EE88E0DC0ED2
:0A426000911000E8D9EEBCE0DC0E7E
:0A428000911000E8D9EEB0F0DC0E5A
:0A42A000911000E8D9EEE400DC0EF6
:0A42C000911000E8D9EED810DC0ED2
:0A42E000911000E8D9EECC20DC0EAE
:20600000911000F8D9FF0CCA0D00000202F4DC0F0000000000000000000000000000000049
:20602000911000F8D9FF08BA0D00000202F4DC0F000000000000000000000000000000003D
:20604000911000F8D9FF04AA0D00000202F4DC0F0000000000000000000000000000000031
:20606000911000F8D9FF049A02F4DC0F000000000000000000000000000000000000000030
:20608000911000F8D9FF008A0D00000202F4DC0F0000000000000000000000000000000015
:2060A000911000F8D9FF3C6A0D00000202F4DC0F00000000000000000000000000000000D9
:2060C000911000F8D9FF1AFA0D00000202F4DC0F000000000000000000000000000000004B
:1260E000911000F8D9FF10DA0D00000202F4DC0F0090D3
:20620000911000F8D9FF0CCA0D00000202F4DC0F0000000000000000000000000000000047
:20622000911000F8D9FF08BA0D00000202F4DC0F000000000000000000000000000000003B
:20624000911000F8D9FF04AA0D00000202F4DC0F000000000000000000000000000000002F
:20626000911000F8D9FF049A02F4DC0F00000000000000000000000000000000000000002E
:20628000911000F8D9FF008A0D00000202F4DC0F0000000000000000000000000000000013
:2062A000911000F8D9FF3C6A0D00000202F4DC0F00000000000000000000000000000000D7
:2062C000911000F8D9FF1AFA0D00000202F4DC0F0000000000000000000000000000000049
:1262E000911000F8D9FF10DA0D00000202F4DC0F0090D1
:0400000580008020D7
:00000001FF
